"","simul_idx","up_dw","low_dw","up_dw_x1_to_xn","low_dw_x1_to_xn","up_dw_x1_to_xn_tails","low_dw_x1_to_xn_tails","up_t_test","low_t_test","up_anderson","low_anderson","up_cheby","low_cheby","up_emp_bern","low_emp_bern","up_hoeffding","low_hoeffding","up_PI_emp_bern","low_PI_emp_bern","up_PI_hedged","low_PI_hedged"
"1",342,0.566560952217667,0.445210667234968,0.566560153317945,0.445210742911283,0.579837536192238,0.445210742911283,0.542686327599044,0.46920089048494,0.560660004578614,0.449234009730551,0.617213343361486,0.374832948877714,0.583754743279824,0.428132474804161,0.560676892093112,0.451210325990872,0.56874444059217,0.448474646362387,0.56,0.46
