"","simul_idx","up_dw","low_dw","up_dw_x1_to_xn","low_dw_x1_to_xn","up_dw_x1_to_xn_tails","low_dw_x1_to_xn_tails","up_t_test","low_t_test","up_anderson","low_anderson","up_cheby","low_cheby","up_emp_bern","low_emp_bern","up_hoeffding","low_hoeffding","up_PI_emp_bern","low_PI_emp_bern","up_PI_hedged","low_PI_hedged"
"1",458,0.585375026112949,0.414360193990646,0.585365788197753,0.414365451477515,0.61015272155803,0.414365451477515,0.551959082804052,0.447771303373339,0.577228048848997,0.418509811163156,0.651581005486619,0.309698211991642,0.620137373558326,0.379593012619066,0.577269744292795,0.422460641884597,0.589987417336775,0.41105693928317,0.57,0.43
