"","simul_idx","up_dw","low_dw","up_dw_x1_to_xn","low_dw_x1_to_xn","up_dw_x1_to_xn_tails","low_dw_x1_to_xn_tails","up_t_test","low_t_test","up_anderson","low_anderson","up_cheby","low_cheby","up_emp_bern","low_emp_bern","up_hoeffding","low_hoeffding","up_PI_emp_bern","low_PI_emp_bern","up_PI_hedged","low_PI_hedged"
"1",308,0.741527258973387,0.181542277432231,0.741387505627528,0.181591442076944,0.938431021004929,0.181591442076944,0.647198687963414,0.253670429021246,0.723860324688643,0.127073944084711,0.837175521892698,-0.236596110569591,1.21254117820689,-0.311672061222234,0.724100973747929,0.176768143236731,0.83533685338595,0.0437065053446123,0.71,0.21
