"","simul_idx","up_dw","low_dw","up_dw_x1_to_xn","low_dw_x1_to_xn","up_dw_x1_to_xn_tails","low_dw_x1_to_xn_tails","up_t_test","low_t_test","up_anderson","low_anderson","up_cheby","low_cheby","up_emp_bern","low_emp_bern","up_hoeffding","low_hoeffding","up_PI_emp_bern","low_PI_emp_bern","up_PI_hedged","low_PI_hedged"
"1",423,0.562694271786265,0.441354207384161,0.562692984685691,0.441355959975254,0.57597280137354,0.441355959975254,0.538773260089107,0.465316057331682,0.556754740129295,0.445332381242429,0.613702142175596,0.370699149413413,0.579832524048125,0.424256793372664,0.556777941761514,0.447311375659275,0.559877202497936,0.440449834778553,0.55,0.45
