"","simul_idx","up_dw","low_dw","up_dw_x1_to_xn","low_dw_x1_to_xn","up_dw_x1_to_xn_tails","low_dw_x1_to_xn_tails","up_t_test","low_t_test","up_anderson","low_anderson","up_cheby","low_cheby","up_emp_bern","low_emp_bern","up_hoeffding","low_hoeffding","up_PI_emp_bern","low_PI_emp_bern","up_PI_hedged","low_PI_hedged"
"1",384,0.917556377330649,0.394302361808812,0.917517926383033,0.394393580745331,1.11462549028306,0.394393580745331,0.880348869259514,0.518126571843214,0.972460432738074,0.375828120914932,0.940164249239675,-0.00784728850452265,1.43675590291935,-0.0382804618166264,0.972904135806963,0.425571305295765,1.08646655480405,0.326562045685817,0.9,0.43
