"","simul_idx","up_dw","low_dw","up_dw_x1_to_xn","low_dw_x1_to_xn","up_dw_x1_to_xn_tails","low_dw_x1_to_xn_tails","up_t_test","low_t_test","up_anderson","low_anderson","up_cheby","low_cheby","up_emp_bern","low_emp_bern","up_hoeffding","low_hoeffding","up_PI_emp_bern","low_PI_emp_bern","up_PI_hedged","low_PI_hedged"
"1",49,0.739105521171767,0.370220502510803,0.739097741581966,0.370244848670751,0.835435960425487,0.370244848670751,0.678675561854448,0.441744310608997,0.733157079687018,0.367209593345619,0.817666994938148,0.116016232114723,0.927798642955578,0.192621229507868,0.733291774491951,0.387128097971494,0.772391691516129,0.336939921036019,0.72,0.4
