"","simul_idx","up_dw","low_dw","up_dw_x1_to_xn","low_dw_x1_to_xn","up_dw_x1_to_xn_tails","low_dw_x1_to_xn_tails","up_t_test","low_t_test","up_anderson","low_anderson","up_cheby","low_cheby","up_emp_bern","low_emp_bern","up_hoeffding","low_hoeffding","up_PI_emp_bern","low_PI_emp_bern","up_PI_hedged","low_PI_hedged"
"1",71,0.64307098061746,0.376242246189578,0.643061716607286,0.376259120206192,0.697674032882671,0.376259120206192,0.593219643860322,0.427067698412107,0.632437467683451,0.377827576415922,0.727207878545352,0.200326068975038,0.732989397631983,0.287297944640446,0.632531012670255,0.387756329602174,0.666156769029248,0.349070817813454,0.63,0.4
