"","simul_idx","up_dw","low_dw","up_dw_x1_to_xn","low_dw_x1_to_xn","up_dw_x1_to_xn_tails","low_dw_x1_to_xn_tails","up_t_test","low_t_test","up_anderson","low_anderson","up_cheby","low_cheby","up_emp_bern","low_emp_bern","up_hoeffding","low_hoeffding","up_PI_emp_bern","low_PI_emp_bern","up_PI_hedged","low_PI_hedged"
"1",488,0.653580674023415,0.113078969056197,0.653487341089794,0.113178564836621,0.850607662890456,0.113178564836621,0.53876410379237,0.162366467833766,0.623874822325581,0.0277062059417512,0.786903743244654,-0.319483362160563,1.0992171119545,-0.398086540328359,0.624231701068667,0.0768988705574694,0.724143059433648,-0.0399665468315271,0.62,0.13
