"","simul_idx","up_dw","low_dw","up_dw_x1_to_xn","low_dw_x1_to_xn","up_dw_x1_to_xn_tails","low_dw_x1_to_xn_tails","up_t_test","low_t_test","up_anderson","low_anderson","up_cheby","low_cheby","up_emp_bern","low_emp_bern","up_hoeffding","low_hoeffding","up_PI_emp_bern","low_PI_emp_bern","up_PI_hedged","low_PI_hedged"
"1",237,0.552800550765406,0.431456933960322,0.552799101554959,0.43145764561711,0.566077407468344,0.43145764561711,0.528789628955208,0.455313915543209,0.546764055260022,0.435336322861517,0.604688515717683,0.360118880849392,0.56985489285119,0.414248651647227,0.546785055300328,0.437318489198089,0.550244578749437,0.430726654856524,0.54,0.44
