"","simul_idx","up_dw","low_dw","up_dw_x1_to_xn","low_dw_x1_to_xn","up_dw_x1_to_xn_tails","low_dw_x1_to_xn_tails","up_t_test","low_t_test","up_anderson","low_anderson","up_cheby","low_cheby","up_emp_bern","low_emp_bern","up_hoeffding","low_hoeffding","up_PI_emp_bern","low_PI_emp_bern","up_PI_hedged","low_PI_hedged"
"1",180,0.628226721428744,0.457743709618508,0.628224528677314,0.45774539724686,0.653006258805693,0.45774539724686,0.595706363438526,0.491902674305356,0.621174226111893,0.462431708892855,0.688795632600996,0.356982288306583,0.663760748505015,0.423848289238867,0.62120907007604,0.466399967667842,0.634030743525832,0.456224787680101,0.61,0.47
