"","simul_idx","up_dw","low_dw","up_dw_x1_to_xn","low_dw_x1_to_xn","up_dw_x1_to_xn_tails","low_dw_x1_to_xn_tails","up_t_test","low_t_test","up_anderson","low_anderson","up_cheby","low_cheby","up_emp_bern","low_emp_bern","up_hoeffding","low_hoeffding","up_PI_emp_bern","low_PI_emp_bern","up_PI_hedged","low_PI_hedged"
"1",263,0.780921352003605,0.218814701942949,0.780801050290159,0.218943709563559,0.977966166208867,0.218943709563559,0.697543196986273,0.302118057582351,0.773200303575667,0.17659367137169,0.860302394531103,-0.19386155815202,1.26342710145836,-0.263765846889737,0.773497042539911,0.226164212028714,0.908616730949671,0.115371381761576,0.74,0.24
