"","simul_idx","up_dw","low_dw","up_dw_x1_to_xn","low_dw_x1_to_xn","up_dw_x1_to_xn_tails","low_dw_x1_to_xn_tails","up_t_test","low_t_test","up_anderson","low_anderson","up_cheby","low_cheby","up_emp_bern","low_emp_bern","up_hoeffding","low_hoeffding","up_PI_emp_bern","low_PI_emp_bern","up_PI_hedged","low_PI_hedged"
"1",461,0.630039927112288,0.261271451320783,0.629987105596145,0.261303295095662,0.726336499256368,0.261303295095662,0.558571593530959,0.321711910632058,0.613103283394254,0.247252972676525,0.740630282517531,-0.00706069571501727,0.807672484376816,0.0726110197861997,0.613223590341737,0.267059913821279,0.66349318952223,0.227824346961247,0.6,0.28
