"","simul_idx","up_dw","low_dw","up_dw_x1_to_xn","low_dw_x1_to_xn","up_dw_x1_to_xn_tails","low_dw_x1_to_xn_tails","up_t_test","low_t_test","up_anderson","low_anderson","up_cheby","low_cheby","up_emp_bern","low_emp_bern","up_hoeffding","low_hoeffding","up_PI_emp_bern","low_PI_emp_bern","up_PI_hedged","low_PI_hedged"
"1",440,0.741463504806721,0.181680991483784,0.741378967505698,0.181791113080488,0.938515320083558,0.181791113080488,0.647041319903573,0.253909731967274,0.723782698514805,0.127215937409663,0.837195195181941,-0.236561160601376,1.21227059092687,-0.311319539056026,0.724141941191022,0.176809110679825,0.835065984314289,0.0441470523928394,0.71,0.21
