"","simul_idx","up_dw","low_dw","up_dw_x1_to_xn","low_dw_x1_to_xn","up_dw_x1_to_xn_tails","low_dw_x1_to_xn_tails","up_t_test","low_t_test","up_anderson","low_anderson","up_cheby","low_cheby","up_emp_bern","low_emp_bern","up_hoeffding","low_hoeffding","up_PI_emp_bern","low_PI_emp_bern","up_PI_hedged","low_PI_hedged"
"1",346,0.616384054120726,0.445625384295752,0.616379853729873,0.445627849256835,0.641162728174865,0.445627849256835,0.583612132173026,0.479593682656129,0.608983674515933,0.45023827688983,0.678519403330349,0.343793880159222,0.651735797909256,0.411470016919899,0.609007458618676,0.454198356210478,0.623653431108509,0.444662846207347,0.6,0.46
