"","simul_idx","up_dw","low_dw","up_dw_x1_to_xn","low_dw_x1_to_xn","up_dw_x1_to_xn_tails","low_dw_x1_to_xn_tails","up_t_test","low_t_test","up_anderson","low_anderson","up_cheby","low_cheby","up_emp_bern","low_emp_bern","up_hoeffding","low_hoeffding","up_PI_emp_bern","low_PI_emp_bern","up_PI_hedged","low_PI_hedged"
"1",57,0.648795127383639,0.278752896076765,0.64876916853363,0.278783090552839,0.745116103997214,0.278783090552839,0.578940799528657,0.341181339669134,0.633015589462338,0.267142516013243,0.75388385209087,0.0128845972406223,0.828320672374325,0.091801466823466,0.633142907859124,0.286979231338667,0.673605083616959,0.237480411149749,0.63,0.3
