"","simul_idx","up_dw","low_dw","up_dw_x1_to_xn","low_dw_x1_to_xn","up_dw_x1_to_xn_tails","low_dw_x1_to_xn_tails","up_t_test","low_t_test","up_anderson","low_anderson","up_cheby","low_cheby","up_emp_bern","low_emp_bern","up_hoeffding","low_hoeffding","up_PI_emp_bern","low_PI_emp_bern","up_PI_hedged","low_PI_hedged"
"1",147,0.623848405742273,0.357029926263842,0.623833709321529,0.357039209370971,0.678434817017583,0.357039209370971,0.57303131014444,0.406887468330844,0.612255413198768,0.357661018606866,0.712006082260531,0.178829170898818,0.712798487440784,0.2671202910345,0.612346730771683,0.367572047703601,0.645909978397874,0.329180978139917,0.61,0.38
