"","simul_idx","up_dw","low_dw","up_dw_x1_to_xn","low_dw_x1_to_xn","up_dw_x1_to_xn_tails","low_dw_x1_to_xn_tails","up_t_test","low_t_test","up_anderson","low_anderson","up_cheby","low_cheby","up_emp_bern","low_emp_bern","up_hoeffding","low_hoeffding","up_PI_emp_bern","low_PI_emp_bern","up_PI_hedged","low_PI_hedged"
"1",183,0.772975282857467,0.408259967666515,0.772937475428626,0.408308433675119,0.869311643689412,0.408308433675119,0.716536402156592,0.482717705899106,0.772576215337191,0.406705431599038,0.841345186335156,0.158033237044593,0.964694414298342,0.234559693757357,0.772708892288078,0.426545215767621,0.818104756153067,0.389026911931643,0.75,0.43
