"","simul_idx","up_dw","low_dw","up_dw_x1_to_xn","low_dw_x1_to_xn","up_dw_x1_to_xn_tails","low_dw_x1_to_xn_tails","up_t_test","low_t_test","up_anderson","low_anderson","up_cheby","low_cheby","up_emp_bern","low_emp_bern","up_hoeffding","low_hoeffding","up_PI_emp_bern","low_PI_emp_bern","up_PI_hedged","low_PI_hedged"
"1",375,0.698637280879354,0.434017134431829,0.698633317905175,0.434026594334667,0.753234686654102,0.434026594334667,0.651790791767595,0.487261194938511,0.691812941718513,0.437213280127981,0.770935600746106,0.264566205350353,0.791044734872591,0.348007251833514,0.691913334887094,0.447138651819012,0.728291885216271,0.415022198725808,0.68,0.45
