"","simul_idx","up_dw","low_dw","up_dw_x1_to_xn","low_dw_x1_to_xn","up_dw_x1_to_xn_tails","low_dw_x1_to_xn_tails","up_t_test","low_t_test","up_anderson","low_anderson","up_cheby","low_cheby","up_emp_bern","low_emp_bern","up_hoeffding","low_hoeffding","up_PI_emp_bern","low_PI_emp_bern","up_PI_hedged","low_PI_hedged"
"1",290,0.780997910267785,0.219111608140102,0.780839234456228,0.219162245930872,0.977884993429337,0.219162245930872,0.69756790682434,0.302586054177387,0.773380033813615,0.176935000522305,0.860414699948211,-0.193645392613726,1.2633252868462,-0.263171325844471,0.773743395756462,0.226410565245265,0.882048817892432,0.0938057612710757,0.75,0.25
