"","simul_idx","up_dw","low_dw","up_dw_x1_to_xn","low_dw_x1_to_xn","up_dw_x1_to_xn_tails","low_dw_x1_to_xn_tails","up_t_test","low_t_test","up_anderson","low_anderson","up_cheby","low_cheby","up_emp_bern","low_emp_bern","up_hoeffding","low_hoeffding","up_PI_emp_bern","low_PI_emp_bern","up_PI_hedged","low_PI_hedged"
"1",160,0.721109486745845,0.351200609909716,0.721103810500747,0.351270352689605,0.817509690715446,0.351270352689605,0.658648159967883,0.421074117604588,0.712719052519877,0.34694074222356,0.805113072217354,0.0946554924263718,0.907970542850859,0.171751734721613,0.712942977046464,0.366779300526007,0.761329079640108,0.327434376292438,0.71,0.38
