"","simul_idx","up_dw","low_dw","up_dw_x1_to_xn","low_dw_x1_to_xn","up_dw_x1_to_xn_tails","low_dw_x1_to_xn_tails","up_t_test","low_t_test","up_anderson","low_anderson","up_cheby","low_cheby","up_emp_bern","low_emp_bern","up_hoeffding","low_hoeffding","up_PI_emp_bern","low_PI_emp_bern","up_PI_hedged","low_PI_hedged"
"1",228,0.756112214938008,0.389061132501745,0.756098445186906,0.389094109295094,0.852449527553984,0.389094109295094,0.697628734819771,0.462130827912253,0.752801419673976,0.386900286298489,0.829591074383717,0.13687522789297,0.946307397706928,0.213452165025096,0.752961619626241,0.406797943105784,0.79977793530389,0.368293949424336,0.73,0.41
