"","simul_idx","up_dw","low_dw","up_dw_x1_to_xn","low_dw_x1_to_xn","up_dw_x1_to_xn_tails","low_dw_x1_to_xn_tails","up_t_test","low_t_test","up_anderson","low_anderson","up_cheby","low_cheby","up_emp_bern","low_emp_bern","up_hoeffding","low_hoeffding","up_PI_emp_bern","low_PI_emp_bern","up_PI_hedged","low_PI_hedged"
"1",324,0.574490577323587,0.453175528955219,0.574489535708807,0.453176635915105,0.587768460117,0.453176635915105,0.550695128833119,0.477240623121141,0.568682873007852,0.457255033726237,0.624429441475586,0.383350707499178,0.591753518587358,0.436182233366901,0.56870115902825,0.45923459292601,0.575362051653934,0.45579247017412,0.56,0.46
