"","simul_idx","up_dw","low_dw","up_dw_x1_to_xn","low_dw_x1_to_xn","up_dw_x1_to_xn_tails","low_dw_x1_to_xn_tails","up_t_test","low_t_test","up_anderson","low_anderson","up_cheby","low_cheby","up_emp_bern","low_emp_bern","up_hoeffding","low_hoeffding","up_PI_emp_bern","low_PI_emp_bern","up_PI_hedged","low_PI_hedged"
"1",411,0.589476089384999,0.418418034857593,0.589470083055605,0.418419585759488,0.614251600254437,0.418419585759488,0.55613341152159,0.451918746203948,0.581400331932787,0.422656650968947,0.655129414414211,0.314151506475729,0.624320375534035,0.383731782191503,0.581430630066868,0.42662152765867,0.596021925890501,0.416581913632055,0.58,0.43
