"","simul_idx","up_dw","low_dw","up_dw_x1_to_xn","low_dw_x1_to_xn","up_dw_x1_to_xn_tails","low_dw_x1_to_xn_tails","up_t_test","low_t_test","up_anderson","low_anderson","up_cheby","low_cheby","up_emp_bern","low_emp_bern","up_hoeffding","low_hoeffding","up_PI_emp_bern","low_PI_emp_bern","up_PI_hedged","low_PI_hedged"
"1",82,0.624121295498112,0.357325750520392,0.62410037538214,0.357340575395043,0.678709665937051,0.357340575395043,0.573318760363871,0.407193869391448,0.612554508696277,0.357969772955785,0.712230896705778,0.179144221253602,0.713079912416377,0.267432717338942,0.6126436564117,0.367868973343619,0.651070247923626,0.334508466448109,0.6,0.37
