"","simul_idx","up_dw","low_dw","up_dw_x1_to_xn","low_dw_x1_to_xn","up_dw_x1_to_xn_tails","low_dw_x1_to_xn_tails","up_t_test","low_t_test","up_anderson","low_anderson","up_cheby","low_cheby","up_emp_bern","low_emp_bern","up_hoeffding","low_hoeffding","up_PI_emp_bern","low_PI_emp_bern","up_PI_hedged","low_PI_hedged"
"1",488,0.540925640473265,0.4196539754385,0.540924919829354,0.419655458508586,0.554204345344146,0.419655458508586,0.51680959804435,0.443389892946658,0.53481501184249,0.423385334084427,0.59388073451971,0.347491315471474,0.557856707727905,0.402342783263103,0.534833028546624,0.425366462444384,0.538044395181313,0.418624545073576,0.53,0.43
