"","simul_idx","up_dw","low_dw","up_dw_x1_to_xn","low_dw_x1_to_xn","up_dw_x1_to_xn_tails","low_dw_x1_to_xn_tails","up_t_test","low_t_test","up_anderson","low_anderson","up_cheby","low_cheby","up_emp_bern","low_emp_bern","up_hoeffding","low_hoeffding","up_PI_emp_bern","low_PI_emp_bern","up_PI_hedged","low_PI_hedged"
"1",195,0.630185043482187,0.261230904567439,0.630164704688922,0.261243907383152,0.726486016850278,0.261243907383152,0.558681629666897,0.321722329970265,0.61319390654425,0.247221509681278,0.740670623122241,-0.0070006567579397,0.807813407382126,0.0725905522550359,0.613283818078809,0.267120141558352,0.652924567097673,0.218769298218484,0.61,0.28
