"","simul_idx","up_dw","low_dw","up_dw_x1_to_xn","low_dw_x1_to_xn","up_dw_x1_to_xn_tails","low_dw_x1_to_xn_tails","up_t_test","low_t_test","up_anderson","low_anderson","up_cheby","low_cheby","up_emp_bern","low_emp_bern","up_hoeffding","low_hoeffding","up_PI_emp_bern","low_PI_emp_bern","up_PI_hedged","low_PI_hedged"
"1",375,0.667281699346802,0.296500759855316,0.667257071335903,0.296512377690316,0.763576319253397,0.296512377690316,0.599130969636866,0.360905657952507,0.65296378088413,0.287106192426426,0.76698150623859,0.0330490167525546,0.848655283026576,0.111381344562798,0.653100152054915,0.306936475534458,0.704200873283219,0.266090179093754,0.64,0.31
