"","simul_idx","up_dw","low_dw","up_dw_x1_to_xn","low_dw_x1_to_xn","up_dw_x1_to_xn_tails","low_dw_x1_to_xn_tails","up_t_test","low_t_test","up_anderson","low_anderson","up_cheby","low_cheby","up_emp_bern","low_emp_bern","up_hoeffding","low_hoeffding","up_PI_emp_bern","low_PI_emp_bern","up_PI_hedged","low_PI_hedged"
"1",480,0.651957936878457,0.385250714062624,0.65195656905442,0.385260137030399,0.706557890736725,0.385260137030399,0.602559269777215,0.436506713732192,0.641859009770156,0.387251874499636,0.734222755280619,0.210382684273387,0.742297423611776,0.296768559897631,0.641920333288745,0.397145650220663,0.680354100775586,0.363471945216828,0.63,0.4
