"","simul_idx","up_dw","low_dw","up_dw_x1_to_xn","low_dw_x1_to_xn","up_dw_x1_to_xn_tails","low_dw_x1_to_xn_tails","up_t_test","low_t_test","up_anderson","low_anderson","up_cheby","low_cheby","up_emp_bern","low_emp_bern","up_hoeffding","low_hoeffding","up_PI_emp_bern","low_PI_emp_bern","up_PI_hedged","low_PI_hedged"
"1",404,0.642749297114539,0.375849418795649,0.642739701112139,0.37585306430142,0.697332484443085,0.37585306430142,0.592890857676074,0.426642853224492,0.632104787517856,0.377472089148847,0.726925594604224,0.199923233487199,0.732691152515162,0.286842558385404,0.632154196984324,0.387379513916242,0.669836027536008,0.354526071656968,0.63,0.4
