"","simul_idx","up_dw","low_dw","up_dw_x1_to_xn","low_dw_x1_to_xn","up_dw_x1_to_xn_tails","low_dw_x1_to_xn_tails","up_t_test","low_t_test","up_anderson","low_anderson","up_cheby","low_cheby","up_emp_bern","low_emp_bern","up_hoeffding","low_hoeffding","up_PI_emp_bern","low_PI_emp_bern","up_PI_hedged","low_PI_hedged"
"1",174,0.708206785552431,0.444349812295488,0.708195552596546,0.444373541364342,0.762817990899732,0.444373541364342,0.661914021750328,0.497942936955456,0.702190564126682,0.447623341093607,0.778433292627,0.275982124378258,0.800990391144403,0.358866567561381,0.702315820886933,0.457541137818851,0.732769562904523,0.421329542931691,0.69,0.47
