"","simul_idx","up_dw","low_dw","up_dw_x1_to_xn","low_dw_x1_to_xn","up_dw_x1_to_xn_tails","low_dw_x1_to_xn_tails","up_t_test","low_t_test","up_anderson","low_anderson","up_cheby","low_cheby","up_emp_bern","low_emp_bern","up_hoeffding","low_hoeffding","up_PI_emp_bern","low_PI_emp_bern","up_PI_hedged","low_PI_hedged"
"1",145,0.611145632727078,0.244223891156505,0.611091796235576,0.244243330633973,0.707422816698656,0.244243330633973,0.538101595672087,0.302751093670511,0.593333002832559,0.227515946910593,0.727339240742956,-0.0266286662907912,0.786734554660122,0.0541181346824766,0.593508182931528,0.247344506411071,0.642729453865047,0.209524618416672,0.59,0.26
