"","simul_idx","up_dw","low_dw","up_dw_x1_to_xn","low_dw_x1_to_xn","up_dw_x1_to_xn_tails","low_dw_x1_to_xn_tails","up_t_test","low_t_test","up_anderson","low_anderson","up_cheby","low_cheby","up_emp_bern","low_emp_bern","up_hoeffding","low_hoeffding","up_PI_emp_bern","low_PI_emp_bern","up_PI_hedged","low_PI_hedged"
"1",77,0.72064481922,0.350591348142513,0.720604285347925,0.350608362258608,0.816931576150079,0.350608362258608,0.65813330777944,0.420403486706746,0.712249173969022,0.346391098820713,0.804744144496458,0.0940365175753636,0.907503990916566,0.171032803569621,0.712350235503322,0.366186558982865,0.751772660134507,0.316100628365963,0.7,0.37
