"","simul_idx","up_dw","low_dw","up_dw_x1_to_xn","low_dw_x1_to_xn","up_dw_x1_to_xn_tails","low_dw_x1_to_xn_tails","up_t_test","low_t_test","up_anderson","low_anderson","up_cheby","low_cheby","up_emp_bern","low_emp_bern","up_hoeffding","low_hoeffding","up_PI_emp_bern","low_PI_emp_bern","up_PI_hedged","low_PI_hedged"
"1",416,0.52894853726706,0.407802344181021,0.528947393696946,0.407803366614929,0.542226150661022,0.407803366614929,0.504741102998375,0.431411754395145,0.522794099266491,0.411364839339333,0.582979429902993,0.334817489110262,0.545758925048212,0.390393932345308,0.52280971174788,0.413343145645641,0.525935695843354,0.406676669729543,0.52,0.42
