"","simul_idx","up_dw","low_dw","up_dw_x1_to_xn","low_dw_x1_to_xn","up_dw_x1_to_xn_tails","low_dw_x1_to_xn_tails","up_t_test","low_t_test","up_anderson","low_anderson","up_cheby","low_cheby","up_emp_bern","low_emp_bern","up_hoeffding","low_hoeffding","up_PI_emp_bern","low_PI_emp_bern","up_PI_hedged","low_PI_hedged"
"1",372,0.661636224173043,0.395106806114698,0.661630693695913,0.395112964982037,0.716227190012135,0.395112964982037,0.612762575695453,0.446792575943312,0.652114617178596,0.397480703864348,0.741834532084974,0.221397423950267,0.752474481523903,0.307080670114861,0.652164917353423,0.407390234285341,0.685437850781798,0.368862423185932,0.64,0.41
