"","simul_idx","up_dw","low_dw","up_dw_x1_to_xn","low_dw_x1_to_xn","up_dw_x1_to_xn_tails","low_dw_x1_to_xn_tails","up_t_test","low_t_test","up_anderson","low_anderson","up_cheby","low_cheby","up_emp_bern","low_emp_bern","up_hoeffding","low_hoeffding","up_PI_emp_bern","low_PI_emp_bern","up_PI_hedged","low_PI_hedged"
"1",156,0.575652905992511,0.310400190889261,0.575649922865706,0.310407809286793,0.630248572486136,0.310407809286793,0.522766741415039,0.357753500528016,0.56257135561939,0.307962484083706,0.673897152971391,0.126575794249568,0.662174454653662,0.218345787289392,0.562647462505568,0.317872779437486,0.594721078356075,0.281428737254912,0.56,0.33
