"","simul_idx","up_dw","low_dw","up_dw_x1_to_xn","low_dw_x1_to_xn","up_dw_x1_to_xn_tails","low_dw_x1_to_xn_tails","up_t_test","low_t_test","up_anderson","low_anderson","up_cheby","low_cheby","up_emp_bern","low_emp_bern","up_hoeffding","low_hoeffding","up_PI_emp_bern","low_PI_emp_bern","up_PI_hedged","low_PI_hedged"
"1",442,0.699001976919597,0.146026637141365,0.6989867924584,0.146149897685009,0.896143155601274,0.146149897685009,0.59410227249243,0.206817810101237,0.673890069764913,0.0771611279833781,0.812588560091699,-0.278641838362587,1.15766263657594,-0.356742553982271,0.674126456552433,0.126793626041235,0.783511211800471,-0.00208837767178394,0.67,0.17
