"","simul_idx","up_dw","low_dw","up_dw_x1_to_xn","low_dw_x1_to_xn","up_dw_x1_to_xn_tails","low_dw_x1_to_xn_tails","up_t_test","low_t_test","up_anderson","low_anderson","up_cheby","low_cheby","up_emp_bern","low_emp_bern","up_hoeffding","low_hoeffding","up_PI_emp_bern","low_PI_emp_bern","up_PI_hedged","low_PI_hedged"
"1",342,0.611181774954698,0.244083663803307,0.611165467173535,0.244103801301792,0.707497413219527,0.244103801301792,0.538165698266126,0.30256522034051,0.593328923048686,0.22740425770487,0.727297932912931,-0.0266888340740672,0.786876163998882,0.0538547546077546,0.593447297563547,0.24728362104309,0.643311545131966,0.208880710752217,0.59,0.27
