"","simul_idx","up_dw","low_dw","up_dw_x1_to_xn","low_dw_x1_to_xn","up_dw_x1_to_xn_tails","low_dw_x1_to_xn_tails","up_t_test","low_t_test","up_anderson","low_anderson","up_cheby","low_cheby","up_emp_bern","low_emp_bern","up_hoeffding","low_hoeffding","up_PI_emp_bern","low_PI_emp_bern","up_PI_hedged","low_PI_hedged"
"1",75,0.558619548047852,0.437260903415967,0.558617875382303,0.437262831797189,0.571897947205596,0.437262831797189,0.534664039230505,0.46117573965946,0.552633377210909,0.441206210308426,0.609984102686317,0.366329406029335,0.575733382731592,0.420106396158373,0.552653172496102,0.443186606393863,0.554654392855539,0.43502744131445,0.55,0.45
