"","simul_idx","up_dw","low_dw","up_dw_x1_to_xn","low_dw_x1_to_xn","up_dw_x1_to_xn_tails","low_dw_x1_to_xn_tails","up_t_test","low_t_test","up_anderson","low_anderson","up_cheby","low_cheby","up_emp_bern","low_emp_bern","up_hoeffding","low_hoeffding","up_PI_emp_bern","low_PI_emp_bern","up_PI_hedged","low_PI_hedged"
"1",264,0.560683126013075,0.439326001258593,0.560681520390449,0.439327492127873,0.573960957224708,0.439327492127873,0.536752183488561,0.463257208908337,0.554717380819549,0.44329227131726,0.611863778652498,0.3685375864425,0.57782369058868,0.422185701808219,0.554737979249569,0.44527141314733,0.56212955615155,0.442580197304187,0.55,0.45
