"","simul_idx","up_dw","low_dw","up_dw_x1_to_xn","low_dw_x1_to_xn","up_dw_x1_to_xn_tails","low_dw_x1_to_xn_tails","up_t_test","low_t_test","up_anderson","low_anderson","up_cheby","low_cheby","up_emp_bern","low_emp_bern","up_hoeffding","low_hoeffding","up_PI_emp_bern","low_PI_emp_bern","up_PI_hedged","low_PI_hedged"
"1",277,0.564637027340633,0.443286121354258,0.564636686889807,0.443287898152942,0.577916508727442,0.443287898152942,0.540737416135046,0.467263751957426,0.558713668076428,0.447287980402943,0.615463952323879,0.372772486982467,0.581802015803999,0.426199152288473,0.558733867097356,0.449267300995116,0.561017649487856,0.441515512730344,0.55,0.45
