"","simul_idx","up_dw","low_dw","up_dw_x1_to_xn","low_dw_x1_to_xn","up_dw_x1_to_xn_tails","low_dw_x1_to_xn_tails","up_t_test","low_t_test","up_anderson","low_anderson","up_cheby","low_cheby","up_emp_bern","low_emp_bern","up_hoeffding","low_hoeffding","up_PI_emp_bern","low_PI_emp_bern","up_PI_hedged","low_PI_hedged"
"1",186,0.597166095480903,0.426148526321708,0.597163730068579,0.426151066390297,0.621946692776172,0.426151066390297,0.563981489582981,0.459795703067824,0.589257202001333,0.430512206117068,0.661820979838233,0.322580166941387,0.632159137432255,0.39161805521855,0.589293147529502,0.434484045121304,0.600287931022266,0.420951553872093,0.58,0.44
