"","simul_idx","up_dw","low_dw","up_dw_x1_to_xn","low_dw_x1_to_xn","up_dw_x1_to_xn_tails","low_dw_x1_to_xn_tails","up_t_test","low_t_test","up_anderson","low_anderson","up_cheby","low_cheby","up_emp_bern","low_emp_bern","up_hoeffding","low_hoeffding","up_PI_emp_bern","low_PI_emp_bern","up_PI_hedged","low_PI_hedged"
"1",279,0.562674827496375,0.441331096640055,0.562674539697299,0.441333292674807,0.575954999983261,0.441333292674807,0.538761934117508,0.465284408759899,0.556730580248319,0.445309294802532,0.613682782931285,0.370676376752447,0.579827785327104,0.424218557550303,0.556756454489823,0.447289888387583,0.563984915420436,0.444522207912167,0.55,0.45
