"","simul_idx","up_dw","low_dw","up_dw_x1_to_xn","low_dw_x1_to_xn","up_dw_x1_to_xn_tails","low_dw_x1_to_xn_tails","up_t_test","low_t_test","up_anderson","low_anderson","up_cheby","low_cheby","up_emp_bern","low_emp_bern","up_hoeffding","low_hoeffding","up_PI_emp_bern","low_PI_emp_bern","up_PI_hedged","low_PI_hedged"
"1",168,0.566006125000119,0.395078027993326,0.566004232932849,0.395082620582343,0.590790201754622,0.395082620582343,0.532217999011055,0.428102681531439,0.557531440689327,0.398794104219969,0.634710364885529,0.288674904866869,0.600372913887453,0.359947766655041,0.557564891475346,0.402755789067148,0.575488120393007,0.395756327879097,0.55,0.41
