"","simul_idx","up_dw","low_dw","up_dw_x1_to_xn","low_dw_x1_to_xn","up_dw_x1_to_xn_tails","low_dw_x1_to_xn_tails","up_t_test","low_t_test","up_anderson","low_anderson","up_cheby","low_cheby","up_emp_bern","low_emp_bern","up_hoeffding","low_hoeffding","up_PI_emp_bern","low_PI_emp_bern","up_PI_hedged","low_PI_hedged"
"1",370,0.585651911476504,0.414596013678077,0.585646381029371,0.414597760651197,0.61042818825559,0.414597760651197,0.552252568016368,0.448000728691169,0.577496460564756,0.418760518791393,0.651804120453018,0.309977895611921,0.620451524185354,0.379801772522183,0.577531199557867,0.422722097149669,0.591618160997242,0.412768942180676,0.57,0.43
