"","simul_idx","up_dw","low_dw","up_dw_x1_to_xn","low_dw_x1_to_xn","up_dw_x1_to_xn_tails","low_dw_x1_to_xn_tails","up_t_test","low_t_test","up_anderson","low_anderson","up_cheby","low_cheby","up_emp_bern","low_emp_bern","up_hoeffding","low_hoeffding","up_PI_emp_bern","low_PI_emp_bern","up_PI_hedged","low_PI_hedged"
"1",138,0.623943142553676,0.357034193964049,0.623928952254111,0.357036096852896,0.678519162473089,0.357036096852896,0.573108047370977,0.406913166931864,0.612340835095134,0.357692634966002,0.712044863916145,0.178883512722801,0.712891451923992,0.267129762378849,0.612397948685461,0.367623265617379,0.646174617799135,0.328978311802408,0.61,0.38
