"","simul_idx","up_dw","low_dw","up_dw_x1_to_xn","low_dw_x1_to_xn","up_dw_x1_to_xn_tails","low_dw_x1_to_xn_tails","up_t_test","low_t_test","up_anderson","low_anderson","up_cheby","low_cheby","up_emp_bern","low_emp_bern","up_hoeffding","low_hoeffding","up_PI_emp_bern","low_PI_emp_bern","up_PI_hedged","low_PI_hedged"
"1",340,0.558735401079566,0.437385150355217,0.558734601420187,0.437385897071774,0.572012958218056,0.437385897071774,0.534776466028185,0.461305300731916,0.552753431867252,0.441327679897246,0.610093216443622,0.366457535281967,0.575840255724129,0.420241511035972,0.55277416643117,0.443307600328931,0.555932371191166,0.436353608170958,0.55,0.45
