"","simul_idx","up_dw","low_dw","up_dw_x1_to_xn","low_dw_x1_to_xn","up_dw_x1_to_xn_tails","low_dw_x1_to_xn_tails","up_t_test","low_t_test","up_anderson","low_anderson","up_cheby","low_cheby","up_emp_bern","low_emp_bern","up_hoeffding","low_hoeffding","up_PI_emp_bern","low_PI_emp_bern","up_PI_hedged","low_PI_hedged"
"1",144,0.623863305760423,0.35702525930672,0.623851879946493,0.357032589399694,0.678450103862398,0.357032589399694,0.573047596337462,0.406884235459614,0.612263780593711,0.357649352215068,0.712011024236077,0.178836095579447,0.71282097953889,0.267110852258186,0.612353257432579,0.367578574364497,0.645984877967512,0.329091084913914,0.61,0.38
