"","simul_idx","up_dw","low_dw","up_dw_x1_to_xn","low_dw_x1_to_xn","up_dw_x1_to_xn_tails","low_dw_x1_to_xn_tails","up_t_test","low_t_test","up_anderson","low_anderson","up_cheby","low_cheby","up_emp_bern","low_emp_bern","up_hoeffding","low_hoeffding","up_PI_emp_bern","low_PI_emp_bern","up_PI_hedged","low_PI_hedged"
"1",2,0.69876337471346,0.145814825096718,0.698632618317189,0.145879689404265,0.895700044219938,0.145879689404265,0.593903252032405,0.206465060945263,0.673628119303787,0.0768916890776302,0.812449616992543,-0.278870741674097,1.15750749389578,-0.357139180918111,0.673850571744433,0.126517741233236,0.807350864310153,0.0222353788925193,0.66,0.17
