"","simul_idx","up_dw","low_dw","up_dw_x1_to_xn","low_dw_x1_to_xn","up_dw_x1_to_xn_tails","low_dw_x1_to_xn_tails","up_t_test","low_t_test","up_anderson","low_anderson","up_cheby","low_cheby","up_emp_bern","low_emp_bern","up_hoeffding","low_hoeffding","up_PI_emp_bern","low_PI_emp_bern","up_PI_hedged","low_PI_hedged"
"1",3,0.530987456525825,0.409824906425761,0.530986386438696,0.40982539861906,0.544264421646054,0.40982539861906,0.506798590153863,0.433452840509897,0.524839283807641,0.413414519979355,0.584839511043028,0.336975617058697,0.547821728342584,0.392429702321176,0.524858998383,0.41539243228076,0.532762191841163,0.413377616047923,0.52,0.42
