"","simul_idx","up_dw","low_dw","up_dw_x1_to_xn","low_dw_x1_to_xn","up_dw_x1_to_xn_tails","low_dw_x1_to_xn_tails","up_t_test","low_t_test","up_anderson","low_anderson","up_cheby","low_cheby","up_emp_bern","low_emp_bern","up_hoeffding","low_hoeffding","up_PI_emp_bern","low_PI_emp_bern","up_PI_hedged","low_PI_hedged"
"1",111,0.653643617962621,0.112606439303775,0.65361484756543,0.11261341427397,0.850594108232866,0.11261341427397,0.538941017388267,0.161663817808943,0.623877115112924,0.0271410779243701,0.786765501027629,-0.319695610896156,1.09964507366271,-0.399040238465505,0.623968832854204,0.0766360023430063,0.727218660278949,-0.0435857873291269,0.62,0.14
