"","simul_idx","up_dw","low_dw","up_dw_x1_to_xn","low_dw_x1_to_xn","up_dw_x1_to_xn_tails","low_dw_x1_to_xn_tails","up_t_test","low_t_test","up_anderson","low_anderson","up_cheby","low_cheby","up_emp_bern","low_emp_bern","up_hoeffding","low_hoeffding","up_PI_emp_bern","low_PI_emp_bern","up_PI_hedged","low_PI_hedged"
"1",252,0.648802919962055,0.278788057735253,0.648797997562836,0.278814462957253,0.74513928533444,0.278814462957253,0.57894941594302,0.341218759349402,0.633018340629947,0.2671926673504,0.75389906392151,0.0129077488221754,0.828320358139122,0.0918478171533005,0.633165925906439,0.287002249385983,0.684129524666173,0.246703956627303,0.62,0.3
