"","simul_idx","up_dw","low_dw","up_dw_x1_to_xn","low_dw_x1_to_xn","up_dw_x1_to_xn_tails","low_dw_x1_to_xn_tails","up_t_test","low_t_test","up_anderson","low_anderson","up_cheby","low_cheby","up_emp_bern","low_emp_bern","up_hoeffding","low_hoeffding","up_PI_emp_bern","low_PI_emp_bern","up_PI_hedged","low_PI_hedged"
"1",177,0.580308947533065,0.459036704020131,0.580306351759569,0.459037398793592,0.593584671536568,0.459037398793592,0.556575658987667,0.483148606098468,0.574578271158268,0.46315388067201,0.62972123880209,0.389616275988239,0.597625150342043,0.442099114744092,0.574595415594187,0.465128849491948,0.583235313362423,0.462901729205215,0.57,0.47
