"","simul_idx","up_dw","low_dw","up_dw_x1_to_xn","low_dw_x1_to_xn","up_dw_x1_to_xn_tails","low_dw_x1_to_xn_tails","up_t_test","low_t_test","up_anderson","low_anderson","up_cheby","low_cheby","up_emp_bern","low_emp_bern","up_hoeffding","low_hoeffding","up_PI_emp_bern","low_PI_emp_bern","up_PI_hedged","low_PI_hedged"
"1",438,0.854038328982195,0.30111119581533,0.85399258571757,0.301221925454187,1.05112986434126,0.301221925454187,0.793137436421352,0.406141451986862,0.873042266029209,0.276256336006145,0.903177400963991,-0.103658142025181,1.35661546212163,-0.157336573713418,0.873305859459706,0.325973028948508,0.97740791476457,0.192647691920602,0.83,0.34
