"","simul_idx","up_dw","low_dw","up_dw_x1_to_xn","low_dw_x1_to_xn","up_dw_x1_to_xn_tails","low_dw_x1_to_xn_tails","up_t_test","low_t_test","up_anderson","low_anderson","up_cheby","low_cheby","up_emp_bern","low_emp_bern","up_hoeffding","low_hoeffding","up_PI_emp_bern","low_PI_emp_bern","up_PI_hedged","low_PI_hedged"
"1",110,0.854057609910994,0.301128499748754,0.853980731645314,0.301272405484871,1.05116853733591,0.301272405484871,0.7933075650505,0.406023816682313,0.873039764764405,0.276269905142668,0.903187951124223,-0.103633696635681,1.35686772533508,-0.157536343602263,0.873332106122005,0.325999275610808,0.97664581389301,0.193572651545883,0.83,0.34
