"","simul_idx","up_dw","low_dw","up_dw_x1_to_xn","low_dw_x1_to_xn","up_dw_x1_to_xn_tails","low_dw_x1_to_xn_tails","up_t_test","low_t_test","up_anderson","low_anderson","up_cheby","low_cheby","up_emp_bern","low_emp_bern","up_hoeffding","low_hoeffding","up_PI_emp_bern","low_PI_emp_bern","up_PI_hedged","low_PI_hedged"
"1",157,0.540874162396101,0.419615295284794,0.540873147824731,0.419616179566146,0.554151704279176,0.419616179566146,0.51675709611051,0.443350362753949,0.534769934620499,0.423345890529725,0.593839067814406,0.347442754601731,0.557800001208604,0.402307457655855,0.534787012483349,0.42532044638111,0.53763498432678,0.417632118091807,0.53,0.43
