"","simul_idx","up_dw","low_dw","up_dw_x1_to_xn","low_dw_x1_to_xn","up_dw_x1_to_xn_tails","low_dw_x1_to_xn_tails","up_t_test","low_t_test","up_anderson","low_anderson","up_cheby","low_cheby","up_emp_bern","low_emp_bern","up_hoeffding","low_hoeffding","up_PI_emp_bern","low_PI_emp_bern","up_PI_hedged","low_PI_hedged"
"1",133,0.604736810167798,0.338195729186499,0.604716809631681,0.338201978957338,0.659313438366352,0.338201978957338,0.553041433579019,0.387058837326462,0.592385594527377,0.337738197217843,0.696853084779522,0.157783525134552,0.692757344347715,0.247342926557766,0.592437476986781,0.3476627939187,0.63082771503041,0.314524105775644,0.59,0.36
