"","simul_idx","up_dw","low_dw","up_dw_x1_to_xn","low_dw_x1_to_xn","up_dw_x1_to_xn_tails","low_dw_x1_to_xn_tails","up_t_test","low_t_test","up_anderson","low_anderson","up_cheby","low_cheby","up_emp_bern","low_emp_bern","up_hoeffding","low_hoeffding","up_PI_emp_bern","low_PI_emp_bern","up_PI_hedged","low_PI_hedged"
"1",464,0.703419882801193,0.332650219641973,0.703392326957356,0.332688914619965,0.799751931990088,0.332688914619965,0.639068659086478,0.400736850053843,0.692836905629094,0.326994209325155,0.792592185217105,0.0739124057331623,0.888625992707307,0.151179516433013,0.692984592830389,0.346820916309932,0.733657804895279,0.295869210938186,0.68,0.36
