"","simul_idx","up_dw","low_dw","up_dw_x1_to_xn","low_dw_x1_to_xn","up_dw_x1_to_xn_tails","low_dw_x1_to_xn_tails","up_t_test","low_t_test","up_anderson","low_anderson","up_cheby","low_cheby","up_emp_bern","low_emp_bern","up_hoeffding","low_hoeffding","up_PI_emp_bern","low_PI_emp_bern","up_PI_hedged","low_PI_hedged"
"1",179,0.564749899705907,0.443401996229037,0.564749182960057,0.443402677626974,0.578027444956838,0.443402677626974,0.540851131653131,0.467381709537488,0.558827999621172,0.447402489122649,0.615568267429197,0.372895302365528,0.581914356324547,0.426318484866072,0.558849703646429,0.44938313754419,0.561613480665986,0.442121497002636,0.55,0.45
