"","simul_idx","up_dw","low_dw","up_dw_x1_to_xn","low_dw_x1_to_xn","up_dw_x1_to_xn_tails","low_dw_x1_to_xn_tails","up_t_test","low_t_test","up_anderson","low_anderson","up_cheby","low_cheby","up_emp_bern","low_emp_bern","up_hoeffding","low_hoeffding","up_PI_emp_bern","low_PI_emp_bern","up_PI_hedged","low_PI_hedged"
"1",37,0.703360080392964,0.332501663071185,0.703352818534827,0.332523437705014,0.799687204648433,0.332523437705014,0.638939293944568,0.400638604722067,0.692751957240309,0.326823459937935,0.792520213250514,0.0737947023050143,0.888486978655451,0.151090920011184,0.692870787593546,0.346707111073089,0.742946505266239,0.306096189392489,0.68,0.35
