"","simul_idx","up_dw","low_dw","up_dw_x1_to_xn","low_dw_x1_to_xn","up_dw_x1_to_xn_tails","low_dw_x1_to_xn_tails","up_t_test","low_t_test","up_anderson","low_anderson","up_cheby","low_cheby","up_emp_bern","low_emp_bern","up_hoeffding","low_hoeffding","up_PI_emp_bern","low_PI_emp_bern","up_PI_hedged","low_PI_hedged"
"1",443,0.585351603649495,0.319584299241157,0.585333967022554,0.31958921344801,0.639928623691176,0.31958921344801,0.532851927465437,0.367431869652353,0.572470452683479,0.317853484557434,0.681548748737252,0.136891066824375,0.672388984365076,0.227894812752714,0.572529240092936,0.327754557024854,0.605551641326693,0.290268015298037,0.57,0.34
