"","simul_idx","up_dw","low_dw","up_dw_x1_to_xn","low_dw_x1_to_xn","up_dw_x1_to_xn_tails","low_dw_x1_to_xn_tails","up_t_test","low_t_test","up_anderson","low_anderson","up_cheby","low_cheby","up_emp_bern","low_emp_bern","up_hoeffding","low_hoeffding","up_PI_emp_bern","low_PI_emp_bern","up_PI_hedged","low_PI_hedged"
"1",9,0.542852313021895,0.421576224078856,0.542851745608138,0.421577517905005,0.556130896461111,0.421577517905005,0.518754214317247,0.4453302340573,0.536752695171723,0.425328786272893,0.595639223721938,0.349541608017814,0.559802709727273,0.404281738647274,0.536775507238393,0.427308941136154,0.538166476349714,0.41737582800216,0.53,0.43
