"","simul_idx","up_dw","low_dw","up_dw_x1_to_xn","low_dw_x1_to_xn","up_dw_x1_to_xn_tails","low_dw_x1_to_xn_tails","up_t_test","low_t_test","up_anderson","low_anderson","up_cheby","low_cheby","up_emp_bern","low_emp_bern","up_hoeffding","low_hoeffding","up_PI_emp_bern","low_PI_emp_bern","up_PI_hedged","low_PI_hedged"
"1",385,0.554740471483958,0.433393189779524,0.554739748581245,0.433394070445778,0.568018299788866,0.433394070445778,0.530745522396219,0.457271087384624,0.548721809714644,0.437297530473823,0.606454949502353,0.362188785576905,0.571810371918857,0.416206237861986,0.548741587941541,0.439275021839302,0.551997797206699,0.432426336254375,0.54,0.45
