"","simul_idx","up_dw","low_dw","up_dw_x1_to_xn","low_dw_x1_to_xn","up_dw_x1_to_xn_tails","low_dw_x1_to_xn_tails","up_t_test","low_t_test","up_anderson","low_anderson","up_cheby","low_cheby","up_emp_bern","low_emp_bern","up_hoeffding","low_hoeffding","up_PI_emp_bern","low_PI_emp_bern","up_PI_hedged","low_PI_hedged"
"1",356,0.629989845037008,0.261256867515358,0.629953797035064,0.261283013318579,0.726294698156069,0.261283013318579,0.558477745030008,0.321730505096418,0.613064898191248,0.247244083767699,0.740605079083547,-0.00709820397819194,0.807543772165524,0.0726644779609014,0.613185963323441,0.267022286802984,0.66326598328287,0.227976874905428,0.6,0.28
