"","simul_idx","up_dw","low_dw","up_dw_x1_to_xn","low_dw_x1_to_xn","up_dw_x1_to_xn_tails","low_dw_x1_to_xn_tails","up_t_test","low_t_test","up_anderson","low_anderson","up_cheby","low_cheby","up_emp_bern","low_emp_bern","up_hoeffding","low_hoeffding","up_PI_emp_bern","low_PI_emp_bern","up_PI_hedged","low_PI_hedged"
"1",274,0.818978740235578,0.259146951028735,0.818965432773131,0.259227967110983,1.01605745776584,0.259227967110983,0.746813734562257,0.353846216365979,0.82361045099455,0.226937627137948,0.882668024775089,-0.148894724156265,1.31199617622887,-0.211336225300638,0.823996390719717,0.276663560208519,0.955512986250801,0.166949811027418,0.78,0.28
