"","simul_idx","up_dw","low_dw","up_dw_x1_to_xn","low_dw_x1_to_xn","up_dw_x1_to_xn_tails","low_dw_x1_to_xn_tails","up_t_test","low_t_test","up_anderson","low_anderson","up_cheby","low_cheby","up_emp_bern","low_emp_bern","up_hoeffding","low_hoeffding","up_PI_emp_bern","low_PI_emp_bern","up_PI_hedged","low_PI_hedged"
"1",146,0.667249860790826,0.296377036232203,0.667242752370675,0.296410583497124,0.763594684996843,0.296410583497124,0.599112096494997,0.36074552146025,0.652910119099907,0.286990069735817,0.766923177953136,0.0329581703429033,0.84868020955253,0.111177408402717,0.653010647237852,0.306846970717395,0.694277931473981,0.256126621683981,0.65,0.32
