"","simul_idx","up_dw","low_dw","up_dw_x1_to_xn","low_dw_x1_to_xn","up_dw_x1_to_xn_tails","low_dw_x1_to_xn_tails","up_t_test","low_t_test","up_anderson","low_anderson","up_cheby","low_cheby","up_emp_bern","low_emp_bern","up_hoeffding","low_hoeffding","up_PI_emp_bern","low_PI_emp_bern","up_PI_hedged","low_PI_hedged"
"1",163,0.652211624193821,0.385470016629274,0.652203400870942,0.385481420729075,0.706807657018901,0.385481420729075,0.602869766274185,0.436701065872984,0.642089445127732,0.387467266063052,0.734410838634787,0.210653554226276,0.742644847127442,0.296925985019727,0.642172757607625,0.397398074539544,0.679931207715491,0.364406491029814,0.64,0.4
