"","simul_idx","up_dw","low_dw","up_dw_x1_to_xn","low_dw_x1_to_xn","up_dw_x1_to_xn_tails","low_dw_x1_to_xn_tails","up_t_test","low_t_test","up_anderson","low_anderson","up_cheby","low_cheby","up_emp_bern","low_emp_bern","up_hoeffding","low_hoeffding","up_PI_emp_bern","low_PI_emp_bern","up_PI_hedged","low_PI_hedged"
"1",377,0.558812528843544,0.4374710293952,0.558810999726215,0.437472267903761,0.572090033972823,0.437472267903761,0.534854469232685,0.461391667744775,0.552835667789515,0.4414129611292,0.610167330202851,0.366544568794658,0.575915547931957,0.420330589045502,0.552856351539849,0.44338978543761,0.560203408195324,0.440392467892641,0.55,0.45
