"","simul_idx","up_dw","low_dw","up_dw_x1_to_xn","low_dw_x1_to_xn","up_dw_x1_to_xn_tails","low_dw_x1_to_xn_tails","up_t_test","low_t_test","up_anderson","low_anderson","up_cheby","low_cheby","up_emp_bern","low_emp_bern","up_hoeffding","low_hoeffding","up_PI_emp_bern","low_PI_emp_bern","up_PI_hedged","low_PI_hedged"
"1",195,0.853944687455427,0.300992041129418,0.853903088036641,0.301157945795197,1.05112439801143,0.301157945795197,0.793197629297137,0.405805926515911,0.872850261122234,0.276097225765495,0.903122057796659,-0.103786353921293,1.35678860230631,-0.15778504649326,0.873168193162123,0.325835362650926,0.977054734817285,0.192842377029688,0.83,0.34
