"","simul_idx","up_dw","low_dw","up_dw_x1_to_xn","low_dw_x1_to_xn","up_dw_x1_to_xn_tails","low_dw_x1_to_xn_tails","up_t_test","low_t_test","up_anderson","low_anderson","up_cheby","low_cheby","up_emp_bern","low_emp_bern","up_hoeffding","low_hoeffding","up_PI_emp_bern","low_PI_emp_bern","up_PI_hedged","low_PI_hedged"
"1",310,0.572227253290312,0.210353527176309,0.572211228341574,0.210382988679021,0.66855707134535,0.210382988679021,0.496366172023286,0.26480391770183,0.553545544043367,0.187695918755985,0.699971796172816,-0.0656633880685524,0.743824558911979,0.0173455308131369,0.553666883122787,0.207503206602329,0.590343073206954,0.163307410959635,0.55,0.23
