"","simul_idx","up_dw","low_dw","up_dw_x1_to_xn","low_dw_x1_to_xn","up_dw_x1_to_xn_tails","low_dw_x1_to_xn_tails","up_t_test","low_t_test","up_anderson","low_anderson","up_cheby","low_cheby","up_emp_bern","low_emp_bern","up_hoeffding","low_hoeffding","up_PI_emp_bern","low_PI_emp_bern","up_PI_hedged","low_PI_hedged"
"1",356,0.540911902611512,0.419636566419254,0.540911566096613,0.419637163143222,0.5541897452082,0.419637163143222,0.516793409587242,0.443374246983464,0.534801173931844,0.423369645692898,0.593866321824765,0.347474517950436,0.557840343429944,0.402327313140762,0.534817111336472,0.425350545234233,0.538043716043849,0.418304541296228,0.53,0.43
