"","simul_idx","up_dw","low_dw","up_dw_x1_to_xn","low_dw_x1_to_xn","up_dw_x1_to_xn_tails","low_dw_x1_to_xn_tails","up_t_test","low_t_test","up_anderson","low_anderson","up_cheby","low_cheby","up_emp_bern","low_emp_bern","up_hoeffding","low_hoeffding","up_PI_emp_bern","low_PI_emp_bern","up_PI_hedged","low_PI_hedged"
"1",102,0.558767055568425,0.437418243121828,0.558765896914844,0.43741892918787,0.572044165686745,0.43741892918787,0.5348091522291,0.461338361299845,0.552784475280917,0.441360745516086,0.610122861522003,0.3664923478201,0.575872820579876,0.420274692949069,0.552807039815593,0.443340473713353,0.560029078878367,0.440591212930548,0.55,0.45
