"","simul_idx","up_dw","low_dw","up_dw_x1_to_xn","low_dw_x1_to_xn","up_dw_x1_to_xn_tails","low_dw_x1_to_xn_tails","up_t_test","low_t_test","up_anderson","low_anderson","up_cheby","low_cheby","up_emp_bern","low_emp_bern","up_hoeffding","low_hoeffding","up_PI_emp_bern","low_PI_emp_bern","up_PI_hedged","low_PI_hedged"
"1",318,0.568601253955586,0.447268953891893,0.568600117535345,0.447270253967282,0.581879277458241,0.447270253967282,0.544737965499672,0.471288191686221,0.562726014924381,0.451300538370863,0.619075698702181,0.377028376970263,0.585794821483577,0.430231335702316,0.562746361644066,0.453279795541827,0.570360635195962,0.450605287909521,0.56,0.46
