"","simul_idx","up_dw","low_dw","up_dw_x1_to_xn","low_dw_x1_to_xn","up_dw_x1_to_xn_tails","low_dw_x1_to_xn_tails","up_t_test","low_t_test","up_anderson","low_anderson","up_cheby","low_cheby","up_emp_bern","low_emp_bern","up_hoeffding","low_hoeffding","up_PI_emp_bern","low_PI_emp_bern","up_PI_hedged","low_PI_hedged"
"1",101,0.671143745984463,0.404999515059354,0.671132529895518,0.405024599330396,0.725756969262118,0.405024599330396,0.622794575447261,0.457101359282857,0.662238145586135,0.407647453129354,0.749346916454941,0.232376660572439,0.762418480506192,0.317477454223926,0.6623353088991,0.417560625831018,0.695132617171375,0.379415591760407,0.65,0.42
