"","simul_idx","up_dw","low_dw","up_dw_x1_to_xn","low_dw_x1_to_xn","up_dw_x1_to_xn_tails","low_dw_x1_to_xn_tails","up_t_test","low_t_test","up_anderson","low_anderson","up_cheby","low_cheby","up_emp_bern","low_emp_bern","up_hoeffding","low_hoeffding","up_PI_emp_bern","low_PI_emp_bern","up_PI_hedged","low_PI_hedged"
"1",385,0.667570812202686,0.296624397440282,0.667544780095958,0.296638822250012,0.763868211667639,0.296638822250012,0.599482673863018,0.360999813461734,0.653244944774025,0.287300862265123,0.767126768328292,0.0332753044423345,0.849086841993669,0.111395645331083,0.653323081922605,0.307159405402148,0.694782730343755,0.256246112357344,0.64,0.32
