"","simul_idx","up_dw","low_dw","up_dw_x1_to_xn","low_dw_x1_to_xn","up_dw_x1_to_xn_tails","low_dw_x1_to_xn_tails","up_t_test","low_t_test","up_anderson","low_anderson","up_cheby","low_cheby","up_emp_bern","low_emp_bern","up_hoeffding","low_hoeffding","up_PI_emp_bern","low_PI_emp_bern","up_PI_hedged","low_PI_hedged"
"1",87,0.550177013984872,0.379523578217356,0.550173980024864,0.379529596092169,0.574962025578775,0.379529596092169,0.516139167342585,0.412210805253649,0.541537432083636,0.382803376874857,0.620945702289162,0.271698502130294,0.584233771306639,0.344116201289596,0.541579537502216,0.386770435094018,0.551430258430455,0.37207244417465,0.54,0.39
