"","simul_idx","up_dw","low_dw","up_dw_x1_to_xn","low_dw_x1_to_xn","up_dw_x1_to_xn_tails","low_dw_x1_to_xn_tails","up_t_test","low_t_test","up_anderson","low_anderson","up_cheby","low_cheby","up_emp_bern","low_emp_bern","up_hoeffding","low_hoeffding","up_PI_emp_bern","low_PI_emp_bern","up_PI_hedged","low_PI_hedged"
"1",396,0.597017806643374,0.426022568837657,0.597015884408626,0.426029858107362,0.621805833054946,0.426029858107362,0.563834315818402,0.459662960234617,0.589112675469926,0.430376255183436,0.661702021994738,0.322429974210088,0.63200730831843,0.391489967734589,0.589153189230609,0.434344086822411,0.59830880964611,0.418500321767103,0.58,0.44
