"","simul_idx","up_dw","low_dw","up_dw_x1_to_xn","low_dw_x1_to_xn","up_dw_x1_to_xn_tails","low_dw_x1_to_xn_tails","up_t_test","low_t_test","up_anderson","low_anderson","up_cheby","low_cheby","up_emp_bern","low_emp_bern","up_hoeffding","low_hoeffding","up_PI_emp_bern","low_PI_emp_bern","up_PI_hedged","low_PI_hedged"
"1",138,0.53302508464204,0.411831160952837,0.533024645830638,0.411832335953571,0.546303660503684,0.411832335953571,0.508850936665284,0.435480725295637,0.52687968229754,0.415453243515779,0.586690441905511,0.339124912958136,0.549882003736883,0.394449658224038,0.52689911403158,0.417432547929341,0.534457961460176,0.415103957873863,0.52,0.42
