"","simul_idx","up_dw","low_dw","up_dw_x1_to_xn","low_dw_x1_to_xn","up_dw_x1_to_xn_tails","low_dw_x1_to_xn_tails","up_t_test","low_t_test","up_anderson","low_anderson","up_cheby","low_cheby","up_emp_bern","low_emp_bern","up_hoeffding","low_hoeffding","up_PI_emp_bern","low_PI_emp_bern","up_PI_hedged","low_PI_hedged"
"1",82,0.561980417380832,0.391098723692871,0.5619777622751,0.391099648927285,0.586758395544703,0.391099648927285,0.528135964141436,0.424028519735475,0.553451485718617,0.394715800254878,0.631205387673893,0.284337385284674,0.596288339202034,0.355876144674877,0.553486793142554,0.398677690734356,0.563994040241778,0.384841479567396,0.55,0.41
