"","simul_idx","up_dw","low_dw","up_dw_x1_to_xn","low_dw_x1_to_xn","up_dw_x1_to_xn_tails","low_dw_x1_to_xn_tails","up_t_test","low_t_test","up_anderson","low_anderson","up_cheby","low_cheby","up_emp_bern","low_emp_bern","up_hoeffding","low_hoeffding","up_PI_emp_bern","low_PI_emp_bern","up_PI_hedged","low_PI_hedged"
"1",302,0.56587579077927,0.301234545353004,0.565866023909019,0.301248085491799,0.620473417449641,0.301248085491799,0.512646978247035,0.348059291153393,0.552661822601788,0.298053803439519,0.666190101428946,0.116270143480534,0.651919390611804,0.208786878788624,0.552740476234255,0.307965793166173,0.589642935904378,0.276707004840529,0.55,0.32
