"","simul_idx","up_dw","low_dw","up_dw_x1_to_xn","low_dw_x1_to_xn","up_dw_x1_to_xn_tails","low_dw_x1_to_xn_tails","up_t_test","low_t_test","up_anderson","low_anderson","up_cheby","low_cheby","up_emp_bern","low_emp_bern","up_hoeffding","low_hoeffding","up_PI_emp_bern","low_PI_emp_bern","up_PI_hedged","low_PI_hedged"
"1",39,0.781016156222144,0.218742973275511,0.780927391749795,0.218807635095787,0.977994509265218,0.218807635095787,0.697481231073655,0.302214957641561,0.773330935837299,0.176563690702902,0.860310358283803,-0.193846232473659,1.2633197914667,-0.263623602751486,0.773514509613207,0.226181679102009,0.88389028026952,0.0914941568727978,0.75,0.25
