"","simul_idx","up_dw","low_dw","up_dw_x1_to_xn","low_dw_x1_to_xn","up_dw_x1_to_xn_tails","low_dw_x1_to_xn_tails","up_t_test","low_t_test","up_anderson","low_anderson","up_cheby","low_cheby","up_emp_bern","low_emp_bern","up_hoeffding","low_hoeffding","up_PI_emp_bern","low_PI_emp_bern","up_PI_hedged","low_PI_hedged"
"1",440,0.670901963661176,0.404744056182778,0.670889515478721,0.404756331893774,0.725495047701619,0.404756331893774,0.622514221048126,0.456859252940981,0.662010476948656,0.407376708416615,0.749154517185383,0.232094095531987,0.762125965492696,0.317247508496411,0.662074078528594,0.417299395460513,0.699366993400795,0.38458383570324,0.65,0.42
