"","simul_idx","up_dw","low_dw","up_dw_x1_to_xn","low_dw_x1_to_xn","up_dw_x1_to_xn_tails","low_dw_x1_to_xn_tails","up_t_test","low_t_test","up_anderson","low_anderson","up_cheby","low_cheby","up_emp_bern","low_emp_bern","up_hoeffding","low_hoeffding","up_PI_emp_bern","low_PI_emp_bern","up_PI_hedged","low_PI_hedged"
"1",2,0.614346652780452,0.347637580458148,0.614338786169894,0.347650839106473,0.668945764067532,0.347650839106473,0.563087426310562,0.396990477659754,0.602362072555327,0.347752551282158,0.704474928427635,0.168323166090835,0.702839694361584,0.257238209608733,0.602426293519199,0.357651610451117,0.641061420720979,0.324181784484325,0.59,0.36
