"","simul_idx","up_dw","low_dw","up_dw_x1_to_xn","low_dw_x1_to_xn","up_dw_x1_to_xn_tails","low_dw_x1_to_xn_tails","up_t_test","low_t_test","up_anderson","low_anderson","up_cheby","low_cheby","up_emp_bern","low_emp_bern","up_hoeffding","low_hoeffding","up_PI_emp_bern","low_PI_emp_bern","up_PI_hedged","low_PI_hedged"
"1",277,0.605737543234462,0.0827053098079829,0.605617111961589,0.0827991091119271,0.80272860575115,0.0827991091119271,0.48195339395662,0.119950734230084,0.574325775518095,0.0014285178952106,0.760282982890815,-0.359013564099679,1.03829773786201,-0.436393609675303,0.574618479348951,0.0272856488377533,0.671845177179292,-0.0844630099147211,0.57,0.11
