"","simul_idx","up_dw","low_dw","up_dw_x1_to_xn","low_dw_x1_to_xn","up_dw_x1_to_xn_tails","low_dw_x1_to_xn_tails","up_t_test","low_t_test","up_anderson","low_anderson","up_cheby","low_cheby","up_emp_bern","low_emp_bern","up_hoeffding","low_hoeffding","up_PI_emp_bern","low_PI_emp_bern","up_PI_hedged","low_PI_hedged"
"1",262,0.546225064564495,0.283066422596496,0.54620501375821,0.283084017221315,0.600818382969466,0.283084017221315,0.492328995330755,0.328857420117917,0.532904727163677,0.278303599405885,0.650712581443222,0.0958205235101164,0.631246550295257,0.189939865153415,0.532980549258377,0.288205866190295,0.563974579799098,0.253131293139148,0.53,0.3
