"","simul_idx","up_dw","low_dw","up_dw_x1_to_xn","low_dw_x1_to_xn","up_dw_x1_to_xn_tails","low_dw_x1_to_xn_tails","up_t_test","low_t_test","up_anderson","low_anderson","up_cheby","low_cheby","up_emp_bern","low_emp_bern","up_hoeffding","low_hoeffding","up_PI_emp_bern","low_PI_emp_bern","up_PI_hedged","low_PI_hedged"
"1",43,0.667432473258422,0.296689946580468,0.667413087516836,0.296726472714892,0.763769459997677,0.296726472714892,0.599304036228884,0.361103355640431,0.653124461969593,0.2872920765488,0.767102303693117,0.0332371895313117,0.848820712578867,0.111586679290448,0.653285534194886,0.307121857674429,0.694555452888191,0.256382962977401,0.65,0.32
