"","simul_idx","up_dw","low_dw","up_dw_x1_to_xn","low_dw_x1_to_xn","up_dw_x1_to_xn_tails","low_dw_x1_to_xn_tails","up_t_test","low_t_test","up_anderson","low_anderson","up_cheby","low_cheby","up_emp_bern","low_emp_bern","up_hoeffding","low_hoeffding","up_PI_emp_bern","low_PI_emp_bern","up_PI_hedged","low_PI_hedged"
"1",288,0.565923091496031,0.395000599886954,0.56591932533303,0.395003963508781,0.590703512023368,0.395003963508781,0.532134751665213,0.428021866430655,0.557454336386243,0.398715233016636,0.63463990693394,0.288587610465934,0.60028888191102,0.359867736184848,0.557482860252033,0.402673757843835,0.572641869618939,0.39427539494797,0.55,0.41
