"","simul_idx","up_dw","low_dw","up_dw_x1_to_xn","low_dw_x1_to_xn","up_dw_x1_to_xn_tails","low_dw_x1_to_xn_tails","up_t_test","low_t_test","up_anderson","low_anderson","up_cheby","low_cheby","up_emp_bern","low_emp_bern","up_hoeffding","low_hoeffding","up_PI_emp_bern","low_PI_emp_bern","up_PI_hedged","low_PI_hedged"
"1",189,0.569781063950336,0.398815321072094,0.569777894998824,0.398819057156484,0.594562619184011,0.398819057156484,0.536067213775288,0.431910332793039,0.561358769705924,0.402623941542596,0.637996607925803,0.29275103300528,0.604235536838285,0.363742009730042,0.561393324488263,0.406584222080065,0.571687924472512,0.392851186705707,0.56,0.41
