"","simul_idx","up_dw","low_dw","up_dw_x1_to_xn","low_dw_x1_to_xn","up_dw_x1_to_xn_tails","low_dw_x1_to_xn_tails","up_t_test","low_t_test","up_anderson","low_anderson","up_cheby","low_cheby","up_emp_bern","low_emp_bern","up_hoeffding","low_hoeffding","up_PI_emp_bern","low_PI_emp_bern","up_PI_hedged","low_PI_hedged"
"1",481,0.589216265250206,0.418145392031389,0.589213956966101,0.418146208703294,0.613994415847609,0.418146208703294,0.555868577291103,0.451640159235305,0.581132493752591,0.422381699115688,0.654897850482391,0.313860550023771,0.624059977870916,0.383448758655493,0.581158919467303,0.426349817059105,0.597930020452075,0.417933435332097,0.58,0.43
