"","simul_idx","up_dw","low_dw","up_dw_x1_to_xn","low_dw_x1_to_xn","up_dw_x1_to_xn_tails","low_dw_x1_to_xn_tails","up_t_test","low_t_test","up_anderson","low_anderson","up_cheby","low_cheby","up_emp_bern","low_emp_bern","up_hoeffding","low_hoeffding","up_PI_emp_bern","low_PI_emp_bern","up_PI_hedged","low_PI_hedged"
"1",319,0.569840787706963,0.398882696629461,0.569835181522049,0.398885965131882,0.594619221708047,0.398885965131882,0.536126071302742,0.431981218865481,0.561425788948447,0.402691670053478,0.638052257616831,0.292820136775691,0.604290514014817,0.363816776153405,0.56145819628821,0.406649093880012,0.571620887197061,0.392306002920415,0.56,0.41
