"","simul_idx","up_dw","low_dw","up_dw_x1_to_xn","low_dw_x1_to_xn","up_dw_x1_to_xn_tails","low_dw_x1_to_xn_tails","up_t_test","low_t_test","up_anderson","low_anderson","up_cheby","low_cheby","up_emp_bern","low_emp_bern","up_hoeffding","low_hoeffding","up_PI_emp_bern","low_PI_emp_bern","up_PI_hedged","low_PI_hedged"
"1",24,0.64899797057028,0.27891985131834,0.64895229870399,0.27894201962339,0.745287271564686,0.27894201962339,0.579198026827984,0.341330385288189,0.633222946773543,0.267353435900618,0.754018089617137,0.0130889204796731,0.828611442143426,0.0919169699727466,0.633346044318315,0.287182367797858,0.684539612240526,0.246652882043118,0.62,0.3
