"","simul_idx","up_dw","low_dw","up_dw_x1_to_xn","low_dw_x1_to_xn","up_dw_x1_to_xn_tails","low_dw_x1_to_xn_tails","up_t_test","low_t_test","up_anderson","low_anderson","up_cheby","low_cheby","up_emp_bern","low_emp_bern","up_hoeffding","low_hoeffding","up_PI_emp_bern","low_PI_emp_bern","up_PI_hedged","low_PI_hedged"
"1",278,0.56258246563159,0.441229381914116,0.562581229388307,0.441230550771486,0.575860198866109,0.441230550771486,0.538664909319103,0.465184492362847,0.556639049993873,0.445214122623603,0.613594063290539,0.370572016789804,0.579731697794831,0.424117703887119,0.556657983892095,0.447191417789855,0.56385374109628,0.443954044127853,0.55,0.45
