"","simul_idx","up_dw","low_dw","up_dw_x1_to_xn","low_dw_x1_to_xn","up_dw_x1_to_xn_tails","low_dw_x1_to_xn_tails","up_t_test","low_t_test","up_anderson","low_anderson","up_cheby","low_cheby","up_emp_bern","low_emp_bern","up_hoeffding","low_hoeffding","up_PI_emp_bern","low_PI_emp_bern","up_PI_hedged","low_PI_hedged"
"1",308,0.522464663271755,0.35262019163709,0.522462274727199,0.352622834658694,0.547245400539241,0.352622834658694,0.488072861196928,0.384690265318001,0.513748933278482,0.355016495725539,0.59685185498749,0.242343458969172,0.555991403599277,0.316771722915652,0.513786114461564,0.358977012053366,0.527975361325296,0.349745787137684,0.51,0.37
