"","simul_idx","up_dw","low_dw","up_dw_x1_to_xn","low_dw_x1_to_xn","up_dw_x1_to_xn_tails","low_dw_x1_to_xn_tails","up_t_test","low_t_test","up_anderson","low_anderson","up_cheby","low_cheby","up_emp_bern","low_emp_bern","up_hoeffding","low_hoeffding","up_PI_emp_bern","low_PI_emp_bern","up_PI_hedged","low_PI_hedged"
"1",323,0.614143435226181,0.347473952007419,0.614125114011453,0.347479603044609,0.668720858668451,0.347479603044609,0.562824833714056,0.396872949769743,0.60217616799658,0.347561075316417,0.704330266425262,0.168122264014556,0.702530979789761,0.257166803694038,0.60223623327594,0.357461550207859,0.635759147177172,0.319194435508048,0.6,0.37
