"","simul_idx","up_dw","low_dw","up_dw_x1_to_xn","low_dw_x1_to_xn","up_dw_x1_to_xn_tails","low_dw_x1_to_xn_tails","up_t_test","low_t_test","up_anderson","low_anderson","up_cheby","low_cheby","up_emp_bern","low_emp_bern","up_hoeffding","low_hoeffding","up_PI_emp_bern","low_PI_emp_bern","up_PI_hedged","low_PI_hedged"
"1",67,0.550063575244488,0.379388220042008,0.550062550182461,0.379391299564783,0.574846311056735,0.379391299564783,0.516024380791377,0.412070170708275,0.541423429622881,0.382676403506164,0.620835455991108,0.271563151220097,0.584127323194374,0.343967228305278,0.541451826953925,0.386642724545727,0.555462161716419,0.377216529267205,0.54,0.39
