"","simul_idx","up_dw","low_dw","up_dw_x1_to_xn","low_dw_x1_to_xn","up_dw_x1_to_xn_tails","low_dw_x1_to_xn_tails","up_t_test","low_t_test","up_anderson","low_anderson","up_cheby","low_cheby","up_emp_bern","low_emp_bern","up_hoeffding","low_hoeffding","up_PI_emp_bern","low_PI_emp_bern","up_PI_hedged","low_PI_hedged"
"1",74,0.546178167123859,0.37556331106506,0.546174821542669,0.375565047043619,0.570956616306113,0.375565047043619,0.51208253602291,0.408161854905232,0.537500829124431,0.378744993321974,0.617445005636587,0.267405370255858,0.580174662142476,0.340069728785667,0.53752674666817,0.382717644259972,0.547462294857729,0.368224997393836,0.53,0.39
