"","simul_idx","up_dw","low_dw","up_dw_x1_to_xn","low_dw_x1_to_xn","up_dw_x1_to_xn_tails","low_dw_x1_to_xn_tails","up_t_test","low_t_test","up_anderson","low_anderson","up_cheby","low_cheby","up_emp_bern","low_emp_bern","up_hoeffding","low_hoeffding","up_PI_emp_bern","low_PI_emp_bern","up_PI_hedged","low_PI_hedged"
"1",318,0.542186723484986,0.371706591918179,0.542184601785358,0.371709416217746,0.566968006811268,0.371709416217746,0.508037589255206,0.404215564900075,0.533499616357217,0.374761217303599,0.613989426878521,0.263177067501557,0.576097889176358,0.336155264978923,0.533531128281739,0.378722025873541,0.547999538485955,0.370151167394524,0.53,0.39
