"","simul_idx","up_dw","low_dw","up_dw_x1_to_xn","low_dw_x1_to_xn","up_dw_x1_to_xn_tails","low_dw_x1_to_xn_tails","up_t_test","low_t_test","up_anderson","low_anderson","up_cheby","low_cheby","up_emp_bern","low_emp_bern","up_hoeffding","low_hoeffding","up_PI_emp_bern","low_PI_emp_bern","up_PI_hedged","low_PI_hedged"
"1",474,0.685542658350956,0.314348422024345,0.685528291345975,0.314375435718938,0.781870486015271,0.314375435718938,0.619301146634785,0.380575397795608,0.672929785089937,0.306974480889529,0.77986860565847,0.0533618480335233,0.86898062398661,0.130895920443783,0.673020110475425,0.326856433954968,0.724559814157766,0.285192973961269,0.66,0.34
