"","simul_idx","up_dw","low_dw","up_dw_x1_to_xn","low_dw_x1_to_xn","up_dw_x1_to_xn_tails","low_dw_x1_to_xn_tails","up_t_test","low_t_test","up_anderson","low_anderson","up_cheby","low_cheby","up_emp_bern","low_emp_bern","up_hoeffding","low_hoeffding","up_PI_emp_bern","low_PI_emp_bern","up_PI_hedged","low_PI_hedged"
"1",52,0.542863327264681,0.421562926741101,0.54286248472998,0.421563336101747,0.556140401119389,0.421563336101747,0.518764688449151,0.445317240986811,0.536757543821322,0.425326537524287,0.595638083795247,0.349540278396873,0.559820790383005,0.404261139052957,0.536774247769101,0.427307681666862,0.540267974940159,0.420827756460325,0.53,0.43
