"","simul_idx","up_dw","low_dw","up_dw_x1_to_xn","low_dw_x1_to_xn","up_dw_x1_to_xn_tails","low_dw_x1_to_xn_tails","up_t_test","low_t_test","up_anderson","low_anderson","up_cheby","low_cheby","up_emp_bern","low_emp_bern","up_hoeffding","low_hoeffding","up_PI_emp_bern","low_PI_emp_bern","up_PI_hedged","low_PI_hedged"
"1",463,0.604634122459676,0.338144549412951,0.604621905202591,0.338155779340476,0.65922588753322,0.338155779340476,0.552907701982236,0.387025566891017,0.592303175527696,0.337682324946703,0.696789208140912,0.157695581743863,0.692591672058289,0.247341596814964,0.592353975970667,0.347579292902585,0.630868762468251,0.314320828940467,0.59,0.36
