"","simul_idx","up_dw","low_dw","up_dw_x1_to_xn","low_dw_x1_to_xn","up_dw_x1_to_xn_tails","low_dw_x1_to_xn_tails","up_t_test","low_t_test","up_anderson","low_anderson","up_cheby","low_cheby","up_emp_bern","low_emp_bern","up_hoeffding","low_hoeffding","up_PI_emp_bern","low_PI_emp_bern","up_PI_hedged","low_PI_hedged"
"1",423,0.77310750132917,0.408394226626714,0.773071362972682,0.40843640095968,0.869436153808425,0.40843640095968,0.716667148852192,0.482886229661959,0.772709602216729,0.406818971217119,0.84143340100721,0.158194414421249,0.964813447955899,0.234739930558252,0.772858527517304,0.426694850996847,0.809467974780976,0.378279492690865,0.75,0.43
