"","simul_idx","up_dw","low_dw","up_dw_x1_to_xn","low_dw_x1_to_xn","up_dw_x1_to_xn_tails","low_dw_x1_to_xn_tails","up_t_test","low_t_test","up_anderson","low_anderson","up_cheby","low_cheby","up_emp_bern","low_emp_bern","up_hoeffding","low_hoeffding","up_PI_emp_bern","low_PI_emp_bern","up_PI_hedged","low_PI_hedged"
"1",303,0.594947218432927,0.328804052920974,0.594934693006164,0.328813102512267,0.649535461746629,0.328813102512267,0.542830131978544,0.377167636099975,0.582300583423457,0.327700072464142,0.689144957118798,0.147216650225311,0.682444269808083,0.237553498270437,0.582386225573301,0.337611542505219,0.620709941292953,0.304648464491447,0.58,0.35
