"","simul_idx","up_dw","low_dw","up_dw_x1_to_xn","low_dw_x1_to_xn","up_dw_x1_to_xn_tails","low_dw_x1_to_xn_tails","up_t_test","low_t_test","up_anderson","low_anderson","up_cheby","low_cheby","up_emp_bern","low_emp_bern","up_hoeffding","low_hoeffding","up_PI_emp_bern","low_PI_emp_bern","up_PI_hedged","low_PI_hedged"
"1",326,0.612595202926709,0.441797355024165,0.61259414277432,0.441801716539053,0.637379794850665,0.441801716539053,0.579737926216152,0.475710113795337,0.605089927301101,0.44636125657376,0.675243075000526,0.339610809625906,0.647864612380278,0.40758342763121,0.605128571209843,0.450319468801645,0.618995174877752,0.440764671460301,0.6,0.46
