"","simul_idx","up_dw","low_dw","up_dw_x1_to_xn","low_dw_x1_to_xn","up_dw_x1_to_xn_tails","low_dw_x1_to_xn_tails","up_t_test","low_t_test","up_anderson","low_anderson","up_cheby","low_cheby","up_emp_bern","low_emp_bern","up_hoeffding","low_hoeffding","up_PI_emp_bern","low_PI_emp_bern","up_PI_hedged","low_PI_hedged"
"1",87,0.854193261663881,0.301270027873403,0.8541281327593,0.301294240420524,1.05113364618926,0.301294240420524,0.793533001578469,0.406167468695946,0.873184519878841,0.276463697368873,0.903262119609665,-0.103461806093388,1.357116505084,-0.157416034809583,0.873516650392806,0.326183819881609,0.978054101435441,0.192515904419744,0.83,0.34
