"","simul_idx","up_dw","low_dw","up_dw_x1_to_xn","low_dw_x1_to_xn","up_dw_x1_to_xn_tails","low_dw_x1_to_xn_tails","up_t_test","low_t_test","up_anderson","low_anderson","up_cheby","low_cheby","up_emp_bern","low_emp_bern","up_hoeffding","low_hoeffding","up_PI_emp_bern","low_PI_emp_bern","up_PI_hedged","low_PI_hedged"
"1",20,0.647505226639483,0.477659022142282,0.647503126379385,0.477663413492027,0.672288794438004,0.477663413492027,0.615428525609677,0.512062512218154,0.641114927952443,0.482371240161326,0.705489577785648,0.378636420125728,0.683341718581123,0.444149319246707,0.641150070118014,0.486340967709816,0.654336955960791,0.476182665503105,0.63,0.49
