"","simul_idx","up_dw","low_dw","up_dw_x1_to_xn","low_dw_x1_to_xn","up_dw_x1_to_xn_tails","low_dw_x1_to_xn_tails","up_t_test","low_t_test","up_anderson","low_anderson","up_cheby","low_cheby","up_emp_bern","low_emp_bern","up_hoeffding","low_hoeffding","up_PI_emp_bern","low_PI_emp_bern","up_PI_hedged","low_PI_hedged"
"1",445,0.573905069270549,0.402898430854013,0.57390346498739,0.402900173286087,0.598685262076915,0.402900173286087,0.540264713208106,0.436081287782268,0.565537707343829,0.406798740569794,0.641583620460863,0.29721061126065,0.60844159938129,0.367904401609083,0.565577551699286,0.410768449291088,0.580284958419737,0.401057570123448,0.56,0.42
