"","simul_idx","up_dw","low_dw","up_dw_x1_to_xn","low_dw_x1_to_xn","up_dw_x1_to_xn_tails","low_dw_x1_to_xn_tails","up_t_test","low_t_test","up_anderson","low_anderson","up_cheby","low_cheby","up_emp_bern","low_emp_bern","up_hoeffding","low_hoeffding","up_PI_emp_bern","low_PI_emp_bern","up_PI_hedged","low_PI_hedged"
"1",316,0.630317208193818,0.261456493589247,0.630284360321741,0.261500564522491,0.72665197794449,0.261500564522491,0.558865320513448,0.321930610745568,0.613337040520262,0.247429311158333,0.740801883509619,-0.0068052741271053,0.807989473953108,0.0728064573059077,0.613479803889737,0.26731612736928,0.653236635745398,0.218871055576441,0.61,0.29
