"","simul_idx","up_dw","low_dw","up_dw_x1_to_xn","low_dw_x1_to_xn","up_dw_x1_to_xn_tails","low_dw_x1_to_xn_tails","up_t_test","low_t_test","up_anderson","low_anderson","up_cheby","low_cheby","up_emp_bern","low_emp_bern","up_hoeffding","low_hoeffding","up_PI_emp_bern","low_PI_emp_bern","up_PI_hedged","low_PI_hedged"
"1",238,0.558023544975399,0.387198404384328,0.558021560317458,0.387200327356892,0.582803621238005,0.387200327356892,0.524104621096293,0.420052008971188,0.54945719631661,0.39071731134877,0.62775974628867,0.280083167237754,0.592239307526077,0.351917322541404,0.54948286623784,0.394673763829642,0.554941652306305,0.375532135102207,0.54,0.39
