"","simul_idx","up_dw","low_dw","up_dw_x1_to_xn","low_dw_x1_to_xn","up_dw_x1_to_xn_tails","low_dw_x1_to_xn_tails","up_t_test","low_t_test","up_anderson","low_anderson","up_cheby","low_cheby","up_emp_bern","low_emp_bern","up_hoeffding","low_hoeffding","up_PI_emp_bern","low_PI_emp_bern","up_PI_hedged","low_PI_hedged"
"1",323,0.611003282379683,0.244086890389897,0.610980171927591,0.244117086007245,0.707327109092186,0.244117086007245,0.537908373731965,0.302627226670176,0.593200182210571,0.227407036810582,0.727231672506429,-0.0267853388379779,0.786519828746631,0.0540157716555103,0.593349638461299,0.247185961940842,0.633067451253727,0.199169102939883,0.59,0.27
