"","simul_idx","up_dw","low_dw","up_dw_x1_to_xn","low_dw_x1_to_xn","up_dw_x1_to_xn_tails","low_dw_x1_to_xn_tails","up_t_test","low_t_test","up_anderson","low_anderson","up_cheby","low_cheby","up_emp_bern","low_emp_bern","up_hoeffding","low_hoeffding","up_PI_emp_bern","low_PI_emp_bern","up_PI_hedged","low_PI_hedged"
"1",437,0.568522010586791,0.447173594438105,0.568521109784448,0.447174934203367,0.581800327311793,0.447174934203367,0.544660882721376,0.471188761573883,0.562641630054937,0.451210475556937,0.618996293598358,0.376934730220524,0.585724982241431,0.430124662053829,0.562658105198749,0.45319153909651,0.565080987050112,0.445587517988457,0.56,0.46
