"","simul_idx","up_dw","low_dw","up_dw_x1_to_xn","low_dw_x1_to_xn","up_dw_x1_to_xn_tails","low_dw_x1_to_xn_tails","up_t_test","low_t_test","up_anderson","low_anderson","up_cheby","low_cheby","up_emp_bern","low_emp_bern","up_hoeffding","low_hoeffding","up_PI_emp_bern","low_PI_emp_bern","up_PI_hedged","low_PI_hedged"
"1",194,0.597165317369818,0.426172298729677,0.59716164275437,0.426174792086388,0.621944562610098,0.426174792086388,0.563982436846548,0.459818269837496,0.589266450582239,0.43053136992297,0.661830972478724,0.322592783948242,0.632153110346846,0.391647596337198,0.589304904546121,0.434495802137923,0.603459105540906,0.424811528184386,0.58,0.44
