"","simul_idx","up_dw","low_dw","up_dw_x1_to_xn","low_dw_x1_to_xn","up_dw_x1_to_xn_tails","low_dw_x1_to_xn_tails","up_t_test","low_t_test","up_anderson","low_anderson","up_cheby","low_cheby","up_emp_bern","low_emp_bern","up_hoeffding","low_hoeffding","up_PI_emp_bern","low_PI_emp_bern","up_PI_hedged","low_PI_hedged"
"1",32,0.607722410671172,0.486859168371104,0.607720905293801,0.486860049095818,0.620999415098115,0.486860049095818,0.584291582991085,0.511158068747197,0.602439224309761,0.491018898993805,0.654631979211942,0.419338267590295,0.625245928419567,0.470203723318715,0.602458108920261,0.492991542818021,0.603601086473219,0.483865832188579,0.6,0.5
