"","simul_idx","up_dw","low_dw","up_dw_x1_to_xn","low_dw_x1_to_xn","up_dw_x1_to_xn_tails","low_dw_x1_to_xn_tails","up_t_test","low_t_test","up_anderson","low_anderson","up_cheby","low_cheby","up_emp_bern","low_emp_bern","up_hoeffding","low_hoeffding","up_PI_emp_bern","low_PI_emp_bern","up_PI_hedged","low_PI_hedged"
"1",446,0.580345439200414,0.459079084907064,0.580344160250644,0.459080315926278,0.5936232199479,0.459080315926278,0.556609859080174,0.483194481829271,0.574616443260467,0.46319010908961,0.629757158614055,0.389658861885401,0.597655565960397,0.442148774949048,0.574635453505842,0.465168887403603,0.572100004147663,0.450893798188179,0.56,0.46
