"","simul_idx","up_dw","low_dw","up_dw_x1_to_xn","low_dw_x1_to_xn","up_dw_x1_to_xn_tails","low_dw_x1_to_xn_tails","up_t_test","low_t_test","up_anderson","low_anderson","up_cheby","low_cheby","up_emp_bern","low_emp_bern","up_hoeffding","low_hoeffding","up_PI_emp_bern","low_PI_emp_bern","up_PI_hedged","low_PI_hedged"
"1",309,0.643016158209632,0.376149227158351,0.643012950955999,0.376169759497406,0.697630669034341,0.376169759497406,0.5931763688519,0.426954970527187,0.632369348583134,0.37774267133513,0.727149450107991,0.20024267660027,0.732968204520206,0.287163134858881,0.632453011223584,0.387678328155503,0.66615232395645,0.348923129584602,0.63,0.4
