"","simul_idx","up_dw","low_dw","up_dw_x1_to_xn","low_dw_x1_to_xn","up_dw_x1_to_xn_tails","low_dw_x1_to_xn_tails","up_t_test","low_t_test","up_anderson","low_anderson","up_cheby","low_cheby","up_emp_bern","low_emp_bern","up_hoeffding","low_hoeffding","up_PI_emp_bern","low_PI_emp_bern","up_PI_hedged","low_PI_hedged"
"1",477,0.680289289242925,0.414602960522681,0.680275944434971,0.414613536687486,0.734878961433141,0.414613536687486,0.63241798726033,0.467112100716684,0.672073559940085,0.417492417373124,0.756555650195979,0.243017157055851,0.771918744465866,0.327611343511148,0.672152385522548,0.427377702454466,0.709087343398077,0.394902767938961,0.66,0.43
