"","simul_idx","up_dw","low_dw","up_dw_x1_to_xn","low_dw_x1_to_xn","up_dw_x1_to_xn_tails","low_dw_x1_to_xn_tails","up_t_test","low_t_test","up_anderson","low_anderson","up_cheby","low_cheby","up_emp_bern","low_emp_bern","up_hoeffding","low_hoeffding","up_PI_emp_bern","low_PI_emp_bern","up_PI_hedged","low_PI_hedged"
"1",222,0.653727290594006,0.113198893045413,0.653608157437982,0.113359523994072,0.850821435562137,0.113359523994072,0.539021931312953,0.162440162021876,0.624040816766184,0.0277687368776776,0.786990901222545,-0.319349505665992,1.09952749545221,-0.398065402117377,0.624397461923013,0.0770646314118155,0.729904437343615,-0.0454107846963865,0.63,0.14
