"","simul_idx","up_dw","low_dw","up_dw_x1_to_xn","low_dw_x1_to_xn","up_dw_x1_to_xn_tails","low_dw_x1_to_xn_tails","up_t_test","low_t_test","up_anderson","low_anderson","up_cheby","low_cheby","up_emp_bern","low_emp_bern","up_hoeffding","low_hoeffding","up_PI_emp_bern","low_PI_emp_bern","up_PI_hedged","low_PI_hedged"
"1",175,0.780268951845743,0.218171894686991,0.780137213241576,0.218191182651043,0.977135226550698,0.218191182651043,0.696503778983557,0.301516661606733,0.772517031899927,0.175961928336268,0.859928173035262,-0.194581212641736,1.26226266168295,-0.264242221092663,0.772676635550743,0.225343805039546,0.907006229262021,0.115308729059697,0.74,0.25
