"","simul_idx","up_dw","low_dw","up_dw_x1_to_xn","low_dw_x1_to_xn","up_dw_x1_to_xn_tails","low_dw_x1_to_xn_tails","up_t_test","low_t_test","up_anderson","low_anderson","up_cheby","low_cheby","up_emp_bern","low_emp_bern","up_hoeffding","low_hoeffding","up_PI_emp_bern","low_PI_emp_bern","up_PI_hedged","low_PI_hedged"
"1",241,0.781307861753819,0.219325729411744,0.781136622069458,0.219444561713937,0.978286241017849,0.219444561713937,0.697895114790616,0.302927481069013,0.773704148860318,0.177150045556684,0.860567056627902,-0.193351992721482,1.26364843639727,-0.262825840537645,0.774077713185413,0.226744882674216,0.884429399546961,0.0920272338986948,0.75,0.25
