"","simul_idx","up_dw","low_dw","up_dw_x1_to_xn","low_dw_x1_to_xn","up_dw_x1_to_xn_tails","low_dw_x1_to_xn_tails","up_t_test","low_t_test","up_anderson","low_anderson","up_cheby","low_cheby","up_emp_bern","low_emp_bern","up_hoeffding","low_hoeffding","up_PI_emp_bern","low_PI_emp_bern","up_PI_hedged","low_PI_hedged"
"1",482,0.564689323962204,0.443330941521935,0.56468873244935,0.443332055737136,0.577967587655169,0.443332055737136,0.540785538342327,0.467314465655364,0.55876343885745,0.447333467306254,0.615508455367863,0.372824881884776,0.581849298020424,0.426250705977268,0.558783285049965,0.449316718947726,0.561850676552483,0.442260615429063,0.55,0.46
