"","simul_idx","up_dw","low_dw","up_dw_x1_to_xn","low_dw_x1_to_xn","up_dw_x1_to_xn_tails","low_dw_x1_to_xn_tails","up_t_test","low_t_test","up_anderson","low_anderson","up_cheby","low_cheby","up_emp_bern","low_emp_bern","up_hoeffding","low_hoeffding","up_PI_emp_bern","low_PI_emp_bern","up_PI_hedged","low_PI_hedged"
"1",12,0.854222193328885,0.301233022598769,0.854177150717494,0.301360197137217,1.05133947485921,0.301360197137217,0.793561363393386,0.406112624805145,0.873179010921625,0.276391860873936,0.903256798684879,-0.103474139885858,1.35716861576126,-0.157494627562732,0.873503409354864,0.326170578843667,1.00015014292017,0.219022224504164,0.82,0.33
