"","simul_idx","up_dw","low_dw","up_dw_x1_to_xn","low_dw_x1_to_xn","up_dw_x1_to_xn_tails","low_dw_x1_to_xn_tails","up_t_test","low_t_test","up_anderson","low_anderson","up_cheby","low_cheby","up_emp_bern","low_emp_bern","up_hoeffding","low_hoeffding","up_PI_emp_bern","low_PI_emp_bern","up_PI_hedged","low_PI_hedged"
"1",439,0.818787362742969,0.259074273247159,0.818774413327833,0.259214378286702,1.01595643057235,0.259214378286702,0.746583787092574,0.353727889656071,0.823365891263998,0.226828469566846,0.882593214379773,-0.149052096547344,1.31173436957314,-0.211422692824493,0.823822253629921,0.276489423118724,0.956297508247809,0.165885556480666,0.79,0.29
