"","simul_idx","up_dw","low_dw","up_dw_x1_to_xn","low_dw_x1_to_xn","up_dw_x1_to_xn_tails","low_dw_x1_to_xn_tails","up_t_test","low_t_test","up_anderson","low_anderson","up_cheby","low_cheby","up_emp_bern","low_emp_bern","up_hoeffding","low_hoeffding","up_PI_emp_bern","low_PI_emp_bern","up_PI_hedged","low_PI_hedged"
"1",127,0.586430983488899,0.465220027217658,0.586430356968501,0.465221174747478,0.599709295492266,0.465221174747478,0.562758820417867,0.489385498686374,0.580784690931499,0.469355999735003,0.635288341761689,0.396225696575802,0.603790895664241,0.448353423439999,0.58080544260324,0.471338876501001,0.587002440122428,0.46753631465871,0.57,0.48
