"","simul_idx","up_dw","low_dw","up_dw_x1_to_xn","low_dw_x1_to_xn","up_dw_x1_to_xn_tails","low_dw_x1_to_xn_tails","up_t_test","low_t_test","up_anderson","low_anderson","up_cheby","low_cheby","up_emp_bern","low_emp_bern","up_hoeffding","low_hoeffding","up_PI_emp_bern","low_PI_emp_bern","up_PI_hedged","low_PI_hedged"
"1",93,0.593164630115499,0.422169686427908,0.593157774801388,0.422173318889735,0.617942357687985,0.422173318889735,0.559907059580622,0.45573033889764,0.585189164004478,0.426469782026091,0.658359437969427,0.318214983644286,0.628081782835919,0.387555615642343,0.58522325044323,0.430414148035032,0.593276355889663,0.413067128780784,0.58,0.43
