"","simul_idx","up_dw","low_dw","up_dw_x1_to_xn","low_dw_x1_to_xn","up_dw_x1_to_xn_tails","low_dw_x1_to_xn_tails","up_t_test","low_t_test","up_anderson","low_anderson","up_cheby","low_cheby","up_emp_bern","low_emp_bern","up_hoeffding","low_hoeffding","up_PI_emp_bern","low_PI_emp_bern","up_PI_hedged","low_PI_hedged"
"1",167,0.591798749289527,0.227199882319348,0.591776774229383,0.227229093853342,0.688122265104582,0.227229093853342,0.517287563922597,0.283707441216102,0.573437021716927,0.207637659444391,0.713733618545242,-0.0462377809296599,0.765371604703365,0.0356234004353339,0.573579340829578,0.227415664309121,0.611795529275077,0.181305521883695,0.57,0.25
