"","simul_idx","up_dw","low_dw","up_dw_x1_to_xn","low_dw_x1_to_xn","up_dw_x1_to_xn_tails","low_dw_x1_to_xn_tails","up_t_test","low_t_test","up_anderson","low_anderson","up_cheby","low_cheby","up_emp_bern","low_emp_bern","up_hoeffding","low_hoeffding","up_PI_emp_bern","low_PI_emp_bern","up_PI_hedged","low_PI_hedged"
"1",451,0.600001890518431,0.478985981874836,0.600001447992234,0.478987155014158,0.613280423684705,0.478987155014158,0.576479702693307,0.503244153103877,0.594574621190258,0.48314884456772,0.647619853405286,0.410932946395874,0.617467121271033,0.462256734526151,0.594595210949712,0.485128644847472,0.59719198654965,0.477748800201244,0.59,0.49
