"","simul_idx","up_dw","low_dw","up_dw_x1_to_xn","low_dw_x1_to_xn","up_dw_x1_to_xn_tails","low_dw_x1_to_xn_tails","up_t_test","low_t_test","up_anderson","low_anderson","up_cheby","low_cheby","up_emp_bern","low_emp_bern","up_hoeffding","low_hoeffding","up_PI_emp_bern","low_PI_emp_bern","up_PI_hedged","low_PI_hedged"
"1",447,0.721260050351877,0.35123614362408,0.721215947667723,0.35127547191195,0.81757649661687,0.35127547191195,0.658836829608141,0.42109068530106,0.712897654416597,0.347041419933379,0.805176924589494,0.0947626711681735,0.908212573875716,0.171714941033485,0.713045595714829,0.366881919194372,0.753306531374133,0.316096941894453,0.7,0.37
