"","simul_idx","up_dw","low_dw","up_dw_x1_to_xn","low_dw_x1_to_xn","up_dw_x1_to_xn_tails","low_dw_x1_to_xn_tails","up_t_test","low_t_test","up_anderson","low_anderson","up_cheby","low_cheby","up_emp_bern","low_emp_bern","up_hoeffding","low_hoeffding","up_PI_emp_bern","low_PI_emp_bern","up_PI_hedged","low_PI_hedged"
"1",175,0.632241624574418,0.461878409206774,0.63223919704078,0.461884015340747,0.657026640127181,0.461884015340747,0.599809429198369,0.496094543131059,0.625317326620737,0.466581705676081,0.692278141145928,0.361475678401599,0.667835166821735,0.428068805507693,0.625356537368813,0.470547434960615,0.633914815479672,0.455578042336805,0.62,0.48
