"","simul_idx","up_dw","low_dw","up_dw_x1_to_xn","low_dw_x1_to_xn","up_dw_x1_to_xn_tails","low_dw_x1_to_xn_tails","up_t_test","low_t_test","up_anderson","low_anderson","up_cheby","low_cheby","up_emp_bern","low_emp_bern","up_hoeffding","low_hoeffding","up_PI_emp_bern","low_PI_emp_bern","up_PI_hedged","low_PI_hedged"
"1",241,0.633353013273665,0.366458643162541,0.633342184295296,0.366467477664049,0.687942629589606,0.366467477664049,0.583004665838368,0.416796443039054,0.622218976755826,0.367605562433306,0.719513819781193,0.189396279198281,0.722792312470816,0.277008796406606,0.622287895972752,0.37751321290467,0.660935664264855,0.343816952591216,0.61,0.38
