"","simul_idx","up_dw","low_dw","up_dw_x1_to_xn","low_dw_x1_to_xn","up_dw_x1_to_xn_tails","low_dw_x1_to_xn_tails","up_t_test","low_t_test","up_anderson","low_anderson","up_cheby","low_cheby","up_emp_bern","low_emp_bern","up_hoeffding","low_hoeffding","up_PI_emp_bern","low_PI_emp_bern","up_PI_hedged","low_PI_hedged"
"1",421,0.667139885451955,0.296305153468307,0.667114594564828,0.296329231988155,0.763452414504286,0.296329231988155,0.599048394690706,0.360605892252442,0.652804563585709,0.286942229836825,0.766856920267557,0.0328549855184,0.848640049558933,0.111014237384215,0.652908981731803,0.306745305211345,0.702408773857338,0.26746133924381,0.66,0.33
