"","simul_idx","up_dw","low_dw","up_dw_x1_to_xn","low_dw_x1_to_xn","up_dw_x1_to_xn_tails","low_dw_x1_to_xn_tails","up_t_test","low_t_test","up_anderson","low_anderson","up_cheby","low_cheby","up_emp_bern","low_emp_bern","up_hoeffding","low_hoeffding","up_PI_emp_bern","low_PI_emp_bern","up_PI_hedged","low_PI_hedged"
"1",469,0.69897806877817,0.146171104348162,0.698791067668049,0.146286171166485,0.895934951799174,0.146286171166485,0.594172343814191,0.206927350708224,0.673923424461118,0.0773555170404908,0.812633781331857,-0.278567318316914,1.15772144243683,-0.356621747914417,0.674216262516806,0.126883432005609,0.781548978929471,4.01956546728921e-05,0.67,0.18
