"","simul_idx","up_dw","low_dw","up_dw_x1_to_xn","low_dw_x1_to_xn","up_dw_x1_to_xn_tails","low_dw_x1_to_xn_tails","up_t_test","low_t_test","up_anderson","low_anderson","up_cheby","low_cheby","up_emp_bern","low_emp_bern","up_hoeffding","low_hoeffding","up_PI_emp_bern","low_PI_emp_bern","up_PI_hedged","low_PI_hedged"
"1",55,0.585545821838777,0.414494399377775,0.585541665774032,0.414496981656891,0.610324696305368,0.414496981656891,0.552132552297705,0.44790910620391,0.577388509992349,0.418653411353494,0.651713821210626,0.309864696579388,0.620322348946422,0.379719309555192,0.577425380454906,0.422616278046708,0.587527359877537,0.408471735898574,0.57,0.43
