"","simul_idx","up_dw","low_dw","up_dw_x1_to_xn","low_dw_x1_to_xn","up_dw_x1_to_xn_tails","low_dw_x1_to_xn_tails","up_t_test","low_t_test","up_anderson","low_anderson","up_cheby","low_cheby","up_emp_bern","low_emp_bern","up_hoeffding","low_hoeffding","up_PI_emp_bern","low_PI_emp_bern","up_PI_hedged","low_PI_hedged"
"1",415,0.53495946579186,0.413753965264698,0.53495904858801,0.413755104254414,0.548238036720807,0.413755104254414,0.510795808854227,0.437428854215559,0.528823530721537,0.417397082044284,0.58845566777005,0.341176354847388,0.551825820307803,0.396398842761983,0.528845614586013,0.419379048483773,0.535827032486328,0.416398365439936,0.52,0.42
