"","simul_idx","up_dw","low_dw","up_dw_x1_to_xn","low_dw_x1_to_xn","up_dw_x1_to_xn_tails","low_dw_x1_to_xn_tails","up_t_test","low_t_test","up_anderson","low_anderson","up_cheby","low_cheby","up_emp_bern","low_emp_bern","up_hoeffding","low_hoeffding","up_PI_emp_bern","low_PI_emp_bern","up_PI_hedged","low_PI_hedged"
"1",110,0.633371765529869,0.36649009123456,0.633350011186516,0.366498845742914,0.687950338364593,0.366498845742914,0.583052451477277,0.416801266100284,0.622243374097037,0.367646936757027,0.719533632689129,0.189424292381382,0.722853757662039,0.276999959915522,0.622314200322821,0.37753951725474,0.661040935808827,0.343762648416757,0.61,0.38
