"","simul_idx","up_dw","low_dw","up_dw_x1_to_xn","low_dw_x1_to_xn","up_dw_x1_to_xn_tails","low_dw_x1_to_xn_tails","up_t_test","low_t_test","up_anderson","low_anderson","up_cheby","low_cheby","up_emp_bern","low_emp_bern","up_hoeffding","low_hoeffding","up_PI_emp_bern","low_PI_emp_bern","up_PI_hedged","low_PI_hedged"
"1",383,0.81887093623807,0.259081392230443,0.818837725510351,0.259309104579877,1.01615316834661,0.259309104579877,0.74671959799082,0.353701063340524,0.823433400899054,0.226772727265794,0.882616626372421,-0.149002852151525,1.31191660095144,-0.211495939620098,0.823876745921271,0.276543915410073,0.955654603120527,0.166665154509414,0.78,0.28
