"","simul_idx","up_dw","low_dw","up_dw_x1_to_xn","low_dw_x1_to_xn","up_dw_x1_to_xn_tails","low_dw_x1_to_xn_tails","up_t_test","low_t_test","up_anderson","low_anderson","up_cheby","low_cheby","up_emp_bern","low_emp_bern","up_hoeffding","low_hoeffding","up_PI_emp_bern","low_PI_emp_bern","up_PI_hedged","low_PI_hedged"
"1",34,0.818505099958649,0.258530001194636,0.818422350570237,0.258557171506212,1.01543236866394,0.258557171506212,0.746316068459516,0.352968602920777,0.823081573663914,0.226337769764207,0.882372515105128,-0.149516067518266,1.31160695602005,-0.212322284639757,0.823308750945745,0.275975920434548,0.929221625943282,0.143454878045259,0.79,0.28
