"","simul_idx","up_dw","low_dw","up_dw_x1_to_xn","low_dw_x1_to_xn","up_dw_x1_to_xn_tails","low_dw_x1_to_xn_tails","up_t_test","low_t_test","up_anderson","low_anderson","up_cheby","low_cheby","up_emp_bern","low_emp_bern","up_hoeffding","low_hoeffding","up_PI_emp_bern","low_PI_emp_bern","up_PI_hedged","low_PI_hedged"
"1",339,0.58928780778032,0.418239539151574,0.589286627192086,0.418240721925164,0.614067638173758,0.418240721925164,0.555939367512951,0.451737118743352,0.581217750858851,0.422472414556218,0.654969334656034,0.313950363667334,0.624122326006551,0.383554160249752,0.58124279433225,0.426433691924052,0.591788799973775,0.412538581567332,0.58,0.43
