"","simul_idx","up_dw","low_dw","up_dw_x1_to_xn","low_dw_x1_to_xn","up_dw_x1_to_xn_tails","low_dw_x1_to_xn_tails","up_t_test","low_t_test","up_anderson","low_anderson","up_cheby","low_cheby","up_emp_bern","low_emp_bern","up_hoeffding","low_hoeffding","up_PI_emp_bern","low_PI_emp_bern","up_PI_hedged","low_PI_hedged"
"1",375,0.558664549249315,0.437321337311521,0.558663111795017,0.437322254871009,0.571941716548146,0.437322254871009,0.534705675411298,0.461239870357711,0.552687746068334,0.441263387222073,0.610031793971108,0.366385407763214,0.57576772766905,0.420177818099958,0.552706055935624,0.443239489833385,0.555369877954158,0.435724826265435,0.55,0.45
