"","simul_idx","up_dw","low_dw","up_dw_x1_to_xn","low_dw_x1_to_xn","up_dw_x1_to_xn_tails","low_dw_x1_to_xn_tails","up_t_test","low_t_test","up_anderson","low_anderson","up_cheby","low_cheby","up_emp_bern","low_emp_bern","up_hoeffding","low_hoeffding","up_PI_emp_bern","low_PI_emp_bern","up_PI_hedged","low_PI_hedged"
"1",359,0.741586796956257,0.181775112938404,0.741506533595982,0.181857259713165,0.938600280628982,0.181857259713165,0.647117516101973,0.254113500339363,0.724016437395567,0.127373260087576,0.837262411083439,-0.236441733455882,1.2123103750311,-0.311079358589765,0.724281923476267,0.176949092965069,0.85772951956217,0.0702259205902627,0.71,0.21
