"","simul_idx","up_dw","low_dw","up_dw_x1_to_xn","low_dw_x1_to_xn","up_dw_x1_to_xn_tails","low_dw_x1_to_xn_tails","up_t_test","low_t_test","up_anderson","low_anderson","up_cheby","low_cheby","up_emp_bern","low_emp_bern","up_hoeffding","low_hoeffding","up_PI_emp_bern","low_PI_emp_bern","up_PI_hedged","low_PI_hedged"
"1",488,0.703516794863376,0.332571573227493,0.703494122643414,0.332589987417348,0.799823500184856,0.332589987417348,0.639176723037309,0.400644585228262,0.692914045351595,0.32696903052588,0.792597180767242,0.0739205761207338,0.888796169965223,0.151025138300348,0.692992492393014,0.346828815872557,0.733735805252584,0.295799898258984,0.69,0.36
