"","simul_idx","up_dw","low_dw","up_dw_x1_to_xn","low_dw_x1_to_xn","up_dw_x1_to_xn_tails","low_dw_x1_to_xn_tails","up_t_test","low_t_test","up_anderson","low_anderson","up_cheby","low_cheby","up_emp_bern","low_emp_bern","up_hoeffding","low_hoeffding","up_PI_emp_bern","low_PI_emp_bern","up_PI_hedged","low_PI_hedged"
"1",330,0.91724348869932,0.394050093109129,0.917177693808559,0.394059493266898,1.11416064802722,0.394059493266898,0.879885223296482,0.517883036396326,0.972112037336387,0.375596127410997,0.940044390940275,-0.00819888447840278,1.43622943224612,-0.038461172553308,0.972550545102003,0.425217714590805,1.06319272077359,0.300548332375086,0.91,0.44
