"","simul_idx","up_dw","low_dw","up_dw_x1_to_xn","low_dw_x1_to_xn","up_dw_x1_to_xn_tails","low_dw_x1_to_xn_tails","up_t_test","low_t_test","up_anderson","low_anderson","up_cheby","low_cheby","up_emp_bern","low_emp_bern","up_hoeffding","low_hoeffding","up_PI_emp_bern","low_PI_emp_bern","up_PI_hedged","low_PI_hedged"
"1",31,0.633500231526327,0.366579528759425,0.633480330651012,0.366587979930788,0.688080209927988,0.366587979930788,0.583157368091944,0.416921500548764,0.622381006709399,0.36774042694997,0.719618423443031,0.189544184412158,0.722953804113796,0.277125064526912,0.622426775854395,0.377652092786313,0.656123185673226,0.33900489224318,0.62,0.39
