"","simul_idx","up_dw","low_dw","up_dw_x1_to_xn","low_dw_x1_to_xn","up_dw_x1_to_xn_tails","low_dw_x1_to_xn_tails","up_t_test","low_t_test","up_anderson","low_anderson","up_cheby","low_cheby","up_emp_bern","low_emp_bern","up_hoeffding","low_hoeffding","up_PI_emp_bern","low_PI_emp_bern","up_PI_hedged","low_PI_hedged"
"1",368,0.703477053755062,0.332707935029525,0.703454306846954,0.33276998214574,0.799848717063291,0.33276998214574,0.639133023198499,0.400799672993603,0.692872468891859,0.327030909694084,0.792632399806537,0.0739781803535469,0.888690834670327,0.151241861521774,0.693048186356279,0.346884509835822,0.743487708299502,0.305919230964983,0.68,0.35
