"","simul_idx","up_dw","low_dw","up_dw_x1_to_xn","low_dw_x1_to_xn","up_dw_x1_to_xn_tails","low_dw_x1_to_xn_tails","up_t_test","low_t_test","up_anderson","low_anderson","up_cheby","low_cheby","up_emp_bern","low_emp_bern","up_hoeffding","low_hoeffding","up_PI_emp_bern","low_PI_emp_bern","up_PI_hedged","low_PI_hedged"
"1",198,0.552071535415259,0.193729759947446,0.551989438555587,0.193740476993473,0.648307343892573,0.193740476993473,0.474975187734766,0.246041420145499,0.533492107059643,0.167676289467521,0.685930785495772,-0.085083612262218,0.721618594337108,-0.000601986456842951,0.533590142200361,0.187426465679904,0.57885717173005,0.154779769889645,0.53,0.21
