"","simul_idx","up_dw","low_dw","up_dw_x1_to_xn","low_dw_x1_to_xn","up_dw_x1_to_xn_tails","low_dw_x1_to_xn_tails","up_t_test","low_t_test","up_anderson","low_anderson","up_cheby","low_cheby","up_emp_bern","low_emp_bern","up_hoeffding","low_hoeffding","up_PI_emp_bern","low_PI_emp_bern","up_PI_hedged","low_PI_hedged"
"1",246,0.595272983132957,0.329107036235596,0.595264600654536,0.329115161868801,0.649863999248627,0.329115161868801,0.543165775560365,0.377488817667113,0.582634058126005,0.328017412741768,0.689397417150325,0.147561303965564,0.682784511453074,0.237870081774404,0.58271463814778,0.337939955079698,0.615897814972119,0.300191882679819,0.58,0.35
