"","simul_idx","up_dw","low_dw","up_dw_x1_to_xn","low_dw_x1_to_xn","up_dw_x1_to_xn_tails","low_dw_x1_to_xn_tails","up_t_test","low_t_test","up_anderson","low_anderson","up_cheby","low_cheby","up_emp_bern","low_emp_bern","up_hoeffding","low_hoeffding","up_PI_emp_bern","low_PI_emp_bern","up_PI_hedged","low_PI_hedged"
"1",133,0.649046467849795,0.278883022464214,0.649009410772683,0.278918306985103,0.745363932691205,0.278918306985103,0.579222708000084,0.341316432680072,0.633263345382395,0.267319716115039,0.75402163421092,0.0130943163558775,0.828648101983282,0.0918910386968748,0.633351408600307,0.28718773207985,0.68462576229791,0.246558157196508,0.62,0.3
