"","simul_idx","up_dw","low_dw","up_dw_x1_to_xn","low_dw_x1_to_xn","up_dw_x1_to_xn_tails","low_dw_x1_to_xn_tails","up_t_test","low_t_test","up_anderson","low_anderson","up_cheby","low_cheby","up_emp_bern","low_emp_bern","up_hoeffding","low_hoeffding","up_PI_emp_bern","low_PI_emp_bern","up_PI_hedged","low_PI_hedged"
"1",332,0.624007265718033,0.357227382156053,0.624000306327735,0.35724280544045,0.678610480482051,0.35724280544045,0.57321459544283,0.407082059825646,0.612410592983948,0.357835569102926,0.712149139230375,0.179029638286421,0.712978178039095,0.267318477229381,0.612535669168279,0.367760986100197,0.646111658252992,0.329323123845713,0.61,0.38
