"","simul_idx","up_dw","low_dw","up_dw_x1_to_xn","low_dw_x1_to_xn","up_dw_x1_to_xn_tails","low_dw_x1_to_xn_tails","up_t_test","low_t_test","up_anderson","low_anderson","up_cheby","low_cheby","up_emp_bern","low_emp_bern","up_hoeffding","low_hoeffding","up_PI_emp_bern","low_PI_emp_bern","up_PI_hedged","low_PI_hedged"
"1",492,0.556735030694816,0.435388017653872,0.556734299609371,0.435389355557796,0.570013562232537,0.435389355557796,0.53276093788931,0.459285361501543,0.550732832146588,0.439305788026498,0.608273201968629,0.364321209198874,0.573826157371046,0.418220142019806,0.550756432746546,0.441289866644307,0.558049260958713,0.438561283575539,0.55,0.45
