"","simul_idx","up_dw","low_dw","up_dw_x1_to_xn","low_dw_x1_to_xn","up_dw_x1_to_xn_tails","low_dw_x1_to_xn_tails","up_t_test","low_t_test","up_anderson","low_anderson","up_cheby","low_cheby","up_emp_bern","low_emp_bern","up_hoeffding","low_hoeffding","up_PI_emp_bern","low_PI_emp_bern","up_PI_hedged","low_PI_hedged"
"1",182,0.61429991886935,0.347555627965892,0.614292954459379,0.347561168808114,0.668888536404775,0.347561168808114,0.562996795384963,0.396951652081689,0.602301678506212,0.347654846829724,0.704425662901354,0.168254743886512,0.702732592407173,0.257215855059479,0.602361565267367,0.357586882199285,0.640985137960683,0.32411988393511,0.59,0.36
