"","simul_idx","up_dw","low_dw","up_dw_x1_to_xn","low_dw_x1_to_xn","up_dw_x1_to_xn_tails","low_dw_x1_to_xn_tails","up_t_test","low_t_test","up_anderson","low_anderson","up_cheby","low_cheby","up_emp_bern","low_emp_bern","up_hoeffding","low_hoeffding","up_PI_emp_bern","low_PI_emp_bern","up_PI_hedged","low_PI_hedged"
"1",471,0.703633539902056,0.332789297955668,0.703614762150016,0.332811944136824,0.799950447260934,0.332811944136824,0.639283293609323,0.400911836255773,0.693040781274464,0.327141403953859,0.792715370920025,0.0741139039675555,0.888852920463189,0.151342209401907,0.693179403192777,0.34701572667232,0.73433928782126,0.295601586767126,0.68,0.36
