"","simul_idx","up_dw","low_dw","up_dw_x1_to_xn","low_dw_x1_to_xn","up_dw_x1_to_xn_tails","low_dw_x1_to_xn_tails","up_t_test","low_t_test","up_anderson","low_anderson","up_cheby","low_cheby","up_emp_bern","low_emp_bern","up_hoeffding","low_hoeffding","up_PI_emp_bern","low_PI_emp_bern","up_PI_hedged","low_PI_hedged"
"1",50,0.818526643251939,0.258914452358539,0.818400849897367,0.259089444977409,1.01563600078932,0.259089444977409,0.746379469710074,0.353407011859878,0.823108547773996,0.22664504393028,0.882480369846762,-0.14928938213346,1.31156332126992,-0.211776839699965,0.823559656040575,0.276226825529377,0.956108028245932,0.165472377436634,0.78,0.29
