"","simul_idx","up_dw","low_dw","up_dw_x1_to_xn","low_dw_x1_to_xn","up_dw_x1_to_xn_tails","low_dw_x1_to_xn_tails","up_t_test","low_t_test","up_anderson","low_anderson","up_cheby","low_cheby","up_emp_bern","low_emp_bern","up_hoeffding","low_hoeffding","up_PI_emp_bern","low_PI_emp_bern","up_PI_hedged","low_PI_hedged"
"1",296,0.667170101354252,0.296356958880719,0.667144232139112,0.296380282859215,0.763480927472761,0.296380282859215,0.599093459940855,0.360659315085908,0.6528206576443,0.28697344461333,0.766889014316168,0.0329049648728016,0.848682523483221,0.111070251543542,0.65295822577361,0.306794549253153,0.703906002016098,0.266086768973508,0.64,0.31
