"","simul_idx","up_dw","low_dw","up_dw_x1_to_xn","low_dw_x1_to_xn","up_dw_x1_to_xn_tails","low_dw_x1_to_xn_tails","up_t_test","low_t_test","up_anderson","low_anderson","up_cheby","low_cheby","up_emp_bern","low_emp_bern","up_hoeffding","low_hoeffding","up_PI_emp_bern","low_PI_emp_bern","up_PI_hedged","low_PI_hedged"
"1",347,0.671311509627502,0.405124672734874,0.671305850771469,0.405146496954234,0.725925476413446,0.405146496954234,0.622974708059512,0.45722968525128,0.662400534551838,0.407771654614949,0.749460494222114,0.232543499696788,0.762615084559399,0.317589308751393,0.662489538189437,0.417714855121355,0.700468055889568,0.384295801277857,0.65,0.42
