"","simul_idx","up_dw","low_dw","up_dw_x1_to_xn","low_dw_x1_to_xn","up_dw_x1_to_xn_tails","low_dw_x1_to_xn_tails","up_t_test","low_t_test","up_anderson","low_anderson","up_cheby","low_cheby","up_emp_bern","low_emp_bern","up_hoeffding","low_hoeffding","up_PI_emp_bern","low_PI_emp_bern","up_PI_hedged","low_PI_hedged"
"1",360,0.699136952755048,0.146214938754885,0.699001222694875,0.146241142137978,0.89600976816026,0.146241142137978,0.594306464596998,0.207055486972468,0.674142037718914,0.077430653787306,0.812699803685532,-0.278458502639222,1.15785727134177,-0.356495319772306,0.674347391040332,0.127014560529134,0.783448679030512,-0.00145875681115759,0.67,0.18
