"","simul_idx","up_dw","low_dw","up_dw_x1_to_xn","low_dw_x1_to_xn","up_dw_x1_to_xn_tails","low_dw_x1_to_xn_tails","up_t_test","low_t_test","up_anderson","low_anderson","up_cheby","low_cheby","up_emp_bern","low_emp_bern","up_hoeffding","low_hoeffding","up_PI_emp_bern","low_PI_emp_bern","up_PI_hedged","low_PI_hedged"
"1",297,0.611197976321516,0.244150018094343,0.611163289633726,0.24417117804448,0.707496759592309,0.24417117804448,0.538117467816543,0.30269754991728,0.593400286427558,0.227503132672771,0.727326461715509,-0.0266472802706565,0.786771949678359,0.0540430680554637,0.59348934712714,0.247325670606683,0.64263615975331,0.209610716656099,0.59,0.26
