"","simul_idx","up_dw","low_dw","up_dw_x1_to_xn","low_dw_x1_to_xn","up_dw_x1_to_xn_tails","low_dw_x1_to_xn_tails","up_t_test","low_t_test","up_anderson","low_anderson","up_cheby","low_cheby","up_emp_bern","low_emp_bern","up_hoeffding","low_hoeffding","up_PI_emp_bern","low_PI_emp_bern","up_PI_hedged","low_PI_hedged"
"1",315,0.740972384466756,0.181169608053111,0.740956740085309,0.181276931254071,0.938088830717349,0.181276931254071,0.646271235412296,0.25338806979659,0.723218378454179,0.126662593138724,0.836884941924115,-0.237112071784858,1.21142960087155,-0.311770295662663,0.723496067860042,0.176163237348845,0.834332692086045,0.0434787763831465,0.71,0.21
