"","simul_idx","up_dw","low_dw","up_dw_x1_to_xn","low_dw_x1_to_xn","up_dw_x1_to_xn_tails","low_dw_x1_to_xn_tails","up_t_test","low_t_test","up_anderson","low_anderson","up_cheby","low_cheby","up_emp_bern","low_emp_bern","up_hoeffding","low_hoeffding","up_PI_emp_bern","low_PI_emp_bern","up_PI_hedged","low_PI_hedged"
"1",261,0.590061657352631,0.468896838774676,0.590060880598876,0.468898462865949,0.603340510786725,0.468898462865949,0.566427141056364,0.493090507726791,0.58447399677059,0.473042927957617,0.638589306979125,0.400153485945538,0.607447324335443,0.452070324447713,0.584492107442698,0.475025541340458,0.586522061546402,0.466878000252818,0.58,0.48
