"","simul_idx","up_dw","low_dw","up_dw_x1_to_xn","low_dw_x1_to_xn","up_dw_x1_to_xn_tails","low_dw_x1_to_xn_tails","up_t_test","low_t_test","up_anderson","low_anderson","up_cheby","low_cheby","up_emp_bern","low_emp_bern","up_hoeffding","low_hoeffding","up_PI_emp_bern","low_PI_emp_bern","up_PI_hedged","low_PI_hedged"
"1",346,0.570502369010873,0.449149755728109,0.570501040348504,0.44915033078869,0.583779148011087,0.44915033078869,0.546665806231821,0.473178460426551,0.564641880746532,0.453209179418318,0.620792886227287,0.379054434026018,0.587734840584762,0.43210942607361,0.564655416380306,0.455188850278066,0.566729121337978,0.447159936643686,0.56,0.46
