"","simul_idx","up_dw","low_dw","up_dw_x1_to_xn","low_dw_x1_to_xn","up_dw_x1_to_xn_tails","low_dw_x1_to_xn_tails","up_t_test","low_t_test","up_anderson","low_anderson","up_cheby","low_cheby","up_emp_bern","low_emp_bern","up_hoeffding","low_hoeffding","up_PI_emp_bern","low_PI_emp_bern","up_PI_hedged","low_PI_hedged"
"1",405,0.741239222270551,0.181590979076039,0.741152781236292,0.181702169341315,0.938290761392224,0.181702169341315,0.64672109481338,0.253827251948371,0.723561925637262,0.127126441333444,0.83709849440293,-0.236732929895096,1.21188250781032,-0.311334161048568,0.723940588636474,0.176607758125277,0.832771143489503,0.0458946385343979,0.72,0.22
