"","simul_idx","up_dw","low_dw","up_dw_x1_to_xn","low_dw_x1_to_xn","up_dw_x1_to_xn_tails","low_dw_x1_to_xn_tails","up_t_test","low_t_test","up_anderson","low_anderson","up_cheby","low_cheby","up_emp_bern","low_emp_bern","up_hoeffding","low_hoeffding","up_PI_emp_bern","low_PI_emp_bern","up_PI_hedged","low_PI_hedged"
"1",407,0.698874219494955,0.434182004619559,0.698868192357225,0.434194899823873,0.753474633600983,0.434194899823873,0.65206195468381,0.487407426034248,0.692043183994191,0.437417985042371,0.771086517428113,0.264794737770121,0.791355618700112,0.348113762017946,0.69212203189307,0.447347348824988,0.727378179050437,0.416316436129137,0.69,0.46
