"","simul_idx","up_dw","low_dw","up_dw_x1_to_xn","low_dw_x1_to_xn","up_dw_x1_to_xn_tails","low_dw_x1_to_xn_tails","up_t_test","low_t_test","up_anderson","low_anderson","up_cheby","low_cheby","up_emp_bern","low_emp_bern","up_hoeffding","low_hoeffding","up_PI_emp_bern","low_PI_emp_bern","up_PI_hedged","low_PI_hedged"
"1",254,0.612562070689811,0.441761593336432,0.612559282375369,0.441764974115756,0.637343502411387,0.441764974115756,0.579707106950062,0.475671206807685,0.605052813994692,0.446327493800805,0.67521360703822,0.33957323311346,0.647836402174374,0.407541911583373,0.605093708082972,0.450284605674774,0.620791174276653,0.441202700770583,0.6,0.46
