"","simul_idx","up_dw","low_dw","up_dw_x1_to_xn","low_dw_x1_to_xn","up_dw_x1_to_xn_tails","low_dw_x1_to_xn_tails","up_t_test","low_t_test","up_anderson","low_anderson","up_cheby","low_cheby","up_emp_bern","low_emp_bern","up_hoeffding","low_hoeffding","up_PI_emp_bern","low_PI_emp_bern","up_PI_hedged","low_PI_hedged"
"1",196,0.633572624314781,0.366661721098482,0.633568616756194,0.366674509832828,0.688174900788608,0.366674509832828,0.583234198219717,0.417011220719009,0.622441318543853,0.367804215621467,0.719681142153755,0.189632875063268,0.723026535972354,0.277218882966371,0.622510051003404,0.377735367935322,0.655701016970767,0.339580766786099,0.62,0.38
