"","simul_idx","up_dw","low_dw","up_dw_x1_to_xn","low_dw_x1_to_xn","up_dw_x1_to_xn_tails","low_dw_x1_to_xn_tails","up_t_test","low_t_test","up_anderson","low_anderson","up_cheby","low_cheby","up_emp_bern","low_emp_bern","up_hoeffding","low_hoeffding","up_PI_emp_bern","low_PI_emp_bern","up_PI_hedged","low_PI_hedged"
"1",32,0.604915596390751,0.338477109409994,0.604904479338177,0.338480714619718,0.659497203168817,0.338480714619718,0.553227506204321,0.387359284099577,0.59258452823907,0.337989473606075,0.697039158424896,0.158039741851375,0.69290705277562,0.247679737528278,0.59268073668599,0.347906053617908,0.626218639050147,0.309709108261937,0.59,0.36
