"","simul_idx","up_dw","low_dw","up_dw_x1_to_xn","low_dw_x1_to_xn","up_dw_x1_to_xn_tails","low_dw_x1_to_xn_tails","up_t_test","low_t_test","up_anderson","low_anderson","up_cheby","low_cheby","up_emp_bern","low_emp_bern","up_hoeffding","low_hoeffding","up_PI_emp_bern","low_PI_emp_bern","up_PI_hedged","low_PI_hedged"
"1",117,0.574383056777747,0.45307790574565,0.574380686880153,0.453078402465272,0.587658646965195,0.453078402465272,0.550580152129929,0.477148705429826,0.568578865542116,0.457153945614792,0.624336500714431,0.383240810618662,0.591631067668865,0.436097789890889,0.568597711830997,0.459131145728758,0.571645435110586,0.452048368433167,0.56,0.46
