"","simul_idx","up_dw","low_dw","up_dw_x1_to_xn","low_dw_x1_to_xn","up_dw_x1_to_xn_tails","low_dw_x1_to_xn_tails","up_t_test","low_t_test","up_anderson","low_anderson","up_cheby","low_cheby","up_emp_bern","low_emp_bern","up_hoeffding","low_hoeffding","up_PI_emp_bern","low_PI_emp_bern","up_PI_hedged","low_PI_hedged"
"1",484,0.585538817784738,0.414480217208982,0.585537726399604,0.414483283130992,0.610321458751529,0.414483283130992,0.552124585064324,0.447895073913683,0.577378611018995,0.418641839117549,0.651704434535663,0.309852929866266,0.620316338271289,0.379703320706717,0.577414380693102,0.422605278284904,0.591688190163902,0.41315676371616,0.57,0.43
