"","simul_idx","up_dw","low_dw","up_dw_x1_to_xn","low_dw_x1_to_xn","up_dw_x1_to_xn_tails","low_dw_x1_to_xn_tails","up_t_test","low_t_test","up_anderson","low_anderson","up_cheby","low_cheby","up_emp_bern","low_emp_bern","up_hoeffding","low_hoeffding","up_PI_emp_bern","low_PI_emp_bern","up_PI_hedged","low_PI_hedged"
"1",239,0.772675082079615,0.407938201496315,0.772646033545505,0.407956573259065,0.868975347851488,0.407956573259065,0.716120519538175,0.482451185432431,0.772253165616507,0.406356936505223,0.841143988701858,0.157665765440314,0.964232220923357,0.234339484047249,0.772367690745531,0.426204014225074,0.818507108529585,0.387941350637336,0.75,0.43
