"","simul_idx","up_dw","low_dw","up_dw_x1_to_xn","low_dw_x1_to_xn","up_dw_x1_to_xn_tails","low_dw_x1_to_xn_tails","up_t_test","low_t_test","up_anderson","low_anderson","up_cheby","low_cheby","up_emp_bern","low_emp_bern","up_hoeffding","low_hoeffding","up_PI_emp_bern","low_PI_emp_bern","up_PI_hedged","low_PI_hedged"
"1",67,0.781003505120185,0.218697612907694,0.780935117636952,0.218745985990051,0.977977427467968,0.218745985990051,0.697482489842064,0.302137260602559,0.773236701785614,0.176456857845451,0.860292932854784,-0.193879765891703,1.26334358607668,-0.263723835632059,0.77347629047791,0.226143459966713,0.904944305263842,0.118753315666589,0.76,0.26
