"","simul_idx","up_dw","low_dw","up_dw_x1_to_xn","low_dw_x1_to_xn","up_dw_x1_to_xn_tails","low_dw_x1_to_xn_tails","up_t_test","low_t_test","up_anderson","low_anderson","up_cheby","low_cheby","up_emp_bern","low_emp_bern","up_hoeffding","low_hoeffding","up_PI_emp_bern","low_PI_emp_bern","up_PI_hedged","low_PI_hedged"
"1",328,0.526320381611707,0.356332367047808,0.526319749975721,0.356333578078866,0.551100770507736,0.356333578078866,0.49195447771769,0.388505235933507,0.517606587375109,0.358864132598426,0.600199868714686,0.24639600979608,0.559894519769422,0.320565193881775,0.517634408029698,0.3628253056215,0.531715872482932,0.353648408274474,0.51,0.37
