"","simul_idx","up_dw","low_dw","up_dw_x1_to_xn","low_dw_x1_to_xn","up_dw_x1_to_xn_tails","low_dw_x1_to_xn_tails","up_t_test","low_t_test","up_anderson","low_anderson","up_cheby","low_cheby","up_emp_bern","low_emp_bern","up_hoeffding","low_hoeffding","up_PI_emp_bern","low_PI_emp_bern","up_PI_hedged","low_PI_hedged"
"1",111,0.620484711594236,0.449822232455,0.620484137003569,0.449822960452227,0.645264454612138,0.449822960452227,0.587802346744088,0.483856229494146,0.613201535964843,0.454462838038457,0.682084045898855,0.348356892791754,0.655902678437923,0.415755897800311,0.613233839323216,0.458424736915018,0.626431322350691,0.447975658827497,0.61,0.46
