"","simul_idx","up_dw","low_dw","up_dw_x1_to_xn","low_dw_x1_to_xn","up_dw_x1_to_xn_tails","low_dw_x1_to_xn_tails","up_t_test","low_t_test","up_anderson","low_anderson","up_cheby","low_cheby","up_emp_bern","low_emp_bern","up_hoeffding","low_hoeffding","up_PI_emp_bern","low_PI_emp_bern","up_PI_hedged","low_PI_hedged"
"1",134,0.585383350434124,0.319600577943366,0.585367683911483,0.319618464495087,0.639981495275183,0.319618464495087,0.532872499553555,0.367461513141283,0.572495346239013,0.317864524400892,0.681568144002555,0.136917322083662,0.672406672285609,0.22792734040923,0.57255434788146,0.327779664813378,0.610635184493693,0.295160863464094,0.57,0.34
