"","simul_idx","up_dw","low_dw","up_dw_x1_to_xn","low_dw_x1_to_xn","up_dw_x1_to_xn_tails","low_dw_x1_to_xn_tails","up_t_test","low_t_test","up_anderson","low_anderson","up_cheby","low_cheby","up_emp_bern","low_emp_bern","up_hoeffding","low_hoeffding","up_PI_emp_bern","low_PI_emp_bern","up_PI_hedged","low_PI_hedged"
"1",349,0.685799796560375,0.314680827888178,0.685792476637323,0.314701430943345,0.782125116572054,0.314701430943345,0.619519153023882,0.381007976757234,0.673236836796648,0.307316242987292,0.780077477648731,0.0536951305021987,0.869132100682229,0.131395029098887,0.673345403150787,0.32718172663033,0.724677051938662,0.28572342369683,0.66,0.33
