"","simul_idx","up_dw","low_dw","up_dw_x1_to_xn","low_dw_x1_to_xn","up_dw_x1_to_xn_tails","low_dw_x1_to_xn_tails","up_t_test","low_t_test","up_anderson","low_anderson","up_cheby","low_cheby","up_emp_bern","low_emp_bern","up_hoeffding","low_hoeffding","up_PI_emp_bern","low_PI_emp_bern","up_PI_hedged","low_PI_hedged"
"1",306,0.661601350160353,0.395110344599584,0.661595762524638,0.395118135845784,0.716194667369821,0.395118135845784,0.612715833144357,0.446809447712174,0.652077785504525,0.397468380089566,0.741823467374721,0.221381333403943,0.752407513390955,0.307117767465575,0.652149981962306,0.407375298894225,0.685289330562181,0.368973156472974,0.64,0.41
