"","simul_idx","up_dw","low_dw","up_dw_x1_to_xn","low_dw_x1_to_xn","up_dw_x1_to_xn_tails","low_dw_x1_to_xn_tails","up_t_test","low_t_test","up_anderson","low_anderson","up_cheby","low_cheby","up_emp_bern","low_emp_bern","up_hoeffding","low_hoeffding","up_PI_emp_bern","low_PI_emp_bern","up_PI_hedged","low_PI_hedged"
"1",110,0.554072864471498,0.383323779463506,0.554070005093652,0.383326638450592,0.578853433849571,0.383326638450592,0.520097017443552,0.416089225203255,0.545471881495874,0.386725913720765,0.624325915701916,0.275853163766168,0.588217245193466,0.347968997453341,0.545497672527503,0.390688570119305,0.555672190793976,0.377528326049223,0.54,0.4
