"","simul_idx","up_dw","low_dw","up_dw_x1_to_xn","low_dw_x1_to_xn","up_dw_x1_to_xn_tails","low_dw_x1_to_xn_tails","up_t_test","low_t_test","up_anderson","low_anderson","up_cheby","low_cheby","up_emp_bern","low_emp_bern","up_hoeffding","low_hoeffding","up_PI_emp_bern","low_PI_emp_bern","up_PI_hedged","low_PI_hedged"
"1",253,0.558125364699409,0.387311227393718,0.558119482297065,0.387315950327948,0.582905634913322,0.387315950327948,0.524212213912483,0.420165634877836,0.549557550987388,0.390820094788188,0.627854991328667,0.280200632508178,0.592344954096222,0.352032894694097,0.549593475599259,0.394784373191061,0.559368660100002,0.379939316474595,0.54,0.4
