"","simul_idx","up_dw","low_dw","up_dw_x1_to_xn","low_dw_x1_to_xn","up_dw_x1_to_xn_tails","low_dw_x1_to_xn_tails","up_t_test","low_t_test","up_anderson","low_anderson","up_cheby","low_cheby","up_emp_bern","low_emp_bern","up_hoeffding","low_hoeffding","up_PI_emp_bern","low_PI_emp_bern","up_PI_hedged","low_PI_hedged"
"1",405,0.576515354785824,0.45522601965609,0.576514519454614,0.455227059484938,0.589793301665078,0.455227059484938,0.552739870457487,0.479310114985536,0.570734307715725,0.459312123828935,0.626277151804876,0.385536559413774,0.59379023781147,0.438259747631553,0.570758275772631,0.461291709670392,0.579838809134176,0.459292887742603,0.57,0.47
