"","simul_idx","up_dw","low_dw","up_dw_x1_to_xn","low_dw_x1_to_xn","up_dw_x1_to_xn_tails","low_dw_x1_to_xn_tails","up_t_test","low_t_test","up_anderson","low_anderson","up_cheby","low_cheby","up_emp_bern","low_emp_bern","up_hoeffding","low_hoeffding","up_PI_emp_bern","low_PI_emp_bern","up_PI_hedged","low_PI_hedged"
"1",81,0.540856715491336,0.419598711401332,0.540856117719719,0.419599945796639,0.554135182316914,0.419599945796639,0.516740915565255,0.443332855786805,0.534748730365109,0.42332800729983,0.59382381599392,0.347424979449276,0.557784250602101,0.402289520749959,0.53477016872715,0.42530360262491,0.542239413552935,0.422743424889324,0.53,0.43
