"","simul_idx","up_dw","low_dw","up_dw_x1_to_xn","low_dw_x1_to_xn","up_dw_x1_to_xn_tails","low_dw_x1_to_xn_tails","up_t_test","low_t_test","up_anderson","low_anderson","up_cheby","low_cheby","up_emp_bern","low_emp_bern","up_hoeffding","low_hoeffding","up_PI_emp_bern","low_PI_emp_bern","up_PI_hedged","low_PI_hedged"
"1",234,0.604985009069164,0.434061577609083,0.604982627690614,0.434064945266551,0.629766799786857,0.434064945266551,0.571961919936917,0.467848347446705,0.597279201752401,0.438539425691091,0.668625073348783,0.331192491443161,0.640116271888101,0.399693995495521,0.59730968489591,0.442500582487712,0.611490018144789,0.43223778576608,0.59,0.45
