"","simul_idx","up_dw","low_dw","up_dw_x1_to_xn","low_dw_x1_to_xn","up_dw_x1_to_xn_tails","low_dw_x1_to_xn_tails","up_t_test","low_t_test","up_anderson","low_anderson","up_cheby","low_cheby","up_emp_bern","low_emp_bern","up_hoeffding","low_hoeffding","up_PI_emp_bern","low_PI_emp_bern","up_PI_hedged","low_PI_hedged"
"1",116,0.6050401105446,0.434087117973603,0.605037984084111,0.434088072016422,0.629818642684339,0.434088072016422,0.572024258199516,0.467870047411516,0.597320662815537,0.438574440108873,0.668660687495308,0.33123768328453,0.640191719870655,0.399702585740377,0.597351704009615,0.442542601601417,0.607734867069844,0.428845386327566,0.59,0.45
