"","simul_idx","up_dw","low_dw","up_dw_x1_to_xn","low_dw_x1_to_xn","up_dw_x1_to_xn_tails","low_dw_x1_to_xn_tails","up_t_test","low_t_test","up_anderson","low_anderson","up_cheby","low_cheby","up_emp_bern","low_emp_bern","up_hoeffding","low_hoeffding","up_PI_emp_bern","low_PI_emp_bern","up_PI_hedged","low_PI_hedged"
"1",137,0.667271949815334,0.296451615278603,0.667250348600796,0.296464238498064,0.763571094993093,0.296464238498064,0.599180526924139,0.36078088634019,0.652953793761806,0.287088206469135,0.766956998949807,0.0330108454371333,0.848758892181323,0.111202521083005,0.653062544892393,0.306898868371936,0.69465949063309,0.255846165484231,0.65,0.32
