"","simul_idx","up_dw","low_dw","up_dw_x1_to_xn","low_dw_x1_to_xn","up_dw_x1_to_xn_tails","low_dw_x1_to_xn_tails","up_t_test","low_t_test","up_anderson","low_anderson","up_cheby","low_cheby","up_emp_bern","low_emp_bern","up_hoeffding","low_hoeffding","up_PI_emp_bern","low_PI_emp_bern","up_PI_hedged","low_PI_hedged"
"1",300,0.597154305941538,0.426162570624537,0.597151076169764,0.426168223244899,0.621938615942095,0.426168223244899,0.563964712526487,0.459813883050424,0.589254484483539,0.430521220894593,0.661821576033817,0.322580919713212,0.632131083402613,0.391647512174298,0.589293848992554,0.434484746584356,0.602926319240605,0.424007257491964,0.58,0.44
