"","simul_idx","up_dw","low_dw","up_dw_x1_to_xn","low_dw_x1_to_xn","up_dw_x1_to_xn_tails","low_dw_x1_to_xn_tails","up_t_test","low_t_test","up_anderson","low_anderson","up_cheby","low_cheby","up_emp_bern","low_emp_bern","up_hoeffding","low_hoeffding","up_PI_emp_bern","low_PI_emp_bern","up_PI_hedged","low_PI_hedged"
"1",152,0.647482685301821,0.477685560156761,0.647479552092036,0.477687052535051,0.672260981992654,0.477687052535051,0.615408654430621,0.512090112114944,0.641093658047004,0.482379805843727,0.705492800530764,0.378640628839971,0.683306533460683,0.444192233084882,0.641153934476881,0.486344832068683,0.653498544438656,0.475796189703298,0.63,0.49
