"","simul_idx","up_dw","low_dw","up_dw_x1_to_xn","low_dw_x1_to_xn","up_dw_x1_to_xn_tails","low_dw_x1_to_xn_tails","up_t_test","low_t_test","up_anderson","low_anderson","up_cheby","low_cheby","up_emp_bern","low_emp_bern","up_hoeffding","low_hoeffding","up_PI_emp_bern","low_PI_emp_bern","up_PI_hedged","low_PI_hedged"
"1",44,0.721299852484284,0.351154270140893,0.721291651123544,0.351164433903637,0.817608731819717,0.351164433903637,0.65887375312457,0.421016357159359,0.71287351047574,0.346961017140103,0.805165287862412,0.0947431373741964,0.908283991729548,0.171606118554382,0.713026893402193,0.366863216881736,0.753097653941657,0.316121242421168,0.7,0.38
