"","simul_idx","up_dw","low_dw","up_dw_x1_to_xn","low_dw_x1_to_xn","up_dw_x1_to_xn_tails","low_dw_x1_to_xn_tails","up_t_test","low_t_test","up_anderson","low_anderson","up_cheby","low_cheby","up_emp_bern","low_emp_bern","up_hoeffding","low_hoeffding","up_PI_emp_bern","low_PI_emp_bern","up_PI_hedged","low_PI_hedged"
"1",421,0.818682910887565,0.258790779194138,0.818622161142269,0.25886546152692,1.01570453985921,0.25886546152692,0.746599089367322,0.353235205932851,0.823260321167799,0.226600336054883,0.882490644744248,-0.1492677812108,1.31189466298084,-0.21206036768067,0.823583562905685,0.276250732394488,0.930221342853327,0.14288841647992,0.79,0.29
