"","simul_idx","up_dw","low_dw","up_dw_x1_to_xn","low_dw_x1_to_xn","up_dw_x1_to_xn_tails","low_dw_x1_to_xn_tails","up_t_test","low_t_test","up_anderson","low_anderson","up_cheby","low_cheby","up_emp_bern","low_emp_bern","up_hoeffding","low_hoeffding","up_PI_emp_bern","low_PI_emp_bern","up_PI_hedged","low_PI_hedged"
"1",480,0.589512652179041,0.418484920066842,0.589512035229573,0.418486532912141,0.614293642948772,0.418486532912141,0.556166424708011,0.451992297056123,0.581442318799258,0.422706315049414,0.655174821250574,0.314208565061093,0.624340311463913,0.38381841030022,0.581483912086166,0.426674809677968,0.595770210692825,0.417275027798535,0.58,0.43
