"","simul_idx","up_dw","low_dw","up_dw_x1_to_xn","low_dw_x1_to_xn","up_dw_x1_to_xn_tails","low_dw_x1_to_xn_tails","up_t_test","low_t_test","up_anderson","low_anderson","up_cheby","low_cheby","up_emp_bern","low_emp_bern","up_hoeffding","low_hoeffding","up_PI_emp_bern","low_PI_emp_bern","up_PI_hedged","low_PI_hedged"
"1",349,0.493119891834101,0.372724922041219,0.493119234079482,0.37272594605727,0.506397955375511,0.37272594605727,0.468727450678018,0.395927446405936,0.487042229639807,0.375612493698408,0.550400268793858,0.297300610700214,0.509573694105046,0.355081202978907,0.487060731593097,0.377594165490857,0.489802005738911,0.371106232967635,0.48,0.38
