"","simul_idx","up_dw","low_dw","up_dw_x1_to_xn","low_dw_x1_to_xn","up_dw_x1_to_xn_tails","low_dw_x1_to_xn_tails","up_t_test","low_t_test","up_anderson","low_anderson","up_cheby","low_cheby","up_emp_bern","low_emp_bern","up_hoeffding","low_hoeffding","up_PI_emp_bern","low_PI_emp_bern","up_PI_hedged","low_PI_hedged"
"1",242,0.542941591877774,0.421671642978478,0.542939654181775,0.421672864607993,0.556218664827511,0.421672864607993,0.518839358811362,0.445431140466733,0.536848418964801,0.425426319200803,0.59572341877023,0.349639815816138,0.559882745244936,0.40438775403316,0.536868532690168,0.427401966587928,0.540247772746686,0.420768169392001,0.53,0.43
