"","simul_idx","up_dw","low_dw","up_dw_x1_to_xn","low_dw_x1_to_xn","up_dw_x1_to_xn_tails","low_dw_x1_to_xn_tails","up_t_test","low_t_test","up_anderson","low_anderson","up_cheby","low_cheby","up_emp_bern","low_emp_bern","up_hoeffding","low_hoeffding","up_PI_emp_bern","low_PI_emp_bern","up_PI_hedged","low_PI_hedged"
"1",209,0.61667285916129,0.44591685915575,0.616670321593997,0.44591774033182,0.641450859541167,0.44591774033182,0.583899198408764,0.47990061321913,0.609268761918562,0.45052890625027,0.678770077340637,0.344114356916953,0.652016456008292,0.411783355619602,0.609304457018046,0.454495354609848,0.627154536335148,0.447857373382427,0.61,0.46
