"","simul_idx","up_dw","low_dw","up_dw_x1_to_xn","low_dw_x1_to_xn","up_dw_x1_to_xn_tails","low_dw_x1_to_xn_tails","up_t_test","low_t_test","up_anderson","low_anderson","up_cheby","low_cheby","up_emp_bern","low_emp_bern","up_hoeffding","low_hoeffding","up_PI_emp_bern","low_PI_emp_bern","up_PI_hedged","low_PI_hedged"
"1",473,0.577908907174902,0.406870157709033,0.577906743248664,0.406875725249272,0.60269413210482,0.406875725249272,0.544342037024372,0.440135705308836,0.569604600384901,0.410862352130548,0.645064496655811,0.30154871712612,0.612526312656748,0.37195142967646,0.569643422370703,0.414834319962505,0.579942781187855,0.401119317174184,0.57,0.42
