"","simul_idx","up_dw","low_dw","up_dw_x1_to_xn","low_dw_x1_to_xn","up_dw_x1_to_xn_tails","low_dw_x1_to_xn_tails","up_t_test","low_t_test","up_anderson","low_anderson","up_cheby","low_cheby","up_emp_bern","low_emp_bern","up_hoeffding","low_hoeffding","up_PI_emp_bern","low_PI_emp_bern","up_PI_hedged","low_PI_hedged"
"1",162,0.703230098455359,0.332451678292882,0.703190890329194,0.332505994979459,0.799573778730256,0.332505994979459,0.638887541212298,0.400486956114523,0.692618458834982,0.326802424148522,0.792455890909257,0.0736895235297597,0.888466199322452,0.150908298004369,0.692769086923639,0.346605410403182,0.733551596773766,0.295546384261463,0.68,0.36
