"","simul_idx","up_dw","low_dw","up_dw_x1_to_xn","low_dw_x1_to_xn","up_dw_x1_to_xn_tails","low_dw_x1_to_xn_tails","up_t_test","low_t_test","up_anderson","low_anderson","up_cheby","low_cheby","up_emp_bern","low_emp_bern","up_hoeffding","low_hoeffding","up_PI_emp_bern","low_PI_emp_bern","up_PI_hedged","low_PI_hedged"
"1",280,0.703547621653867,0.33261313340618,0.703520071465129,0.332617925361349,0.799829145753188,0.332617925361349,0.639228073456721,0.400680448890806,0.692928004324955,0.326995098592674,0.792624756564017,0.0739656787255881,0.888852322159509,0.151056200188017,0.693036099433992,0.346872422913535,0.734203462964651,0.295425150642422,0.68,0.36
