"","simul_idx","up_dw","low_dw","up_dw_x1_to_xn","low_dw_x1_to_xn","up_dw_x1_to_xn_tails","low_dw_x1_to_xn_tails","up_t_test","low_t_test","up_anderson","low_anderson","up_cheby","low_cheby","up_emp_bern","low_emp_bern","up_hoeffding","low_hoeffding","up_PI_emp_bern","low_PI_emp_bern","up_PI_hedged","low_PI_hedged"
"1",221,0.741453741755068,0.181595856489337,0.741338647418446,0.181679887675261,0.938435264402308,0.181679887675261,0.647002920359936,0.253833545331235,0.723823698084862,0.127146204607371,0.837167681805131,-0.236610038011016,1.21224297670677,-0.311406511015599,0.724084648101185,0.176751817589987,0.833984594202947,0.044933640303535,0.72,0.22
