"","simul_idx","up_dw","low_dw","up_dw_x1_to_xn","low_dw_x1_to_xn","up_dw_x1_to_xn_tails","low_dw_x1_to_xn_tails","up_t_test","low_t_test","up_anderson","low_anderson","up_cheby","low_cheby","up_emp_bern","low_emp_bern","up_hoeffding","low_hoeffding","up_PI_emp_bern","low_PI_emp_bern","up_PI_hedged","low_PI_hedged"
"1",121,0.608774424762993,0.437894422882171,0.608773708618122,0.437896633776242,0.633556190289856,0.437896633776242,0.57583730592213,0.471742177520929,0.601160869764679,0.442417510206345,0.671915334770216,0.335372630078879,0.643985707898662,0.403593775544397,0.601194292925628,0.44638519051743,0.609456516294343,0.431148738294653,0.59,0.45
