"","simul_idx","up_dw","low_dw","up_dw_x1_to_xn","low_dw_x1_to_xn","up_dw_x1_to_xn_tails","low_dw_x1_to_xn_tails","up_t_test","low_t_test","up_anderson","low_anderson","up_cheby","low_cheby","up_emp_bern","low_emp_bern","up_hoeffding","low_hoeffding","up_PI_emp_bern","low_PI_emp_bern","up_PI_hedged","low_PI_hedged"
"1",260,0.624403156026199,0.453833881936367,0.624398613713386,0.453841143125957,0.649188481491378,0.453841143125957,0.5918058617412,0.487927870114275,0.617232067941593,0.458498566125604,0.685484340084966,0.352721171314529,0.659884216435799,0.419849515419676,0.617271417131837,0.462462314723639,0.631948756273724,0.452493621956114,0.61,0.47
