"","simul_idx","up_dw","low_dw","up_dw_x1_to_xn","low_dw_x1_to_xn","up_dw_x1_to_xn_tails","low_dw_x1_to_xn_tails","up_t_test","low_t_test","up_anderson","low_anderson","up_cheby","low_cheby","up_emp_bern","low_emp_bern","up_hoeffding","low_hoeffding","up_PI_emp_bern","low_PI_emp_bern","up_PI_hedged","low_PI_hedged"
"1",487,0.653887329241819,0.112892372204127,0.653809456346045,0.112946163380696,0.850860017913444,0.112946163380696,0.539272658384748,0.162011096834579,0.624127849469267,0.0273716933025398,0.78694401713098,-0.319421513651428,1.09997225119844,-0.398688495979116,0.624308292865262,0.0769754623540648,0.726916820824822,-0.0426453285561847,0.62,0.14
