"","simul_idx","up_dw","low_dw","up_dw_x1_to_xn","low_dw_x1_to_xn","up_dw_x1_to_xn_tails","low_dw_x1_to_xn_tails","up_t_test","low_t_test","up_anderson","low_anderson","up_cheby","low_cheby","up_emp_bern","low_emp_bern","up_hoeffding","low_hoeffding","up_PI_emp_bern","low_PI_emp_bern","up_PI_hedged","low_PI_hedged"
"1",473,0.781090511719614,0.218761037386642,0.781029547669543,0.218804777179979,0.978064801019426,0.218804777179979,0.697632589153257,0.302179577839746,0.773365971588352,0.17658003314026,0.860336796131829,-0.193795351469827,1.26352444892286,-0.263712281929862,0.7735724987521,0.226239668240903,0.884145041879975,0.0912991835794416,0.76,0.26
