"","simul_idx","up_dw","low_dw","up_dw_x1_to_xn","low_dw_x1_to_xn","up_dw_x1_to_xn_tails","low_dw_x1_to_xn_tails","up_t_test","low_t_test","up_anderson","low_anderson","up_cheby","low_cheby","up_emp_bern","low_emp_bern","up_hoeffding","low_hoeffding","up_PI_emp_bern","low_PI_emp_bern","up_PI_hedged","low_PI_hedged"
"1",400,0.573824495069507,0.402795827310714,0.573823500971635,0.40279729963268,0.598604927767215,0.40279729963268,0.540184389882373,0.435972264245787,0.565458029512578,0.406709715597202,0.641502513565342,0.297109653865581,0.608370534605891,0.367786119522269,0.565482878268179,0.410673775859981,0.58223965630104,0.4029833937109,0.56,0.42
