"","simul_idx","up_dw","low_dw","up_dw_x1_to_xn","low_dw_x1_to_xn","up_dw_x1_to_xn_tails","low_dw_x1_to_xn_tails","up_t_test","low_t_test","up_anderson","low_anderson","up_cheby","low_cheby","up_emp_bern","low_emp_bern","up_hoeffding","low_hoeffding","up_PI_emp_bern","low_PI_emp_bern","up_PI_hedged","low_PI_hedged"
"1",481,0.667169573924993,0.296320398545142,0.667127667829649,0.296333233682332,0.763448730074628,0.296333233682332,0.599055016991402,0.360650728666332,0.652850451132214,0.286964578046156,0.766873689123029,0.0328810989250828,0.848634823312504,0.11107092234523,0.652934711089096,0.306771034568639,0.694078285495978,0.256140636211536,0.65,0.32
