"","simul_idx","up_dw","low_dw","up_dw_x1_to_xn","low_dw_x1_to_xn","up_dw_x1_to_xn_tails","low_dw_x1_to_xn_tails","up_t_test","low_t_test","up_anderson","low_anderson","up_cheby","low_cheby","up_emp_bern","low_emp_bern","up_hoeffding","low_hoeffding","up_PI_emp_bern","low_PI_emp_bern","up_PI_hedged","low_PI_hedged"
"1",352,0.781448963454905,0.219260594373963,0.78143285503403,0.219395287958983,0.978606630654389,0.219395287958983,0.698030492947554,0.302862892617295,0.773757443593436,0.177029355954489,0.860583183621537,-0.193320926578304,1.26384088972018,-0.262947504155328,0.774113108038023,0.226780277526826,0.884802057175518,0.0917478090282535,0.76,0.26
