"","simul_idx","up_dw","low_dw","up_dw_x1_to_xn","low_dw_x1_to_xn","up_dw_x1_to_xn_tails","low_dw_x1_to_xn_tails","up_t_test","low_t_test","up_anderson","low_anderson","up_cheby","low_cheby","up_emp_bern","low_emp_bern","up_hoeffding","low_hoeffding","up_PI_emp_bern","low_PI_emp_bern","up_PI_hedged","low_PI_hedged"
"1",9,0.589373148436186,0.418333932073352,0.589370392353982,0.418339947607086,0.614158433897473,0.418339947607086,0.556040396806713,0.451821125828025,0.581297138196805,0.422561613190496,0.655048182949046,0.314049434968971,0.624228846583321,0.383632676051417,0.581335312521468,0.42652621011327,0.591808825442554,0.41274529863992,0.58,0.43
