"","simul_idx","up_dw","low_dw","up_dw_x1_to_xn","low_dw_x1_to_xn","up_dw_x1_to_xn_tails","low_dw_x1_to_xn_tails","up_t_test","low_t_test","up_anderson","low_anderson","up_cheby","low_cheby","up_emp_bern","low_emp_bern","up_hoeffding","low_hoeffding","up_PI_emp_bern","low_PI_emp_bern","up_PI_hedged","low_PI_hedged"
"1",52,0.597266016651554,0.426263832134415,0.597263642503827,0.426267121442283,0.622047712234654,0.426267121442283,0.564093715825759,0.459902482814261,0.589362827399812,0.430630246652263,0.661914048152469,0.322697681309089,0.63227312068863,0.391723077951391,0.589402650524109,0.434593548115911,0.599692762695512,0.420835953371851,0.58,0.44
