"","simul_idx","up_dw","low_dw","up_dw_x1_to_xn","low_dw_x1_to_xn","up_dw_x1_to_xn_tails","low_dw_x1_to_xn_tails","up_t_test","low_t_test","up_anderson","low_anderson","up_cheby","low_cheby","up_emp_bern","low_emp_bern","up_hoeffding","low_hoeffding","up_PI_emp_bern","low_PI_emp_bern","up_PI_hedged","low_PI_hedged"
"1",472,0.630051274798944,0.261203660833482,0.630039314302911,0.261229835114888,0.726380257869212,0.261229835114888,0.558566064340025,0.321656192903055,0.613071820422534,0.247178151776126,0.740609770273961,-0.00709122257139422,0.807682516485328,0.0725397407577524,0.613192966881769,0.267029290361312,0.652592676443683,0.218931503197419,0.6,0.28
