"","simul_idx","up_dw","low_dw","up_dw_x1_to_xn","low_dw_x1_to_xn","up_dw_x1_to_xn_tails","low_dw_x1_to_xn_tails","up_t_test","low_t_test","up_anderson","low_anderson","up_cheby","low_cheby","up_emp_bern","low_emp_bern","up_hoeffding","low_hoeffding","up_PI_emp_bern","low_PI_emp_bern","up_PI_hedged","low_PI_hedged"
"1",207,0.887398826859598,0.346703481984766,0.887319170473171,0.346788038606612,1.0844165876939,0.346788038606612,0.838291475346926,0.461553159441512,0.923048996677965,0.326522772404176,0.92263508251258,-0.0560719926536212,1.39884172156613,-0.0989970867776884,0.923588732649818,0.37625590213862,1.04577822341851,0.271070530190448,0.86,0.37
