"","simul_idx","up_dw","low_dw","up_dw_x1_to_xn","low_dw_x1_to_xn","up_dw_x1_to_xn_tails","low_dw_x1_to_xn_tails","up_t_test","low_t_test","up_anderson","low_anderson","up_cheby","low_cheby","up_emp_bern","low_emp_bern","up_hoeffding","low_hoeffding","up_PI_emp_bern","low_PI_emp_bern","up_PI_hedged","low_PI_hedged"
"1",201,0.680293890858542,0.41452695773619,0.680288282131345,0.414536451040671,0.734889700200445,0.414536451040671,0.632422035964525,0.467032226871618,0.672062181509708,0.417426183171787,0.756527892505109,0.242975982800475,0.771949475564691,0.327504787271451,0.672114472952112,0.42733978988403,0.703863755175627,0.390129827811486,0.66,0.43
