"","simul_idx","up_dw","low_dw","up_dw_x1_to_xn","low_dw_x1_to_xn","up_dw_x1_to_xn_tails","low_dw_x1_to_xn_tails","up_t_test","low_t_test","up_anderson","low_anderson","up_cheby","low_cheby","up_emp_bern","low_emp_bern","up_hoeffding","low_hoeffding","up_PI_emp_bern","low_PI_emp_bern","up_PI_hedged","low_PI_hedged"
"1",352,0.685683726902196,0.314542169279609,0.685673663120446,0.314565594806328,0.782010509806597,0.314565594806328,0.619456740712392,0.380790835806294,0.673086778960468,0.307164966708295,0.779987732665149,0.0535519144337563,0.86911766304352,0.131129913475166,0.673205626519572,0.327041949999115,0.724631440099939,0.285447679616183,0.66,0.34
