"","simul_idx","up_dw","low_dw","up_dw_x1_to_xn","low_dw_x1_to_xn","up_dw_x1_to_xn_tails","low_dw_x1_to_xn_tails","up_t_test","low_t_test","up_anderson","low_anderson","up_cheby","low_cheby","up_emp_bern","low_emp_bern","up_hoeffding","low_hoeffding","up_PI_emp_bern","low_PI_emp_bern","up_PI_hedged","low_PI_hedged"
"1",205,0.569943852103749,0.398981894052216,0.569940842301793,0.398982926931765,0.594721640329734,0.398982926931765,0.536227732253379,0.432086079679155,0.561525062959555,0.402791646853526,0.638140836636554,0.292930136375497,0.604391142704986,0.363922669227547,0.561561457170366,0.406752354762168,0.576794050626796,0.397691603011544,0.56,0.41
