"","simul_idx","up_dw","low_dw","up_dw_x1_to_xn","low_dw_x1_to_xn","up_dw_x1_to_xn_tails","low_dw_x1_to_xn_tails","up_t_test","low_t_test","up_anderson","low_anderson","up_cheby","low_cheby","up_emp_bern","low_emp_bern","up_hoeffding","low_hoeffding","up_PI_emp_bern","low_PI_emp_bern","up_PI_hedged","low_PI_hedged"
"1",52,0.654118266541726,0.113144830840717,0.654081163752325,0.113224566131911,0.851171238105245,0.113224566131911,0.539540225187213,0.16235413617893,0.624332111271732,0.0276260721229543,0.787104527627827,-0.319174953383732,1.10021827636512,-0.398323914998975,0.62461359593867,0.0772807654274726,0.754474546809613,-0.0209866042326805,0.61,0.13
