"","simul_idx","up_dw","low_dw","up_dw_x1_to_xn","low_dw_x1_to_xn","up_dw_x1_to_xn_tails","low_dw_x1_to_xn_tails","up_t_test","low_t_test","up_anderson","low_anderson","up_cheby","low_cheby","up_emp_bern","low_emp_bern","up_hoeffding","low_hoeffding","up_PI_emp_bern","low_PI_emp_bern","up_PI_hedged","low_PI_hedged"
"1",109,0.741486405058799,0.181566244398986,0.741438829316068,0.181611280339489,0.938476056693038,0.181611280339489,0.646946318932342,0.253894942713404,0.723839712736495,0.127128639723448,0.837168833397022,-0.236607992299858,1.21215269564788,-0.311311434002135,0.724087046078472,0.176754215567274,0.857587026854755,0.0700512020832899,0.7,0.21
