"","simul_idx","up_dw","low_dw","up_dw_x1_to_xn","low_dw_x1_to_xn","up_dw_x1_to_xn_tails","low_dw_x1_to_xn_tails","up_t_test","low_t_test","up_anderson","low_anderson","up_cheby","low_cheby","up_emp_bern","low_emp_bern","up_hoeffding","low_hoeffding","up_PI_emp_bern","low_PI_emp_bern","up_PI_hedged","low_PI_hedged"
"1",29,0.551887606940074,0.193482178708164,0.551876179102457,0.19349578427698,0.648198389636897,0.19349578427698,0.474753122880114,0.245782449941008,0.533259498474993,0.167422693246534,0.685761581528097,-0.0853152708438291,0.721407972238552,-0.000872399417430447,0.533349624670789,0.187185948150332,0.577894480546249,0.155297952658244,0.53,0.21
