"","simul_idx","up_dw","low_dw","up_dw_x1_to_xn","low_dw_x1_to_xn","up_dw_x1_to_xn_tails","low_dw_x1_to_xn_tails","up_t_test","low_t_test","up_anderson","low_anderson","up_cheby","low_cheby","up_emp_bern","low_emp_bern","up_hoeffding","low_hoeffding","up_PI_emp_bern","low_PI_emp_bern","up_PI_hedged","low_PI_hedged"
"1",328,0.556861444974521,0.435528459245867,0.556860796077178,0.435530862049542,0.570141556460089,0.435530862049542,0.532885252175494,0.459430232395686,0.550862781497109,0.439443642377482,0.608394632089655,0.364463686117385,0.57394380855672,0.418371676014461,0.55089102533671,0.441424459234471,0.557966034215224,0.438384684179172,0.55,0.45
