"","simul_idx","up_dw","low_dw","up_dw_x1_to_xn","low_dw_x1_to_xn","up_dw_x1_to_xn_tails","low_dw_x1_to_xn_tails","up_t_test","low_t_test","up_anderson","low_anderson","up_cheby","low_cheby","up_emp_bern","low_emp_bern","up_hoeffding","low_hoeffding","up_PI_emp_bern","low_PI_emp_bern","up_PI_hedged","low_PI_hedged"
"1",79,0.558069351322757,0.387239847460035,0.55806813916817,0.387240872534175,0.582848887953921,0.387240872534175,0.524164446699887,0.420083706360096,0.549493960306487,0.390753753130185,0.627799151633078,0.280131764770752,0.592308207156818,0.351939945903165,0.549528627734091,0.394719525325892,0.566943454746584,0.387222035391355,0.55,0.4
