"","simul_idx","up_dw","low_dw","up_dw_x1_to_xn","low_dw_x1_to_xn","up_dw_x1_to_xn_tails","low_dw_x1_to_xn_tails","up_t_test","low_t_test","up_anderson","low_anderson","up_cheby","low_cheby","up_emp_bern","low_emp_bern","up_hoeffding","low_hoeffding","up_PI_emp_bern","low_PI_emp_bern","up_PI_hedged","low_PI_hedged"
"1",338,0.554780767572853,0.433449619434769,0.554779792173286,0.433450408184282,0.568058165493722,0.433450408184282,0.530783505458072,0.457331318339777,0.548766504855569,0.437342840886902,0.606499275043543,0.362240748287682,0.57184114367671,0.41627368012114,0.548790694950045,0.439324128847805,0.551322978508085,0.431774688613407,0.54,0.44
