"","simul_idx","up_dw","low_dw","up_dw_x1_to_xn","low_dw_x1_to_xn","up_dw_x1_to_xn_tails","low_dw_x1_to_xn_tails","up_t_test","low_t_test","up_anderson","low_anderson","up_cheby","low_cheby","up_emp_bern","low_emp_bern","up_hoeffding","low_hoeffding","up_PI_emp_bern","low_PI_emp_bern","up_PI_hedged","low_PI_hedged"
"1",112,0.703311025750362,0.332551943380652,0.703280700672071,0.332572571201722,0.799613377519133,0.332572571201722,0.638920340321966,0.400656443271825,0.692732278211923,0.326902509171707,0.79251986064106,0.0737941256870999,0.888456617368205,0.151120166225587,0.692870230057124,0.346706553536667,0.742660209354791,0.3063961518304,0.68,0.35
