"","simul_idx","up_dw","low_dw","up_dw_x1_to_xn","low_dw_x1_to_xn","up_dw_x1_to_xn_tails","low_dw_x1_to_xn_tails","up_t_test","low_t_test","up_anderson","low_anderson","up_cheby","low_cheby","up_emp_bern","low_emp_bern","up_hoeffding","low_hoeffding","up_PI_emp_bern","low_PI_emp_bern","up_PI_hedged","low_PI_hedged"
"1",462,0.735098247536139,0.473800926573821,0.735084857875945,0.473815582964302,0.789693899650629,0.473815582964302,0.690433785584818,0.52823459324585,0.731634579325834,0.477030753899187,0.799346202015452,0.308534142376065,0.828946798239063,0.389721580591605,0.731721530949375,0.486946847881293,0.759940654012033,0.452667954611379,0.72,0.49
