"","simul_idx","up_dw","low_dw","up_dw_x1_to_xn","low_dw_x1_to_xn","up_dw_x1_to_xn_tails","low_dw_x1_to_xn_tails","up_t_test","low_t_test","up_anderson","low_anderson","up_cheby","low_cheby","up_emp_bern","low_emp_bern","up_hoeffding","low_hoeffding","up_PI_emp_bern","low_PI_emp_bern","up_PI_hedged","low_PI_hedged"
"1",422,0.624348418439441,0.453775221970073,0.624347047648458,0.453776642160302,0.649128399022569,0.453776642160302,0.591738764179246,0.487880116778277,0.617181192407337,0.458436584758038,0.685436013748431,0.352659064095341,0.659810878519331,0.419808002438192,0.617213991682861,0.462404889274663,0.632293669559217,0.453258996493201,0.61,0.47
