"","simul_idx","up_dw","low_dw","up_dw_x1_to_xn","low_dw_x1_to_xn","up_dw_x1_to_xn_tails","low_dw_x1_to_xn_tails","up_t_test","low_t_test","up_anderson","low_anderson","up_cheby","low_cheby","up_emp_bern","low_emp_bern","up_hoeffding","low_hoeffding","up_PI_emp_bern","low_PI_emp_bern","up_PI_hedged","low_PI_hedged"
"1",3,0.649495045517375,0.279507480441553,0.649480158833482,0.279581685435068,0.745892689752415,0.279581685435068,0.579698427310082,0.342020943652063,0.633749946844324,0.267905592592718,0.754411488666706,0.0136879871350816,0.829052882873875,0.09266648808827,0.633941523741301,0.287777847220844,0.673473894524249,0.239138346306067,0.62,0.3
