"","simul_idx","up_dw","low_dw","up_dw_x1_to_xn","low_dw_x1_to_xn","up_dw_x1_to_xn_tails","low_dw_x1_to_xn_tails","up_t_test","low_t_test","up_anderson","low_anderson","up_cheby","low_cheby","up_emp_bern","low_emp_bern","up_hoeffding","low_hoeffding","up_PI_emp_bern","low_PI_emp_bern","up_PI_hedged","low_PI_hedged"
"1",409,0.854025308168881,0.301486653337273,0.853986284328129,0.301757302566326,1.05136711986481,0.301757302566326,0.793242443074313,0.406478815211362,0.872996981467996,0.276575718123695,0.903266296380232,-0.103452124189783,1.3566541487526,-0.156932890466925,0.873527044398436,0.326194213887239,1.0017153244922,0.217355605824258,0.82,0.33
