"","simul_idx","up_dw","low_dw","up_dw_x1_to_xn","low_dw_x1_to_xn","up_dw_x1_to_xn_tails","low_dw_x1_to_xn_tails","up_t_test","low_t_test","up_anderson","low_anderson","up_cheby","low_cheby","up_emp_bern","low_emp_bern","up_hoeffding","low_hoeffding","up_PI_emp_bern","low_PI_emp_bern","up_PI_hedged","low_PI_hedged"
"1",186,0.887339493508972,0.346654709478159,0.88728614081649,0.346683270179451,1.08429827646831,0.346683270179451,0.838092208783042,0.461617215170055,0.922969130513211,0.326410874814873,0.922609963766765,-0.0561370144647003,1.39856729663633,-0.0988578726832358,0.923521127232147,0.37618829672095,1.04394160709258,0.272817429239397,0.86,0.38
