"","simul_idx","up_dw","low_dw","up_dw_x1_to_xn","low_dw_x1_to_xn","up_dw_x1_to_xn_tails","low_dw_x1_to_xn_tails","up_t_test","low_t_test","up_anderson","low_anderson","up_cheby","low_cheby","up_emp_bern","low_emp_bern","up_hoeffding","low_hoeffding","up_PI_emp_bern","low_PI_emp_bern","up_PI_hedged","low_PI_hedged"
"1",454,0.740796154545933,0.181102773473351,0.740627010812186,0.181252512934477,0.937823701243252,0.181252512934477,0.646301196789581,0.253059600630383,0.723092561036542,0.126603564737799,0.836813217577181,-0.237239352630538,1.21156186674304,-0.312201069323078,0.723346813965581,0.176013983454384,0.831895552924123,0.0456459702212298,0.71,0.21
