"","simul_idx","up_dw","low_dw","up_dw_x1_to_xn","low_dw_x1_to_xn","up_dw_x1_to_xn_tails","low_dw_x1_to_xn_tails","up_t_test","low_t_test","up_anderson","low_anderson","up_cheby","low_cheby","up_emp_bern","low_emp_bern","up_hoeffding","low_hoeffding","up_PI_emp_bern","low_PI_emp_bern","up_PI_hedged","low_PI_hedged"
"1",73,0.5607189481778,0.439368714466673,0.560717005990765,0.439369844445845,0.573995919042153,0.439369844445845,0.536786759935141,0.463302157576265,0.554756520319758,0.443331080674096,0.611899620015671,0.368579710877864,0.577854905043168,0.422234012468237,0.554777741806823,0.445311175704583,0.557680889212869,0.438080750162544,0.55,0.45
