"","simul_idx","up_dw","low_dw","up_dw_x1_to_xn","low_dw_x1_to_xn","up_dw_x1_to_xn_tails","low_dw_x1_to_xn_tails","up_t_test","low_t_test","up_anderson","low_anderson","up_cheby","low_cheby","up_emp_bern","low_emp_bern","up_hoeffding","low_hoeffding","up_PI_emp_bern","low_PI_emp_bern","up_PI_hedged","low_PI_hedged"
"1",224,0.818053690546066,0.258322573331432,0.817803298149388,0.258400433948987,1.01489051738166,0.258400433948987,0.745765532058364,0.352691315635978,0.822649208803115,0.226087752338884,0.882194515642301,-0.14988995051274,1.31097842790433,-0.212521580209985,0.82289483910277,0.275562008591572,0.95409014593096,0.166170082133601,0.79,0.29
