"","simul_idx","up_dw","low_dw","up_dw_x1_to_xn","low_dw_x1_to_xn","up_dw_x1_to_xn_tails","low_dw_x1_to_xn_tails","up_t_test","low_t_test","up_anderson","low_anderson","up_cheby","low_cheby","up_emp_bern","low_emp_bern","up_hoeffding","low_hoeffding","up_PI_emp_bern","low_PI_emp_bern","up_PI_hedged","low_PI_hedged"
"1",217,0.699066266143374,0.146489274481942,0.698852160063157,0.146639137294982,0.896049038358706,0.146639137294982,0.594273793445087,0.207342070466041,0.674053444238461,0.0776716374129046,0.812763717814208,-0.278353141873456,1.15773347741692,-0.356117613505791,0.674474347211163,0.127141516699965,0.783557068503306,-0.0013738962260646,0.67,0.18
