"","simul_idx","up_dw","low_dw","up_dw_x1_to_xn","low_dw_x1_to_xn","up_dw_x1_to_xn_tails","low_dw_x1_to_xn_tails","up_t_test","low_t_test","up_anderson","low_anderson","up_cheby","low_cheby","up_emp_bern","low_emp_bern","up_hoeffding","low_hoeffding","up_PI_emp_bern","low_PI_emp_bern","up_PI_hedged","low_PI_hedged"
"1",146,0.853986516045531,0.300976475634953,0.853971977024315,0.301020021687379,1.05100693530755,0.301020021687379,0.793246764574371,0.405804225922772,0.872933174843015,0.276178372717122,0.903131593179291,-0.103764266181195,1.35685224733474,-0.157801256837593,0.873191910504171,0.325859079992973,1.00072447923741,0.217818459234664,0.82,0.32
