"","simul_idx","up_dw","low_dw","up_dw_x1_to_xn","low_dw_x1_to_xn","up_dw_x1_to_xn_tails","low_dw_x1_to_xn_tails","up_t_test","low_t_test","up_anderson","low_anderson","up_cheby","low_cheby","up_emp_bern","low_emp_bern","up_hoeffding","low_hoeffding","up_PI_emp_bern","low_PI_emp_bern","up_PI_hedged","low_PI_hedged"
"1",105,0.854270281294799,0.301582899428003,0.854186056455411,0.301808657556574,1.05149852302091,0.301808657556574,0.793636623417653,0.406538127069279,0.873282499017926,0.276716418048306,0.903357397361934,-0.103240897037313,1.35714390842546,-0.156969157938532,0.873753790499065,0.326420959987867,0.975429873526857,0.195562646041515,0.82,0.33
