"","simul_idx","up_dw","low_dw","up_dw_x1_to_xn","low_dw_x1_to_xn","up_dw_x1_to_xn_tails","low_dw_x1_to_xn_tails","up_t_test","low_t_test","up_anderson","low_anderson","up_cheby","low_cheby","up_emp_bern","low_emp_bern","up_hoeffding","low_hoeffding","up_PI_emp_bern","low_PI_emp_bern","up_PI_hedged","low_PI_hedged"
"1",495,0.532986121335379,0.411793051244424,0.532984285239791,0.411793949123289,0.546262905022343,0.411793949123289,0.50881234346341,0.435441911549178,0.526841816937112,0.415416166555415,0.586655335184535,0.33908413051408,0.54984348202106,0.394410772991528,0.526860410557414,0.417393844455174,0.52821840154688,0.407691196585872,0.52,0.42
