"","simul_idx","up_dw","low_dw","up_dw_x1_to_xn","low_dw_x1_to_xn","up_dw_x1_to_xn_tails","low_dw_x1_to_xn_tails","up_t_test","low_t_test","up_anderson","low_anderson","up_cheby","low_cheby","up_emp_bern","low_emp_bern","up_hoeffding","low_hoeffding","up_PI_emp_bern","low_PI_emp_bern","up_PI_hedged","low_PI_hedged"
"1",344,0.611232456431046,0.244181570603168,0.611196473194904,0.244207239077959,0.707536662881971,0.244207239077959,0.538212954772772,0.302677702328709,0.593417613507856,0.22751973321479,0.727352120075846,-0.0266099058246118,0.786903196898923,0.0539874602025572,0.593527166810969,0.247363490290512,0.63173286582712,0.200844402346694,0.59,0.26
