"","simul_idx","up_dw","low_dw","up_dw_x1_to_xn","low_dw_x1_to_xn","up_dw_x1_to_xn_tails","low_dw_x1_to_xn_tails","up_t_test","low_t_test","up_anderson","low_anderson","up_cheby","low_cheby","up_emp_bern","low_emp_bern","up_hoeffding","low_hoeffding","up_PI_emp_bern","low_PI_emp_bern","up_PI_hedged","low_PI_hedged"
"1",221,0.58045184296183,0.459168725674953,0.58045168739694,0.459170179682852,0.593731070731923,0.459170179682852,0.556724701318473,0.4832789042688,0.574712261369843,0.463283631612784,0.629846541752122,0.389764836274616,0.59778026829707,0.442223337290203,0.574735085844756,0.465268519742516,0.582550313550507,0.462569995716408,0.57,0.47
