"","simul_idx","up_dw","low_dw","up_dw_x1_to_xn","low_dw_x1_to_xn","up_dw_x1_to_xn_tails","low_dw_x1_to_xn_tails","up_t_test","low_t_test","up_anderson","low_anderson","up_cheby","low_cheby","up_emp_bern","low_emp_bern","up_hoeffding","low_hoeffding","up_PI_emp_bern","low_PI_emp_bern","up_PI_hedged","low_PI_hedged"
"1",99,0.604828807804267,0.338271109562515,0.604826583863737,0.338281676097105,0.659429586642132,0.338281676097105,0.553148575741986,0.387125541735882,0.592462968942396,0.3378212981401,0.696919576545633,0.157875075706975,0.692877343318627,0.247396774159242,0.592524400272975,0.347749717204893,0.630998044847304,0.314524151290757,0.59,0.36
