"","simul_idx","up_dw","low_dw","up_dw_x1_to_xn","low_dw_x1_to_xn","up_dw_x1_to_xn_tails","low_dw_x1_to_xn_tails","up_t_test","low_t_test","up_anderson","low_anderson","up_cheby","low_cheby","up_emp_bern","low_emp_bern","up_hoeffding","low_hoeffding","up_PI_emp_bern","low_PI_emp_bern","up_PI_hedged","low_PI_hedged"
"1",51,0.529056959595477,0.407944507192342,0.529055942928042,0.407947253548277,0.542337201930299,0.407947253548277,0.50485306708303,0.431552825852441,0.522912811167704,0.411496120165154,0.583094290635065,0.334950702438926,0.54586145443674,0.390544438498732,0.522936229518855,0.413469663416616,0.530196978307215,0.41092168136913,0.52,0.42
