"","simul_idx","up_dw","low_dw","up_dw_x1_to_xn","low_dw_x1_to_xn","up_dw_x1_to_xn_tails","low_dw_x1_to_xn_tails","up_t_test","low_t_test","up_anderson","low_anderson","up_cheby","low_cheby","up_emp_bern","low_emp_bern","up_hoeffding","low_hoeffding","up_PI_emp_bern","low_PI_emp_bern","up_PI_hedged","low_PI_hedged"
"1",159,0.558047849294201,0.387224088103404,0.55804485401319,0.387227594649862,0.58282923749248,0.387227594649862,0.524137164811918,0.420075041773605,0.549470284318233,0.390729385139618,0.627783674898991,0.280112677587089,0.592274919416686,0.351937287168837,0.549510654496861,0.394701552088663,0.563847288346057,0.385124221377612,0.54,0.4
