"","simul_idx","up_dw","low_dw","up_dw_x1_to_xn","low_dw_x1_to_xn","up_dw_x1_to_xn_tails","low_dw_x1_to_xn_tails","up_t_test","low_t_test","up_anderson","low_anderson","up_cheby","low_cheby","up_emp_bern","low_emp_bern","up_hoeffding","low_hoeffding","up_PI_emp_bern","low_PI_emp_bern","up_PI_hedged","low_PI_hedged"
"1",255,0.585470091147692,0.414410864003598,0.585468357438683,0.41441158545561,0.610248683974918,0.41441158545561,0.552036114072049,0.447843790006237,0.577314275919371,0.418564307703869,0.651644803629653,0.309778181061006,0.620215870903808,0.379664033174478,0.577344503243242,0.422535400835044,0.587179982060583,0.408823835503731,0.57,0.43
