"","simul_idx","up_dw","low_dw","up_dw_x1_to_xn","low_dw_x1_to_xn","up_dw_x1_to_xn_tails","low_dw_x1_to_xn_tails","up_t_test","low_t_test","up_anderson","low_anderson","up_cheby","low_cheby","up_emp_bern","low_emp_bern","up_hoeffding","low_hoeffding","up_PI_emp_bern","low_PI_emp_bern","up_PI_hedged","low_PI_hedged"
"1",434,0.542840981903818,0.421541832526105,0.542840002161373,0.421541932481327,0.556117420273193,0.421541932481327,0.518741498160941,0.445296759561605,0.536736590884611,0.425304720662394,0.595618320439141,0.349517226347669,0.559796722059541,0.404241535663004,0.536752411912392,0.427285845810153,0.539936677220457,0.420531319571305,0.53,0.43
