"","simul_idx","up_dw","low_dw","up_dw_x1_to_xn","low_dw_x1_to_xn","up_dw_x1_to_xn_tails","low_dw_x1_to_xn_tails","up_t_test","low_t_test","up_anderson","low_anderson","up_cheby","low_cheby","up_emp_bern","low_emp_bern","up_hoeffding","low_hoeffding","up_PI_emp_bern","low_PI_emp_bern","up_PI_hedged","low_PI_hedged"
"1",168,0.81823250045036,0.258770539702081,0.818086833605238,0.258836878415337,1.01515650502214,0.258836878415337,0.745813297489987,0.353427337980928,0.822898560199256,0.226592506722726,0.88236304878701,-0.149535958473067,1.31082974865041,-0.211589113179498,0.823286732991056,0.275953902479859,0.929642269854892,0.14313437415802,0.79,0.29
