"","simul_idx","up_dw","low_dw","up_dw_x1_to_xn","low_dw_x1_to_xn","up_dw_x1_to_xn_tails","low_dw_x1_to_xn_tails","up_t_test","low_t_test","up_anderson","low_anderson","up_cheby","low_cheby","up_emp_bern","low_emp_bern","up_hoeffding","low_hoeffding","up_PI_emp_bern","low_PI_emp_bern","up_PI_hedged","low_PI_hedged"
"1",497,0.610732923100384,0.243770080475158,0.610707601630275,0.243773852400728,0.707015155615691,0.243773852400728,0.537620556518101,0.302266830132641,0.592919634805957,0.227097945094396,0.727011740764539,-0.0271055852222536,0.786254515248409,0.0536328714023334,0.5930255315856,0.246861855065143,0.632722132263821,0.198861915878065,0.59,0.27
