"","simul_idx","up_dw","low_dw","up_dw_x1_to_xn","low_dw_x1_to_xn","up_dw_x1_to_xn_tails","low_dw_x1_to_xn_tails","up_t_test","low_t_test","up_anderson","low_anderson","up_cheby","low_cheby","up_emp_bern","low_emp_bern","up_hoeffding","low_hoeffding","up_PI_emp_bern","low_PI_emp_bern","up_PI_hedged","low_PI_hedged"
"1",358,0.542861442274151,0.421560404571916,0.542860640631409,0.42156199827357,0.556140254461772,0.42156199827357,0.518762494413668,0.445315248986092,0.536754336165797,0.425323073943651,0.595636189435371,0.349538068799687,0.559818530861136,0.404259212538623,0.536772154750999,0.42730558864876,0.547236026264295,0.426483140107392,0.53,0.43
