"","simul_idx","up_dw","low_dw","up_dw_x1_to_xn","low_dw_x1_to_xn","up_dw_x1_to_xn_tails","low_dw_x1_to_xn_tails","up_t_test","low_t_test","up_anderson","low_anderson","up_cheby","low_cheby","up_emp_bern","low_emp_bern","up_hoeffding","low_hoeffding","up_PI_emp_bern","low_PI_emp_bern","up_PI_hedged","low_PI_hedged"
"1",289,0.600958266678763,0.42999952627597,0.600955144112653,0.430005017303024,0.625742435079669,0.430005017303024,0.567863315539159,0.4637034494397,0.593150086403057,0.43442302431304,0.665129065543166,0.326762054628814,0.63603260158665,0.395534163392209,0.593187933693528,0.43837883128533,0.60314035138483,0.424150745160302,0.59,0.44
