"","simul_idx","up_dw","low_dw","up_dw_x1_to_xn","low_dw_x1_to_xn","up_dw_x1_to_xn_tails","low_dw_x1_to_xn_tails","up_t_test","low_t_test","up_anderson","low_anderson","up_cheby","low_cheby","up_emp_bern","low_emp_bern","up_hoeffding","low_hoeffding","up_PI_emp_bern","low_PI_emp_bern","up_PI_hedged","low_PI_hedged"
"1",290,0.604820554479612,0.433903058807852,0.604817340730931,0.433904491237212,0.62959871922507,0.433904491237212,0.571797575151799,0.467682900515462,0.597117240530405,0.438386246502393,0.668485307489207,0.331015149883159,0.639952282650038,0.399528193017223,0.597144789037729,0.442335686629531,0.608893310567522,0.429998541353718,0.59,0.44
