"","simul_idx","up_dw","low_dw","up_dw_x1_to_xn","low_dw_x1_to_xn","up_dw_x1_to_xn_tails","low_dw_x1_to_xn_tails","up_t_test","low_t_test","up_anderson","low_anderson","up_cheby","low_cheby","up_emp_bern","low_emp_bern","up_hoeffding","low_hoeffding","up_PI_emp_bern","low_PI_emp_bern","up_PI_hedged","low_PI_hedged"
"1",297,0.661732688348603,0.395271827928846,0.661721144068881,0.395294213701672,0.716341598889046,0.395294213701672,0.612860259123409,0.446979948195607,0.652202767495609,0.397596056804403,0.741940117387298,0.221550980175444,0.752543649223656,0.307296558095361,0.652307445193549,0.407532762125467,0.690475572698994,0.374019323857083,0.64,0.41
