"","simul_idx","up_dw","low_dw","up_dw_x1_to_xn","low_dw_x1_to_xn","up_dw_x1_to_xn_tails","low_dw_x1_to_xn_tails","up_t_test","low_t_test","up_anderson","low_anderson","up_cheby","low_cheby","up_emp_bern","low_emp_bern","up_hoeffding","low_hoeffding","up_PI_emp_bern","low_PI_emp_bern","up_PI_hedged","low_PI_hedged"
"1",6,0.716993622211789,0.453840246178019,0.71697466609734,0.453848721919689,0.771574581654322,0.453848721919689,0.67121782034168,0.507725699254778,0.711779538451825,0.457180761793258,0.785266631428098,0.286500204568682,0.810141907675904,0.368801611920553,0.71185910133227,0.467084418264188,0.742050189498657,0.431035848975538,0.7,0.47
