"","simul_idx","up_dw","low_dw","up_dw_x1_to_xn","low_dw_x1_to_xn","up_dw_x1_to_xn_tails","low_dw_x1_to_xn_tails","up_t_test","low_t_test","up_anderson","low_anderson","up_cheby","low_cheby","up_emp_bern","low_emp_bern","up_hoeffding","low_hoeffding","up_PI_emp_bern","low_PI_emp_bern","up_PI_hedged","low_PI_hedged"
"1",189,0.540909424840763,0.419648017491988,0.540907722705562,0.419648987367921,0.554186403388889,0.419648987367921,0.516796871704861,0.443379580269299,0.534804208844004,0.423382144361849,0.593870303855167,0.347479158864598,0.557843199037874,0.402333252936286,0.5348215090382,0.42535494293596,0.543209971680109,0.423532909292751,0.53,0.43
