"","simul_idx","up_dw","low_dw","up_dw_x1_to_xn","low_dw_x1_to_xn","up_dw_x1_to_xn_tails","low_dw_x1_to_xn_tails","up_t_test","low_t_test","up_anderson","low_anderson","up_cheby","low_cheby","up_emp_bern","low_emp_bern","up_hoeffding","low_hoeffding","up_PI_emp_bern","low_PI_emp_bern","up_PI_hedged","low_PI_hedged"
"1",461,0.65225662259035,0.385490721761306,0.652238573114128,0.385499469481374,0.706838890268765,0.385499469481374,0.602885167999689,0.436747380242354,0.642151636039753,0.387516760628068,0.734433829381531,0.210686669020326,0.742650420465105,0.296982127776938,0.642203615655062,0.397428932586981,0.67579346986292,0.358677775308422,0.63,0.4
