"","simul_idx","up_dw","low_dw","up_dw_x1_to_xn","low_dw_x1_to_xn","up_dw_x1_to_xn_tails","low_dw_x1_to_xn_tails","up_t_test","low_t_test","up_anderson","low_anderson","up_cheby","low_cheby","up_emp_bern","low_emp_bern","up_hoeffding","low_hoeffding","up_PI_emp_bern","low_PI_emp_bern","up_PI_hedged","low_PI_hedged"
"1",96,0.53832446151977,0.367963626669201,0.538322598354959,0.367968824940425,0.563109455857364,0.367968824940425,0.504110175878173,0.400402063741665,0.529621956352843,0.370883908250265,0.61063808026395,0.259085227062817,0.572133728263952,0.332378511355886,0.529660671014018,0.37485156860582,0.539672767304439,0.362069877344063,0.53,0.38
