"","simul_idx","up_dw","low_dw","up_dw_x1_to_xn","low_dw_x1_to_xn","up_dw_x1_to_xn_tails","low_dw_x1_to_xn_tails","up_t_test","low_t_test","up_anderson","low_anderson","up_cheby","low_cheby","up_emp_bern","low_emp_bern","up_hoeffding","low_hoeffding","up_PI_emp_bern","low_PI_emp_bern","up_PI_hedged","low_PI_hedged"
"1",166,0.588172743611208,0.466974467327447,0.588171590525381,0.466975541277176,0.601450422257658,0.466975541277176,0.564517169901445,0.491154373798839,0.582550975174191,0.471122273450833,0.636867820300634,0.398104281366311,0.605545833431093,0.450125710269191,0.582569054901262,0.473102488799022,0.585937728633239,0.466362509044192,0.58,0.48
