"","simul_idx","up_dw","low_dw","up_dw_x1_to_xn","low_dw_x1_to_xn","up_dw_x1_to_xn_tails","low_dw_x1_to_xn_tails","up_t_test","low_t_test","up_anderson","low_anderson","up_cheby","low_cheby","up_emp_bern","low_emp_bern","up_hoeffding","low_hoeffding","up_PI_emp_bern","low_PI_emp_bern","up_PI_hedged","low_PI_hedged"
"1",19,0.590178116296979,0.469004557535525,0.590176913013805,0.469004903057289,0.603454687532038,0.469004903057289,0.56654585862826,0.493198506813093,0.584583985803322,0.473154713872606,0.638690757946896,0.400274306211293,0.607569516135527,0.452174849305826,0.584605465771796,0.475138899669557,0.591906921624564,0.472272124026976,0.58,0.48
