"","simul_idx","up_dw","low_dw","up_dw_x1_to_xn","low_dw_x1_to_xn","up_dw_x1_to_xn_tails","low_dw_x1_to_xn_tails","up_t_test","low_t_test","up_anderson","low_anderson","up_cheby","low_cheby","up_emp_bern","low_emp_bern","up_hoeffding","low_hoeffding","up_PI_emp_bern","low_PI_emp_bern","up_PI_hedged","low_PI_hedged"
"1",199,0.562613647820429,0.441257460962034,0.562612869697088,0.441259638345042,0.575893302912583,0.441259638345042,0.538697546861595,0.465212085180252,0.556667285987994,0.445241599508595,0.613621196559789,0.370603932893002,0.579765970505459,0.424143661536388,0.556688099072043,0.447221532969804,0.560155269300933,0.44049295481018,0.55,0.45
