"","simul_idx","up_dw","low_dw","up_dw_x1_to_xn","low_dw_x1_to_xn","up_dw_x1_to_xn_tails","low_dw_x1_to_xn_tails","up_t_test","low_t_test","up_anderson","low_anderson","up_cheby","low_cheby","up_emp_bern","low_emp_bern","up_hoeffding","low_hoeffding","up_PI_emp_bern","low_PI_emp_bern","up_PI_hedged","low_PI_hedged"
"1",366,0.578378718312691,0.457095376729227,0.578378214786533,0.457096771002293,0.591657511424534,0.457096771002293,0.55462564480618,0.481191485755145,0.572619761934717,0.461196984471558,0.627968182063224,0.387538808683174,0.595677439510926,0.440139691050399,0.572641848331782,0.463175282229543,0.580707014093198,0.460614883330506,0.57,0.47
