"","simul_idx","up_dw","low_dw","up_dw_x1_to_xn","low_dw_x1_to_xn","up_dw_x1_to_xn_tails","low_dw_x1_to_xn_tails","up_t_test","low_t_test","up_anderson","low_anderson","up_cheby","low_cheby","up_emp_bern","low_emp_bern","up_hoeffding","low_hoeffding","up_PI_emp_bern","low_PI_emp_bern","up_PI_hedged","low_PI_hedged"
"1",47,0.597921263462377,0.476858890842523,0.59792068740475,0.476859207447134,0.61119841995367,0.476859207447134,0.574373236856093,0.501105586251724,0.592458089454838,0.481023644836248,0.645724574753276,0.408666428293604,0.615371060471921,0.460107762635897,0.592472694605028,0.483006128502789,0.594744671501317,0.475584806035398,0.59,0.49
