"","simul_idx","up_dw","low_dw","up_dw_x1_to_xn","low_dw_x1_to_xn","up_dw_x1_to_xn_tails","low_dw_x1_to_xn_tails","up_t_test","low_t_test","up_anderson","low_anderson","up_cheby","low_cheby","up_emp_bern","low_emp_bern","up_hoeffding","low_hoeffding","up_PI_emp_bern","low_PI_emp_bern","up_PI_hedged","low_PI_hedged"
"1",367,0.628297806231074,0.457823087619066,0.628295290648291,0.457825558319472,0.65307815198539,0.457825558319472,0.595782238824272,0.491979736589779,0.621245740110212,0.462511156666172,0.68885988990695,0.357065086452714,0.663836241002939,0.423925734411111,0.621285538911124,0.466476436502926,0.639084511097058,0.459925492684449,0.62,0.47
