"","simul_idx","up_dw","low_dw","up_dw_x1_to_xn","low_dw_x1_to_xn","up_dw_x1_to_xn_tails","low_dw_x1_to_xn_tails","up_t_test","low_t_test","up_anderson","low_anderson","up_cheby","low_cheby","up_emp_bern","low_emp_bern","up_hoeffding","low_hoeffding","up_PI_emp_bern","low_PI_emp_bern","up_PI_hedged","low_PI_hedged"
"1",363,0.573715231501224,0.402717578385169,0.573712088595795,0.4027197203439,0.598494469529566,0.4027197203439,0.540063128329601,0.435905379039777,0.565349812988633,0.406610615098785,0.641421918261956,0.297009338823984,0.608231731504457,0.367736775864921,0.565388804888788,0.41057970248059,0.584326562996522,0.40364231689168,0.56,0.42
