"","simul_idx","up_dw","low_dw","up_dw_x1_to_xn","low_dw_x1_to_xn","up_dw_x1_to_xn_tails","low_dw_x1_to_xn_tails","up_t_test","low_t_test","up_anderson","low_anderson","up_cheby","low_cheby","up_emp_bern","low_emp_bern","up_hoeffding","low_hoeffding","up_PI_emp_bern","low_PI_emp_bern","up_PI_hedged","low_PI_hedged"
"1",268,0.78125294844631,0.2189932167264,0.781173077815944,0.219040749276924,0.978214107520253,0.219040749276924,0.69780528238051,0.302514607052957,0.773609007265258,0.1768481999305,0.860452514059962,-0.193572587770984,1.26365080764756,-0.263330918214089,0.773826359972332,0.226493529461134,0.90685476671196,0.11771561108642,0.75,0.24
