"","simul_idx","up_dw","low_dw","up_dw_x1_to_xn","low_dw_x1_to_xn","up_dw_x1_to_xn_tails","low_dw_x1_to_xn_tails","up_t_test","low_t_test","up_anderson","low_anderson","up_cheby","low_cheby","up_emp_bern","low_emp_bern","up_hoeffding","low_hoeffding","up_PI_emp_bern","low_PI_emp_bern","up_PI_hedged","low_PI_hedged"
"1",153,0.741201417567968,0.181377995232565,0.741124310188509,0.181501959790918,0.938281745543043,0.181501959790918,0.646673107425805,0.253548142181127,0.723495458436702,0.126853557570369,0.837019934931427,-0.236872435193472,1.21190048817739,-0.311679238570463,0.723777040059065,0.176444209547867,0.857872087570005,0.0691132866675228,0.7,0.2
