"","simul_idx","up_dw","low_dw","up_dw_x1_to_xn","low_dw_x1_to_xn","up_dw_x1_to_xn_tails","low_dw_x1_to_xn_tails","up_t_test","low_t_test","up_anderson","low_anderson","up_cheby","low_cheby","up_emp_bern","low_emp_bern","up_hoeffding","low_hoeffding","up_PI_emp_bern","low_PI_emp_bern","up_PI_hedged","low_PI_hedged"
"1",168,0.562656305817953,0.441303322836263,0.56265609176466,0.441304215618905,0.575934660557569,0.441304215618905,0.538735337743407,0.465263905679755,0.55671261119719,0.445284123735785,0.613661565378782,0.370651418369415,0.579799213907793,0.424200029515368,0.5567329047627,0.447266338660461,0.559533227563801,0.440070037418708,0.55,0.45
