"","simul_idx","up_dw","low_dw","up_dw_x1_to_xn","low_dw_x1_to_xn","up_dw_x1_to_xn_tails","low_dw_x1_to_xn_tails","up_t_test","low_t_test","up_anderson","low_anderson","up_cheby","low_cheby","up_emp_bern","low_emp_bern","up_hoeffding","low_hoeffding","up_PI_emp_bern","low_PI_emp_bern","up_PI_hedged","low_PI_hedged"
"1",179,0.623885403097769,0.357079236362672,0.623871805104655,0.357087299766266,0.678471111811796,0.357087299766266,0.573052642171442,0.406953440917783,0.612307427380501,0.357719877699825,0.712039135385206,0.178875485604999,0.712805626416606,0.267200456672619,0.612390383078653,0.367615700010572,0.650818268090772,0.334235406091079,0.6,0.37
