"","simul_idx","up_dw","low_dw","up_dw_x1_to_xn","low_dw_x1_to_xn","up_dw_x1_to_xn_tails","low_dw_x1_to_xn_tails","up_t_test","low_t_test","up_anderson","low_anderson","up_cheby","low_cheby","up_emp_bern","low_emp_bern","up_hoeffding","low_hoeffding","up_PI_emp_bern","low_PI_emp_bern","up_PI_hedged","low_PI_hedged"
"1",21,0.741105456326409,0.181271398950594,0.741075533100726,0.18138203661229,0.938212671643559,0.18138203661229,0.646513456611245,0.253448628973684,0.72334868238721,0.126754190150046,0.836957681986488,-0.236982958263203,1.21172367267754,-0.311761587092612,0.723647458048063,0.176314627536865,0.858684798083435,0.0679014525845196,0.7,0.21
