"","simul_idx","up_dw","low_dw","up_dw_x1_to_xn","low_dw_x1_to_xn","up_dw_x1_to_xn_tails","low_dw_x1_to_xn_tails","up_t_test","low_t_test","up_anderson","low_anderson","up_cheby","low_cheby","up_emp_bern","low_emp_bern","up_hoeffding","low_hoeffding","up_PI_emp_bern","low_PI_emp_bern","up_PI_hedged","low_PI_hedged"
"1",54,0.574538438652703,0.453225230236622,0.57453783368312,0.453226655791957,0.587817175723079,0.453226655791957,0.550744781020314,0.477289794946297,0.568728906611895,0.457300468413786,0.624473834223874,0.38340320103751,0.591803326476339,0.436231249490273,0.568750571034426,0.459284004932186,0.576369494466698,0.456582083638473,0.56,0.46
