"","simul_idx","up_dw","low_dw","up_dw_x1_to_xn","low_dw_x1_to_xn","up_dw_x1_to_xn_tails","low_dw_x1_to_xn_tails","up_t_test","low_t_test","up_anderson","low_anderson","up_cheby","low_cheby","up_emp_bern","low_emp_bern","up_hoeffding","low_hoeffding","up_PI_emp_bern","low_PI_emp_bern","up_PI_hedged","low_PI_hedged"
"1",47,0.614423023217996,0.34776510922794,0.61441319874299,0.347772622380236,0.66901169296049,0.347772622380236,0.563155041313319,0.397134187491549,0.602468896596757,0.34788030830746,0.704555345976476,0.168434862027949,0.702883115720611,0.257406113084257,0.602531955936474,0.357757272868393,0.640994219142195,0.324444140879615,0.6,0.37
