"","simul_idx","up_dw","low_dw","up_dw_x1_to_xn","low_dw_x1_to_xn","up_dw_x1_to_xn_tails","low_dw_x1_to_xn_tails","up_t_test","low_t_test","up_anderson","low_anderson","up_cheby","low_cheby","up_emp_bern","low_emp_bern","up_hoeffding","low_hoeffding","up_PI_emp_bern","low_PI_emp_bern","up_PI_hedged","low_PI_hedged"
"1",395,0.542221659284456,0.371733269026211,0.542217849497578,0.371736863404524,0.567002387987979,0.371736863404524,0.508068732314805,0.404247672699959,0.533530174350486,0.374790762882195,0.61401679443692,0.263210518077276,0.576128721015369,0.336187683999395,0.533562753711481,0.378753651303283,0.54548358914286,0.36558103804319,0.53,0.38
