"","simul_idx","up_dw","low_dw","up_dw_x1_to_xn","low_dw_x1_to_xn","up_dw_x1_to_xn_tails","low_dw_x1_to_xn_tails","up_t_test","low_t_test","up_anderson","low_anderson","up_cheby","low_cheby","up_emp_bern","low_emp_bern","up_hoeffding","low_hoeffding","up_PI_emp_bern","low_PI_emp_bern","up_PI_hedged","low_PI_hedged"
"1",285,0.620508647276023,0.449837366792308,0.620506486237137,0.44983854773358,0.645287462797748,0.44983854773358,0.587824663202204,0.483874065965763,0.613219636672124,0.454480057345055,0.682100965915076,0.348378581361816,0.655926440118197,0.415772289049771,0.613253915788083,0.458444813379885,0.62827591240476,0.449604351898364,0.61,0.46
