"","simul_idx","up_dw","low_dw","up_dw_x1_to_xn","low_dw_x1_to_xn","up_dw_x1_to_xn_tails","low_dw_x1_to_xn_tails","up_t_test","low_t_test","up_anderson","low_anderson","up_cheby","low_cheby","up_emp_bern","low_emp_bern","up_hoeffding","low_hoeffding","up_PI_emp_bern","low_PI_emp_bern","up_PI_hedged","low_PI_hedged"
"1",265,0.581728834571203,0.410668573411952,0.581726212522988,0.410672958570214,0.606511880886903,0.410672958570214,0.548251017704578,0.4439962244864,0.573485743676386,0.414748508869484,0.648385976909085,0.305697909813009,0.616450926785271,0.375796315405706,0.573528172299588,0.41871906989139,0.582366772941473,0.403614934249017,0.57,0.42
