"","simul_idx","up_dw","low_dw","up_dw_x1_to_xn","low_dw_x1_to_xn","up_dw_x1_to_xn_tails","low_dw_x1_to_xn_tails","up_t_test","low_t_test","up_anderson","low_anderson","up_cheby","low_cheby","up_emp_bern","low_emp_bern","up_hoeffding","low_hoeffding","up_PI_emp_bern","low_PI_emp_bern","up_PI_hedged","low_PI_hedged"
"1",342,0.698977237054203,0.434323652613263,0.698960208298181,0.434336283214875,0.753566258835083,0.434336283214875,0.652168287567875,0.487557892659993,0.692171666030038,0.437549692263328,0.771179358114742,0.264935351183319,0.791447919671154,0.348278260556714,0.692250431647975,0.447475748579893,0.72872896183185,0.415268859209008,0.68,0.45
