"","simul_idx","up_dw","low_dw","up_dw_x1_to_xn","low_dw_x1_to_xn","up_dw_x1_to_xn_tails","low_dw_x1_to_xn_tails","up_t_test","low_t_test","up_anderson","low_anderson","up_cheby","low_cheby","up_emp_bern","low_emp_bern","up_hoeffding","low_hoeffding","up_PI_emp_bern","low_PI_emp_bern","up_PI_hedged","low_PI_hedged"
"1",286,0.585185054933361,0.31947987752423,0.58516253294388,0.319484092697432,0.639756173498223,0.319484092697432,0.532652279921346,0.367349565518411,0.572321841037019,0.317723691919017,0.681439843361812,0.136743652492513,0.672152028574223,0.227849816865534,0.572388264253919,0.327613581185838,0.605250515921822,0.290287857124374,0.57,0.34
