"","simul_idx","up_dw","low_dw","up_dw_x1_to_xn","low_dw_x1_to_xn","up_dw_x1_to_xn_tails","low_dw_x1_to_xn_tails","up_t_test","low_t_test","up_anderson","low_anderson","up_cheby","low_cheby","up_emp_bern","low_emp_bern","up_hoeffding","low_hoeffding","up_PI_emp_bern","low_PI_emp_bern","up_PI_hedged","low_PI_hedged"
"1",29,0.853845311030026,0.300846951375234,0.853754021120563,0.300870325003977,1.0507582568811,0.300870325003977,0.79301467631045,0.405706907943161,0.87275599522744,0.276011494935593,0.903065368763466,-0.103917645927725,1.35658169246684,-0.157860108213224,0.873027207382405,0.325694376871207,0.999252401705162,0.218985204189619,0.82,0.33
