"","simul_idx","up_dw","low_dw","up_dw_x1_to_xn","low_dw_x1_to_xn","up_dw_x1_to_xn_tails","low_dw_x1_to_xn_tails","up_t_test","low_t_test","up_anderson","low_anderson","up_cheby","low_cheby","up_emp_bern","low_emp_bern","up_hoeffding","low_hoeffding","up_PI_emp_bern","low_PI_emp_bern","up_PI_hedged","low_PI_hedged"
"1",325,0.554192864140031,0.383426395232896,0.554192573592456,0.383427317688634,0.578973180538551,0.383427317688634,0.520213019671898,0.416201398968746,0.545584039431804,0.386834526461662,0.624424278813757,0.275974200648401,0.588334482465567,0.348079936175078,0.545611760524421,0.390802658116223,0.559705708206083,0.381361436353471,0.54,0.4
