"","simul_idx","up_dw","low_dw","up_dw_x1_to_xn","low_dw_x1_to_xn","up_dw_x1_to_xn_tails","low_dw_x1_to_xn_tails","up_t_test","low_t_test","up_anderson","low_anderson","up_cheby","low_cheby","up_emp_bern","low_emp_bern","up_hoeffding","low_hoeffding","up_PI_emp_bern","low_PI_emp_bern","up_PI_hedged","low_PI_hedged"
"1",320,0.61668799743931,0.44594584084097,0.616687243610013,0.445951225311536,0.641474359493799,0.445951225311536,0.583920038761581,0.479924697887992,0.609285408238728,0.450548554455557,0.678789035167403,0.344138596226417,0.652036249760314,0.411808486889259,0.609326919528886,0.454517817120688,0.623660857030653,0.444842661057808,0.6,0.46
