"","simul_idx","up_dw","low_dw","up_dw_x1_to_xn","low_dw_x1_to_xn","up_dw_x1_to_xn_tails","low_dw_x1_to_xn_tails","up_t_test","low_t_test","up_anderson","low_anderson","up_cheby","low_cheby","up_emp_bern","low_emp_bern","up_hoeffding","low_hoeffding","up_PI_emp_bern","low_PI_emp_bern","up_PI_hedged","low_PI_hedged"
"1",252,0.493017422668584,0.372647583879201,0.493016278308041,0.372648744475247,0.506295265586701,0.372648744475247,0.468626086418702,0.3958460904323,0.486951158723868,0.375529610757402,0.550316699086718,0.297205042924068,0.509465844475246,0.355006332375757,0.486969371476621,0.377502805374382,0.494224927941044,0.375841145699603,0.48,0.38
