"","simul_idx","up_dw","low_dw","up_dw_x1_to_xn","low_dw_x1_to_xn","up_dw_x1_to_xn_tails","low_dw_x1_to_xn_tails","up_t_test","low_t_test","up_anderson","low_anderson","up_cheby","low_cheby","up_emp_bern","low_emp_bern","up_hoeffding","low_hoeffding","up_PI_emp_bern","low_PI_emp_bern","up_PI_hedged","low_PI_hedged"
"1",462,0.514346099647481,0.34483041642705,0.51434433244825,0.344831216568304,0.539124780344779,0.344831216568304,0.479862465140462,0.376723572825686,0.505661174173561,0.346926453409938,0.589802521559493,0.233837899561802,0.547702389941884,0.308883648024263,0.505697570187173,0.350888467778975,0.520587216443436,0.343310264359001,0.5,0.36
