"","simul_idx","up_dw","low_dw","up_dw_x1_to_xn","low_dw_x1_to_xn","up_dw_x1_to_xn_tails","low_dw_x1_to_xn_tails","up_t_test","low_t_test","up_anderson","low_anderson","up_cheby","low_cheby","up_emp_bern","low_emp_bern","up_hoeffding","low_hoeffding","up_PI_emp_bern","low_PI_emp_bern","up_PI_hedged","low_PI_hedged"
"1",229,0.566705247329587,0.445351519243612,0.566704071138096,0.445351615318431,0.579981483618039,0.445351615318431,0.542832701061503,0.46934380729498,0.56080047564145,0.449371354288854,0.617343541816814,0.374986368336601,0.58390223716169,0.428274271194793,0.560821537229361,0.451354971127122,0.568770898854656,0.4486507035048,0.56,0.46
