"","simul_idx","up_dw","low_dw","up_dw_x1_to_xn","low_dw_x1_to_xn","up_dw_x1_to_xn_tails","low_dw_x1_to_xn_tails","up_t_test","low_t_test","up_anderson","low_anderson","up_cheby","low_cheby","up_emp_bern","low_emp_bern","up_hoeffding","low_hoeffding","up_PI_emp_bern","low_PI_emp_bern","up_PI_hedged","low_PI_hedged"
"1",298,0.534996629442538,0.413789994692487,0.534995840469899,0.413791340589237,0.548275066896265,0.413791340589237,0.51083476974776,0.437463346637692,0.528859608587279,0.417435830166299,0.588488966874434,0.341215068797578,0.551866229585921,0.396431886799531,0.528882341243846,0.419415775141606,0.532515433854512,0.413197583334001,0.52,0.43
