"","simul_idx","up_dw","low_dw","up_dw_x1_to_xn","low_dw_x1_to_xn","up_dw_x1_to_xn_tails","low_dw_x1_to_xn_tails","up_t_test","low_t_test","up_anderson","low_anderson","up_cheby","low_cheby","up_emp_bern","low_emp_bern","up_hoeffding","low_hoeffding","up_PI_emp_bern","low_PI_emp_bern","up_PI_hedged","low_PI_hedged"
"1",494,0.596023954151117,0.474944768330093,0.596023678762746,0.474945581105441,0.609302131435957,0.474945581105441,0.572456231887978,0.499177941714371,0.590530298406637,0.47910424270341,0.64400717494425,0.406614563881582,0.613457504152501,0.458176669449848,0.590550369852294,0.481083803750055,0.597378209402782,0.478159297138841,0.58,0.49
