"","simul_idx","up_dw","low_dw","up_dw_x1_to_xn","low_dw_x1_to_xn","up_dw_x1_to_xn_tails","low_dw_x1_to_xn_tails","up_t_test","low_t_test","up_anderson","low_anderson","up_cheby","low_cheby","up_emp_bern","low_emp_bern","up_hoeffding","low_hoeffding","up_PI_emp_bern","low_PI_emp_bern","up_PI_hedged","low_PI_hedged"
"1",336,0.544835225693969,0.423527543653901,0.544833859512377,0.423529267454246,0.558113634414373,0.423529267454246,0.520751817843013,0.447303665223407,0.538743602675116,0.427312933193477,0.597435886043825,0.351638116962468,0.561808148342481,0.406247334723938,0.538761024584329,0.42929445848209,0.548699647745626,0.428117574968068,0.54,0.44
