"","simul_idx","up_dw","low_dw","up_dw_x1_to_xn","low_dw_x1_to_xn","up_dw_x1_to_xn_tails","low_dw_x1_to_xn_tails","up_t_test","low_t_test","up_anderson","low_anderson","up_cheby","low_cheby","up_emp_bern","low_emp_bern","up_hoeffding","low_hoeffding","up_PI_emp_bern","low_PI_emp_bern","up_PI_hedged","low_PI_hedged"
"1",184,0.611177320781206,0.244093948866841,0.611142563447211,0.244097290941803,0.707449476761987,0.244097290941803,0.538109191714954,0.302624847247029,0.593367204218056,0.227444002028077,0.727298991439366,-0.0266872923043798,0.786783649474968,0.0539503894870151,0.59344885774122,0.247285181220763,0.642871954467727,0.209313733481393,0.59,0.27
