"","simul_idx","up_dw","low_dw","up_dw_x1_to_xn","low_dw_x1_to_xn","up_dw_x1_to_xn_tails","low_dw_x1_to_xn_tails","up_t_test","low_t_test","up_anderson","low_anderson","up_cheby","low_cheby","up_emp_bern","low_emp_bern","up_hoeffding","low_hoeffding","up_PI_emp_bern","low_PI_emp_bern","up_PI_hedged","low_PI_hedged"
"1",216,0.735252645411113,0.473917601699679,0.735247243224519,0.473936616474009,0.78986272845847,0.473936616474009,0.690544463075375,0.528405587712425,0.731792222457777,0.477142666149783,0.799445329633189,0.308691080173902,0.829038298507632,0.389911752280168,0.731862366927941,0.487087683859859,0.765181261539091,0.457638299805643,0.72,0.49
