"","simul_idx","up_dw","low_dw","up_dw_x1_to_xn","low_dw_x1_to_xn","up_dw_x1_to_xn_tails","low_dw_x1_to_xn_tails","up_t_test","low_t_test","up_anderson","low_anderson","up_cheby","low_cheby","up_emp_bern","low_emp_bern","up_hoeffding","low_hoeffding","up_PI_emp_bern","low_PI_emp_bern","up_PI_hedged","low_PI_hedged"
"1",308,0.689514135735992,0.424193221293436,0.689506953906776,0.424205436991854,0.744112391806236,0.424205436991854,0.642176106611304,0.477051936349446,0.681940667583702,0.427293464818217,0.763744823721956,0.25373521533327,0.781619088813769,0.337608954146981,0.682001363014415,0.437226679946334,0.719125223834869,0.404461644798267,0.67,0.44
