"","simul_idx","up_dw","low_dw","up_dw_x1_to_xn","low_dw_x1_to_xn","up_dw_x1_to_xn_tails","low_dw_x1_to_xn_tails","up_t_test","low_t_test","up_anderson","low_anderson","up_cheby","low_cheby","up_emp_bern","low_emp_bern","up_hoeffding","low_hoeffding","up_PI_emp_bern","low_PI_emp_bern","up_PI_hedged","low_PI_hedged"
"1",426,0.648855015137067,0.27881513553442,0.648833647091739,0.278852566619446,0.745191368355786,0.278852566619446,0.57900168916791,0.341244270333712,0.633088708955409,0.267254015373751,0.753924765819107,0.0129468670989111,0.828380929179719,0.0918650303219031,0.633204818011039,0.287041141490582,0.684278835465289,0.246551814488782,0.62,0.3
