"","simul_idx","up_dw","low_dw","up_dw_x1_to_xn","low_dw_x1_to_xn","up_dw_x1_to_xn_tails","low_dw_x1_to_xn_tails","up_t_test","low_t_test","up_anderson","low_anderson","up_cheby","low_cheby","up_emp_bern","low_emp_bern","up_hoeffding","low_hoeffding","up_PI_emp_bern","low_PI_emp_bern","up_PI_hedged","low_PI_hedged"
"1",68,0.546886030018793,0.425572395725207,0.546884923379217,0.425572677537002,0.560162605431101,0.425572677537002,0.522822086018998,0.449368132222888,0.540809602007432,0.429382648381281,0.599305762588552,0.353821902354474,0.563880296878407,0.408309921363479,0.540828392172063,0.431361826069824,0.543734779441475,0.424299956960114,0.54,0.44
