"","simul_idx","up_dw","low_dw","up_dw_x1_to_xn","low_dw_x1_to_xn","up_dw_x1_to_xn_tails","low_dw_x1_to_xn_tails","up_t_test","low_t_test","up_anderson","low_anderson","up_cheby","low_cheby","up_emp_bern","low_emp_bern","up_hoeffding","low_hoeffding","up_PI_emp_bern","low_PI_emp_bern","up_PI_hedged","low_PI_hedged"
"1",121,0.532894233949917,0.411710287110778,0.532893293741399,0.41171142227865,0.546172214323479,0.41171142227865,0.508716634495498,0.435360418214392,0.526754159523476,0.415328634635388,0.58657496670753,0.338990771243343,0.5497431652797,0.39433388743019,0.526771809406065,0.417305243303825,0.534249999948076,0.414939081736283,0.52,0.42
