"","simul_idx","up_dw","low_dw","up_dw_x1_to_xn","low_dw_x1_to_xn","up_dw_x1_to_xn_tails","low_dw_x1_to_xn_tails","up_t_test","low_t_test","up_anderson","low_anderson","up_cheby","low_cheby","up_emp_bern","low_emp_bern","up_hoeffding","low_hoeffding","up_PI_emp_bern","low_PI_emp_bern","up_PI_hedged","low_PI_hedged"
"1",462,0.542956257601826,0.421680370436739,0.542954808750087,0.421681512657793,0.556233739568901,0.421681512657793,0.51886171690243,0.445432530619063,0.536857512333282,0.425438164068519,0.595734165619701,0.349652351558232,0.559911899762904,0.404382347758589,0.536880406811866,0.427413840709626,0.544037043155629,0.424650226252371,0.53,0.43
