"","simul_idx","up_dw","low_dw","up_dw_x1_to_xn","low_dw_x1_to_xn","up_dw_x1_to_xn_tails","low_dw_x1_to_xn_tails","up_t_test","low_t_test","up_anderson","low_anderson","up_cheby","low_cheby","up_emp_bern","low_emp_bern","up_hoeffding","low_hoeffding","up_PI_emp_bern","low_PI_emp_bern","up_PI_hedged","low_PI_hedged"
"1",312,0.818278660427069,0.258497492205507,0.818146451482139,0.258537966929854,1.01517673214467,0.258537966929854,0.745943172590925,0.353012789623096,0.822852662774123,0.226239084692298,0.882301846794722,-0.149664538652041,1.31111501499129,-0.212159052777267,0.823144396362609,0.275811565851411,0.953488496997914,0.167234148349995,0.78,0.28
