"","simul_idx","up_dw","low_dw","up_dw_x1_to_xn","low_dw_x1_to_xn","up_dw_x1_to_xn_tails","low_dw_x1_to_xn_tails","up_t_test","low_t_test","up_anderson","low_anderson","up_cheby","low_cheby","up_emp_bern","low_emp_bern","up_hoeffding","low_hoeffding","up_PI_emp_bern","low_PI_emp_bern","up_PI_hedged","low_PI_hedged"
"1",137,0.542773784089091,0.42149615742257,0.542771957657447,0.421496299865229,0.556049437087137,0.421496299865229,0.518668914467362,0.445255194965112,0.536679339748985,0.42525394336407,0.595566662901023,0.349456973797481,0.559714084014484,0.40421002541799,0.536695337767357,0.427228771665117,0.539503567863624,0.419690402876457,0.53,0.43
