"","simul_idx","up_dw","low_dw","up_dw_x1_to_xn","low_dw_x1_to_xn","up_dw_x1_to_xn_tails","low_dw_x1_to_xn_tails","up_t_test","low_t_test","up_anderson","low_anderson","up_cheby","low_cheby","up_emp_bern","low_emp_bern","up_hoeffding","low_hoeffding","up_PI_emp_bern","low_PI_emp_bern","up_PI_hedged","low_PI_hedged"
"1",178,0.564703200462756,0.443353283036741,0.564701291187181,0.443353902130953,0.577979462758587,0.443353902130953,0.540808893553196,0.46732734386064,0.558780761049475,0.447358295137681,0.615524770132754,0.372844090076889,0.581876049187544,0.426260188226292,0.558801401758037,0.449334835655798,0.566368558672259,0.446833632960547,0.55,0.45
