"","simul_idx","up_dw","low_dw","up_dw_x1_to_xn","low_dw_x1_to_xn","up_dw_x1_to_xn_tails","low_dw_x1_to_xn_tails","up_t_test","low_t_test","up_anderson","low_anderson","up_cheby","low_cheby","up_emp_bern","low_emp_bern","up_hoeffding","low_hoeffding","up_PI_emp_bern","low_PI_emp_bern","up_PI_hedged","low_PI_hedged"
"1",85,0.88729092191002,0.346460931174932,0.887247686233069,0.346660500977745,1.08452026808044,0.346660500977745,0.838278368679603,0.461102766826166,0.922910041055977,0.326242639630125,0.922548964074043,-0.056294873736864,1.39895342657724,-0.0995722910714735,0.923356983008483,0.376024152497286,1.04613395808415,0.270239354385747,0.87,0.38
