"","simul_idx","up_dw","low_dw","up_dw_x1_to_xn","low_dw_x1_to_xn","up_dw_x1_to_xn_tails","low_dw_x1_to_xn_tails","up_t_test","low_t_test","up_anderson","low_anderson","up_cheby","low_cheby","up_emp_bern","low_emp_bern","up_hoeffding","low_hoeffding","up_PI_emp_bern","low_PI_emp_bern","up_PI_hedged","low_PI_hedged"
"1",329,0.680285841143516,0.414500875075931,0.680275247486518,0.414511323525027,0.734878075902323,0.414511323525027,0.632424841195453,0.466996329865269,0.672036519550904,0.417407421829125,0.756515778232427,0.242958013640957,0.771964585812294,0.327456585248428,0.672097927064402,0.42732324399632,0.704717475117217,0.389254031358864,0.66,0.43
