"","simul_idx","up_dw","low_dw","up_dw_x1_to_xn","low_dw_x1_to_xn","up_dw_x1_to_xn_tails","low_dw_x1_to_xn_tails","up_t_test","low_t_test","up_anderson","low_anderson","up_cheby","low_cheby","up_emp_bern","low_emp_bern","up_hoeffding","low_hoeffding","up_PI_emp_bern","low_PI_emp_bern","up_PI_hedged","low_PI_hedged"
"1",476,0.755769277445138,0.38870011172082,0.755734573000834,0.388715522338128,0.852059473868963,0.388715522338128,0.697242714892296,0.461734103527228,0.752476107222832,0.38656814840172,0.829355894315213,0.13645812103439,0.945924696769719,0.213052121649805,0.75257024746999,0.406406570949533,0.800634260675466,0.36663841662366,0.73,0.41
