"","simul_idx","up_dw","low_dw","up_dw_x1_to_xn","low_dw_x1_to_xn","up_dw_x1_to_xn_tails","low_dw_x1_to_xn_tails","up_t_test","low_t_test","up_anderson","low_anderson","up_cheby","low_cheby","up_emp_bern","low_emp_bern","up_hoeffding","low_hoeffding","up_PI_emp_bern","low_PI_emp_bern","up_PI_hedged","low_PI_hedged"
"1",23,0.566553821690798,0.445205751269918,0.56655280461238,0.445207845286577,0.579833116832966,0.445207845286577,0.542677529297125,0.469198141346045,0.560650180413834,0.449225705740043,0.617208146209336,0.374826825009459,0.583743984237042,0.428131686406128,0.560671118372705,0.451204552270465,0.564136683006311,0.444615122392153,0.56,0.46
