"","simul_idx","up_dw","low_dw","up_dw_x1_to_xn","low_dw_x1_to_xn","up_dw_x1_to_xn_tails","low_dw_x1_to_xn_tails","up_t_test","low_t_test","up_anderson","low_anderson","up_cheby","low_cheby","up_emp_bern","low_emp_bern","up_hoeffding","low_hoeffding","up_PI_emp_bern","low_PI_emp_bern","up_PI_hedged","low_PI_hedged"
"1",308,0.61119110451199,0.244128770286616,0.611178434481472,0.244149344715248,0.707511031749799,0.244149344715248,0.538116991599121,0.302671954366965,0.593357402524023,0.227462543208914,0.72731761751619,-0.0266601625444512,0.786779261881881,0.0540096840842054,0.593476311243271,0.247312634722814,0.631780503593376,0.200749897074145,0.59,0.27
