"","simul_idx","up_dw","low_dw","up_dw_x1_to_xn","low_dw_x1_to_xn","up_dw_x1_to_xn_tails","low_dw_x1_to_xn_tails","up_t_test","low_t_test","up_anderson","low_anderson","up_cheby","low_cheby","up_emp_bern","low_emp_bern","up_hoeffding","low_hoeffding","up_PI_emp_bern","low_PI_emp_bern","up_PI_hedged","low_PI_hedged"
"1",433,0.772751694704692,0.408142558846329,0.772683120524281,0.408164928596933,0.869018393629409,0.408164928596933,0.716251455476467,0.48263385976512,0.772364697085018,0.406565260514524,0.841236460980803,0.157834635053853,0.96434711501865,0.234538200222936,0.772524495881022,0.426360819360565,0.808636071613716,0.37848469170786,0.75,0.43
