"","simul_idx","up_dw","low_dw","up_dw_x1_to_xn","low_dw_x1_to_xn","up_dw_x1_to_xn_tails","low_dw_x1_to_xn_tails","up_t_test","low_t_test","up_anderson","low_anderson","up_cheby","low_cheby","up_emp_bern","low_emp_bern","up_hoeffding","low_hoeffding","up_PI_emp_bern","low_PI_emp_bern","up_PI_hedged","low_PI_hedged"
"1",390,0.671115921759386,0.404908047954378,0.671101049329893,0.404911595701365,0.725693688312248,0.404911595701365,0.622744537253142,0.457027217056499,0.662209070951091,0.407568586156574,0.749301188966774,0.232309496769263,0.76237610596512,0.317395648344522,0.662273218688861,0.41749853562078,0.695243650562994,0.379188383299685,0.65,0.42
