"","simul_idx","up_dw","low_dw","up_dw_x1_to_xn","low_dw_x1_to_xn","up_dw_x1_to_xn_tails","low_dw_x1_to_xn_tails","up_t_test","low_t_test","up_anderson","low_anderson","up_cheby","low_cheby","up_emp_bern","low_emp_bern","up_hoeffding","low_hoeffding","up_PI_emp_bern","low_PI_emp_bern","up_PI_hedged","low_PI_hedged"
"1",295,0.553437449081023,0.0548864079432698,0.55315777954036,0.0549479915751496,0.750220208986845,0.0549479915751496,0.421195611035944,0.0792030638470045,0.523685249132699,0.00076643448930432,0.731974121601746,-0.398375005013113,0.971828598921625,-0.471429924038676,0.523865752697073,-0.0234670778141243,0.639922606405582,-0.103088440564672,0.51,0.05
