"","simul_idx","up_dw","low_dw","up_dw_x1_to_xn","low_dw_x1_to_xn","up_dw_x1_to_xn_tails","low_dw_x1_to_xn_tails","up_t_test","low_t_test","up_anderson","low_anderson","up_cheby","low_cheby","up_emp_bern","low_emp_bern","up_hoeffding","low_hoeffding","up_PI_emp_bern","low_PI_emp_bern","up_PI_hedged","low_PI_hedged"
"1",169,0.604849848077202,0.338325836294053,0.604838991514706,0.338333504301218,0.659437714387689,0.338333504301218,0.553153236215089,0.387199333847657,0.592508111102024,0.337870820464367,0.696949581657605,0.15791639112671,0.692860024029667,0.247492546033078,0.592563626565414,0.347788943497332,0.626131483667528,0.309559137991865,0.59,0.36
