"","simul_idx","up_dw","low_dw","up_dw_x1_to_xn","low_dw_x1_to_xn","up_dw_x1_to_xn_tails","low_dw_x1_to_xn_tails","up_t_test","low_t_test","up_anderson","low_anderson","up_cheby","low_cheby","up_emp_bern","low_emp_bern","up_hoeffding","low_hoeffding","up_PI_emp_bern","low_PI_emp_bern","up_PI_hedged","low_PI_hedged"
"1",118,0.642859780335134,0.375993297199039,0.642846492834497,0.376001564609711,0.697446100774252,0.376001564609711,0.592987409015501,0.426816412656799,0.632230495215749,0.377588762111968,0.727026775353899,0.200067607984555,0.732763219847108,0.287040601825191,0.632289252370191,0.387514569302109,0.665242649450734,0.349524733674758,0.62,0.39
