"","simul_idx","up_dw","low_dw","up_dw_x1_to_xn","low_dw_x1_to_xn","up_dw_x1_to_xn_tails","low_dw_x1_to_xn_tails","up_t_test","low_t_test","up_anderson","low_anderson","up_cheby","low_cheby","up_emp_bern","low_emp_bern","up_hoeffding","low_hoeffding","up_PI_emp_bern","low_PI_emp_bern","up_PI_hedged","low_PI_hedged"
"1",61,0.538875356111732,0.417615914293192,0.538875065165706,0.41761669973323,0.552153475485549,0.41761669973323,0.514744199344485,0.44132853152352,0.532756179330129,0.421323873798819,0.592011962494386,0.345314244238952,0.555790000408414,0.40028273045959,0.532769648485122,0.423303082382883,0.539985693122077,0.420552233028801,0.53,0.43
