"","simul_idx","up_dw","low_dw","up_dw_x1_to_xn","low_dw_x1_to_xn","up_dw_x1_to_xn_tails","low_dw_x1_to_xn_tails","up_t_test","low_t_test","up_anderson","low_anderson","up_cheby","low_cheby","up_emp_bern","low_emp_bern","up_hoeffding","low_hoeffding","up_PI_emp_bern","low_PI_emp_bern","up_PI_hedged","low_PI_hedged"
"1",479,0.698706025567921,0.145702677518776,0.69861167977232,0.145743244598395,0.895642101091569,0.145743244598395,0.593840658602475,0.206307592925246,0.673547878388014,0.0768138751611321,0.812394192843818,-0.278962025158671,1.15747197990182,-0.357323728374099,0.673740541019459,0.126407710508262,0.781597020083467,-0.000921805906615836,0.67,0.18
