"","simul_idx","up_dw","low_dw","up_dw_x1_to_xn","low_dw_x1_to_xn","up_dw_x1_to_xn_tails","low_dw_x1_to_xn_tails","up_t_test","low_t_test","up_anderson","low_anderson","up_cheby","low_cheby","up_emp_bern","low_emp_bern","up_hoeffding","low_hoeffding","up_PI_emp_bern","low_PI_emp_bern","up_PI_hedged","low_PI_hedged"
"1",71,0.546303452980138,0.375746293558739,0.546299247701454,0.375748138622904,0.571081194771348,0.375748138622904,0.51220695746299,0.408351916278769,0.537644955000877,0.378912945591956,0.617580908174639,0.267571855038591,0.58027790845485,0.340280965286909,0.537683988074979,0.382874885666781,0.547585100082257,0.369733102162854,0.53,0.39
