"","simul_idx","up_dw","low_dw","up_dw_x1_to_xn","low_dw_x1_to_xn","up_dw_x1_to_xn_tails","low_dw_x1_to_xn_tails","up_t_test","low_t_test","up_anderson","low_anderson","up_cheby","low_cheby","up_emp_bern","low_emp_bern","up_hoeffding","low_hoeffding","up_PI_emp_bern","low_PI_emp_bern","up_PI_hedged","low_PI_hedged"
"1",41,0.65360350489324,0.112955961440629,0.653525539978555,0.113100353010059,0.850714085591397,0.113100353010059,0.538891806378297,0.162098915212414,0.623849164508482,0.0274961608502748,0.786866972676326,-0.319539824949186,1.09945762965844,-0.398466908067726,0.624161776050954,0.0768289455397565,0.729066649210701,-0.0451375028376744,0.63,0.14
