"","simul_idx","up_dw","low_dw","up_dw_x1_to_xn","low_dw_x1_to_xn","up_dw_x1_to_xn_tails","low_dw_x1_to_xn_tails","up_t_test","low_t_test","up_anderson","low_anderson","up_cheby","low_cheby","up_emp_bern","low_emp_bern","up_hoeffding","low_hoeffding","up_PI_emp_bern","low_PI_emp_bern","up_PI_hedged","low_PI_hedged"
"1",48,0.85392507099445,0.301246286225895,0.853913420379998,0.301365560115844,1.05106371186482,0.301365560115844,0.79309682730047,0.406205189347639,0.872907139643166,0.276425848204317,0.903182049349783,-0.103647371584377,1.3565450700645,-0.157243053416387,0.873317423579653,0.325984593068456,1.00124004897503,0.217474146920482,0.82,0.33
