"","simul_idx","up_dw","low_dw","up_dw_x1_to_xn","low_dw_x1_to_xn","up_dw_x1_to_xn_tails","low_dw_x1_to_xn_tails","up_t_test","low_t_test","up_anderson","low_anderson","up_cheby","low_cheby","up_emp_bern","low_emp_bern","up_hoeffding","low_hoeffding","up_PI_emp_bern","low_PI_emp_bern","up_PI_hedged","low_PI_hedged"
"1",287,0.630171528543261,0.261214137326768,0.630143121655997,0.26122288051175,0.726458085052702,0.26122288051175,0.558665661048902,0.321701731652687,0.613195335221666,0.24721751757506,0.740658377005242,-0.00701888308725129,0.807798874234147,0.0725685184674414,0.613265534611023,0.267101858090566,0.653012497900842,0.218666292058924,0.61,0.29
