"","simul_idx","up_dw","low_dw","up_dw_x1_to_xn","low_dw_x1_to_xn","up_dw_x1_to_xn_tails","low_dw_x1_to_xn_tails","up_t_test","low_t_test","up_anderson","low_anderson","up_cheby","low_cheby","up_emp_bern","low_emp_bern","up_hoeffding","low_hoeffding","up_PI_emp_bern","low_PI_emp_bern","up_PI_hedged","low_PI_hedged"
"1",452,0.554796782056252,0.433458548796286,0.554796040685698,0.433459746104228,0.568075051455633,0.433459746104228,0.530799495742614,0.457340353754934,0.548782574929795,0.437356584733306,0.606510569458354,0.362253988872575,0.571859388272558,0.41628046122499,0.548803207799894,0.439336641697654,0.555743695999659,0.436144860310367,0.54,0.44
