"","simul_idx","up_dw","low_dw","up_dw_x1_to_xn","low_dw_x1_to_xn","up_dw_x1_to_xn_tails","low_dw_x1_to_xn_tails","up_t_test","low_t_test","up_anderson","low_anderson","up_cheby","low_cheby","up_emp_bern","low_emp_bern","up_hoeffding","low_hoeffding","up_PI_emp_bern","low_PI_emp_bern","up_PI_hedged","low_PI_hedged"
"1",36,0.586199062404863,0.464974648555964,0.586198922526021,0.464975129002424,0.599476892869086,0.464975129002424,0.562523500023373,0.489139025884754,0.580545819378257,0.469114415776102,0.63507254314956,0.395969148917231,0.603559190146762,0.448103335761365,0.580564546005183,0.471097979902944,0.587275305618202,0.467735879479167,0.57,0.48
