"","simul_idx","up_dw","low_dw","up_dw_x1_to_xn","low_dw_x1_to_xn","up_dw_x1_to_xn_tails","low_dw_x1_to_xn_tails","up_t_test","low_t_test","up_anderson","low_anderson","up_cheby","low_cheby","up_emp_bern","low_emp_bern","up_hoeffding","low_hoeffding","up_PI_emp_bern","low_PI_emp_bern","up_PI_hedged","low_PI_hedged"
"1",426,0.581607554016574,0.410594274536056,0.58160207431867,0.410598293281448,0.606387224606117,0.410598293281448,0.548118816634993,0.443928951131907,0.573380210036424,0.414657025769844,0.648300754342375,0.305591330048874,0.616297780346209,0.37574998742069,0.573428435087549,0.418619332679351,0.588000844703985,0.409434524255802,0.57,0.42
