"","simul_idx","up_dw","low_dw","up_dw_x1_to_xn","low_dw_x1_to_xn","up_dw_x1_to_xn_tails","low_dw_x1_to_xn_tails","up_t_test","low_t_test","up_anderson","low_anderson","up_cheby","low_cheby","up_emp_bern","low_emp_bern","up_hoeffding","low_hoeffding","up_PI_emp_bern","low_PI_emp_bern","up_PI_hedged","low_PI_hedged"
"1",239,0.58172137397562,0.410679933347662,0.581716934759927,0.410683118413385,0.606500841453909,0.410683118413385,0.548240321890517,0.444012071838576,0.573484930989153,0.4147530850814,0.648388177792086,0.305700662332042,0.616431668273091,0.375820725456002,0.573530748068645,0.418721645660447,0.580849045233999,0.401748420263004,0.57,0.42
