"","simul_idx","up_dw","low_dw","up_dw_x1_to_xn","low_dw_x1_to_xn","up_dw_x1_to_xn_tails","low_dw_x1_to_xn_tails","up_t_test","low_t_test","up_anderson","low_anderson","up_cheby","low_cheby","up_emp_bern","low_emp_bern","up_hoeffding","low_hoeffding","up_PI_emp_bern","low_PI_emp_bern","up_PI_hedged","low_PI_hedged"
"1",117,0.741640580112769,0.181862661554696,0.74163259157556,0.182018601195148,0.938838724855591,0.182018601195148,0.647208256488344,0.254184053443213,0.723964500986114,0.127375464961826,0.837301131322034,-0.236372924700996,1.21240687734196,-0.311014567410408,0.724362570221377,0.17702973971018,0.83248836364356,0.0469903147984379,0.71,0.21
