"","simul_idx","up_dw","low_dw","up_dw_x1_to_xn","low_dw_x1_to_xn","up_dw_x1_to_xn_tails","low_dw_x1_to_xn_tails","up_t_test","low_t_test","up_anderson","low_anderson","up_cheby","low_cheby","up_emp_bern","low_emp_bern","up_hoeffding","low_hoeffding","up_PI_emp_bern","low_PI_emp_bern","up_PI_hedged","low_PI_hedged"
"1",144,0.577775715205375,0.406725861773148,0.577772690102815,0.406726459993843,0.60255282920545,0.406726459993843,0.544207656402384,0.439984376386288,0.569474099800888,0.410730489080545,0.644942274179831,0.3013962188862,0.612397399475233,0.371794633313439,0.569500567598435,0.414691465190237,0.57762976745935,0.398506411375505,0.56,0.42
