"","simul_idx","up_dw","low_dw","up_dw_x1_to_xn","low_dw_x1_to_xn","up_dw_x1_to_xn_tails","low_dw_x1_to_xn_tails","up_t_test","low_t_test","up_anderson","low_anderson","up_cheby","low_cheby","up_emp_bern","low_emp_bern","up_hoeffding","low_hoeffding","up_PI_emp_bern","low_PI_emp_bern","up_PI_hedged","low_PI_hedged"
"1",134,0.740532457030203,0.180632126413006,0.740495541340188,0.180684481562425,0.93754391584383,0.180684481562425,0.645734239487508,0.252688409044342,0.722735479207448,0.126126248057305,0.836587733281288,-0.237639300926722,1.21093903330841,-0.312516384776558,0.722877739521524,0.175544909010326,0.856857528081095,0.0683890339145551,0.7,0.2
