"","simul_idx","up_dw","low_dw","up_dw_x1_to_xn","low_dw_x1_to_xn","up_dw_x1_to_xn_tails","low_dw_x1_to_xn_tails","up_t_test","low_t_test","up_anderson","low_anderson","up_cheby","low_cheby","up_emp_bern","low_emp_bern","up_hoeffding","low_hoeffding","up_PI_emp_bern","low_PI_emp_bern","up_PI_hedged","low_PI_hedged"
"1",238,0.544898784415736,0.423596591321647,0.544898206786372,0.423597555829326,0.558176879678411,0.423597555829326,0.520820412721493,0.447368999254044,0.53880742361353,0.427382672879575,0.597496467150676,0.351708838707693,0.5618778001734,0.406311611802137,0.538827989038888,0.429361422936649,0.545989098475241,0.426272643714378,0.53,0.43
