"","simul_idx","up_dw","low_dw","up_dw_x1_to_xn","low_dw_x1_to_xn","up_dw_x1_to_xn_tails","low_dw_x1_to_xn_tails","up_t_test","low_t_test","up_anderson","low_anderson","up_cheby","low_cheby","up_emp_bern","low_emp_bern","up_hoeffding","low_hoeffding","up_PI_emp_bern","low_PI_emp_bern","up_PI_hedged","low_PI_hedged"
"1",107,0.55078746418461,0.429462104197686,0.550787211760008,0.429463554247295,0.564066632935988,0.429463554247295,0.526756567780918,0.453299659681833,0.544739750642028,0.433314053353772,0.602860647969493,0.357978790719478,0.567815736231079,0.412240491231672,0.544761396782495,0.435294830680256,0.553605397622146,0.433651347399634,0.54,0.44
