"","simul_idx","up_dw","low_dw","up_dw_x1_to_xn","low_dw_x1_to_xn","up_dw_x1_to_xn_tails","low_dw_x1_to_xn_tails","up_t_test","low_t_test","up_anderson","low_anderson","up_cheby","low_cheby","up_emp_bern","low_emp_bern","up_hoeffding","low_hoeffding","up_PI_emp_bern","low_PI_emp_bern","up_PI_hedged","low_PI_hedged"
"1",498,0.632034321553791,0.461666803590383,0.632032330789476,0.461670121773783,0.656816449594497,0.461670121773783,0.59959255729841,0.495883808139379,0.625109087238842,0.466373195451014,0.692098748326639,0.361243910748158,0.667616315184599,0.42786005025319,0.625142733922993,0.470333631514795,0.636253092919223,0.458140357302062,0.62,0.47
