"","simul_idx","up_dw","low_dw","up_dw_x1_to_xn","low_dw_x1_to_xn","up_dw_x1_to_xn_tails","low_dw_x1_to_xn_tails","up_t_test","low_t_test","up_anderson","low_anderson","up_cheby","low_cheby","up_emp_bern","low_emp_bern","up_hoeffding","low_hoeffding","up_PI_emp_bern","low_PI_emp_bern","up_PI_hedged","low_PI_hedged"
"1",280,0.59737355403191,0.426337844596778,0.597372757212604,0.426341745962673,0.622157735657419,0.426341745962673,0.564190725706627,0.45998899468889,0.589467715354134,0.430713939010615,0.661992034471092,0.322796158216905,0.632373517175959,0.391806203219558,0.589494411401857,0.434685308993659,0.604139733729339,0.424574525771533,0.58,0.44
