"","simul_idx","up_dw","low_dw","up_dw_x1_to_xn","low_dw_x1_to_xn","up_dw_x1_to_xn_tails","low_dw_x1_to_xn_tails","up_t_test","low_t_test","up_anderson","low_anderson","up_cheby","low_cheby","up_emp_bern","low_emp_bern","up_hoeffding","low_hoeffding","up_PI_emp_bern","low_PI_emp_bern","up_PI_hedged","low_PI_hedged"
"1",213,0.585604081587277,0.414548994199246,0.585600852201284,0.414551839462815,0.610384296342181,0.414551839462815,0.552189713208147,0.447967582753568,0.577446912352876,0.418704634146559,0.651763160405578,0.309926547249917,0.620379085437963,0.379778210523752,0.577483199184957,0.422674096776759,0.587212662964146,0.408462149942036,0.57,0.43
