"","simul_idx","up_dw","low_dw","up_dw_x1_to_xn","low_dw_x1_to_xn","up_dw_x1_to_xn_tails","low_dw_x1_to_xn_tails","up_t_test","low_t_test","up_anderson","low_anderson","up_cheby","low_cheby","up_emp_bern","low_emp_bern","up_hoeffding","low_hoeffding","up_PI_emp_bern","low_PI_emp_bern","up_PI_hedged","low_PI_hedged"
"1",281,0.54484503980496,0.423556707366741,0.544843177014171,0.423559021756314,0.558123809076047,0.423559021756314,0.520763366742454,0.447331642818441,0.538758969897941,0.427338722311245,0.597453765465723,0.351658989005743,0.561814372139152,0.406280637421743,0.538780787831567,0.429314221729328,0.541602098525045,0.421752424861115,0.53,0.43
