"","simul_idx","up_dw","low_dw","up_dw_x1_to_xn","low_dw_x1_to_xn","up_dw_x1_to_xn_tails","low_dw_x1_to_xn_tails","up_t_test","low_t_test","up_anderson","low_anderson","up_cheby","low_cheby","up_emp_bern","low_emp_bern","up_hoeffding","low_hoeffding","up_PI_emp_bern","low_PI_emp_bern","up_PI_hedged","low_PI_hedged"
"1",230,0.818512756354069,0.258952637362958,0.818424044588854,0.259198984111579,1.0157678675425,0.259198984111579,0.746371781125302,0.353430508069377,0.823127593184869,0.226716589362544,0.882483766849135,-0.149282240719349,1.31154673181254,-0.211744442617863,0.823567559852938,0.276234729341741,0.955244104789016,0.166435820514248,0.78,0.28
