"","simul_idx","up_dw","low_dw","up_dw_x1_to_xn","low_dw_x1_to_xn","up_dw_x1_to_xn_tails","low_dw_x1_to_xn_tails","up_t_test","low_t_test","up_anderson","low_anderson","up_cheby","low_cheby","up_emp_bern","low_emp_bern","up_hoeffding","low_hoeffding","up_PI_emp_bern","low_PI_emp_bern","up_PI_hedged","low_PI_hedged"
"1",357,0.548845438015327,0.427516384093785,0.548843628465242,0.427517317008164,0.562122255503905,0.427517317008164,0.524795905182389,0.451334631238811,0.542780852433958,0.431352154833873,0.601086906080407,0.355903815901162,0.565856488752239,0.410274047668961,0.54279855126172,0.43333198515948,0.549459600895574,0.429937430429672,0.54,0.44
