"","simul_idx","up_dw","low_dw","up_dw_x1_to_xn","low_dw_x1_to_xn","up_dw_x1_to_xn_tails","low_dw_x1_to_xn_tails","up_t_test","low_t_test","up_anderson","low_anderson","up_cheby","low_cheby","up_emp_bern","low_emp_bern","up_hoeffding","low_hoeffding","up_PI_emp_bern","low_PI_emp_bern","up_PI_hedged","low_PI_hedged"
"1",164,0.781395925554304,0.219208861003857,0.781281829919189,0.219229059409889,0.978281229827901,0.219229059409889,0.698010492056167,0.302780936891759,0.773787876855393,0.177069792142292,0.860559956120573,-0.19336567015529,1.26383857219335,-0.263047143245429,0.774062129729562,0.226729299218364,0.883966862985138,0.0925393121044126,0.75,0.25
