"","simul_idx","up_dw","low_dw","up_dw_x1_to_xn","low_dw_x1_to_xn","up_dw_x1_to_xn_tails","low_dw_x1_to_xn_tails","up_t_test","low_t_test","up_anderson","low_anderson","up_cheby","low_cheby","up_emp_bern","low_emp_bern","up_hoeffding","low_hoeffding","up_PI_emp_bern","low_PI_emp_bern","up_PI_hedged","low_PI_hedged"
"1",281,0.554494733108424,0.0554560235096312,0.554419507053088,0.0555120676941361,0.751473499942797,0.0555120676941361,0.422325499864888,0.0801244000851173,0.524682731430998,0.00125637619622282,0.73255675135641,-0.39759015138974,0.973018013557473,-0.470568113607468,0.524891365230601,-0.0224414652805963,0.641476216462468,-0.102666631914745,0.51,0.06
