"","simul_idx","up_dw","low_dw","up_dw_x1_to_xn","low_dw_x1_to_xn","up_dw_x1_to_xn_tails","low_dw_x1_to_xn_tails","up_t_test","low_t_test","up_anderson","low_anderson","up_cheby","low_cheby","up_emp_bern","low_emp_bern","up_hoeffding","low_hoeffding","up_PI_emp_bern","low_PI_emp_bern","up_PI_hedged","low_PI_hedged"
"1",87,0.60475713654369,0.338244320325722,0.604742298678716,0.338249110511644,0.659336772220605,0.338249110511644,0.55304540485958,0.38712665358589,0.592414794297458,0.337782972112545,0.696880541987017,0.157821329327047,0.692741016710568,0.247431041734902,0.592473370756776,0.347698687688694,0.625826025411889,0.309695195625397,0.59,0.36
