"","simul_idx","up_dw","low_dw","up_dw_x1_to_xn","low_dw_x1_to_xn","up_dw_x1_to_xn_tails","low_dw_x1_to_xn_tails","up_t_test","low_t_test","up_anderson","low_anderson","up_cheby","low_cheby","up_emp_bern","low_emp_bern","up_hoeffding","low_hoeffding","up_PI_emp_bern","low_PI_emp_bern","up_PI_hedged","low_PI_hedged"
"1",333,0.781207942609373,0.219021816174066,0.781166188666509,0.219098535961955,0.978251670419641,0.219098535961955,0.697791847395178,0.302498738568221,0.773451207267464,0.176745717192503,0.860445836225071,-0.193585445582805,1.2636380672401,-0.263347481276702,0.773811708237298,0.2264788777261,0.884565327016323,0.0914201350305571,0.76,0.26
