"","simul_idx","up_dw","low_dw","up_dw_x1_to_xn","low_dw_x1_to_xn","up_dw_x1_to_xn_tails","low_dw_x1_to_xn_tails","up_t_test","low_t_test","up_anderson","low_anderson","up_cheby","low_cheby","up_emp_bern","low_emp_bern","up_hoeffding","low_hoeffding","up_PI_emp_bern","low_PI_emp_bern","up_PI_hedged","low_PI_hedged"
"1",220,0.648908701488029,0.278721566190054,0.64889908957996,0.278736283169284,0.745222956615537,0.278736283169284,0.579094422262191,0.34111319142319,0.633107714937705,0.267165826413516,0.753912095464037,0.012927582607113,0.828543056716638,0.0916645569687427,0.633185645102919,0.287021968582462,0.684464993971727,0.246421176517698,0.63,0.3
