"","simul_idx","up_dw","low_dw","up_dw_x1_to_xn","low_dw_x1_to_xn","up_dw_x1_to_xn_tails","low_dw_x1_to_xn_tails","up_t_test","low_t_test","up_anderson","low_anderson","up_cheby","low_cheby","up_emp_bern","low_emp_bern","up_hoeffding","low_hoeffding","up_PI_emp_bern","low_PI_emp_bern","up_PI_hedged","low_PI_hedged"
"1",445,0.521071971237881,0.400056584540059,0.521071847047268,0.40005696324539,0.534349626501229,0.40005696324539,0.496811694313835,0.423581777538803,0.514914127489157,0.403483158759394,0.575819557009792,0.326526984022205,0.537797287103544,0.382596184749093,0.514930018977438,0.405463452875199,0.521207414804836,0.401774485352111,0.51,0.41
