"","simul_idx","up_dw","low_dw","up_dw_x1_to_xn","low_dw_x1_to_xn","up_dw_x1_to_xn_tails","low_dw_x1_to_xn_tails","up_t_test","low_t_test","up_anderson","low_anderson","up_cheby","low_cheby","up_emp_bern","low_emp_bern","up_hoeffding","low_hoeffding","up_PI_emp_bern","low_PI_emp_bern","up_PI_hedged","low_PI_hedged"
"1",207,0.578460410397762,0.457167870601111,0.578460131962402,0.457168878969916,0.591738821964384,0.457168878969916,0.554702250862341,0.481270476710937,0.572700696466026,0.46127247468108,0.6280380113279,0.387621525508647,0.595753272539456,0.440219455033822,0.572719646837759,0.463253080735519,0.575692875759538,0.456275510901457,0.57,0.47
