"","simul_idx","up_dw","low_dw","up_dw_x1_to_xn","low_dw_x1_to_xn","up_dw_x1_to_xn_tails","low_dw_x1_to_xn_tails","up_t_test","low_t_test","up_anderson","low_anderson","up_cheby","low_cheby","up_emp_bern","low_emp_bern","up_hoeffding","low_hoeffding","up_PI_emp_bern","low_PI_emp_bern","up_PI_hedged","low_PI_hedged"
"1",11,0.818812430875016,0.258874996706113,0.818711513661743,0.258953163849457,1.0157991997316,0.258953163849457,0.746759747565042,0.353353971886994,0.8234567654116,0.226692938641056,0.882550685231135,-0.149141538929777,1.31206727820864,-0.211953558756608,0.823723274981617,0.276390444470419,0.932345847953791,0.141070721395364,0.79,0.3
