"","simul_idx","up_dw","low_dw","up_dw_x1_to_xn","low_dw_x1_to_xn","up_dw_x1_to_xn_tails","low_dw_x1_to_xn_tails","up_t_test","low_t_test","up_anderson","low_anderson","up_cheby","low_cheby","up_emp_bern","low_emp_bern","up_hoeffding","low_hoeffding","up_PI_emp_bern","low_PI_emp_bern","up_PI_hedged","low_PI_hedged"
"1",375,0.64744421537244,0.477607301006874,0.647442329997047,0.477609232051369,0.672224406115944,0.477609232051369,0.615359998952692,0.512016716656965,0.641058103311425,0.482315615902782,0.705441906777904,0.378574165923689,0.683265858981659,0.444110856627998,0.641092909008927,0.48628380660073,0.654504684145024,0.476525839637274,0.63,0.49
