"","simul_idx","up_dw","low_dw","up_dw_x1_to_xn","low_dw_x1_to_xn","up_dw_x1_to_xn_tails","low_dw_x1_to_xn_tails","up_t_test","low_t_test","up_anderson","low_anderson","up_cheby","low_cheby","up_emp_bern","low_emp_bern","up_hoeffding","low_hoeffding","up_PI_emp_bern","low_PI_emp_bern","up_PI_hedged","low_PI_hedged"
"1",56,0.555674450774791,0.291684583136655,0.555670634958707,0.29169623667628,0.610275242786166,0.29169623667628,0.502084813337239,0.337966762304708,0.54236762738007,0.287739178274504,0.658118276908508,0.10556497367508,0.641207909280793,0.198843666361154,0.542413129355014,0.297638446286933,0.579010112723743,0.266796447865961,0.54,0.31
