"","simul_idx","up_dw","low_dw","up_dw_x1_to_xn","low_dw_x1_to_xn","up_dw_x1_to_xn_tails","low_dw_x1_to_xn_tails","up_t_test","low_t_test","up_anderson","low_anderson","up_cheby","low_cheby","up_emp_bern","low_emp_bern","up_hoeffding","low_hoeffding","up_PI_emp_bern","low_PI_emp_bern","up_PI_hedged","low_PI_hedged"
"1",253,0.624067382372768,0.357185601371556,0.624052984420728,0.357195121856772,0.678654442624338,0.357195121856772,0.573264763122387,0.407039820072339,0.612483177786586,0.357853452969776,0.712152140440885,0.179033844281593,0.713057725803172,0.267246857391555,0.612539633131404,0.367764950063322,0.646360552154775,0.32907096280422,0.61,0.38
