"","simul_idx","up_dw","low_dw","up_dw_x1_to_xn","low_dw_x1_to_xn","up_dw_x1_to_xn_tails","low_dw_x1_to_xn_tails","up_t_test","low_t_test","up_anderson","low_anderson","up_cheby","low_cheby","up_emp_bern","low_emp_bern","up_hoeffding","low_hoeffding","up_PI_emp_bern","low_PI_emp_bern","up_PI_hedged","low_PI_hedged"
"1",459,0.741305378485231,0.181348121224805,0.741278102329106,0.181399352491259,0.938324765163368,0.181399352491259,0.646836052325867,0.253484877569111,0.723584992191273,0.126896460805454,0.837043876669118,-0.236829923405799,1.21212799858433,-0.31180706868935,0.723826880203088,0.17649404969189,0.859204614608478,0.0678814072175897,0.7,0.2
