"","simul_idx","up_dw","low_dw","up_dw_x1_to_xn","low_dw_x1_to_xn","up_dw_x1_to_xn_tails","low_dw_x1_to_xn_tails","up_t_test","low_t_test","up_anderson","low_anderson","up_cheby","low_cheby","up_emp_bern","low_emp_bern","up_hoeffding","low_hoeffding","up_PI_emp_bern","low_PI_emp_bern","up_PI_hedged","low_PI_hedged"
"1",480,0.572023172844329,0.210179704486413,0.57194438394418,0.210204439187465,0.668283181888609,0.210204439187465,0.496179604726589,0.264574156489564,0.553374461925875,0.187531336389817,0.699827060114079,-0.0658655924339512,0.743651384184188,0.0171023770319648,0.553458718868305,0.207295042347848,0.588476068612544,0.164789638098968,0.55,0.23
