"","simul_idx","up_dw","low_dw","up_dw_x1_to_xn","low_dw_x1_to_xn","up_dw_x1_to_xn_tails","low_dw_x1_to_xn_tails","up_t_test","low_t_test","up_anderson","low_anderson","up_cheby","low_cheby","up_emp_bern","low_emp_bern","up_hoeffding","low_hoeffding","up_PI_emp_bern","low_PI_emp_bern","up_PI_hedged","low_PI_hedged"
"1",408,0.703501060602438,0.332725470894919,0.703480101485114,0.332767738500605,0.799845031339139,0.332767738500605,0.639111431341003,0.400866130744326,0.692928913139212,0.327052212965582,0.792646585230446,0.0740013831739946,0.888641942429671,0.151335619655657,0.693070619302893,0.346906942782436,0.734048010182755,0.295665445200336,0.68,0.36
