"","simul_idx","up_dw","low_dw","up_dw_x1_to_xn","low_dw_x1_to_xn","up_dw_x1_to_xn_tails","low_dw_x1_to_xn_tails","up_t_test","low_t_test","up_anderson","low_anderson","up_cheby","low_cheby","up_emp_bern","low_emp_bern","up_hoeffding","low_hoeffding","up_PI_emp_bern","low_PI_emp_bern","up_PI_hedged","low_PI_hedged"
"1",28,0.652492122966983,0.385747802365602,0.652484790496058,0.385756532796861,0.707085082122398,0.385756532796861,0.603138162244132,0.437015771180476,0.642391779888003,0.387755106891708,0.734628042145163,0.210966442786298,0.742898519473877,0.29725541395073,0.642464308246345,0.397689625178263,0.674819390703351,0.360156264684587,0.62,0.39
