"","simul_idx","up_dw","low_dw","up_dw_x1_to_xn","low_dw_x1_to_xn","up_dw_x1_to_xn_tails","low_dw_x1_to_xn_tails","up_t_test","low_t_test","up_anderson","low_anderson","up_cheby","low_cheby","up_emp_bern","low_emp_bern","up_hoeffding","low_hoeffding","up_PI_emp_bern","low_PI_emp_bern","up_PI_hedged","low_PI_hedged"
"1",291,0.554687988852392,0.433340667013279,0.554687464940524,0.433341687056053,0.56796617387482,0.433341687056053,0.530693178401461,0.457216924939908,0.548670311755751,0.43724535299461,0.60640688089568,0.362132436105663,0.571758617345995,0.416151485995374,0.548688334721804,0.439221768619565,0.556456921546901,0.436441785286306,0.54,0.44
