"","simul_idx","up_dw","low_dw","up_dw_x1_to_xn","low_dw_x1_to_xn","up_dw_x1_to_xn_tails","low_dw_x1_to_xn_tails","up_t_test","low_t_test","up_anderson","low_anderson","up_cheby","low_cheby","up_emp_bern","low_emp_bern","up_hoeffding","low_hoeffding","up_PI_emp_bern","low_PI_emp_bern","up_PI_hedged","low_PI_hedged"
"1",116,0.698495153705495,0.145792550107731,0.698381043998859,0.145840185850615,0.895422230864728,0.145840185850615,0.593287098600261,0.206717985275399,0.673398466363954,0.0768934635551081,0.812358132019067,-0.279021409435294,1.15664328526155,-0.356638201385895,0.673668957193429,0.126336126682231,0.804677577696361,0.0244175187672518,0.67,0.17
