"","simul_idx","up_dw","low_dw","up_dw_x1_to_xn","low_dw_x1_to_xn","up_dw_x1_to_xn_tails","low_dw_x1_to_xn_tails","up_t_test","low_t_test","up_anderson","low_anderson","up_cheby","low_cheby","up_emp_bern","low_emp_bern","up_hoeffding","low_hoeffding","up_PI_emp_bern","low_PI_emp_bern","up_PI_hedged","low_PI_hedged"
"1",301,0.610924807848239,0.243963507999938,0.610887895667675,0.243977742656478,0.707211043825623,0.243977742656478,0.537879274509988,0.302432046421692,0.593108324354063,0.22731134845364,0.727155582100864,-0.0268961479911305,0.786542224082675,0.0537690968490047,0.593237498726068,0.247073822205611,0.642978008908083,0.208765795530778,0.59,0.27
