"","simul_idx","up_dw","low_dw","up_dw_x1_to_xn","low_dw_x1_to_xn","up_dw_x1_to_xn_tails","low_dw_x1_to_xn_tails","up_t_test","low_t_test","up_anderson","low_anderson","up_cheby","low_cheby","up_emp_bern","low_emp_bern","up_hoeffding","low_hoeffding","up_PI_emp_bern","low_PI_emp_bern","up_PI_hedged","low_PI_hedged"
"1",140,0.616637791512242,0.445879670923899,0.616637425475815,0.445883354043572,0.641422073459013,0.445883354043572,0.583868405817656,0.479858084245486,0.609228997841192,0.450485393090761,0.678739136180172,0.344074796572849,0.6519894495179,0.411737040545242,0.60926779623567,0.454458693827472,0.618705543155785,0.43964520278518,0.6,0.46
