"","simul_idx","up_dw","low_dw","up_dw_x1_to_xn","low_dw_x1_to_xn","up_dw_x1_to_xn_tails","low_dw_x1_to_xn_tails","up_t_test","low_t_test","up_anderson","low_anderson","up_cheby","low_cheby","up_emp_bern","low_emp_bern","up_hoeffding","low_hoeffding","up_PI_emp_bern","low_PI_emp_bern","up_PI_hedged","low_PI_hedged"
"1",134,0.582380316853912,0.461136278812274,0.582379071789323,0.461137443452484,0.595657992396884,0.461137443452484,0.558669433395646,0.485265823534335,0.576679006377173,0.465256159605702,0.631609699537229,0.391856238629419,0.599711326061979,0.444223930868002,0.57670091151611,0.46723434541387,0.582809073155814,0.463339208890817,0.57,0.47
