"","simul_idx","up_dw","low_dw","up_dw_x1_to_xn","low_dw_x1_to_xn","up_dw_x1_to_xn_tails","low_dw_x1_to_xn_tails","up_t_test","low_t_test","up_anderson","low_anderson","up_cheby","low_cheby","up_emp_bern","low_emp_bern","up_hoeffding","low_hoeffding","up_PI_emp_bern","low_PI_emp_bern","up_PI_hedged","low_PI_hedged"
"1",120,0.630409542342072,0.261700145191052,0.630375664585757,0.26172210170573,0.726710321783591,0.26172210170573,0.558951172419183,0.322207041207854,0.613506662864112,0.247708844349819,0.740923186654525,-0.00662467529866057,0.808016235674103,0.0731419779529341,0.613660945073747,0.26749726855329,0.664151873719206,0.228053299738998,0.61,0.28
