"","simul_idx","up_dw","low_dw","up_dw_x1_to_xn","low_dw_x1_to_xn","up_dw_x1_to_xn_tails","low_dw_x1_to_xn_tails","up_t_test","low_t_test","up_anderson","low_anderson","up_cheby","low_cheby","up_emp_bern","low_emp_bern","up_hoeffding","low_hoeffding","up_PI_emp_bern","low_PI_emp_bern","up_PI_hedged","low_PI_hedged"
"1",296,0.521032653845756,0.400012848029836,0.521031661403942,0.400013865553968,0.534310411242146,0.400013865553968,0.496778703071996,0.423530836006928,0.514872272392575,0.403445701678348,0.575781391806905,0.32648286219204,0.537770114165335,0.382539424913588,0.514888052590582,0.405421486488342,0.517919404643677,0.398742727090512,0.51,0.41
