"","simul_idx","up_dw","low_dw","up_dw_x1_to_xn","low_dw_x1_to_xn","up_dw_x1_to_xn_tails","low_dw_x1_to_xn_tails","up_t_test","low_t_test","up_anderson","low_anderson","up_cheby","low_cheby","up_emp_bern","low_emp_bern","up_hoeffding","low_hoeffding","up_PI_emp_bern","low_PI_emp_bern","up_PI_hedged","low_PI_hedged"
"1",35,0.685294067326562,0.314270922336954,0.685264447783492,0.314291470938799,0.781597003587412,0.314291470938799,0.619003377906041,0.380515593788011,0.67270589580758,0.306859830199968,0.779753784308937,0.0531786921027718,0.86860907266874,0.130909899025311,0.672841324107254,0.326677647586797,0.714045584145898,0.275612131281313,0.67,0.34
