"","simul_idx","up_dw","low_dw","up_dw_x1_to_xn","low_dw_x1_to_xn","up_dw_x1_to_xn_tails","low_dw_x1_to_xn_tails","up_t_test","low_t_test","up_anderson","low_anderson","up_cheby","low_cheby","up_emp_bern","low_emp_bern","up_hoeffding","low_hoeffding","up_PI_emp_bern","low_PI_emp_bern","up_PI_hedged","low_PI_hedged"
"1",13,0.780832480790989,0.218648537337267,0.780731369468306,0.218691753681293,0.977765825606929,0.218691753681293,0.697292972580822,0.302051444109406,0.773144009337944,0.176485669834472,0.860230159627924,-0.194000548501106,1.263124470181,-0.263780053490773,0.773338623600713,0.226005793089515,0.879916724454846,0.0951651556769454,0.73,0.23
