"","simul_idx","up_dw","low_dw","up_dw_x1_to_xn","low_dw_x1_to_xn","up_dw_x1_to_xn_tails","low_dw_x1_to_xn_tails","up_t_test","low_t_test","up_anderson","low_anderson","up_cheby","low_cheby","up_emp_bern","low_emp_bern","up_hoeffding","low_hoeffding","up_PI_emp_bern","low_PI_emp_bern","up_PI_hedged","low_PI_hedged"
"1",262,0.66747671218791,0.296636068306401,0.667441902145295,0.296669392343279,0.76379350206133,0.296669392343279,0.599401107867167,0.360992880362316,0.653146071983682,0.287266700620687,0.767097936979127,0.033230386545442,0.848982135557898,0.111411852671585,0.65327883237497,0.307115155854513,0.704341519294459,0.266317156947701,0.64,0.32
