"","simul_idx","up_dw","low_dw","up_dw_x1_to_xn","low_dw_x1_to_xn","up_dw_x1_to_xn_tails","low_dw_x1_to_xn_tails","up_t_test","low_t_test","up_anderson","low_anderson","up_cheby","low_cheby","up_emp_bern","low_emp_bern","up_hoeffding","low_hoeffding","up_PI_emp_bern","low_PI_emp_bern","up_PI_hedged","low_PI_hedged"
"1",470,0.589413841416792,0.418364741257227,0.589411324620369,0.418369662445204,0.61419780073841,0.418369662445204,0.556073795324852,0.451859293753632,0.581337238119389,0.422600259518098,0.655078678412059,0.314087753394175,0.624260706513487,0.383672382564997,0.581371095743341,0.426561993335143,0.599039933948728,0.419196649239754,0.58,0.43
