"","simul_idx","up_dw","low_dw","up_dw_x1_to_xn","low_dw_x1_to_xn","up_dw_x1_to_xn_tails","low_dw_x1_to_xn_tails","up_t_test","low_t_test","up_anderson","low_anderson","up_cheby","low_cheby","up_emp_bern","low_emp_bern","up_hoeffding","low_hoeffding","up_PI_emp_bern","low_PI_emp_bern","up_PI_hedged","low_PI_hedged"
"1",30,0.608995746231922,0.438099886202332,0.608992739025019,0.438100174536512,0.633772412002168,0.438100174536512,0.576066721056022,0.47194823025036,0.601380110122619,0.442636858799342,0.672099622327741,0.335607061620704,0.644222659632182,0.4037922916742,0.60141202685729,0.446602924449092,0.615400915996749,0.436218080955119,0.59,0.45
