"","simul_idx","up_dw","low_dw","up_dw_x1_to_xn","low_dw_x1_to_xn","up_dw_x1_to_xn_tails","low_dw_x1_to_xn_tails","up_t_test","low_t_test","up_anderson","low_anderson","up_cheby","low_cheby","up_emp_bern","low_emp_bern","up_hoeffding","low_hoeffding","up_PI_emp_bern","low_PI_emp_bern","up_PI_hedged","low_PI_hedged"
"1",381,0.818524818346485,0.258598322102135,0.818416128780935,0.258657557062096,1.01547498120923,0.258657557062096,0.746319577784459,0.353073856910471,0.823094242734694,0.226370806837516,0.882395894633608,-0.149466938170322,1.31158142502838,-0.212187990333453,0.823363132603063,0.276030302091866,0.929988887362133,0.142678168127578,0.79,0.29
