"","simul_idx","up_dw","low_dw","up_dw_x1_to_xn","low_dw_x1_to_xn","up_dw_x1_to_xn_tails","low_dw_x1_to_xn_tails","up_t_test","low_t_test","up_anderson","low_anderson","up_cheby","low_cheby","up_emp_bern","low_emp_bern","up_hoeffding","low_hoeffding","up_PI_emp_bern","low_PI_emp_bern","up_PI_hedged","low_PI_hedged"
"1",267,0.565935925471327,0.301293288017891,0.565933617076771,0.301314200550941,0.620551896541672,0.301314200550941,0.512708821882017,0.348121809518803,0.552709804383604,0.298113018685846,0.666238585731653,0.11633471554182,0.651981019722517,0.208849611678303,0.552802657234451,0.308027974166369,0.584566356606598,0.272004015024639,0.55,0.32
