"","simul_idx","up_dw","low_dw","up_dw_x1_to_xn","low_dw_x1_to_xn","up_dw_x1_to_xn_tails","low_dw_x1_to_xn_tails","up_t_test","low_t_test","up_anderson","low_anderson","up_cheby","low_cheby","up_emp_bern","low_emp_bern","up_hoeffding","low_hoeffding","up_PI_emp_bern","low_PI_emp_bern","up_PI_hedged","low_PI_hedged"
"1",52,0.614277230161098,0.347551443095413,0.614266947585936,0.347556688707385,0.668862093600474,0.347556688707385,0.563004001276471,0.396911353510105,0.602292372778562,0.34766852405007,0.704413069001488,0.168237253531763,0.702754901901253,0.257160452885323,0.602345018927329,0.357570335859247,0.63587699910028,0.319266509496105,0.6,0.37
