"","simul_idx","up_dw","low_dw","up_dw_x1_to_xn","low_dw_x1_to_xn","up_dw_x1_to_xn_tails","low_dw_x1_to_xn_tails","up_t_test","low_t_test","up_anderson","low_anderson","up_cheby","low_cheby","up_emp_bern","low_emp_bern","up_hoeffding","low_hoeffding","up_PI_emp_bern","low_PI_emp_bern","up_PI_hedged","low_PI_hedged"
"1",50,0.614424988156029,0.347713436534994,0.614411929564802,0.347728664638361,0.669021815518862,0.347728664638361,0.563177788977703,0.397063384549184,0.602437312157983,0.34783412624853,0.704537059404351,0.168409461983728,0.702935606931028,0.257305566595859,0.602507928297484,0.357733245229403,0.635925422573447,0.319544845620968,0.6,0.37
