"","simul_idx","up_dw","low_dw","up_dw_x1_to_xn","low_dw_x1_to_xn","up_dw_x1_to_xn_tails","low_dw_x1_to_xn_tails","up_t_test","low_t_test","up_anderson","low_anderson","up_cheby","low_cheby","up_emp_bern","low_emp_bern","up_hoeffding","low_hoeffding","up_PI_emp_bern","low_PI_emp_bern","up_PI_hedged","low_PI_hedged"
"1",171,0.614258521021812,0.347520650960118,0.614248661232789,0.347525994787566,0.66884395227026,0.347525994787566,0.562993856474427,0.396871735577196,0.60226252299448,0.347636810901491,0.704394130869245,0.168210952814048,0.702754127807268,0.257111464244354,0.602320137559852,0.357545454491771,0.640466845603879,0.324565791333208,0.6,0.37
