"","simul_idx","up_dw","low_dw","up_dw_x1_to_xn","low_dw_x1_to_xn","up_dw_x1_to_xn_tails","low_dw_x1_to_xn_tails","up_t_test","low_t_test","up_anderson","low_anderson","up_cheby","low_cheby","up_emp_bern","low_emp_bern","up_hoeffding","low_hoeffding","up_PI_emp_bern","low_PI_emp_bern","up_PI_hedged","low_PI_hedged"
"1",399,0.624031180625786,0.357162894020674,0.624013946878189,0.357165076666515,0.678604570180536,0.357165076666515,0.573204874181912,0.407039116017152,0.61246141983757,0.357824717141621,0.712129202085494,0.179001698095473,0.712979019578435,0.267264970620629,0.612509336633573,0.367734653565491,0.646171323695139,0.329211693227414,0.61,0.38
