"","simul_idx","up_dw","low_dw","up_dw_x1_to_xn","low_dw_x1_to_xn","up_dw_x1_to_xn_tails","low_dw_x1_to_xn_tails","up_t_test","low_t_test","up_anderson","low_anderson","up_cheby","low_cheby","up_emp_bern","low_emp_bern","up_hoeffding","low_hoeffding","up_PI_emp_bern","low_PI_emp_bern","up_PI_hedged","low_PI_hedged"
"1",147,0.564502240537739,0.443142143184362,0.564501631478761,0.443143061743961,0.577780253453772,0.443143061743961,0.540600259190011,0.467118818387457,0.558579745948108,0.447147463965197,0.615336932020832,0.372622947957078,0.581667379529381,0.426051698048087,0.558592821839853,0.449126255737614,0.565476792839677,0.445968009659558,0.55,0.45
