"","simul_idx","up_dw","low_dw","up_dw_x1_to_xn","low_dw_x1_to_xn","up_dw_x1_to_xn_tails","low_dw_x1_to_xn_tails","up_t_test","low_t_test","up_anderson","low_anderson","up_cheby","low_cheby","up_emp_bern","low_emp_bern","up_hoeffding","low_hoeffding","up_PI_emp_bern","low_PI_emp_bern","up_PI_hedged","low_PI_hedged"
"1",311,0.560730619797627,0.439382864714579,0.560728993017479,0.439383477759665,0.574007113157083,0.439383477759665,0.536793325518622,0.463320745486286,0.554773290232038,0.443347725534349,0.611910956434645,0.368593034746638,0.577857573778966,0.422256497225942,0.554790318553574,0.445323752451335,0.557629986206682,0.438162235364568,0.55,0.45
