"","simul_idx","up_dw","low_dw","up_dw_x1_to_xn","low_dw_x1_to_xn","up_dw_x1_to_xn_tails","low_dw_x1_to_xn_tails","up_t_test","low_t_test","up_anderson","low_anderson","up_cheby","low_cheby","up_emp_bern","low_emp_bern","up_hoeffding","low_hoeffding","up_PI_emp_bern","low_PI_emp_bern","up_PI_hedged","low_PI_hedged"
"1",99,0.57656889559708,0.455264670201046,0.576568354668854,0.45526513648921,0.589846340888164,0.45526513648921,0.552793581455536,0.479349174198832,0.57078636682231,0.459356886760747,0.626318804559524,0.38558585784672,0.593848697954645,0.438294057699723,0.570804660878304,0.461338094776064,0.573320542133939,0.4538842797411,0.57,0.47
