"","simul_idx","up_dw","low_dw","up_dw_x1_to_xn","low_dw_x1_to_xn","up_dw_x1_to_xn_tails","low_dw_x1_to_xn_tails","up_t_test","low_t_test","up_anderson","low_anderson","up_cheby","low_cheby","up_emp_bern","low_emp_bern","up_hoeffding","low_hoeffding","up_PI_emp_bern","low_PI_emp_bern","up_PI_hedged","low_PI_hedged"
"1",25,0.611164806100302,0.244054554165144,0.611133772349538,0.244079663583072,0.70747312879056,0.244079663583072,0.538097324192598,0.30258418499967,0.59331453740136,0.227380711816811,0.727281171485851,-0.0267132471589614,0.786780709954013,0.0539007992382553,0.593422592856363,0.247258916335906,0.64280565226669,0.209321744312649,0.59,0.26
