"","simul_idx","up_dw","low_dw","up_dw_x1_to_xn","low_dw_x1_to_xn","up_dw_x1_to_xn_tails","low_dw_x1_to_xn_tails","up_t_test","low_t_test","up_anderson","low_anderson","up_cheby","low_cheby","up_emp_bern","low_emp_bern","up_hoeffding","low_hoeffding","up_PI_emp_bern","low_PI_emp_bern","up_PI_hedged","low_PI_hedged"
"1",31,0.572325606884642,0.210456297050889,0.572296466837129,0.210499128599459,0.668662237219565,0.210499128599459,0.496483959838663,0.264912176905532,0.553638615417421,0.187782678556921,0.70005037363279,-0.0655535930126273,0.743945301138567,0.0174508356056272,0.553779906632326,0.207616230111869,0.589833686720646,0.164043803064771,0.56,0.24
