"","simul_idx","up_dw","low_dw","up_dw_x1_to_xn","low_dw_x1_to_xn","up_dw_x1_to_xn_tails","low_dw_x1_to_xn_tails","up_t_test","low_t_test","up_anderson","low_anderson","up_cheby","low_cheby","up_emp_bern","low_emp_bern","up_hoeffding","low_hoeffding","up_PI_emp_bern","low_PI_emp_bern","up_PI_hedged","low_PI_hedged"
"1",334,0.655046878255392,0.485548558968058,0.655045624544867,0.48555158523602,0.679829314460954,0.48555158523602,0.623137168373733,0.520044836201749,0.648961589038055,0.490224563097453,0.712022360371473,0.38719110556649,0.690962073096406,0.452219931479076,0.64899555349184,0.494186451083642,0.661108877650865,0.484364440029009,0.64,0.5
