"","simul_idx","up_dw","low_dw","up_dw_x1_to_xn","low_dw_x1_to_xn","up_dw_x1_to_xn_tails","low_dw_x1_to_xn_tails","up_t_test","low_t_test","up_anderson","low_anderson","up_cheby","low_cheby","up_emp_bern","low_emp_bern","up_hoeffding","low_hoeffding","up_PI_emp_bern","low_PI_emp_bern","up_PI_hedged","low_PI_hedged"
"1",262,0.601088002663806,0.430108643048136,0.601086889702489,0.430111665920124,0.625870569455859,0.430111665920124,0.567992487557426,0.463817520784062,0.593277012808717,0.434541064142333,0.665232294889608,0.326892713131053,0.636166645009892,0.395643363331596,0.593309555374843,0.438500452966645,0.606974585767595,0.428041809097959,0.59,0.44
