"","simul_idx","up_dw","low_dw","up_dw_x1_to_xn","low_dw_x1_to_xn","up_dw_x1_to_xn_tails","low_dw_x1_to_xn_tails","up_t_test","low_t_test","up_anderson","low_anderson","up_cheby","low_cheby","up_emp_bern","low_emp_bern","up_hoeffding","low_hoeffding","up_PI_emp_bern","low_PI_emp_bern","up_PI_hedged","low_PI_hedged"
"1",148,0.55870901808788,0.437368604771596,0.558706662282115,0.437370938296152,0.571987289053153,0.437370938296152,0.53475577659782,0.461283228398002,0.552729004398409,0.44131008994035,0.610073935134026,0.36643489329325,0.575820014540155,0.420218990455667,0.552752785549031,0.443286219446791,0.559554955495865,0.439930056806265,0.55,0.45
