"","simul_idx","up_dw","low_dw","up_dw_x1_to_xn","low_dw_x1_to_xn","up_dw_x1_to_xn_tails","low_dw_x1_to_xn_tails","up_t_test","low_t_test","up_anderson","low_anderson","up_cheby","low_cheby","up_emp_bern","low_emp_bern","up_hoeffding","low_hoeffding","up_PI_emp_bern","low_PI_emp_bern","up_PI_hedged","low_PI_hedged"
"1",159,0.630307840595869,0.26142694282862,0.630284079746896,0.261459512985607,0.726634556042996,0.261459512985607,0.558849962280889,0.321904200610324,0.613333350670991,0.247413547290105,0.740787897255934,-0.00682609484658958,0.807977542438556,0.0727766204526572,0.613458919705835,0.267295243185378,0.663753968137385,0.228069432518652,0.6,0.28
