"","simul_idx","up_dw","low_dw","up_dw_x1_to_xn","low_dw_x1_to_xn","up_dw_x1_to_xn_tails","low_dw_x1_to_xn_tails","up_t_test","low_t_test","up_anderson","low_anderson","up_cheby","low_cheby","up_emp_bern","low_emp_bern","up_hoeffding","low_hoeffding","up_PI_emp_bern","low_PI_emp_bern","up_PI_hedged","low_PI_hedged"
"1",486,0.698734726182742,0.434031402842499,0.698731845900596,0.434041543324974,0.753334219579283,0.434041543324974,0.651912235302796,0.487253697521279,0.69189812111323,0.43725790547174,0.770976802116618,0.264628591359814,0.791207173985346,0.347958758838729,0.691970307946078,0.447195624877997,0.727952182560277,0.415483306379188,0.68,0.45
