"","simul_idx","up_dw","low_dw","up_dw_x1_to_xn","low_dw_x1_to_xn","up_dw_x1_to_xn_tails","low_dw_x1_to_xn_tails","up_t_test","low_t_test","up_anderson","low_anderson","up_cheby","low_cheby","up_emp_bern","low_emp_bern","up_hoeffding","low_hoeffding","up_PI_emp_bern","low_PI_emp_bern","up_PI_hedged","low_PI_hedged"
"1",200,0.818491401738789,0.258738223675656,0.818437856560228,0.258792271737654,1.01548880936313,0.258792271737654,0.746289870409072,0.353232115715241,0.823117876384874,0.226594383624451,0.882423525715872,-0.149408868299664,1.31149806769113,-0.211976081566818,0.823427408317755,0.276094577806558,0.931519765443816,0.141324865466542,0.79,0.3
