"","simul_idx","up_dw","low_dw","up_dw_x1_to_xn","low_dw_x1_to_xn","up_dw_x1_to_xn_tails","low_dw_x1_to_xn_tails","up_t_test","low_t_test","up_anderson","low_anderson","up_cheby","low_cheby","up_emp_bern","low_emp_bern","up_hoeffding","low_hoeffding","up_PI_emp_bern","low_PI_emp_bern","up_PI_hedged","low_PI_hedged"
"1",338,0.653803670564441,0.11313846205373,0.653693206989516,0.113224632392264,0.850793081894471,0.113224632392264,0.539044632302322,0.162442524525675,0.624215850951063,0.0277883327697623,0.786997489995639,-0.319339385443641,1.09955600152297,-0.398068844694972,0.624409993669597,0.0770771631584,0.729037531817643,-0.0444725552425916,0.62,0.14
