"","simul_idx","up_dw","low_dw","up_dw_x1_to_xn","low_dw_x1_to_xn","up_dw_x1_to_xn_tails","low_dw_x1_to_xn_tails","up_t_test","low_t_test","up_anderson","low_anderson","up_cheby","low_cheby","up_emp_bern","low_emp_bern","up_hoeffding","low_hoeffding","up_PI_emp_bern","low_PI_emp_bern","up_PI_hedged","low_PI_hedged"
"1",477,0.648811199005461,0.27879365318445,0.648788392898725,0.278817195811121,0.745125414116445,0.278817195811121,0.57894801685279,0.341241536881345,0.6330177211919,0.267189993607188,0.753906127975539,0.0129185001362392,0.828311462921853,0.091878090812281,0.633176615127296,0.287012938606839,0.683619577938604,0.247221512722339,0.63,0.3
