"","simul_idx","up_dw","low_dw","up_dw_x1_to_xn","low_dw_x1_to_xn","up_dw_x1_to_xn_tails","low_dw_x1_to_xn_tails","up_t_test","low_t_test","up_anderson","low_anderson","up_cheby","low_cheby","up_emp_bern","low_emp_bern","up_hoeffding","low_hoeffding","up_PI_emp_bern","low_PI_emp_bern","up_PI_hedged","low_PI_hedged"
"1",270,0.565933766885438,0.394987414783814,0.565933305905485,0.394989056131736,0.590714951140762,0.394989056131736,0.532134216757969,0.428020371642027,0.557457333335725,0.398704235299767,0.634639035252973,0.288586530516254,0.600288656656906,0.35986593174309,0.557481845404097,0.402672742995899,0.565657213448326,0.38583086536137,0.55,0.41
