"","simul_idx","up_dw","low_dw","up_dw_x1_to_xn","low_dw_x1_to_xn","up_dw_x1_to_xn_tails","low_dw_x1_to_xn_tails","up_t_test","low_t_test","up_anderson","low_anderson","up_cheby","low_cheby","up_emp_bern","low_emp_bern","up_hoeffding","low_hoeffding","up_PI_emp_bern","low_PI_emp_bern","up_PI_hedged","low_PI_hedged"
"1",227,0.643098805796795,0.376221627737234,0.643093053819533,0.376230183092263,0.697693086931949,0.376230183092263,0.593235050865367,0.427056335148021,0.632468651042479,0.377831040743807,0.727209393031874,0.200328230616661,0.733013315995318,0.28727807001807,0.632533034540735,0.387758351472653,0.670914368757953,0.354219566117127,0.62,0.39
