"","simul_idx","up_dw","low_dw","up_dw_x1_to_xn","low_dw_x1_to_xn","up_dw_x1_to_xn_tails","low_dw_x1_to_xn_tails","up_t_test","low_t_test","up_anderson","low_anderson","up_cheby","low_cheby","up_emp_bern","low_emp_bern","up_hoeffding","low_hoeffding","up_PI_emp_bern","low_PI_emp_bern","up_PI_hedged","low_PI_hedged"
"1",186,0.689460925343521,0.424169536131532,0.689453010101502,0.424174747011828,0.744048104831969,0.424174747011828,0.642089575940628,0.477055093455536,0.681906638775787,0.427266187059965,0.763714486800675,0.253689758104929,0.781504042747956,0.337640626648208,0.681959676232123,0.437184993164041,0.71878071473799,0.40474006839992,0.67,0.44
