"","simul_idx","up_dw","low_dw","up_dw_x1_to_xn","low_dw_x1_to_xn","up_dw_x1_to_xn_tails","low_dw_x1_to_xn_tails","up_t_test","low_t_test","up_anderson","low_anderson","up_cheby","low_cheby","up_emp_bern","low_emp_bern","up_hoeffding","low_hoeffding","up_PI_emp_bern","low_PI_emp_bern","up_PI_hedged","low_PI_hedged"
"1",124,0.557866658495025,0.387045878653917,0.55786465660925,0.387046607830529,0.58264499726512,0.387046607830529,0.523955739593129,0.419886394475181,0.549295269480385,0.390558898910007,0.627624335302499,0.279916178224722,0.592095824006148,0.351746310062162,0.549325618238254,0.394516515830056,0.564131459628334,0.38597613677664,0.54,0.4
