"","simul_idx","up_dw","low_dw","up_dw_x1_to_xn","low_dw_x1_to_xn","up_dw_x1_to_xn_tails","low_dw_x1_to_xn_tails","up_t_test","low_t_test","up_anderson","low_anderson","up_cheby","low_cheby","up_emp_bern","low_emp_bern","up_hoeffding","low_hoeffding","up_PI_emp_bern","low_PI_emp_bern","up_PI_hedged","low_PI_hedged"
"1",475,0.667082449645483,0.296259788310106,0.667016067781223,0.296279707388831,0.763347688283584,0.296279707388831,0.599008036933947,0.360531503628709,0.652773950847543,0.286921392228199,0.766819526738939,0.0327967570632737,0.848610243305201,0.110929297257454,0.652851608541556,0.306687932021099,0.694114091061853,0.255949904312179,0.65,0.32
