"","simul_idx","up_dw","low_dw","up_dw_x1_to_xn","low_dw_x1_to_xn","up_dw_x1_to_xn_tails","low_dw_x1_to_xn_tails","up_t_test","low_t_test","up_anderson","low_anderson","up_cheby","low_cheby","up_emp_bern","low_emp_bern","up_hoeffding","low_hoeffding","up_PI_emp_bern","low_PI_emp_bern","up_PI_hedged","low_PI_hedged"
"1",397,0.614470041580938,0.347701809580988,0.614462343209749,0.34770383535616,0.669052734880125,0.34770383535616,0.563179264972403,0.397101214699815,0.602478374382546,0.347815784110946,0.7045520166681,0.168430237579371,0.702925524459696,0.257354955212522,0.60252758137015,0.357752898302068,0.640651619019918,0.324795904350166,0.6,0.37
