"","simul_idx","up_dw","low_dw","up_dw_x1_to_xn","low_dw_x1_to_xn","up_dw_x1_to_xn_tails","low_dw_x1_to_xn_tails","up_t_test","low_t_test","up_anderson","low_anderson","up_cheby","low_cheby","up_emp_bern","low_emp_bern","up_hoeffding","low_hoeffding","up_PI_emp_bern","low_PI_emp_bern","up_PI_hedged","low_PI_hedged"
"1",313,0.552751604407005,0.431403510966688,0.552750573043785,0.431404529111471,0.566029356291581,0.431404529111471,0.528730287675702,0.455268460276243,0.54671820628378,0.435284335094956,0.604641197655919,0.360063457198928,0.569791050639553,0.414207697312391,0.546732657027092,0.437266090924852,0.553911509873487,0.434424706717386,0.54,0.44
