"","simul_idx","up_dw","low_dw","up_dw_x1_to_xn","low_dw_x1_to_xn","up_dw_x1_to_xn_tails","low_dw_x1_to_xn_tails","up_t_test","low_t_test","up_anderson","low_anderson","up_cheby","low_cheby","up_emp_bern","low_emp_bern","up_hoeffding","low_hoeffding","up_PI_emp_bern","low_PI_emp_bern","up_PI_hedged","low_PI_hedged"
"1",60,0.524966481842512,0.403891338441765,0.52496539683953,0.4038916336347,0.538243098312316,0.4038916336347,0.500734541542169,0.42745573727315,0.518808918052485,0.407383440533281,0.579363357096167,0.330627112330616,0.541735980442618,0.386454298372701,0.518828422458779,0.40936185635654,0.525195884418274,0.40572857224908,0.51,0.41
