"","simul_idx","up_dw","low_dw","up_dw_x1_to_xn","low_dw_x1_to_xn","up_dw_x1_to_xn_tails","low_dw_x1_to_xn_tails","up_t_test","low_t_test","up_anderson","low_anderson","up_cheby","low_cheby","up_emp_bern","low_emp_bern","up_hoeffding","low_hoeffding","up_PI_emp_bern","low_PI_emp_bern","up_PI_hedged","low_PI_hedged"
"1",57,0.558794815925203,0.437441171640739,0.558794060724785,0.437442629278889,0.572073449328582,0.437442629278889,0.534835427183827,0.461363551894835,0.552812468544992,0.441383936008558,0.610146067071787,0.366519598691607,0.575899447012723,0.420299532065939,0.552832772590451,0.443366206488211,0.562058591543671,0.441746156653946,0.55,0.45
