"","simul_idx","up_dw","low_dw","up_dw_x1_to_xn","low_dw_x1_to_xn","up_dw_x1_to_xn_tails","low_dw_x1_to_xn_tails","up_t_test","low_t_test","up_anderson","low_anderson","up_cheby","low_cheby","up_emp_bern","low_emp_bern","up_hoeffding","low_hoeffding","up_PI_emp_bern","low_PI_emp_bern","up_PI_hedged","low_PI_hedged"
"1",119,0.558638504140297,0.437292337378891,0.558637622114523,0.437293454017602,0.571916475172545,0.437293454017602,0.534681497446553,0.461209305845143,0.552657304800019,0.441233057824726,0.610007110143801,0.366356422495117,0.575745619803135,0.420145183488562,0.552678684696968,0.443212118594728,0.560204381977059,0.440706311835619,0.55,0.45
