"","simul_idx","up_dw","low_dw","up_dw_x1_to_xn","low_dw_x1_to_xn","up_dw_x1_to_xn_tails","low_dw_x1_to_xn_tails","up_t_test","low_t_test","up_anderson","low_anderson","up_cheby","low_cheby","up_emp_bern","low_emp_bern","up_hoeffding","low_hoeffding","up_PI_emp_bern","low_PI_emp_bern","up_PI_hedged","low_PI_hedged"
"1",172,0.738572561636731,0.369835431237191,0.738557337850339,0.369906362741191,0.834964989798338,0.369906362741191,0.678061977153976,0.44134095231282,0.732610903549356,0.366765353361296,0.817355969497649,0.115479805058014,0.92711987612081,0.192283053345986,0.732783302993627,0.38661962647317,0.781316000324246,0.346762324857405,0.71,0.39
