"","simul_idx","up_dw","low_dw","up_dw_x1_to_xn","low_dw_x1_to_xn","up_dw_x1_to_xn_tails","low_dw_x1_to_xn_tails","up_t_test","low_t_test","up_anderson","low_anderson","up_cheby","low_cheby","up_emp_bern","low_emp_bern","up_hoeffding","low_hoeffding","up_PI_emp_bern","low_PI_emp_bern","up_PI_hedged","low_PI_hedged"
"1",192,0.597329888839951,0.426318145041948,0.597329055819621,0.426319356296128,0.622110092301469,0.426319356296128,0.564150620777224,0.459965136685252,0.589431423577564,0.43068767888082,0.661964854137543,0.322761835730223,0.632328171066229,0.391787586396247,0.589462429935337,0.434653327527139,0.595623168276123,0.416698479305649,0.58,0.44
