"","simul_idx","up_dw","low_dw","up_dw_x1_to_xn","low_dw_x1_to_xn","up_dw_x1_to_xn_tails","low_dw_x1_to_xn_tails","up_t_test","low_t_test","up_anderson","low_anderson","up_cheby","low_cheby","up_emp_bern","low_emp_bern","up_hoeffding","low_hoeffding","up_PI_emp_bern","low_PI_emp_bern","up_PI_hedged","low_PI_hedged"
"1",91,0.628270420861074,0.457790814159746,0.628266818627954,0.45779285546606,0.653049065179857,0.45779285546606,0.595753592267351,0.491947622941211,0.621221804290932,0.462477403365361,0.688834361508639,0.357032191576517,0.663808712913155,0.423892502295407,0.62125515880838,0.466446056400182,0.637698357381435,0.458351398434277,0.62,0.47
