"","simul_idx","up_dw","low_dw","up_dw_x1_to_xn","low_dw_x1_to_xn","up_dw_x1_to_xn_tails","low_dw_x1_to_xn_tails","up_t_test","low_t_test","up_anderson","low_anderson","up_cheby","low_cheby","up_emp_bern","low_emp_bern","up_hoeffding","low_hoeffding","up_PI_emp_bern","low_PI_emp_bern","up_PI_hedged","low_PI_hedged"
"1",151,0.585370586072944,0.31962667415535,0.585353556427765,0.319638011636945,0.639957697570501,0.319638011636945,0.532861345363183,0.367489346737173,0.572493221214777,0.317873486405441,0.681574586204532,0.13692604297761,0.672383122290916,0.227967569809441,0.572562687584219,0.327788004516137,0.610574431682611,0.295228211399844,0.57,0.34
