"","simul_idx","up_dw","low_dw","up_dw_x1_to_xn","low_dw_x1_to_xn","up_dw_x1_to_xn_tails","low_dw_x1_to_xn_tails","up_t_test","low_t_test","up_anderson","low_anderson","up_cheby","low_cheby","up_emp_bern","low_emp_bern","up_hoeffding","low_hoeffding","up_PI_emp_bern","low_PI_emp_bern","up_PI_hedged","low_PI_hedged"
"1",171,0.601068598945748,0.430103634292239,0.601066186953263,0.430109504644345,0.625854012545037,0.430109504644345,0.56797152674955,0.463813337016697,0.59325992870528,0.434530185982714,0.6652216240575,0.326879206486967,0.636140272009214,0.395644591757032,0.593296983087222,0.438487880679024,0.607890205137488,0.428609498274252,0.59,0.44
