"","simul_idx","up_dw","low_dw","up_dw_x1_to_xn","low_dw_x1_to_xn","up_dw_x1_to_xn_tails","low_dw_x1_to_xn_tails","up_t_test","low_t_test","up_anderson","low_anderson","up_cheby","low_cheby","up_emp_bern","low_emp_bern","up_hoeffding","low_hoeffding","up_PI_emp_bern","low_PI_emp_bern","up_PI_hedged","low_PI_hedged"
"1",18,0.585509488611161,0.319799039910261,0.585494173113912,0.31980222780503,0.640086280745955,0.31980222780503,0.532969240140893,0.367707609553457,0.572657629582145,0.318048993965394,0.68170055510419,0.137096580981583,0.672455926576431,0.228220923117919,0.572725766381216,0.327951083313134,0.60423628256464,0.29197698465829,0.55,0.32
