"","simul_idx","up_dw","low_dw","up_dw_x1_to_xn","low_dw_x1_to_xn","up_dw_x1_to_xn_tails","low_dw_x1_to_xn_tails","up_t_test","low_t_test","up_anderson","low_anderson","up_cheby","low_cheby","up_emp_bern","low_emp_bern","up_hoeffding","low_hoeffding","up_PI_emp_bern","low_PI_emp_bern","up_PI_hedged","low_PI_hedged"
"1",466,0.741146803272437,0.181253688408741,0.741105635711766,0.181297496010204,0.938140992333162,0.181297496010204,0.646549097991811,0.253453530224336,0.723457498088935,0.126835837401884,0.836967421129872,-0.236965668985774,1.21176808801306,-0.311765459796914,0.723667729363672,0.176334898852475,0.834670295799525,0.0435614457954081,0.71,0.21
