"","simul_idx","up_dw","low_dw","up_dw_x1_to_xn","low_dw_x1_to_xn","up_dw_x1_to_xn_tails","low_dw_x1_to_xn_tails","up_t_test","low_t_test","up_anderson","low_anderson","up_cheby","low_cheby","up_emp_bern","low_emp_bern","up_hoeffding","low_hoeffding","up_PI_emp_bern","low_PI_emp_bern","up_PI_hedged","low_PI_hedged"
"1",156,0.548915395995866,0.427590167576709,0.548914512963401,0.427591026429686,0.56219303251202,0.427591026429686,0.524863628132133,0.451412176364242,0.542853848169343,0.431422761616876,0.601152556502453,0.355980585160659,0.565921027998525,0.410354776497849,0.542871185299307,0.433404619197068,0.550501986308977,0.430849456521792,0.54,0.44
