"","simul_idx","up_dw","low_dw","up_dw_x1_to_xn","low_dw_x1_to_xn","up_dw_x1_to_xn_tails","low_dw_x1_to_xn_tails","up_t_test","low_t_test","up_anderson","low_anderson","up_cheby","low_cheby","up_emp_bern","low_emp_bern","up_hoeffding","low_hoeffding","up_PI_emp_bern","low_PI_emp_bern","up_PI_hedged","low_PI_hedged"
"1",94,0.65213881225138,0.385443998470388,0.652133542454389,0.385464264368092,0.706750867110965,0.385464264368092,0.602743051398222,0.436720365934096,0.642035374380861,0.387419336150496,0.734370823053136,0.210595919976244,0.74247170815918,0.296991709173138,0.6421190502002,0.397344367132118,0.680458576201225,0.363756276277425,0.63,0.4
