"","simul_idx","up_dw","low_dw","up_dw_x1_to_xn","low_dw_x1_to_xn","up_dw_x1_to_xn_tails","low_dw_x1_to_xn_tails","up_t_test","low_t_test","up_anderson","low_anderson","up_cheby","low_cheby","up_emp_bern","low_emp_bern","up_hoeffding","low_hoeffding","up_PI_emp_bern","low_PI_emp_bern","up_PI_hedged","low_PI_hedged"
"1",406,0.5567326445811,0.435383747474029,0.556731073838936,0.435384675060109,0.570009693144298,0.435384675060109,0.532753991608382,0.459284498224538,0.550735696786252,0.439305800987499,0.608269679000971,0.364317075737186,0.573817239380262,0.418221250452659,0.55075252796758,0.44128596186534,0.553626797054046,0.434184601052604,0.55,0.45
