"","simul_idx","up_dw","low_dw","up_dw_x1_to_xn","low_dw_x1_to_xn","up_dw_x1_to_xn_tails","low_dw_x1_to_xn_tails","up_t_test","low_t_test","up_anderson","low_anderson","up_cheby","low_cheby","up_emp_bern","low_emp_bern","up_hoeffding","low_hoeffding","up_PI_emp_bern","low_PI_emp_bern","up_PI_hedged","low_PI_hedged"
"1",494,0.699190158524891,0.146090471388438,0.699157646625909,0.14612443080993,0.896178004507568,0.14612443080993,0.594364392215943,0.206890434627359,0.674139266884011,0.0772974176901577,0.812672836333639,-0.278502951771438,1.15797884267874,-0.356724015835439,0.67429382867725,0.126960998166052,0.783061051510236,-0.0013187688260401,0.67,0.17
