"","simul_idx","up_dw","low_dw","up_dw_x1_to_xn","low_dw_x1_to_xn","up_dw_x1_to_xn_tails","low_dw_x1_to_xn_tails","up_t_test","low_t_test","up_anderson","low_anderson","up_cheby","low_cheby","up_emp_bern","low_emp_bern","up_hoeffding","low_hoeffding","up_PI_emp_bern","low_PI_emp_bern","up_PI_hedged","low_PI_hedged"
"1",279,0.54614387647993,0.375580773531719,0.546139008657611,0.375581356175614,0.570919124362942,0.375581356175614,0.512047160309765,0.408178988162976,0.537482581316147,0.378751705994277,0.617437122028352,0.26739571304159,0.580122347287169,0.340103801185571,0.537517625440469,0.382708523032271,0.547707248643468,0.36963073682308,0.53,0.39
