"","simul_idx","up_dw","low_dw","up_dw_x1_to_xn","low_dw_x1_to_xn","up_dw_x1_to_xn_tails","low_dw_x1_to_xn_tails","up_t_test","low_t_test","up_anderson","low_anderson","up_cheby","low_cheby","up_emp_bern","low_emp_bern","up_hoeffding","low_hoeffding","up_PI_emp_bern","low_PI_emp_bern","up_PI_hedged","low_PI_hedged"
"1",356,0.671075401811109,0.404883868950891,0.671069261874587,0.404896539468471,0.725675371350578,0.404896539468471,0.622694288230326,0.457009396342748,0.662170227971035,0.407523525803888,0.749276122644556,0.232272681512784,0.762315546662799,0.317388137910275,0.662239183820578,0.417464500752496,0.699946895507885,0.384309027770674,0.65,0.42
