"","simul_idx","up_dw","low_dw","up_dw_x1_to_xn","low_dw_x1_to_xn","up_dw_x1_to_xn_tails","low_dw_x1_to_xn_tails","up_t_test","low_t_test","up_anderson","low_anderson","up_cheby","low_cheby","up_emp_bern","low_emp_bern","up_hoeffding","low_hoeffding","up_PI_emp_bern","low_PI_emp_bern","up_PI_hedged","low_PI_hedged"
"1",341,0.580523896141878,0.459257717831265,0.580522412937988,0.459259570737918,0.593802375220218,0.459259570737918,0.556794059510779,0.483371053527459,0.574795105153708,0.463370046315493,0.629918986736825,0.389850731928114,0.597842239124391,0.442322873913847,0.574815839570239,0.465349273467999,0.577680233581005,0.458108241200225,0.57,0.47
