"","simul_idx","up_dw","low_dw","up_dw_x1_to_xn","low_dw_x1_to_xn","up_dw_x1_to_xn_tails","low_dw_x1_to_xn_tails","up_t_test","low_t_test","up_anderson","low_anderson","up_cheby","low_cheby","up_emp_bern","low_emp_bern","up_hoeffding","low_hoeffding","up_PI_emp_bern","low_PI_emp_bern","up_PI_hedged","low_PI_hedged"
"1",122,0.624315721075897,0.35742932069303,0.624309533249232,0.357441621104028,0.678915084462375,0.357441621104028,0.573500736083627,0.407324642147702,0.612732854301422,0.35807790402634,0.712349279923231,0.179310154832522,0.71327816764254,0.267547210588789,0.612800030649705,0.368025347581624,0.646603897389512,0.329382973584314,0.61,0.38
