"","simul_idx","up_dw","low_dw","up_dw_x1_to_xn","low_dw_x1_to_xn","up_dw_x1_to_xn_tails","low_dw_x1_to_xn_tails","up_t_test","low_t_test","up_anderson","low_anderson","up_cheby","low_cheby","up_emp_bern","low_emp_bern","up_hoeffding","low_hoeffding","up_PI_emp_bern","low_PI_emp_bern","up_PI_hedged","low_PI_hedged"
"1",311,0.600978926879313,0.430036997034288,0.60096985306612,0.43003949761021,0.625752766917305,0.43003949761021,0.567885623247382,0.463741191176244,0.593179183694848,0.434458068121486,0.665154550157121,0.326794309865596,0.636049930351363,0.395576884072263,0.593217958415912,0.438408856007714,0.60737759544747,0.428137808585984,0.59,0.44
