"","simul_idx","up_dw","low_dw","up_dw_x1_to_xn","low_dw_x1_to_xn","up_dw_x1_to_xn_tails","low_dw_x1_to_xn_tails","up_t_test","low_t_test","up_anderson","low_anderson","up_cheby","low_cheby","up_emp_bern","low_emp_bern","up_hoeffding","low_hoeffding","up_PI_emp_bern","low_PI_emp_bern","up_PI_hedged","low_PI_hedged"
"1",388,0.630163898535551,0.261373767492109,0.630139002427549,0.261394016383776,0.726471114499456,0.261394016383776,0.558680014915992,0.321846978309711,0.613237719490556,0.247386985455213,0.740711825479727,-0.00693933112497463,0.807772643896601,0.0727543493291013,0.61334533487308,0.267181658352623,0.653616858539747,0.218239757075712,0.61,0.29
