"","simul_idx","up_dw","low_dw","up_dw_x1_to_xn","low_dw_x1_to_xn","up_dw_x1_to_xn_tails","low_dw_x1_to_xn_tails","up_t_test","low_t_test","up_anderson","low_anderson","up_cheby","low_cheby","up_emp_bern","low_emp_bern","up_hoeffding","low_hoeffding","up_PI_emp_bern","low_PI_emp_bern","up_PI_hedged","low_PI_hedged"
"1",55,0.818199662953334,0.258522594756288,0.818067323145504,0.258648752678364,1.01522809898445,0.258648752678364,0.745860471093828,0.353013562798378,0.822759788385174,0.226254241273742,0.88228423097476,-0.149701541713289,1.31100848786244,-0.212134453970236,0.823103432201702,0.275770601690504,0.930285967691612,0.141837045289902,0.79,0.3
