"","simul_idx","up_dw","low_dw","up_dw_x1_to_xn","low_dw_x1_to_xn","up_dw_x1_to_xn_tails","low_dw_x1_to_xn_tails","up_t_test","low_t_test","up_anderson","low_anderson","up_cheby","low_cheby","up_emp_bern","low_emp_bern","up_hoeffding","low_hoeffding","up_PI_emp_bern","low_PI_emp_bern","up_PI_hedged","low_PI_hedged"
"1",96,0.818208849075466,0.25839382855229,0.818111879690626,0.258527004464213,1.01528334390077,0.258527004464213,0.745814356792175,0.352897316899486,0.822757528697948,0.226106348922892,0.882249318419451,-0.149774869291677,1.31098239076556,-0.212270717073894,0.823022252101429,0.275689421590232,0.931065590339777,0.141042687063349,0.79,0.3
