"","simul_idx","up_dw","low_dw","up_dw_x1_to_xn","low_dw_x1_to_xn","up_dw_x1_to_xn_tails","low_dw_x1_to_xn_tails","up_t_test","low_t_test","up_anderson","low_anderson","up_cheby","low_cheby","up_emp_bern","low_emp_bern","up_hoeffding","low_hoeffding","up_PI_emp_bern","low_PI_emp_bern","up_PI_hedged","low_PI_hedged"
"1",141,0.628200813887172,0.457715053801925,0.628196586286635,0.457716589399426,0.652978100143545,0.457716589399426,0.595686009851501,0.491865844939419,0.621151164791704,0.462405897241206,0.68877160651214,0.356951330786821,0.663745709925245,0.423806144865675,0.621180478599559,0.466371376191361,0.636330653322989,0.457489967359062,0.62,0.47
