"","simul_idx","up_dw","low_dw","up_dw_x1_to_xn","low_dw_x1_to_xn","up_dw_x1_to_xn_tails","low_dw_x1_to_xn_tails","up_t_test","low_t_test","up_anderson","low_anderson","up_cheby","low_cheby","up_emp_bern","low_emp_bern","up_hoeffding","low_hoeffding","up_PI_emp_bern","low_PI_emp_bern","up_PI_hedged","low_PI_hedged"
"1",80,0.685653310138391,0.314522121681856,0.685645702095716,0.314534239017902,0.781965694494313,0.314534239017902,0.619420216351205,0.380776955375662,0.673040104599312,0.307150082774555,0.779971550210536,0.0535260928951865,0.869074117776813,0.131123053950054,0.673180424123662,0.327016747603205,0.723164253217327,0.286897592681544,0.67,0.34
