"","simul_idx","up_dw","low_dw","up_dw_x1_to_xn","low_dw_x1_to_xn","up_dw_x1_to_xn_tails","low_dw_x1_to_xn_tails","up_t_test","low_t_test","up_anderson","low_anderson","up_cheby","low_cheby","up_emp_bern","low_emp_bern","up_hoeffding","low_hoeffding","up_PI_emp_bern","low_PI_emp_bern","up_PI_hedged","low_PI_hedged"
"1",413,0.540869412880867,0.419614688888335,0.540867370456011,0.419615394902885,0.554145668180458,0.419615394902885,0.516761314698589,0.443341339886685,0.534762545691906,0.423349375985019,0.593836892709131,0.347440219629373,0.557808511805756,0.402294142779518,0.534784610343757,0.425318044241517,0.534550280478324,0.414352959006772,0.53,0.43
