"","simul_idx","up_dw","low_dw","up_dw_x1_to_xn","low_dw_x1_to_xn","up_dw_x1_to_xn_tails","low_dw_x1_to_xn_tails","up_t_test","low_t_test","up_anderson","low_anderson","up_cheby","low_cheby","up_emp_bern","low_emp_bern","up_hoeffding","low_hoeffding","up_PI_emp_bern","low_PI_emp_bern","up_PI_hedged","low_PI_hedged"
"1",177,0.653368024126506,0.112757666608079,0.653192135365868,0.112854921814297,0.850308892481133,0.112854921814297,0.538560216416823,0.161897792539578,0.623682391634911,0.0273993138186445,0.786726887716764,-0.31975488174583,1.099088801269,-0.398630792312595,0.623895419733799,0.076562589222602,0.75272720753023,-0.0206166123781123,0.62,0.13
