"","simul_idx","up_dw","low_dw","up_dw_x1_to_xn","low_dw_x1_to_xn","up_dw_x1_to_xn_tails","low_dw_x1_to_xn_tails","up_t_test","low_t_test","up_anderson","low_anderson","up_cheby","low_cheby","up_emp_bern","low_emp_bern","up_hoeffding","low_hoeffding","up_PI_emp_bern","low_PI_emp_bern","up_PI_hedged","low_PI_hedged"
"1",292,0.604564298600098,0.338066110991446,0.604548155825624,0.338080808130593,0.659157257768941,0.338080808130593,0.552851852241014,0.386927745077127,0.592219162393192,0.337599048534625,0.696730427915863,0.157614660555174,0.692549166947517,0.247230430370624,0.592277140193111,0.34750245712503,0.625553954587475,0.309565779823827,0.59,0.36
