"","simul_idx","up_dw","low_dw","up_dw_x1_to_xn","low_dw_x1_to_xn","up_dw_x1_to_xn_tails","low_dw_x1_to_xn_tails","up_t_test","low_t_test","up_anderson","low_anderson","up_cheby","low_cheby","up_emp_bern","low_emp_bern","up_hoeffding","low_hoeffding","up_PI_emp_bern","low_PI_emp_bern","up_PI_hedged","low_PI_hedged"
"1",311,0.703331085435172,0.332490491018053,0.703307670372915,0.3325117153617,0.799641236306776,0.3325117153617,0.638999451465948,0.400529343433215,0.692728878641134,0.326859278350827,0.792504685460908,0.0737693102883947,0.888599665637523,0.150929129261641,0.69284623570981,0.346682559189353,0.733958923614459,0.295306240140717,0.68,0.36
