"","simul_idx","up_dw","low_dw","up_dw_x1_to_xn","low_dw_x1_to_xn","up_dw_x1_to_xn_tails","low_dw_x1_to_xn_tails","up_t_test","low_t_test","up_anderson","low_anderson","up_cheby","low_cheby","up_emp_bern","low_emp_bern","up_hoeffding","low_hoeffding","up_PI_emp_bern","low_PI_emp_bern","up_PI_hedged","low_PI_hedged"
"1",224,0.578401125690171,0.457121570483163,0.578400158141321,0.457121749250068,0.591677690637571,0.457121749250068,0.554643605753577,0.481222491639734,0.572646629547397,0.461224840510452,0.627990157677428,0.387564839766995,0.595691172147512,0.440174925245799,0.572666331747775,0.463199765645536,0.579665601710746,0.460230585062452,0.57,0.47
