"","simul_idx","up_dw","low_dw","up_dw_x1_to_xn","low_dw_x1_to_xn","up_dw_x1_to_xn_tails","low_dw_x1_to_xn_tails","up_t_test","low_t_test","up_anderson","low_anderson","up_cheby","low_cheby","up_emp_bern","low_emp_bern","up_hoeffding","low_hoeffding","up_PI_emp_bern","low_PI_emp_bern","up_PI_hedged","low_PI_hedged"
"1",162,0.624423904305118,0.453854098880675,0.624422321353649,0.453856884927344,0.649205665704227,0.453856884927344,0.591832035427152,0.487944789227654,0.617254065515811,0.458518466205436,0.685502472176095,0.352744474607372,0.659913375602476,0.419863449052331,0.617292963531502,0.462483861123304,0.625767963222505,0.447201145578065,0.61,0.47
