"","simul_idx","up_dw","low_dw","up_dw_x1_to_xn","low_dw_x1_to_xn","up_dw_x1_to_xn_tails","low_dw_x1_to_xn_tails","up_t_test","low_t_test","up_anderson","low_anderson","up_cheby","low_cheby","up_emp_bern","low_emp_bern","up_hoeffding","low_hoeffding","up_PI_emp_bern","low_PI_emp_bern","up_PI_hedged","low_PI_hedged"
"1",388,0.614543081475153,0.347833431894221,0.61453541825836,0.347839692704427,0.669132063293532,0.347839692704427,0.56328175497299,0.397209994174131,0.602565131407196,0.347950470567142,0.704632408977578,0.168541908428895,0.70302601478056,0.257465734366561,0.602633216107601,0.35785853303952,0.641261666523348,0.324384116994939,0.6,0.37
