"","simul_idx","up_dw","low_dw","up_dw_x1_to_xn","low_dw_x1_to_xn","up_dw_x1_to_xn_tails","low_dw_x1_to_xn_tails","up_t_test","low_t_test","up_anderson","low_anderson","up_cheby","low_cheby","up_emp_bern","low_emp_bern","up_hoeffding","low_hoeffding","up_PI_emp_bern","low_PI_emp_bern","up_PI_hedged","low_PI_hedged"
"1",354,0.544918964233045,0.423620017921485,0.544918465533541,0.423620908379873,0.558197035229154,0.423620908379873,0.52083442995117,0.447399035805528,0.538830380582956,0.427404849992754,0.597516394141681,0.351732101698219,0.561886624992369,0.40634684076433,0.538850015929469,0.42938344982723,0.546848950259805,0.426911917314503,0.53,0.44
