"","simul_idx","up_dw","low_dw","up_dw_x1_to_xn","low_dw_x1_to_xn","up_dw_x1_to_xn_tails","low_dw_x1_to_xn_tails","up_t_test","low_t_test","up_anderson","low_anderson","up_cheby","low_cheby","up_emp_bern","low_emp_bern","up_hoeffding","low_hoeffding","up_PI_emp_bern","low_PI_emp_bern","up_PI_hedged","low_PI_hedged"
"1",243,0.580385463693053,0.459110283605385,0.580383460075555,0.459110609057449,0.59366120546535,0.459110609057449,0.556648064337665,0.483228606014367,0.574652853380232,0.463224611415756,0.629789603312484,0.389697328405195,0.59769509403319,0.442181576318842,0.574671618227136,0.465205052124896,0.581409698870396,0.461708241530745,0.57,0.47
