"","simul_idx","up_dw","low_dw","up_dw_x1_to_xn","low_dw_x1_to_xn","up_dw_x1_to_xn_tails","low_dw_x1_to_xn_tails","up_t_test","low_t_test","up_anderson","low_anderson","up_cheby","low_cheby","up_emp_bern","low_emp_bern","up_hoeffding","low_hoeffding","up_PI_emp_bern","low_PI_emp_bern","up_PI_hedged","low_PI_hedged"
"1",364,0.594857858264343,0.328708542184145,0.594852671949691,0.328715543058945,0.649450409748877,0.328715543058945,0.542724427978287,0.37707269006362,0.582221211935678,0.327613228482756,0.689067826317788,0.147111371902127,0.682335145413178,0.237461972628728,0.582285900554994,0.337511217486912,0.620485423140098,0.304660593701148,0.58,0.35
