"","simul_idx","up_dw","low_dw","up_dw_x1_to_xn","low_dw_x1_to_xn","up_dw_x1_to_xn_tails","low_dw_x1_to_xn_tails","up_t_test","low_t_test","up_anderson","low_anderson","up_cheby","low_cheby","up_emp_bern","low_emp_bern","up_hoeffding","low_hoeffding","up_PI_emp_bern","low_PI_emp_bern","up_PI_hedged","low_PI_hedged"
"1",43,0.633308942535374,0.366357969449352,0.633301777014893,0.366360613252753,0.687893081252918,0.366360613252753,0.582959426838313,0.416691879875144,0.622149091038384,0.367513786501705,0.719457401414632,0.18931651377942,0.722765935037347,0.276885371676109,0.622212994890769,0.377438311822688,0.655369943344583,0.33936385415585,0.61,0.38
