"","simul_idx","up_dw","low_dw","up_dw_x1_to_xn","low_dw_x1_to_xn","up_dw_x1_to_xn_tails","low_dw_x1_to_xn_tails","up_t_test","low_t_test","up_anderson","low_anderson","up_cheby","low_cheby","up_emp_bern","low_emp_bern","up_hoeffding","low_hoeffding","up_PI_emp_bern","low_PI_emp_bern","up_PI_hedged","low_PI_hedged"
"1",8,0.689787887358855,0.42450322336095,0.68978553262936,0.42451621549729,0.744392117000934,0.42451621549729,0.642453080068177,0.477391439918979,0.682221063991383,0.427587024362285,0.763969115168661,0.254071357546935,0.781876181402426,0.33796833858473,0.682309601527619,0.437534918459537,0.713887517678853,0.400388913093772,0.67,0.44
