"","simul_idx","up_dw","low_dw","up_dw_x1_to_xn","low_dw_x1_to_xn","up_dw_x1_to_xn_tails","low_dw_x1_to_xn_tails","up_t_test","low_t_test","up_anderson","low_anderson","up_cheby","low_cheby","up_emp_bern","low_emp_bern","up_hoeffding","low_hoeffding","up_PI_emp_bern","low_PI_emp_bern","up_PI_hedged","low_PI_hedged"
"1",380,0.588271543314291,0.467095761252548,0.588271339505384,0.467099205270625,0.601553663711429,0.467099205270625,0.564621426182574,0.491272651295042,0.582654938853308,0.471233687684454,0.636967447048494,0.398222824988386,0.605645544956321,0.450248532521295,0.582680321789928,0.473213755687689,0.585590981023893,0.466191746545824,0.58,0.48
