"","simul_idx","up_dw","low_dw","up_dw_x1_to_xn","low_dw_x1_to_xn","up_dw_x1_to_xn_tails","low_dw_x1_to_xn_tails","up_t_test","low_t_test","up_anderson","low_anderson","up_cheby","low_cheby","up_emp_bern","low_emp_bern","up_hoeffding","low_hoeffding","up_PI_emp_bern","low_PI_emp_bern","up_PI_hedged","low_PI_hedged"
"1",76,0.565676021046919,0.301039939846498,0.565660826607327,0.301041101559734,0.620249942421787,0.301041101559734,0.512425356531014,0.347866823467198,0.552468377184758,0.297865793797886,0.666028652686646,0.116055147311729,0.651688499642934,0.208603680355279,0.552533431533147,0.307758748465065,0.589524760333592,0.276410977074183,0.55,0.32
