"","simul_idx","up_dw","low_dw","up_dw_x1_to_xn","low_dw_x1_to_xn","up_dw_x1_to_xn_tails","low_dw_x1_to_xn_tails","up_t_test","low_t_test","up_anderson","low_anderson","up_cheby","low_cheby","up_emp_bern","low_emp_bern","up_hoeffding","low_hoeffding","up_PI_emp_bern","low_PI_emp_bern","up_PI_hedged","low_PI_hedged"
"1",302,0.588204844643417,0.46701850510476,0.58820270319048,0.467019179594947,0.601480955161602,0.467019179594947,0.564558198208922,0.491189918806359,0.582589399452729,0.471164502327608,0.636902101924395,0.398145071619998,0.605588639063838,0.450159477951443,0.58260734155876,0.473140775456521,0.589298105820307,0.469829379505622,0.58,0.48
