"","simul_idx","up_dw","low_dw","up_dw_x1_to_xn","low_dw_x1_to_xn","up_dw_x1_to_xn_tails","low_dw_x1_to_xn_tails","up_t_test","low_t_test","up_anderson","low_anderson","up_cheby","low_cheby","up_emp_bern","low_emp_bern","up_hoeffding","low_hoeffding","up_PI_emp_bern","low_PI_emp_bern","up_PI_hedged","low_PI_hedged"
"1",205,0.738833455212299,0.369986470915551,0.73880881376236,0.37000134345063,0.83513291264608,0.37000134345063,0.678375041568292,0.441487471509806,0.73287672905192,0.366977081703534,0.817496547330568,0.115722213567846,0.927484579018687,0.192377934059411,0.733013094799277,0.38684941827882,0.782266491491957,0.346268844832998,0.71,0.39
