"","simul_idx","up_dw","low_dw","up_dw_x1_to_xn","low_dw_x1_to_xn","up_dw_x1_to_xn_tails","low_dw_x1_to_xn_tails","up_t_test","low_t_test","up_anderson","low_anderson","up_cheby","low_cheby","up_emp_bern","low_emp_bern","up_hoeffding","low_hoeffding","up_PI_emp_bern","low_PI_emp_bern","up_PI_hedged","low_PI_hedged"
"1",309,0.586267885798946,0.465050178299589,0.586267555212635,0.465051400165156,0.599546638599527,0.465051400165156,0.562591183619796,0.489217212209269,0.580616916353478,0.469187509227941,0.635137880679998,0.396046821113203,0.60362346944939,0.448184926379675,0.580637480965652,0.471170914863413,0.587567526621082,0.468064861299684,0.57,0.48
