"","simul_idx","up_dw","low_dw","up_dw_x1_to_xn","low_dw_x1_to_xn","up_dw_x1_to_xn_tails","low_dw_x1_to_xn_tails","up_t_test","low_t_test","up_anderson","low_anderson","up_cheby","low_cheby","up_emp_bern","low_emp_bern","up_hoeffding","low_hoeffding","up_PI_emp_bern","low_PI_emp_bern","up_PI_hedged","low_PI_hedged"
"1",277,0.565892303584825,0.301235116448439,0.565889195007394,0.301236593882249,0.620478777008299,0.301236593882249,0.512655768291555,0.348068340765759,0.552670879659071,0.298064198458545,0.666197056559927,0.11627940621945,0.651928098129139,0.208796010928175,0.552749396062698,0.307974712994616,0.583905506679314,0.272596932595597,0.54,0.31
