"","simul_idx","up_dw","low_dw","up_dw_x1_to_xn","low_dw_x1_to_xn","up_dw_x1_to_xn_tails","low_dw_x1_to_xn_tails","up_t_test","low_t_test","up_anderson","low_anderson","up_cheby","low_cheby","up_emp_bern","low_emp_bern","up_hoeffding","low_hoeffding","up_PI_emp_bern","low_PI_emp_bern","up_PI_hedged","low_PI_hedged"
"1",344,0.741093158224481,0.181359548534409,0.740895758751865,0.181444996126324,0.937994532916536,0.181444996126324,0.646560337206282,0.253523773382561,0.723467198828933,0.126912078735003,0.836986994215757,-0.236930920489862,1.21176248611638,-0.311678375527541,0.72370847055002,0.176375640038822,0.858260662464432,0.0686017777526387,0.7,0.21
