"","simul_idx","up_dw","low_dw","up_dw_x1_to_xn","low_dw_x1_to_xn","up_dw_x1_to_xn_tails","low_dw_x1_to_xn_tails","up_t_test","low_t_test","up_anderson","low_anderson","up_cheby","low_cheby","up_emp_bern","low_emp_bern","up_hoeffding","low_hoeffding","up_PI_emp_bern","low_PI_emp_bern","up_PI_hedged","low_PI_hedged"
"1",483,0.70812605062424,0.444214886375942,0.708114576802739,0.444226465507648,0.76271907476101,0.444226465507648,0.661834230975149,0.497797599793203,0.702104928652163,0.447509207834756,0.778352433320727,0.275858321923229,0.800931440233858,0.358700390534494,0.702203256918217,0.457428573850135,0.737242810060102,0.42655821413917,0.69,0.46
