"","simul_idx","up_dw","low_dw","up_dw_x1_to_xn","low_dw_x1_to_xn","up_dw_x1_to_xn_tails","low_dw_x1_to_xn_tails","up_t_test","low_t_test","up_anderson","low_anderson","up_cheby","low_cheby","up_emp_bern","low_emp_bern","up_hoeffding","low_hoeffding","up_PI_emp_bern","low_PI_emp_bern","up_PI_hedged","low_PI_hedged"
"1",185,0.605878025791068,0.484960024229463,0.605876974929216,0.484961164481695,0.619155902890552,0.484961164481695,0.582425354757107,0.509250398758212,0.600554287274804,0.489121792011232,0.652950495145025,0.417319851438622,0.623393132877379,0.468282620637941,0.600571159808779,0.49110459370654,0.603320349472665,0.484115105086744,0.6,0.5
