"","simul_idx","up_dw","low_dw","up_dw_x1_to_xn","low_dw_x1_to_xn","up_dw_x1_to_xn_tails","low_dw_x1_to_xn_tails","up_t_test","low_t_test","up_anderson","low_anderson","up_cheby","low_cheby","up_emp_bern","low_emp_bern","up_hoeffding","low_hoeffding","up_PI_emp_bern","low_PI_emp_bern","up_PI_hedged","low_PI_hedged"
"1",265,0.78101925697044,0.218754293651997,0.780913328705804,0.21878930456327,0.977935288002304,0.21878930456327,0.697564691286719,0.302156073453845,0.773317649986318,0.176567683656102,0.860315960657885,-0.193835450830842,1.26344388011445,-0.263723115373887,0.773526797625881,0.226193967114684,0.883100779535192,0.0922924081800995,0.76,0.26
