"","simul_idx","up_dw","low_dw","up_dw_x1_to_xn","low_dw_x1_to_xn","up_dw_x1_to_xn_tails","low_dw_x1_to_xn_tails","up_t_test","low_t_test","up_anderson","low_anderson","up_cheby","low_cheby","up_emp_bern","low_emp_bern","up_hoeffding","low_hoeffding","up_PI_emp_bern","low_PI_emp_bern","up_PI_hedged","low_PI_hedged"
"1",106,0.600930212462883,0.429967327082686,0.600927361992564,0.429968672565988,0.625708604391624,0.429968672565988,0.56782629842624,0.463678598195191,0.593128188022858,0.434391105572288,0.665102808716952,0.326728822649808,0.635991659822933,0.395513236798498,0.593156999514814,0.438347897106617,0.608754057816382,0.429425934560429,0.59,0.44
