"","simul_idx","up_dw","low_dw","up_dw_x1_to_xn","low_dw_x1_to_xn","up_dw_x1_to_xn_tails","low_dw_x1_to_xn_tails","up_t_test","low_t_test","up_anderson","low_anderson","up_cheby","low_cheby","up_emp_bern","low_emp_bern","up_hoeffding","low_hoeffding","up_PI_emp_bern","low_PI_emp_bern","up_PI_hedged","low_PI_hedged"
"1",282,0.575705892694093,0.310421256839336,0.575702219083396,0.310439427653415,0.630316447062333,0.310439427653415,0.522822195578734,0.357773198344474,0.562624238918081,0.307986447366145,0.673926316708387,0.12661495049453,0.662241277215672,0.218354116707537,0.562685038495645,0.317910355427564,0.600214030771577,0.285935830792498,0.56,0.33
