"","simul_idx","up_dw","low_dw","up_dw_x1_to_xn","low_dw_x1_to_xn","up_dw_x1_to_xn_tails","low_dw_x1_to_xn_tails","up_t_test","low_t_test","up_anderson","low_anderson","up_cheby","low_cheby","up_emp_bern","low_emp_bern","up_hoeffding","low_hoeffding","up_PI_emp_bern","low_PI_emp_bern","up_PI_hedged","low_PI_hedged"
"1",81,0.642544791754858,0.375726371881805,0.642523282875049,0.375728205024939,0.697113390108956,0.375728205024939,0.592670038084603,0.426518980992937,0.631923571120039,0.377334216283397,0.726796465672979,0.199739006215694,0.732439509411555,0.286749509665985,0.631981851072811,0.387207168004729,0.66558933750785,0.348541083373346,0.63,0.39
