"","simul_idx","up_dw","low_dw","up_dw_x1_to_xn","low_dw_x1_to_xn","up_dw_x1_to_xn_tails","low_dw_x1_to_xn_tails","up_t_test","low_t_test","up_anderson","low_anderson","up_cheby","low_cheby","up_emp_bern","low_emp_bern","up_hoeffding","low_hoeffding","up_PI_emp_bern","low_PI_emp_bern","up_PI_hedged","low_PI_hedged"
"1",321,0.570684568726898,0.449358313013233,0.570683718732042,0.449359324480625,0.583962499688726,0.449359324480625,0.546841152054391,0.473398045237485,0.564831188032758,0.453407383369457,0.620970461189299,0.3792640459596,0.587895847036433,0.432343350255443,0.564852881697058,0.455386315594818,0.566744606074607,0.44721672679176,0.56,0.46
