"","simul_idx","up_dw","low_dw","up_dw_x1_to_xn","low_dw_x1_to_xn","up_dw_x1_to_xn_tails","low_dw_x1_to_xn_tails","up_t_test","low_t_test","up_anderson","low_anderson","up_cheby","low_cheby","up_emp_bern","low_emp_bern","up_hoeffding","low_hoeffding","up_PI_emp_bern","low_PI_emp_bern","up_PI_hedged","low_PI_hedged"
"1",230,0.648746645282924,0.278786068675102,0.648710286344822,0.278812186306875,0.745051145477703,0.278812186306875,0.578935374401273,0.341175385785504,0.632960420604544,0.267177417146735,0.753880092056467,0.0128788747658463,0.828315411191431,0.0917953489953456,0.633137218353617,0.28697354183316,0.674380422495188,0.236637795801259,0.63,0.3
