"","simul_idx","up_dw","low_dw","up_dw_x1_to_xn","low_dw_x1_to_xn","up_dw_x1_to_xn_tails","low_dw_x1_to_xn_tails","up_t_test","low_t_test","up_anderson","low_anderson","up_cheby","low_cheby","up_emp_bern","low_emp_bern","up_hoeffding","low_hoeffding","up_PI_emp_bern","low_PI_emp_bern","up_PI_hedged","low_PI_hedged"
"1",259,0.585681958204765,0.414614804354098,0.585678366738334,0.414616110221582,0.610459543089667,0.414616110221582,0.552266771607704,0.448037239675735,0.577524926932365,0.418775261345876,0.65182575826405,0.31000502181618,0.620458531518626,0.379845479764813,0.577556556845818,0.42274745443762,0.5871558770738,0.408694897193801,0.57,0.43
