"","simul_idx","up_dw","low_dw","up_dw_x1_to_xn","low_dw_x1_to_xn","up_dw_x1_to_xn_tails","low_dw_x1_to_xn_tails","up_t_test","low_t_test","up_anderson","low_anderson","up_cheby","low_cheby","up_emp_bern","low_emp_bern","up_hoeffding","low_hoeffding","up_PI_emp_bern","low_PI_emp_bern","up_PI_hedged","low_PI_hedged"
"1",53,0.741085026043861,0.181279376018697,0.741001436512235,0.18133951017929,0.938061658419594,0.18133951017929,0.646515929041772,0.253442623790574,0.723397900969913,0.126858736479244,0.836956833340004,-0.236984464785106,1.21172856481808,-0.311770011985735,0.723645691671772,0.176312861160575,0.832761497398851,0.0454281613873699,0.72,0.22
