"","simul_idx","up_dw","low_dw","up_dw_x1_to_xn","low_dw_x1_to_xn","up_dw_x1_to_xn_tails","low_dw_x1_to_xn_tails","up_t_test","low_t_test","up_anderson","low_anderson","up_cheby","low_cheby","up_emp_bern","low_emp_bern","up_hoeffding","low_hoeffding","up_PI_emp_bern","low_PI_emp_bern","up_PI_hedged","low_PI_hedged"
"1",467,0.630286951468154,0.261489100513414,0.63027022871572,0.261507670871726,0.726599839018366,0.261507670871726,0.558791743547243,0.32200737074403,0.613333993134054,0.247459153267292,0.740802949348862,-0.00680368743946869,0.807869283982921,0.0729298303083518,0.613481395405865,0.267317718885408,0.663289146575452,0.228567734599861,0.61,0.28
