"","simul_idx","up_dw","low_dw","up_dw_x1_to_xn","low_dw_x1_to_xn","up_dw_x1_to_xn_tails","low_dw_x1_to_xn_tails","up_t_test","low_t_test","up_anderson","low_anderson","up_cheby","low_cheby","up_emp_bern","low_emp_bern","up_hoeffding","low_hoeffding","up_PI_emp_bern","low_PI_emp_bern","up_PI_hedged","low_PI_hedged"
"1",355,0.689595471989706,0.424303142250243,0.689590658910154,0.424310783991487,0.744189342999423,0.424310783991487,0.642226235048534,0.477203567540538,0.682029597395539,0.427390060509483,0.763818234212908,0.253845222686249,0.781636945393693,0.33779285719538,0.682102242828577,0.437327559760496,0.719133536618974,0.404669413781758,0.67,0.44
