"","simul_idx","up_dw","low_dw","up_dw_x1_to_xn","low_dw_x1_to_xn","up_dw_x1_to_xn_tails","low_dw_x1_to_xn_tails","up_t_test","low_t_test","up_anderson","low_anderson","up_cheby","low_cheby","up_emp_bern","low_emp_bern","up_hoeffding","low_hoeffding","up_PI_emp_bern","low_PI_emp_bern","up_PI_hedged","low_PI_hedged"
"1",284,0.6301148641928,0.261422205282226,0.630059787943928,0.261436999798027,0.726383770543852,0.261436999798027,0.558615559349336,0.321913855870243,0.613210791991721,0.247412183385963,0.740712636557321,-0.00693812387433768,0.807667467595732,0.072861947623847,0.613346545870018,0.267182869349561,0.663805364004323,0.227774402449985,0.61,0.28
