"","simul_idx","up_dw","low_dw","up_dw_x1_to_xn","low_dw_x1_to_xn","up_dw_x1_to_xn_tails","low_dw_x1_to_xn_tails","up_t_test","low_t_test","up_anderson","low_anderson","up_cheby","low_cheby","up_emp_bern","low_emp_bern","up_hoeffding","low_hoeffding","up_PI_emp_bern","low_PI_emp_bern","up_PI_hedged","low_PI_hedged"
"1",195,0.605210327890591,0.434291264727184,0.605208490810808,0.434292819335902,0.629990013426567,0.434292819335902,0.572199770513543,0.46807606396084,0.597505119598788,0.438770228102814,0.668822367156043,0.331442858300094,0.640357391664681,0.399918442809701,0.59754246844129,0.442733366033092,0.611670151328505,0.433201807670006,0.59,0.45
