"","simul_idx","up_dw","low_dw","up_dw_x1_to_xn","low_dw_x1_to_xn","up_dw_x1_to_xn_tails","low_dw_x1_to_xn_tails","up_t_test","low_t_test","up_anderson","low_anderson","up_cheby","low_cheby","up_emp_bern","low_emp_bern","up_hoeffding","low_hoeffding","up_PI_emp_bern","low_PI_emp_bern","up_PI_hedged","low_PI_hedged"
"1",243,0.853691661007626,0.300869549948464,0.853500836483723,0.300935615693535,1.05057009217114,0.300935615693535,0.792881920886196,0.405675456944272,0.872680702776945,0.276033326707375,0.903032350532485,-0.103994098645506,1.35642002238063,-0.157862644550163,0.872945104170833,0.325612273659635,0.999888774412093,0.218144336778246,0.82,0.33
