"","simul_idx","up_dw","low_dw","up_dw_x1_to_xn","low_dw_x1_to_xn","up_dw_x1_to_xn_tails","low_dw_x1_to_xn_tails","up_t_test","low_t_test","up_anderson","low_anderson","up_cheby","low_cheby","up_emp_bern","low_emp_bern","up_hoeffding","low_hoeffding","up_PI_emp_bern","low_PI_emp_bern","up_PI_hedged","low_PI_hedged"
"1",374,0.633548216844419,0.366644934072584,0.63353199018919,0.366649790228313,0.688126561140726,0.366649790228313,0.583204255947572,0.416994631284617,0.62243007179145,0.367811200914412,0.719663619749094,0.189608095916532,0.722992348289536,0.277206538942653,0.622486785150135,0.377712102082053,0.660811108538589,0.34433871673946,0.61,0.38
