"","simul_idx","up_dw","low_dw","up_dw_x1_to_xn","low_dw_x1_to_xn","up_dw_x1_to_xn_tails","low_dw_x1_to_xn_tails","up_t_test","low_t_test","up_anderson","low_anderson","up_cheby","low_cheby","up_emp_bern","low_emp_bern","up_hoeffding","low_hoeffding","up_PI_emp_bern","low_PI_emp_bern","up_PI_hedged","low_PI_hedged"
"1",7,0.642804272686265,0.376001641117299,0.642787641181251,0.376009162276018,0.697386147220868,0.376009162276018,0.592920758408206,0.426831820130956,0.632192991629458,0.377588102115911,0.727007580772855,0.20004021789911,0.732670479635396,0.287082098903765,0.632263630803622,0.38748894773554,0.665420556500039,0.34935271173093,0.63,0.4
