"","simul_idx","up_dw","low_dw","up_dw_x1_to_xn","low_dw_x1_to_xn","up_dw_x1_to_xn_tails","low_dw_x1_to_xn_tails","up_t_test","low_t_test","up_anderson","low_anderson","up_cheby","low_cheby","up_emp_bern","low_emp_bern","up_hoeffding","low_hoeffding","up_PI_emp_bern","low_PI_emp_bern","up_PI_hedged","low_PI_hedged"
"1",6,0.616714186881604,0.445965655141283,0.6167113495131,0.445972836681038,0.641501094987716,0.445972836681038,0.583948690794189,0.479942448748087,0.609309735222118,0.450574491242867,0.678808616477388,0.344163633082493,0.65206841845889,0.411822721083386,0.609350120975237,0.454541018567039,0.618877621357999,0.440503457685497,0.6,0.46
