"","simul_idx","up_dw","low_dw","up_dw_x1_to_xn","low_dw_x1_to_xn","up_dw_x1_to_xn_tails","low_dw_x1_to_xn_tails","up_t_test","low_t_test","up_anderson","low_anderson","up_cheby","low_cheby","up_emp_bern","low_emp_bern","up_hoeffding","low_hoeffding","up_PI_emp_bern","low_PI_emp_bern","up_PI_hedged","low_PI_hedged"
"1",148,0.886687211016101,0.345688470147164,0.886610113483358,0.34572706918328,1.08363753748002,0.34572706918328,0.837436503493654,0.460209055084885,0.922313052524421,0.325538490917438,0.922226191532152,-0.0571291524797924,1.39812635961571,-0.100480801037169,0.922489194544868,0.375156364033671,1.04455365153481,0.270203409500451,0.86,0.37
