"","simul_idx","up_dw","low_dw","up_dw_x1_to_xn","low_dw_x1_to_xn","up_dw_x1_to_xn_tails","low_dw_x1_to_xn_tails","up_t_test","low_t_test","up_anderson","low_anderson","up_cheby","low_cheby","up_emp_bern","low_emp_bern","up_hoeffding","low_hoeffding","up_PI_emp_bern","low_PI_emp_bern","up_PI_hedged","low_PI_hedged"
"1",90,0.853465782644872,0.3006243956716,0.853282447863055,0.300639580709472,1.05027421243159,0.300639580709472,0.792556970167455,0.405407614708185,0.872375615901685,0.275748488439879,0.902913120611144,-0.104270064027384,1.35607877155985,-0.15811418668421,0.872648707693419,0.325315877182221,0.976360537640605,0.192454390265088,0.83,0.34
