"","simul_idx","up_dw","low_dw","up_dw_x1_to_xn","low_dw_x1_to_xn","up_dw_x1_to_xn_tails","low_dw_x1_to_xn_tails","up_t_test","low_t_test","up_anderson","low_anderson","up_cheby","low_cheby","up_emp_bern","low_emp_bern","up_hoeffding","low_hoeffding","up_PI_emp_bern","low_PI_emp_bern","up_PI_hedged","low_PI_hedged"
"1",444,0.581723947607784,0.41071873094492,0.581721826466469,0.410725644834492,0.606511183260256,0.410725644834492,0.548234829537956,0.444056641702532,0.573502777064868,0.414785657419702,0.648404872750742,0.305721541903574,0.616410026089593,0.375881445150895,0.573550286824343,0.418741184416145,0.583145461139368,0.404621948306236,0.57,0.42
