"","simul_idx","up_dw","low_dw","up_dw_x1_to_xn","low_dw_x1_to_xn","up_dw_x1_to_xn_tails","low_dw_x1_to_xn_tails","up_t_test","low_t_test","up_anderson","low_anderson","up_cheby","low_cheby","up_emp_bern","low_emp_bern","up_hoeffding","low_hoeffding","up_PI_emp_bern","low_PI_emp_bern","up_PI_hedged","low_PI_hedged"
"1",314,0.685440165363963,0.314322577064216,0.685425897095244,0.314350084321503,0.781768827394829,0.314350084321503,0.619193489767812,0.380542425077482,0.672837035936318,0.306941536548397,0.779823449474435,0.0532898128966432,0.868849810788555,0.130886104056739,0.672949795682875,0.326786119162418,0.713714227827857,0.276132568722783,0.67,0.34
