"","simul_idx","up_dw","low_dw","up_dw_x1_to_xn","low_dw_x1_to_xn","up_dw_x1_to_xn_tails","low_dw_x1_to_xn_tails","up_t_test","low_t_test","up_anderson","low_anderson","up_cheby","low_cheby","up_emp_bern","low_emp_bern","up_hoeffding","low_hoeffding","up_PI_emp_bern","low_PI_emp_bern","up_PI_hedged","low_PI_hedged"
"1",495,0.818454785851917,0.258690381458602,0.818349959535768,0.258770757973502,1.0154410104699,0.258770757973502,0.746212029925765,0.353209147677685,0.82302595820405,0.22644573275791,0.882401857934302,-0.14945440619867,1.31140456532323,-0.211983387719777,0.823377004057324,0.276044173546126,0.956178021036538,0.165136412711765,0.79,0.29
