"","simul_idx","up_dw","low_dw","up_dw_x1_to_xn","low_dw_x1_to_xn","up_dw_x1_to_xn_tails","low_dw_x1_to_xn_tails","up_t_test","low_t_test","up_anderson","low_anderson","up_cheby","low_cheby","up_emp_bern","low_emp_bern","up_hoeffding","low_hoeffding","up_PI_emp_bern","low_PI_emp_bern","up_PI_hedged","low_PI_hedged"
"1",245,0.57374703953647,0.402711383325,0.573744019530373,0.402712688780113,0.598525198634696,0.402712688780113,0.54010120858324,0.435891193175462,0.565375834692469,0.406626729289214,0.641432153895459,0.297022078564832,0.608286672557066,0.367705729201637,0.56540075208345,0.410591649675252,0.574000205631739,0.394297814767294,0.56,0.42
