"","simul_idx","up_dw","low_dw","up_dw_x1_to_xn","low_dw_x1_to_xn","up_dw_x1_to_xn_tails","low_dw_x1_to_xn_tails","up_t_test","low_t_test","up_anderson","low_anderson","up_cheby","low_cheby","up_emp_bern","low_emp_bern","up_hoeffding","low_hoeffding","up_PI_emp_bern","low_PI_emp_bern","up_PI_hedged","low_PI_hedged"
"1",133,0.741243852721452,0.181387081216361,0.741098334664347,0.181441278725556,0.938149515074752,0.181441278725556,0.646781711463769,0.253529266955733,0.723604425280249,0.126968048237472,0.837041486524624,-0.236834167578289,1.21204547779074,-0.311734499371241,0.72382190446535,0.176489073954152,0.856891789061917,0.0701350630771221,0.71,0.21
