"","simul_idx","up_dw","low_dw","up_dw_x1_to_xn","low_dw_x1_to_xn","up_dw_x1_to_xn_tails","low_dw_x1_to_xn_tails","up_t_test","low_t_test","up_anderson","low_anderson","up_cheby","low_cheby","up_emp_bern","low_emp_bern","up_hoeffding","low_hoeffding","up_PI_emp_bern","low_PI_emp_bern","up_PI_hedged","low_PI_hedged"
"1",50,0.590150071204035,0.468991628691127,0.590149312131045,0.468993149840288,0.60342879291243,0.468993149840288,0.56651983982712,0.493182845213045,0.58456392329601,0.473136633891974,0.638672107052675,0.400252093967094,0.607540140210875,0.452162544829289,0.584584625571202,0.475118059468962,0.586769855608327,0.466878995796983,0.58,0.48
