"","simul_idx","up_dw","low_dw","up_dw_x1_to_xn","low_dw_x1_to_xn","up_dw_x1_to_xn_tails","low_dw_x1_to_xn_tails","up_t_test","low_t_test","up_anderson","low_anderson","up_cheby","low_cheby","up_emp_bern","low_emp_bern","up_hoeffding","low_hoeffding","up_PI_emp_bern","low_PI_emp_bern","up_PI_hedged","low_PI_hedged"
"1",439,0.642780045250819,0.37597021334593,0.64275839199611,0.375985551118403,0.697368439885294,0.375985551118403,0.592915928077829,0.426781342053379,0.632156920231438,0.377548982610132,0.726986863124298,0.2000106551768,0.732680162582029,0.287017107549179,0.632235976599645,0.387461293531563,0.66547880386383,0.349176487029837,0.63,0.4
