"","simul_idx","up_dw","low_dw","up_dw_x1_to_xn","low_dw_x1_to_xn","up_dw_x1_to_xn_tails","low_dw_x1_to_xn_tails","up_t_test","low_t_test","up_anderson","low_anderson","up_cheby","low_cheby","up_emp_bern","low_emp_bern","up_hoeffding","low_hoeffding","up_PI_emp_bern","low_PI_emp_bern","up_PI_hedged","low_PI_hedged"
"1",411,0.654092935163729,0.113267472882705,0.654023160238547,0.113388481605168,0.851176093866533,0.113388481605168,0.539472129938183,0.162545151796161,0.624363765596055,0.027793942386963,0.787136834864727,-0.319125313708498,1.1000762247901,-0.39805894305576,0.624675056122771,0.0773422256115731,0.754740082444594,-0.0212364065532445,0.62,0.13
