"","simul_idx","up_dw","low_dw","up_dw_x1_to_xn","low_dw_x1_to_xn","up_dw_x1_to_xn_tails","low_dw_x1_to_xn_tails","up_t_test","low_t_test","up_anderson","low_anderson","up_cheby","low_cheby","up_emp_bern","low_emp_bern","up_hoeffding","low_hoeffding","up_PI_emp_bern","low_PI_emp_bern","up_PI_hedged","low_PI_hedged"
"1",183,0.5744001950025,0.453093871896545,0.574399199341445,0.453095477471096,0.587678802654792,0.453095477471096,0.550601442506339,0.477160125146058,0.568593247092003,0.457171873588366,0.624351194841948,0.383258185209422,0.591655557464216,0.43610601018818,0.568614066877318,0.459147500775079,0.57136229574809,0.451829400827726,0.56,0.46
