"","simul_idx","up_dw","low_dw","up_dw_x1_to_xn","low_dw_x1_to_xn","up_dw_x1_to_xn_tails","low_dw_x1_to_xn_tails","up_t_test","low_t_test","up_anderson","low_anderson","up_cheby","low_cheby","up_emp_bern","low_emp_bern","up_hoeffding","low_hoeffding","up_PI_emp_bern","low_PI_emp_bern","up_PI_hedged","low_PI_hedged"
"1",288,0.853639935332507,0.300600560334085,0.853535155094366,0.300658338237053,1.05059178843054,0.300658338237053,0.792749533777535,0.405388373123474,0.872549903999526,0.275728511322335,0.902947986573278,-0.104189381972606,1.35633178934639,-0.158193882445378,0.872735368706103,0.325402538194906,1.00109589321344,0.216565101344902,0.82,0.33
