"","simul_idx","up_dw","low_dw","up_dw_x1_to_xn","low_dw_x1_to_xn","up_dw_x1_to_xn_tails","low_dw_x1_to_xn_tails","up_t_test","low_t_test","up_anderson","low_anderson","up_cheby","low_cheby","up_emp_bern","low_emp_bern","up_hoeffding","low_hoeffding","up_PI_emp_bern","low_PI_emp_bern","up_PI_hedged","low_PI_hedged"
"1",205,0.886823248085372,0.346017174545373,0.886705587272792,0.346172701244958,1.08391109164549,0.346172701244958,0.837684359771548,0.460546836289614,0.922471630548161,0.325855793325962,0.922335158142074,-0.0568476941012995,1.39834854920776,-0.100117353146596,0.922782013286179,0.375449182774982,1.04463524119145,0.270610258892868,0.86,0.38
