"","simul_idx","up_dw","low_dw","up_dw_x1_to_xn","low_dw_x1_to_xn","up_dw_x1_to_xn_tails","low_dw_x1_to_xn_tails","up_t_test","low_t_test","up_anderson","low_anderson","up_cheby","low_cheby","up_emp_bern","low_emp_bern","up_hoeffding","low_hoeffding","up_PI_emp_bern","low_PI_emp_bern","up_PI_hedged","low_PI_hedged"
"1",336,0.789784818484191,0.428009084874803,0.789768149746672,0.428039090045327,0.886114803059886,0.428039090045327,0.735321788940865,0.503911894515307,0.79254019887207,0.426689313927783,0.853012997116466,0.179681739097011,0.982732935601915,0.256500747854258,0.792698679988315,0.446535003467858,0.825731512073567,0.401255973870871,0.76,0.43
