"","simul_idx","up_dw","low_dw","up_dw_x1_to_xn","low_dw_x1_to_xn","up_dw_x1_to_xn_tails","low_dw_x1_to_xn_tails","up_t_test","low_t_test","up_anderson","low_anderson","up_cheby","low_cheby","up_emp_bern","low_emp_bern","up_hoeffding","low_hoeffding","up_PI_emp_bern","low_PI_emp_bern","up_PI_hedged","low_PI_hedged"
"1",135,0.726102898061118,0.463811706098217,0.726090679972152,0.463820357523355,0.78069086506633,0.463820357523355,0.680852749215483,0.518006391004579,0.721751646251092,0.467129083233431,0.792349734491779,0.297522211162823,0.819571522244478,0.379287617975585,0.721816911644072,0.47704222857599,0.75534119952104,0.44749057776619,0.71,0.48
