"","simul_idx","up_dw","low_dw","up_dw_x1_to_xn","low_dw_x1_to_xn","up_dw_x1_to_xn_tails","low_dw_x1_to_xn_tails","up_t_test","low_t_test","up_anderson","low_anderson","up_cheby","low_cheby","up_emp_bern","low_emp_bern","up_hoeffding","low_hoeffding","up_PI_emp_bern","low_PI_emp_bern","up_PI_hedged","low_PI_hedged"
"1",392,0.540914079990303,0.419647947492812,0.540913401116888,0.4196497321003,0.554193264272176,0.4196497321003,0.516800549820892,0.443381339001503,0.534804089606775,0.423378787865329,0.593872765331542,0.34748202763159,0.557847499291925,0.40233438953047,0.534824227462317,0.425357661360078,0.53785512131455,0.418513302826154,0.53,0.43
