"","simul_idx","up_dw","low_dw","up_dw_x1_to_xn","low_dw_x1_to_xn","up_dw_x1_to_xn_tails","low_dw_x1_to_xn_tails","up_t_test","low_t_test","up_anderson","low_anderson","up_cheby","low_cheby","up_emp_bern","low_emp_bern","up_hoeffding","low_hoeffding","up_PI_emp_bern","low_PI_emp_bern","up_PI_hedged","low_PI_hedged"
"1",380,0.581766522562231,0.410711589488282,0.581765224852093,0.410713066739612,0.606546634422416,0.410713066739612,0.548271961749537,0.444056034625672,0.57353452477975,0.414790740652949,0.648420477168172,0.305741057807991,0.616459332814618,0.375868663560592,0.573568549391704,0.418759446983506,0.587691897837848,0.408653382639503,0.57,0.42
