"","simul_idx","up_dw","low_dw","up_dw_x1_to_xn","low_dw_x1_to_xn","up_dw_x1_to_xn_tails","low_dw_x1_to_xn_tails","up_t_test","low_t_test","up_anderson","low_anderson","up_cheby","low_cheby","up_emp_bern","low_emp_bern","up_hoeffding","low_hoeffding","up_PI_emp_bern","low_PI_emp_bern","up_PI_hedged","low_PI_hedged"
"1",248,0.680525105639536,0.41475488763137,0.680517572732101,0.414765925680444,0.735121271738994,0.414765925680444,0.632679686168927,0.46726390556113,0.672278144364342,0.417643394432319,0.756707012369379,0.243241707385218,0.772215383170894,0.327728208559163,0.672359137399069,0.427584454330988,0.709892344614325,0.394507308512975,0.66,0.43
