"","simul_idx","up_dw","low_dw","up_dw_x1_to_xn","low_dw_x1_to_xn","up_dw_x1_to_xn_tails","low_dw_x1_to_xn_tails","up_t_test","low_t_test","up_anderson","low_anderson","up_cheby","low_cheby","up_emp_bern","low_emp_bern","up_hoeffding","low_hoeffding","up_PI_emp_bern","low_PI_emp_bern","up_PI_hedged","low_PI_hedged"
"1",374,0.818519846722073,0.258728336890302,0.818399789196182,0.258819452609685,1.01550719589691,0.258819452609685,0.746400921487168,0.353154561197005,0.82316491795269,0.226561660862695,0.882430725162479,-0.149393736706364,1.31166295123548,-0.212107468551311,0.823444156597685,0.276111326086488,0.95427492072794,0.16712890224321,0.79,0.29
