"","simul_idx","up_dw","low_dw","up_dw_x1_to_xn","low_dw_x1_to_xn","up_dw_x1_to_xn_tails","low_dw_x1_to_xn_tails","up_t_test","low_t_test","up_anderson","low_anderson","up_cheby","low_cheby","up_emp_bern","low_emp_bern","up_hoeffding","low_hoeffding","up_PI_emp_bern","low_PI_emp_bern","up_PI_hedged","low_PI_hedged"
"1",171,0.544972226251808,0.423685561021293,0.544971460342952,0.423688731435636,0.558253334808269,0.423688731435636,0.520893400072185,0.447460136777858,0.538885306286825,0.427466737636051,0.597570705791995,0.351795506806086,0.561944904431511,0.406408632418533,0.538910051476141,0.429443485373902,0.5459421301212,0.426448457039953,0.53,0.43
