"","simul_idx","up_dw","low_dw","up_dw_x1_to_xn","low_dw_x1_to_xn","up_dw_x1_to_xn_tails","low_dw_x1_to_xn_tails","up_t_test","low_t_test","up_anderson","low_anderson","up_cheby","low_cheby","up_emp_bern","low_emp_bern","up_hoeffding","low_hoeffding","up_PI_emp_bern","low_PI_emp_bern","up_PI_hedged","low_PI_hedged"
"1",231,0.755907190969386,0.388808889774895,0.755893325632478,0.388825637758939,0.85222021977824,0.388825637758939,0.697411540106832,0.461836559762641,0.752607538725305,0.386677089589987,0.829437412058453,0.136602671166108,0.9461141001401,0.213133999729373,0.752705888194965,0.406542211674508,0.791088135244271,0.356709529568694,0.73,0.41
