"","simul_idx","up_dw","low_dw","up_dw_x1_to_xn","low_dw_x1_to_xn","up_dw_x1_to_xn_tails","low_dw_x1_to_xn_tails","up_t_test","low_t_test","up_anderson","low_anderson","up_cheby","low_cheby","up_emp_bern","low_emp_bern","up_hoeffding","low_hoeffding","up_PI_emp_bern","low_PI_emp_bern","up_PI_hedged","low_PI_hedged"
"1",329,0.789654044060684,0.427797456924858,0.789609845228004,0.427835687917668,0.885968758714237,0.427835687917668,0.735250617238468,0.503610787442253,0.792373956171723,0.426504117472234,0.852905451085651,0.17947905281495,0.982733056933614,0.256128347747107,0.792512540600589,0.446348864080132,0.827331843151063,0.399294932916971,0.77,0.45
