"","simul_idx","up_dw","low_dw","up_dw_x1_to_xn","low_dw_x1_to_xn","up_dw_x1_to_xn_tails","low_dw_x1_to_xn_tails","up_t_test","low_t_test","up_anderson","low_anderson","up_cheby","low_cheby","up_emp_bern","low_emp_bern","up_hoeffding","low_hoeffding","up_PI_emp_bern","low_PI_emp_bern","up_PI_hedged","low_PI_hedged"
"1",402,0.599935300574144,0.478918493461844,0.599934679976412,0.478920804698391,0.6132153074621,0.478920804698391,0.576414409443763,0.503173474308795,0.594507607455544,0.483080630226151,0.64755916185869,0.410860332016367,0.617403573661203,0.462184310091354,0.594527224927399,0.485060658825159,0.600777658484222,0.481692235119743,0.59,0.49
