"","simul_idx","up_dw","low_dw","up_dw_x1_to_xn","low_dw_x1_to_xn","up_dw_x1_to_xn_tails","low_dw_x1_to_xn_tails","up_t_test","low_t_test","up_anderson","low_anderson","up_cheby","low_cheby","up_emp_bern","low_emp_bern","up_hoeffding","low_hoeffding","up_PI_emp_bern","low_PI_emp_bern","up_PI_hedged","low_PI_hedged"
"1",94,0.560659078488747,0.439300760153891,0.560658628849662,0.439301067999626,0.573936378421839,0.439301067999626,0.536718823714419,0.463240869719612,0.55469491500942,0.443262983706708,0.611841379540581,0.368511261081018,0.577784813860008,0.422174879574023,0.554713129768135,0.445246563665896,0.561188236494243,0.441541888520291,0.55,0.45
