"","simul_idx","up_dw","low_dw","up_dw_x1_to_xn","low_dw_x1_to_xn","up_dw_x1_to_xn_tails","low_dw_x1_to_xn_tails","up_t_test","low_t_test","up_anderson","low_anderson","up_cheby","low_cheby","up_emp_bern","low_emp_bern","up_hoeffding","low_hoeffding","up_PI_emp_bern","low_PI_emp_bern","up_PI_hedged","low_PI_hedged"
"1",273,0.62398549281473,0.357103106301584,0.623983102874665,0.357119167813315,0.67859421942221,0.357119167813315,0.573159256303681,0.406973842412213,0.612387210391819,0.357754187663279,0.712087221566896,0.178942868174825,0.712939651055847,0.267193447660047,0.612453890891988,0.367679207823906,0.646253235037062,0.329031619170656,0.61,0.38
