"","simul_idx","up_dw","low_dw","up_dw_x1_to_xn","low_dw_x1_to_xn","up_dw_x1_to_xn_tails","low_dw_x1_to_xn_tails","up_t_test","low_t_test","up_anderson","low_anderson","up_cheby","low_cheby","up_emp_bern","low_emp_bern","up_hoeffding","low_hoeffding","up_PI_emp_bern","low_PI_emp_bern","up_PI_hedged","low_PI_hedged"
"1",495,0.67108877750797,0.404915899448039,0.671074970287363,0.404924191619464,0.725674614788333,0.404924191619464,0.622701950569738,0.457045714264183,0.662192213928119,0.407579603790735,0.749292318201734,0.232296468010922,0.762314098226208,0.317433566607713,0.662261173951002,0.41748649088292,0.694656425668329,0.379726773674668,0.66,0.42
