"","simul_idx","up_dw","low_dw","up_dw_x1_to_xn","low_dw_x1_to_xn","up_dw_x1_to_xn_tails","low_dw_x1_to_xn_tails","up_t_test","low_t_test","up_anderson","low_anderson","up_cheby","low_cheby","up_emp_bern","low_emp_bern","up_hoeffding","low_hoeffding","up_PI_emp_bern","low_PI_emp_bern","up_PI_hedged","low_PI_hedged"
"1",233,0.614391034366309,0.347677372373021,0.614371254077052,0.347693251162499,0.668982100820714,0.347693251162499,0.563142884536084,0.397028012071094,0.602399806040992,0.347789045122424,0.70451031638051,0.168372316898743,0.702900851297256,0.257270045309922,0.60247278983763,0.357698106769548,0.641132293688977,0.324165258797162,0.6,0.36
