"","simul_idx","up_dw","low_dw","up_dw_x1_to_xn","low_dw_x1_to_xn","up_dw_x1_to_xn_tails","low_dw_x1_to_xn_tails","up_t_test","low_t_test","up_anderson","low_anderson","up_cheby","low_cheby","up_emp_bern","low_emp_bern","up_hoeffding","low_hoeffding","up_PI_emp_bern","low_PI_emp_bern","up_PI_hedged","low_PI_hedged"
"1",348,0.581505436421363,0.410438742598709,0.581503772361256,0.410442944202567,0.606289188063564,0.410442944202567,0.548005483435745,0.443777332768433,0.573266151589632,0.414520819705467,0.648187553265592,0.305449770007656,0.616196797757314,0.375586018446864,0.573295959306188,0.41848685689799,0.582971548856042,0.404150670291474,0.57,0.42
