"","simul_idx","up_dw","low_dw","up_dw_x1_to_xn","low_dw_x1_to_xn","up_dw_x1_to_xn_tails","low_dw_x1_to_xn_tails","up_t_test","low_t_test","up_anderson","low_anderson","up_cheby","low_cheby","up_emp_bern","low_emp_bern","up_hoeffding","low_hoeffding","up_PI_emp_bern","low_PI_emp_bern","up_PI_hedged","low_PI_hedged"
"1",220,0.595955575169564,0.474882062205044,0.595955038663665,0.474882261916708,0.609232570696773,0.474882261916708,0.572389232193211,0.499112723402492,0.590463490187417,0.479038725370364,0.643948098502186,0.406544014826934,0.613389927050545,0.458112028545159,0.590484260848971,0.481017694746732,0.593214188070192,0.473894147275829,0.59,0.49
