"","simul_idx","up_dw","low_dw","up_dw_x1_to_xn","low_dw_x1_to_xn","up_dw_x1_to_xn_tails","low_dw_x1_to_xn_tails","up_t_test","low_t_test","up_anderson","low_anderson","up_cheby","low_cheby","up_emp_bern","low_emp_bern","up_hoeffding","low_hoeffding","up_PI_emp_bern","low_PI_emp_bern","up_PI_hedged","low_PI_hedged"
"1",148,0.604768723336062,0.338313633877198,0.604758026094791,0.338326133264709,0.659363882883676,0.338326133264709,0.553065197392786,0.387186197624403,0.592445282835079,0.337852156285545,0.69691088596355,0.157863109506621,0.69274817062208,0.247503224395109,0.592513039042635,0.347738355974554,0.630649594987353,0.314870286419323,0.59,0.36
