"","simul_idx","up_dw","low_dw","up_dw_x1_to_xn","low_dw_x1_to_xn","up_dw_x1_to_xn_tails","low_dw_x1_to_xn_tails","up_t_test","low_t_test","up_anderson","low_anderson","up_cheby","low_cheby","up_emp_bern","low_emp_bern","up_hoeffding","low_hoeffding","up_PI_emp_bern","low_PI_emp_bern","up_PI_hedged","low_PI_hedged"
"1",451,0.5851417495218,0.319393705905424,0.585139930145586,0.319410169870138,0.63975164094685,0.319410169870138,0.53263036593495,0.367233863248979,0.572249020230205,0.31762947732082,0.681386685647049,0.136671704520159,0.672159933700826,0.227704295483102,0.572319456126005,0.327544773057924,0.605077688991889,0.290327204513284,0.57,0.34
