"","simul_idx","up_dw","low_dw","up_dw_x1_to_xn","low_dw_x1_to_xn","up_dw_x1_to_xn_tails","low_dw_x1_to_xn_tails","up_t_test","low_t_test","up_anderson","low_anderson","up_cheby","low_cheby","up_emp_bern","low_emp_bern","up_hoeffding","low_hoeffding","up_PI_emp_bern","low_PI_emp_bern","up_PI_hedged","low_PI_hedged"
"1",105,0.630328770272301,0.26156925657668,0.630287591052829,0.261623575130391,0.726670482236761,0.261623575130391,0.558875440877409,0.322051549822238,0.61339495331638,0.247563418462578,0.740845767871601,-0.00673994228856223,0.807965234217354,0.0729617564822926,0.613545333610052,0.267381657089595,0.663058980289307,0.228922311176696,0.61,0.29
