"","simul_idx","up_dw","low_dw","up_dw_x1_to_xn","low_dw_x1_to_xn","up_dw_x1_to_xn_tails","low_dw_x1_to_xn_tails","up_t_test","low_t_test","up_anderson","low_anderson","up_cheby","low_cheby","up_emp_bern","low_emp_bern","up_hoeffding","low_hoeffding","up_PI_emp_bern","low_PI_emp_bern","up_PI_hedged","low_PI_hedged"
"1",156,0.601136144623984,0.430189618722085,0.601134493675146,0.430194230898622,0.625920521608399,0.430194230898622,0.568035808967561,0.463907946251037,0.593326728384689,0.434603156676342,0.665289053487917,0.326964557299196,0.636194770877214,0.395748984341383,0.593376428813398,0.4385673264052,0.602462986405459,0.423012980554164,0.59,0.44
