"","simul_idx","up_dw","low_dw","up_dw_x1_to_xn","low_dw_x1_to_xn","up_dw_x1_to_xn_tails","low_dw_x1_to_xn_tails","up_t_test","low_t_test","up_anderson","low_anderson","up_cheby","low_cheby","up_emp_bern","low_emp_bern","up_hoeffding","low_hoeffding","up_PI_emp_bern","low_PI_emp_bern","up_PI_hedged","low_PI_hedged"
"1",285,0.605357797695851,0.0823406179376219,0.605283364992543,0.0824753488843802,0.802457197514684,0.0824753488843802,0.481521185820138,0.119424186095269,0.573892292053272,0.00110336744327931,0.760020634832124,-0.359390386888519,1.03789245657645,-0.436947084661046,0.574139101213302,0.026806270702105,0.673995363919219,-0.0875409404232586,0.57,0.1
