"","simul_idx","up_dw","low_dw","up_dw_x1_to_xn","low_dw_x1_to_xn","up_dw_x1_to_xn_tails","low_dw_x1_to_xn_tails","up_t_test","low_t_test","up_anderson","low_anderson","up_cheby","low_cheby","up_emp_bern","low_emp_bern","up_hoeffding","low_hoeffding","up_PI_emp_bern","low_PI_emp_bern","up_PI_hedged","low_PI_hedged"
"1",82,0.596132676364153,0.475048582049996,0.596132169462387,0.475049698873092,0.609411063419522,0.475049698873092,0.572575994088959,0.499272901323451,0.590637646040622,0.479212997455384,0.644103112883229,0.406729137521094,0.613585305722773,0.458263589689636,0.590657730757324,0.481191164655085,0.593501830769904,0.474133007957834,0.59,0.49
