"","simul_idx","up_dw","low_dw","up_dw_x1_to_xn","low_dw_x1_to_xn","up_dw_x1_to_xn_tails","low_dw_x1_to_xn_tails","up_t_test","low_t_test","up_anderson","low_anderson","up_cheby","low_cheby","up_emp_bern","low_emp_bern","up_hoeffding","low_hoeffding","up_PI_emp_bern","low_PI_emp_bern","up_PI_hedged","low_PI_hedged"
"1",395,0.595108892717406,0.328929091333957,0.59510080680834,0.328949905017839,0.649718940314611,0.328949905017839,0.543010098414645,0.377285089253368,0.582454769458823,0.3278350208284,0.689259279589924,0.14737270919918,0.682644111761474,0.23765107590654,0.582534935368047,0.337760252299966,0.615593862133458,0.30016083697882,0.58,0.35
