"","simul_idx","up_dw","low_dw","up_dw_x1_to_xn","low_dw_x1_to_xn","up_dw_x1_to_xn_tails","low_dw_x1_to_xn_tails","up_t_test","low_t_test","up_anderson","low_anderson","up_cheby","low_cheby","up_emp_bern","low_emp_bern","up_hoeffding","low_hoeffding","up_PI_emp_bern","low_PI_emp_bern","up_PI_hedged","low_PI_hedged"
"1",169,0.648581063652288,0.278525936781951,0.64855058699222,0.278545089698848,0.74488106556904,0.278545089698848,0.57872268166648,0.340917845273711,0.632771111451183,0.266914187792673,0.753724697200065,0.0126424085834276,0.828116623816591,0.0915239031236007,0.632902101730324,0.286738425209867,0.68412900167878,0.246182860801868,0.62,0.3
