"","simul_idx","up_dw","low_dw","up_dw_x1_to_xn","low_dw_x1_to_xn","up_dw_x1_to_xn_tails","low_dw_x1_to_xn_tails","up_t_test","low_t_test","up_anderson","low_anderson","up_cheby","low_cheby","up_emp_bern","low_emp_bern","up_hoeffding","low_hoeffding","up_PI_emp_bern","low_PI_emp_bern","up_PI_hedged","low_PI_hedged"
"1",36,0.642865665854212,0.376003816824338,0.642860023848802,0.376024482485999,0.697477938788535,0.376024482485999,0.593014087223457,0.426805497720126,0.632216738766547,0.377604223864953,0.727032679883749,0.200076033701326,0.732801850446039,0.287017734497544,0.632297134005832,0.38752245093775,0.670603201875559,0.354066415654191,0.62,0.39
