"","simul_idx","up_dw","low_dw","up_dw_x1_to_xn","low_dw_x1_to_xn","up_dw_x1_to_xn_tails","low_dw_x1_to_xn_tails","up_t_test","low_t_test","up_anderson","low_anderson","up_cheby","low_cheby","up_emp_bern","low_emp_bern","up_hoeffding","low_hoeffding","up_PI_emp_bern","low_PI_emp_bern","up_PI_hedged","low_PI_hedged"
"1",331,0.55474685992541,0.433395381936768,0.554744778030389,0.433396597304274,0.56802382306024,0.433396597304274,0.530750776818467,0.457274670408795,0.54872558426896,0.437301320195284,0.6064589380023,0.362193461240114,0.571816168098451,0.416209279128811,0.548746006664751,0.439279440562511,0.552072395193538,0.432525622357824,0.54,0.45
