"","simul_idx","up_dw","low_dw","up_dw_x1_to_xn","low_dw_x1_to_xn","up_dw_x1_to_xn_tails","low_dw_x1_to_xn_tails","up_t_test","low_t_test","up_anderson","low_anderson","up_cheby","low_cheby","up_emp_bern","low_emp_bern","up_hoeffding","low_hoeffding","up_PI_emp_bern","low_PI_emp_bern","up_PI_hedged","low_PI_hedged"
"1",108,0.555728463814253,0.291804023907777,0.555720062647038,0.291817150185115,0.610326845088425,0.291817150185115,0.502160215331009,0.338075569071135,0.542433585906475,0.287840227692528,0.658190434165334,0.105660278927525,0.641272690537533,0.198963093864611,0.542505233735113,0.297730550667031,0.574109514990951,0.261959426641306,0.54,0.31
