"","simul_idx","up_dw","low_dw","up_dw_x1_to_xn","low_dw_x1_to_xn","up_dw_x1_to_xn_tails","low_dw_x1_to_xn_tails","up_t_test","low_t_test","up_anderson","low_anderson","up_cheby","low_cheby","up_emp_bern","low_emp_bern","up_hoeffding","low_hoeffding","up_PI_emp_bern","low_PI_emp_bern","up_PI_hedged","low_PI_hedged"
"1",156,0.667327572469712,0.296478245209151,0.667288943859618,0.296504082117281,0.763629384588077,0.296504082117281,0.599201374848829,0.360855592671627,0.653001459680636,0.287104649991441,0.766988133540041,0.0330593393936723,0.848763040938687,0.111293926581769,0.653110322020456,0.306946645499999,0.703775506869028,0.266568504113989,0.64,0.32
