"","simul_idx","up_dw","low_dw","up_dw_x1_to_xn","low_dw_x1_to_xn","up_dw_x1_to_xn_tails","low_dw_x1_to_xn_tails","up_t_test","low_t_test","up_anderson","low_anderson","up_cheby","low_cheby","up_emp_bern","low_emp_bern","up_hoeffding","low_hoeffding","up_PI_emp_bern","low_PI_emp_bern","up_PI_hedged","low_PI_hedged"
"1",197,0.556090349727625,0.292106653926262,0.556077142199761,0.292111971078892,0.610672393849749,0.292111971078892,0.502500847117604,0.338434125452778,0.542805928140807,0.28815577431655,0.658464288849759,0.106022049850588,0.641607623365708,0.199327349204674,0.542854827819232,0.29808014475115,0.574484045983914,0.262286218878528,0.54,0.31
