"","simul_idx","up_dw","low_dw","up_dw_x1_to_xn","low_dw_x1_to_xn","up_dw_x1_to_xn_tails","low_dw_x1_to_xn_tails","up_t_test","low_t_test","up_anderson","low_anderson","up_cheby","low_cheby","up_emp_bern","low_emp_bern","up_hoeffding","low_hoeffding","up_PI_emp_bern","low_PI_emp_bern","up_PI_hedged","low_PI_hedged"
"1",253,0.568604855857702,0.447262062940246,0.568602616054654,0.447262712613569,0.581880832007477,0.447262712613569,0.54474412755092,0.471278889740168,0.562726899093125,0.451298583234933,0.619074286221097,0.377026711123107,0.585805995945846,0.430217021345242,0.562744791696664,0.453278225594424,0.569748021709397,0.450325096723,0.56,0.46
