"","simul_idx","up_dw","low_dw","up_dw_x1_to_xn","low_dw_x1_to_xn","up_dw_x1_to_xn_tails","low_dw_x1_to_xn_tails","up_t_test","low_t_test","up_anderson","low_anderson","up_cheby","low_cheby","up_emp_bern","low_emp_bern","up_hoeffding","low_hoeffding","up_PI_emp_bern","low_PI_emp_bern","up_PI_hedged","low_PI_hedged"
"1",80,0.597175455629308,0.426193080982017,0.597170893158959,0.42619427726691,0.621951918368048,0.42619427726691,0.563997506990835,0.459834342175032,0.58928277263373,0.430552253835164,0.661844206880642,0.322609494240385,0.632167857188398,0.39166399197747,0.589320475787033,0.434511373378835,0.598889812039604,0.420444830813607,0.58,0.44
