"","simul_idx","up_dw","low_dw","up_dw_x1_to_xn","low_dw_x1_to_xn","up_dw_x1_to_xn_tails","low_dw_x1_to_xn_tails","up_t_test","low_t_test","up_anderson","low_anderson","up_cheby","low_cheby","up_emp_bern","low_emp_bern","up_hoeffding","low_hoeffding","up_PI_emp_bern","low_PI_emp_bern","up_PI_hedged","low_PI_hedged"
"1",173,0.589300312308577,0.418279288373428,0.589298326551114,0.418284266304364,0.614084866741565,0.418284266304364,0.555964176529074,0.451767526077454,0.581226433087527,0.422497806630413,0.654992863880796,0.31397992708702,0.624145329032145,0.383586373574383,0.581270402507363,0.426461300099165,0.589707733199669,0.410662717135218,0.57,0.43
