"","simul_idx","up_dw","low_dw","up_dw_x1_to_xn","low_dw_x1_to_xn","up_dw_x1_to_xn_tails","low_dw_x1_to_xn_tails","up_t_test","low_t_test","up_anderson","low_anderson","up_cheby","low_cheby","up_emp_bern","low_emp_bern","up_hoeffding","low_hoeffding","up_PI_emp_bern","low_PI_emp_bern","up_PI_hedged","low_PI_hedged"
"1",24,0.661767397136264,0.395244772884075,0.661749040282592,0.395255688073064,0.716352553861403,0.395255688073064,0.612913430419178,0.446927887274745,0.652249053214892,0.397615437126871,0.741940528655867,0.221551578338609,0.75263027812476,0.307211039569163,0.652308000381003,0.407533317312921,0.685346388772087,0.369234473256878,0.64,0.41
