"","simul_idx","up_dw","low_dw","up_dw_x1_to_xn","low_dw_x1_to_xn","up_dw_x1_to_xn_tails","low_dw_x1_to_xn_tails","up_t_test","low_t_test","up_anderson","low_anderson","up_cheby","low_cheby","up_emp_bern","low_emp_bern","up_hoeffding","low_hoeffding","up_PI_emp_bern","low_PI_emp_bern","up_PI_hedged","low_PI_hedged"
"1",369,0.652375964890403,0.385675835615814,0.652372001434145,0.385694015305657,0.70698624563951,0.385694015305657,0.60300467185235,0.43695032407426,0.642284392197932,0.387662188061881,0.734553942510001,0.210859690150554,0.742743395351789,0.297211600574821,0.642364839497346,0.397590156429264,0.680379291466658,0.364342268973228,0.63,0.4
