"","simul_idx","up_dw","low_dw","up_dw_x1_to_xn","low_dw_x1_to_xn","up_dw_x1_to_xn_tails","low_dw_x1_to_xn_tails","up_t_test","low_t_test","up_anderson","low_anderson","up_cheby","low_cheby","up_emp_bern","low_emp_bern","up_hoeffding","low_hoeffding","up_PI_emp_bern","low_PI_emp_bern","up_PI_hedged","low_PI_hedged"
"1",407,0.77291000169745,0.408168889555291,0.772899889352701,0.408194837268923,0.869240495231169,0.408194837268923,0.716414864089452,0.48267816366355,0.772463924043273,0.406572733622712,0.841297700003443,0.157946489790726,0.964547452862886,0.234545574890116,0.77262835213673,0.426464675616273,0.818265621459093,0.388645708073412,0.75,0.42
