"","simul_idx","up_dw","low_dw","up_dw_x1_to_xn","low_dw_x1_to_xn","up_dw_x1_to_xn_tails","low_dw_x1_to_xn_tails","up_t_test","low_t_test","up_anderson","low_anderson","up_cheby","low_cheby","up_emp_bern","low_emp_bern","up_hoeffding","low_hoeffding","up_PI_emp_bern","low_PI_emp_bern","up_PI_hedged","low_PI_hedged"
"1",302,0.72138407953965,0.351251396475576,0.721366849034659,0.351267450874529,0.817692709426842,0.351267450874529,0.65896077335745,0.421122439678076,0.712985336978496,0.347068019977145,0.805225360952125,0.0948439832441469,0.908365101570345,0.171718111465181,0.713123444777992,0.366959768257535,0.76276075109865,0.326381877744848,0.7,0.37
