"","simul_idx","up_dw","low_dw","up_dw_x1_to_xn","low_dw_x1_to_xn","up_dw_x1_to_xn_tails","low_dw_x1_to_xn_tails","up_t_test","low_t_test","up_anderson","low_anderson","up_cheby","low_cheby","up_emp_bern","low_emp_bern","up_hoeffding","low_hoeffding","up_PI_emp_bern","low_PI_emp_bern","up_PI_hedged","low_PI_hedged"
"1",96,0.642742130596337,0.375894090288655,0.642738006772749,0.375903268996354,0.697338960314773,0.375903268996354,0.592832702364715,0.426740591148771,0.632122420521242,0.377477385145685,0.726940422317145,0.199944389967843,0.732583432398277,0.286989861115209,0.632173988290784,0.387399305222702,0.670425768714311,0.354004092414121,0.62,0.39
