"","simul_idx","up_dw","low_dw","up_dw_x1_to_xn","low_dw_x1_to_xn","up_dw_x1_to_xn_tails","low_dw_x1_to_xn_tails","up_t_test","low_t_test","up_anderson","low_anderson","up_cheby","low_cheby","up_emp_bern","low_emp_bern","up_hoeffding","low_hoeffding","up_PI_emp_bern","low_PI_emp_bern","up_PI_hedged","low_PI_hedged"
"1",400,0.550754713358775,0.429414573862626,0.550752754032263,0.429415240798784,0.564030995039742,0.429415240798784,0.526723746009379,0.453250931840458,0.544703503833735,0.433277757325149,0.602823809508635,0.357935678579441,0.567788070161408,0.41218660768843,0.544720621976039,0.435254055873799,0.546764812035603,0.426322905205675,0.54,0.44
