"","simul_idx","up_dw","low_dw","up_dw_x1_to_xn","low_dw_x1_to_xn","up_dw_x1_to_xn_tails","low_dw_x1_to_xn_tails","up_t_test","low_t_test","up_anderson","low_anderson","up_cheby","low_cheby","up_emp_bern","low_emp_bern","up_hoeffding","low_hoeffding","up_PI_emp_bern","low_PI_emp_bern","up_PI_hedged","low_PI_hedged"
"1",194,0.741580390157863,0.181708758215743,0.741534243538192,0.181791296171119,0.938628586337747,0.181791296171119,0.647152350403228,0.253978131671294,0.723955041378542,0.127289562385099,0.837238275151226,-0.236484620434878,1.21239378925671,-0.311263307182189,0.72423165629286,0.176898825781662,0.859337636088311,0.0685394888057504,0.7,0.21
