"","simul_idx","up_dw","low_dw","up_dw_x1_to_xn","low_dw_x1_to_xn","up_dw_x1_to_xn_tails","low_dw_x1_to_xn_tails","up_t_test","low_t_test","up_anderson","low_anderson","up_cheby","low_cheby","up_emp_bern","low_emp_bern","up_hoeffding","low_hoeffding","up_PI_emp_bern","low_PI_emp_bern","up_PI_hedged","low_PI_hedged"
"1",194,0.703247734025162,0.33235957230598,0.703214504258947,0.332376281946459,0.79954134125556,0.332376281946459,0.63884847500292,0.400443544208122,0.692652667340479,0.326744564688349,0.792429807086531,0.0736468755893372,0.888428480526155,0.150863538684887,0.692727847865749,0.346564171345292,0.74378002832042,0.305001602954628,0.68,0.35
