"","simul_idx","up_dw","low_dw","up_dw_x1_to_xn","low_dw_x1_to_xn","up_dw_x1_to_xn_tails","low_dw_x1_to_xn_tails","up_t_test","low_t_test","up_anderson","low_anderson","up_cheby","low_cheby","up_emp_bern","low_emp_bern","up_hoeffding","low_hoeffding","up_PI_emp_bern","low_PI_emp_bern","up_PI_hedged","low_PI_hedged"
"1",294,0.671181501170625,0.404989668727255,0.671179276177651,0.405003982991321,0.725787812775573,0.405003982991321,0.62282616561843,0.457098607238682,0.662272395676091,0.407643281087729,0.749357535402023,0.232392258104443,0.76246098946558,0.317463783391532,0.662349727962597,0.417575044894515,0.700045470236904,0.384446608224097,0.65,0.42
