"","simul_idx","up_dw","low_dw","up_dw_x1_to_xn","low_dw_x1_to_xn","up_dw_x1_to_xn_tails","low_dw_x1_to_xn_tails","up_t_test","low_t_test","up_anderson","low_anderson","up_cheby","low_cheby","up_emp_bern","low_emp_bern","up_hoeffding","low_hoeffding","up_PI_emp_bern","low_PI_emp_bern","up_PI_hedged","low_PI_hedged"
"1",456,0.755997800671082,0.389066696929905,0.755965732175748,0.389116682445294,0.852342165184717,0.389116682445294,0.697519040622867,0.462123359061591,0.752686759928096,0.386882080598891,0.829555877495441,0.136812788908274,0.946166007842348,0.213476391842109,0.752903038102457,0.406739361582,0.790868176479888,0.357326411529479,0.74,0.42
