"","simul_idx","up_dw","low_dw","up_dw_x1_to_xn","low_dw_x1_to_xn","up_dw_x1_to_xn_tails","low_dw_x1_to_xn_tails","up_t_test","low_t_test","up_anderson","low_anderson","up_cheby","low_cheby","up_emp_bern","low_emp_bern","up_hoeffding","low_hoeffding","up_PI_emp_bern","low_PI_emp_bern","up_PI_hedged","low_PI_hedged"
"1",380,0.661876541864053,0.395319925903393,0.661870521596127,0.395329800776484,0.716472503081515,0.395329800776484,0.613016093060927,0.4470164989263,0.652349149822047,0.39769943839935,0.742011372229413,0.221654620486248,0.752737408148263,0.307295183838964,0.652403637527654,0.407628954459572,0.685736774811697,0.369035905016288,0.64,0.41
