"","simul_idx","up_dw","low_dw","up_dw_x1_to_xn","low_dw_x1_to_xn","up_dw_x1_to_xn_tails","low_dw_x1_to_xn_tails","up_t_test","low_t_test","up_anderson","low_anderson","up_cheby","low_cheby","up_emp_bern","low_emp_bern","up_hoeffding","low_hoeffding","up_PI_emp_bern","low_PI_emp_bern","up_PI_hedged","low_PI_hedged"
"1",410,0.680297798207309,0.41455677970055,0.680288664516516,0.41457360177186,0.734900904090545,0.41457360177186,0.632433193964812,0.467061762850239,0.672055347617427,0.417440743895181,0.756542789634046,0.242998080197818,0.771954790457557,0.327540166357494,0.672134819941566,0.427360136873485,0.708631457492552,0.395317071932161,0.67,0.44
