"","simul_idx","up_dw","low_dw","up_dw_x1_to_xn","low_dw_x1_to_xn","up_dw_x1_to_xn_tails","low_dw_x1_to_xn_tails","up_t_test","low_t_test","up_anderson","low_anderson","up_cheby","low_cheby","up_emp_bern","low_emp_bern","up_hoeffding","low_hoeffding","up_PI_emp_bern","low_PI_emp_bern","up_PI_hedged","low_PI_hedged"
"1",217,0.652429499578803,0.385705419604456,0.65242026500582,0.385719572390343,0.707028567557835,0.385719572390343,0.603067076493213,0.436972439373758,0.642338012791157,0.387715302174612,0.734585424746651,0.210905044223323,0.742818609614322,0.297220906252649,0.642407099467526,0.397632416399445,0.675939670606857,0.358947209640287,0.63,0.4
