"","simul_idx","up_dw","low_dw","up_dw_x1_to_xn","low_dw_x1_to_xn","up_dw_x1_to_xn_tails","low_dw_x1_to_xn_tails","up_t_test","low_t_test","up_anderson","low_anderson","up_cheby","low_cheby","up_emp_bern","low_emp_bern","up_hoeffding","low_hoeffding","up_PI_emp_bern","low_PI_emp_bern","up_PI_hedged","low_PI_hedged"
"1",286,0.917342496550114,0.394628292039662,0.917227310273366,0.394819460214301,1.11448709647375,0.394819460214301,0.880183766484647,0.518436327400218,0.972228901481143,0.376048479711766,0.940188755344804,-0.00777535942156016,1.43645526442538,-0.0378351705405133,0.972976462198031,0.425643631686834,1.06238014318425,0.302293616688792,0.9,0.44
