"","simul_idx","up_dw","low_dw","up_dw_x1_to_xn","low_dw_x1_to_xn","up_dw_x1_to_xn_tails","low_dw_x1_to_xn_tails","up_t_test","low_t_test","up_anderson","low_anderson","up_cheby","low_cheby","up_emp_bern","low_emp_bern","up_hoeffding","low_hoeffding","up_PI_emp_bern","low_PI_emp_bern","up_PI_hedged","low_PI_hedged"
"1",104,0.65364935862474,0.112843556055675,0.653569945796686,0.112953468678419,0.850705980108018,0.112953468678419,0.538911127202937,0.16199772132441,0.62391643055461,0.0273666049884698,0.786845444916899,-0.319572879232001,1.09951134821214,-0.39860249968479,0.624120839519272,0.0767880090080749,0.725350448527409,-0.0413174917766737,0.62,0.14
