"","simul_idx","up_dw","low_dw","up_dw_x1_to_xn","low_dw_x1_to_xn","up_dw_x1_to_xn_tails","low_dw_x1_to_xn_tails","up_t_test","low_t_test","up_anderson","low_anderson","up_cheby","low_cheby","up_emp_bern","low_emp_bern","up_hoeffding","low_hoeffding","up_PI_emp_bern","low_PI_emp_bern","up_PI_hedged","low_PI_hedged"
"1",214,0.558709047106657,0.437357970931058,0.558708642353273,0.437358311209325,0.571986436833985,0.437358311209325,0.534754523227059,0.461273392819437,0.55272772326018,0.441302346344421,0.610068935103411,0.366429021804918,0.575821542956804,0.420206373089692,0.552747241074367,0.443280674972128,0.554633457545966,0.433985589100057,0.55,0.45
