"","simul_idx","up_dw","low_dw","up_dw_x1_to_xn","low_dw_x1_to_xn","up_dw_x1_to_xn_tails","low_dw_x1_to_xn_tails","up_t_test","low_t_test","up_anderson","low_anderson","up_cheby","low_cheby","up_emp_bern","low_emp_bern","up_hoeffding","low_hoeffding","up_PI_emp_bern","low_PI_emp_bern","up_PI_hedged","low_PI_hedged"
"1",122,0.653767948026312,0.112736968345113,0.653745620386983,0.112780717120752,0.850780887416878,0.112780717120752,0.539105567081881,0.161820100858445,0.623979449519722,0.0272426198514475,0.786849867484722,-0.319566088857839,1.09981198285068,-0.398886314910359,0.624129249225761,0.0767964187145639,0.729326631780311,-0.0454624677118965,0.63,0.14
