"","simul_idx","up_dw","low_dw","up_dw_x1_to_xn","low_dw_x1_to_xn","up_dw_x1_to_xn_tails","low_dw_x1_to_xn_tails","up_t_test","low_t_test","up_anderson","low_anderson","up_cheby","low_cheby","up_emp_bern","low_emp_bern","up_hoeffding","low_hoeffding","up_PI_emp_bern","low_PI_emp_bern","up_PI_hedged","low_PI_hedged"
"1",379,0.616552492961252,0.445789442754258,0.616550804520198,0.445791819201135,0.641333528120853,0.445791819201135,0.58378221529865,0.47976453846624,0.609144191708481,0.450403278712404,0.678663287059731,0.343977822329586,0.651905631770569,0.411641121994321,0.609177928086544,0.454368825678346,0.617732289429866,0.439714777661918,0.6,0.46
