"","simul_idx","up_dw","low_dw","up_dw_x1_to_xn","low_dw_x1_to_xn","up_dw_x1_to_xn_tails","low_dw_x1_to_xn_tails","up_t_test","low_t_test","up_anderson","low_anderson","up_cheby","low_cheby","up_emp_bern","low_emp_bern","up_hoeffding","low_hoeffding","up_PI_emp_bern","low_PI_emp_bern","up_PI_hedged","low_PI_hedged"
"1",409,0.703347493006573,0.332556279841351,0.70333491826643,0.332595146860309,0.799694771935837,0.332595146860309,0.638973181405207,0.400641348065743,0.692771933002895,0.326917048362505,0.792531796594053,0.0738136446317386,0.888530522562536,0.151084006908414,0.692889102995703,0.346725426475246,0.743906497009045,0.305148064957716,0.68,0.35
