"","simul_idx","up_dw","low_dw","up_dw_x1_to_xn","low_dw_x1_to_xn","up_dw_x1_to_xn_tails","low_dw_x1_to_xn_tails","up_t_test","low_t_test","up_anderson","low_anderson","up_cheby","low_cheby","up_emp_bern","low_emp_bern","up_hoeffding","low_hoeffding","up_PI_emp_bern","low_PI_emp_bern","up_PI_hedged","low_PI_hedged"
"1",9,0.703615863437649,0.332829106179024,0.703594504160251,0.332854204496529,0.799933844056655,0.332854204496529,0.639270447618314,0.400946505184971,0.693034215109819,0.327178835851133,0.792722270080158,0.0741251905892462,0.888825342146237,0.151391610657048,0.693190314661871,0.347026638141414,0.743723663832727,0.305976940307371,0.68,0.35
