"","simul_idx","up_dw","low_dw","up_dw_x1_to_xn","low_dw_x1_to_xn","up_dw_x1_to_xn_tails","low_dw_x1_to_xn_tails","up_t_test","low_t_test","up_anderson","low_anderson","up_cheby","low_cheby","up_emp_bern","low_emp_bern","up_hoeffding","low_hoeffding","up_PI_emp_bern","low_PI_emp_bern","up_PI_hedged","low_PI_hedged"
"1",254,0.738668162052428,0.369930544400705,0.738652263089786,0.369961065653628,0.834999685597773,0.369961065653628,0.67816733883893,0.441448933191858,0.732730718115377,0.366887935533963,0.817421230423579,0.115592329602077,0.927224425706726,0.192391846324061,0.732889974275622,0.386726297755165,0.772156925307865,0.336415376396006,0.72,0.39
