"","simul_idx","up_dw","low_dw","up_dw_x1_to_xn","low_dw_x1_to_xn","up_dw_x1_to_xn_tails","low_dw_x1_to_xn_tails","up_t_test","low_t_test","up_anderson","low_anderson","up_cheby","low_cheby","up_emp_bern","low_emp_bern","up_hoeffding","low_hoeffding","up_PI_emp_bern","low_PI_emp_bern","up_PI_hedged","low_PI_hedged"
"1",70,0.572228288388152,0.210337795713503,0.572216727880563,0.210364542885942,0.668558525312041,0.210364542885942,0.496428988787141,0.264723273946065,0.553533170837185,0.187674540653999,0.699965599008892,-0.0656720467312205,0.743931856591004,0.0172204061422014,0.553657969626831,0.207494293106374,0.600798272518228,0.172565337915982,0.55,0.23
