"","simul_idx","up_dw","low_dw","up_dw_x1_to_xn","low_dw_x1_to_xn","up_dw_x1_to_xn_tails","low_dw_x1_to_xn_tails","up_t_test","low_t_test","up_anderson","low_anderson","up_cheby","low_cheby","up_emp_bern","low_emp_bern","up_hoeffding","low_hoeffding","up_PI_emp_bern","low_PI_emp_bern","up_PI_hedged","low_PI_hedged"
"1",430,0.558122027850592,0.38730968790314,0.558121099436188,0.387312106192381,0.58290388418276,0.387312106192381,0.524207876799809,0.420162653999197,0.54955795889105,0.390826020957979,0.627851840643024,0.280196746663713,0.592340179468953,0.352030351330053,0.549589816603602,0.394780714195404,0.557209505275844,0.376392061918178,0.54,0.4
