"","simul_idx","up_dw","low_dw","up_dw_x1_to_xn","low_dw_x1_to_xn","up_dw_x1_to_xn_tails","low_dw_x1_to_xn_tails","up_t_test","low_t_test","up_anderson","low_anderson","up_cheby","low_cheby","up_emp_bern","low_emp_bern","up_hoeffding","low_hoeffding","up_PI_emp_bern","low_PI_emp_bern","up_PI_hedged","low_PI_hedged"
"1",297,0.781318950472871,0.219173851798438,0.781221167021084,0.219252354629617,0.978309364342203,0.219252354629617,0.697863804479514,0.302767636494648,0.773650607342447,0.176960986292545,0.860523505409599,-0.193435878093491,1.2636538127833,-0.26302237180914,0.77398213574268,0.226649305231482,0.908973142781076,0.11592174460757,0.74,0.24
