"","simul_idx","up_dw","low_dw","up_dw_x1_to_xn","low_dw_x1_to_xn","up_dw_x1_to_xn_tails","low_dw_x1_to_xn_tails","up_t_test","low_t_test","up_anderson","low_anderson","up_cheby","low_cheby","up_emp_bern","low_emp_bern","up_hoeffding","low_hoeffding","up_PI_emp_bern","low_PI_emp_bern","up_PI_hedged","low_PI_hedged"
"1",234,0.542949045252288,0.42166505724277,0.542948466901518,0.421666413791826,0.556227664017741,0.421666413791826,0.518847491325325,0.445424308032868,0.536848442896552,0.425422090854779,0.595724007099329,0.34964050207537,0.559895728410899,0.404376070947294,0.536869182730216,0.427402616627977,0.540114377923444,0.420743740826089,0.53,0.43
