"","simul_idx","up_dw","low_dw","up_dw_x1_to_xn","low_dw_x1_to_xn","up_dw_x1_to_xn_tails","low_dw_x1_to_xn_tails","up_t_test","low_t_test","up_anderson","low_anderson","up_cheby","low_cheby","up_emp_bern","low_emp_bern","up_hoeffding","low_hoeffding","up_PI_emp_bern","low_PI_emp_bern","up_PI_hedged","low_PI_hedged"
"1",221,0.698835310058272,0.434210329159759,0.698828027176063,0.434228920962966,0.753442879899464,0.434228920962966,0.652003629005748,0.487453889658862,0.692027199106831,0.437419813514334,0.771082228757273,0.264788242756009,0.791263976237091,0.348193542427519,0.692116100866346,0.447341417798264,0.728420740224186,0.415292662577853,0.68,0.45
