"","simul_idx","up_dw","low_dw","up_dw_x1_to_xn","low_dw_x1_to_xn","up_dw_x1_to_xn_tails","low_dw_x1_to_xn_tails","up_t_test","low_t_test","up_anderson","low_anderson","up_cheby","low_cheby","up_emp_bern","low_emp_bern","up_hoeffding","low_hoeffding","up_PI_emp_bern","low_PI_emp_bern","up_PI_hedged","low_PI_hedged"
"1",160,0.566040372457275,0.395107391242194,0.566039335206047,0.39510862011957,0.59082041582503,0.39510862011957,0.532256636718783,0.428129669640562,0.557566168398434,0.398823459220162,0.634738547908698,0.288709823590672,0.600415309699816,0.359970996659529,0.557597704383771,0.402788601975573,0.567051381998748,0.388388063428247,0.55,0.41
