"","simul_idx","up_dw","low_dw","up_dw_x1_to_xn","low_dw_x1_to_xn","up_dw_x1_to_xn_tails","low_dw_x1_to_xn_tails","up_t_test","low_t_test","up_anderson","low_anderson","up_cheby","low_cheby","up_emp_bern","low_emp_bern","up_hoeffding","low_hoeffding","up_PI_emp_bern","low_PI_emp_bern","up_PI_hedged","low_PI_hedged"
"1",294,0.548784284704522,0.427455009529897,0.548783743520311,0.427455385898854,0.562061561879647,0.427455385898854,0.524737591856786,0.451270078724011,0.542717922598756,0.431289698380814,0.601031378968497,0.355838886306794,0.565800197761489,0.410207472819308,0.542737118341518,0.433270552239279,0.54671681210714,0.427033995340344,0.54,0.44
