"","simul_idx","up_dw","low_dw","up_dw_x1_to_xn","low_dw_x1_to_xn","up_dw_x1_to_xn_tails","low_dw_x1_to_xn_tails","up_t_test","low_t_test","up_anderson","low_anderson","up_cheby","low_cheby","up_emp_bern","low_emp_bern","up_hoeffding","low_hoeffding","up_PI_emp_bern","low_PI_emp_bern","up_PI_hedged","low_PI_hedged"
"1",491,0.648925112237641,0.278883944946998,0.648901062740758,0.27892100347722,0.745258228730669,0.27892100347722,0.579104260163293,0.341301908977755,0.63314718417708,0.267302856194873,0.753977701023242,0.0130274399276314,0.828497431757907,0.0919087373831409,0.633284922830752,0.287121246310295,0.67317788099461,0.238141610446083,0.63,0.3
