"","simul_idx","up_dw","low_dw","up_dw_x1_to_xn","low_dw_x1_to_xn","up_dw_x1_to_xn_tails","low_dw_x1_to_xn_tails","up_t_test","low_t_test","up_anderson","low_anderson","up_cheby","low_cheby","up_emp_bern","low_emp_bern","up_hoeffding","low_hoeffding","up_PI_emp_bern","low_PI_emp_bern","up_PI_hedged","low_PI_hedged"
"1",64,0.611067774167916,0.244028168159896,0.611020747029717,0.244053832187804,0.707360930088928,0.244053832187804,0.538051385705733,0.302489740445601,0.593240611546338,0.227376141821687,0.727233547136855,-0.0267826086774109,0.786749811104995,0.0537913150463377,0.593352401335895,0.247188724815438,0.633335558927179,0.198910469632718,0.59,0.27
