"","simul_idx","up_dw","low_dw","up_dw_x1_to_xn","low_dw_x1_to_xn","up_dw_x1_to_xn_tails","low_dw_x1_to_xn_tails","up_t_test","low_t_test","up_anderson","low_anderson","up_cheby","low_cheby","up_emp_bern","low_emp_bern","up_hoeffding","low_hoeffding","up_PI_emp_bern","low_PI_emp_bern","up_PI_hedged","low_PI_hedged"
"1",344,0.555909410253398,0.2919402266354,0.555894860438233,0.29194706112532,0.610492352556959,0.29194706112532,0.502315587802903,0.338256902444973,0.542611025946002,0.287983441814957,0.658322318941284,0.105834490374967,0.641419808981913,0.199152681265963,0.542673586657979,0.297898903589897,0.578708634304218,0.267622179998873,0.53,0.3
