"","simul_idx","up_dw","low_dw","up_dw_x1_to_xn","low_dw_x1_to_xn","up_dw_x1_to_xn_tails","low_dw_x1_to_xn_tails","up_t_test","low_t_test","up_anderson","low_anderson","up_cheby","low_cheby","up_emp_bern","low_emp_bern","up_hoeffding","low_hoeffding","up_PI_emp_bern","low_PI_emp_bern","up_PI_hedged","low_PI_hedged"
"1",157,0.575972481568712,0.310715299103386,0.575953713125386,0.310723690313604,0.630553503864981,0.310723690313604,0.523103343523366,0.358084810346007,0.562902986020765,0.308291178224244,0.674156327034911,0.126923812846337,0.662512739396519,0.218675414472853,0.562981418468727,0.318206735400645,0.600311321776598,0.286422976771343,0.56,0.33
