"","simul_idx","up_dw","low_dw","up_dw_x1_to_xn","low_dw_x1_to_xn","up_dw_x1_to_xn_tails","low_dw_x1_to_xn_tails","up_t_test","low_t_test","up_anderson","low_anderson","up_cheby","low_cheby","up_emp_bern","low_emp_bern","up_hoeffding","low_hoeffding","up_PI_emp_bern","low_PI_emp_bern","up_PI_hedged","low_PI_hedged"
"1",448,0.578356992101061,0.45707545157627,0.578355726718255,0.457076535181404,0.5916346090136,0.457076535181404,0.554601899952375,0.481173634713346,0.572598062273372,0.461174727855448,0.627949514317734,0.387516696138854,0.595651784270842,0.440123750394878,0.57262105038398,0.46315448428174,0.580010936274787,0.460322897084941,0.57,0.47
