"","simul_idx","up_dw","low_dw","up_dw_x1_to_xn","low_dw_x1_to_xn","up_dw_x1_to_xn_tails","low_dw_x1_to_xn_tails","up_t_test","low_t_test","up_anderson","low_anderson","up_cheby","low_cheby","up_emp_bern","low_emp_bern","up_hoeffding","low_hoeffding","up_PI_emp_bern","low_PI_emp_bern","up_PI_hedged","low_PI_hedged"
"1",421,0.601111832419245,0.430144701009881,0.601109609041328,0.43014900531061,0.625895149891747,0.43014900531061,0.568003410303545,0.463869714481185,0.593299047373977,0.434564925913983,0.665259079984141,0.326926616924254,0.636164253945164,0.395708870839566,0.593341113596464,0.438532011188266,0.603726767368567,0.424969216095685,0.59,0.45
