"","simul_idx","up_dw","low_dw","up_dw_x1_to_xn","low_dw_x1_to_xn","up_dw_x1_to_xn_tails","low_dw_x1_to_xn_tails","up_t_test","low_t_test","up_anderson","low_anderson","up_cheby","low_cheby","up_emp_bern","low_emp_bern","up_hoeffding","low_hoeffding","up_PI_emp_bern","low_PI_emp_bern","up_PI_hedged","low_PI_hedged"
"1",136,0.48295600657482,0.362865810415776,0.482955741073154,0.362866534468259,0.496234064977204,0.362866534468259,0.458529203152938,0.385941831562474,0.476951931519247,0.365525356906496,0.541159554967237,0.28675322416552,0.499306525047177,0.345164509668235,0.476968800408826,0.367502234306586,0.484872314661511,0.366643830957025,0.47,0.37
