"","simul_idx","up_dw","low_dw","up_dw_x1_to_xn","low_dw_x1_to_xn","up_dw_x1_to_xn_tails","low_dw_x1_to_xn_tails","up_t_test","low_t_test","up_anderson","low_anderson","up_cheby","low_cheby","up_emp_bern","low_emp_bern","up_hoeffding","low_hoeffding","up_PI_emp_bern","low_PI_emp_bern","up_PI_hedged","low_PI_hedged"
"1",225,0.536994190593547,0.415763127817959,0.536993174114078,0.415764699007944,0.550272684205582,0.415764699007944,0.512849040191952,0.439455961985445,0.530865049547056,0.419440283745013,0.590305028310114,0.343327326765766,0.553887519188352,0.398417482989045,0.530885784139818,0.421419218037579,0.533603566007832,0.41419441824048,0.53,0.43
