"","simul_idx","up_dw","low_dw","up_dw_x1_to_xn","low_dw_x1_to_xn","up_dw_x1_to_xn_tails","low_dw_x1_to_xn_tails","up_t_test","low_t_test","up_anderson","low_anderson","up_cheby","low_cheby","up_emp_bern","low_emp_bern","up_hoeffding","low_hoeffding","up_PI_emp_bern","low_PI_emp_bern","up_PI_hedged","low_PI_hedged"
"1",15,0.581618004957308,0.410580407821003,0.58161317328018,0.410584470268255,0.606398360700461,0.410584470268255,0.548120786648654,0.443921676910884,0.573390547522384,0.414655858149414,0.648298488158002,0.305588496033862,0.616302732505641,0.375739731053896,0.573425782983868,0.41861668057567,0.587575996140948,0.409101789019572,0.57,0.42
