"","simul_idx","up_dw","low_dw","up_dw_x1_to_xn","low_dw_x1_to_xn","up_dw_x1_to_xn_tails","low_dw_x1_to_xn_tails","up_t_test","low_t_test","up_anderson","low_anderson","up_cheby","low_cheby","up_emp_bern","low_emp_bern","up_hoeffding","low_hoeffding","up_PI_emp_bern","low_PI_emp_bern","up_PI_hedged","low_PI_hedged"
"1",104,0.546158897098778,0.375595355869655,0.546156147224599,0.375597879249839,0.570939116258274,0.375597879249839,0.512065817121845,0.408190395084763,0.537497824491682,0.378766353306393,0.617450114275265,0.267411628231089,0.580143342879086,0.340112869327523,0.537532657307403,0.382723554899205,0.554726454451854,0.374766331101028,0.53,0.39
