"","simul_idx","up_dw","low_dw","up_dw_x1_to_xn","low_dw_x1_to_xn","up_dw_x1_to_xn_tails","low_dw_x1_to_xn_tails","up_t_test","low_t_test","up_anderson","low_anderson","up_cheby","low_cheby","up_emp_bern","low_emp_bern","up_hoeffding","low_hoeffding","up_PI_emp_bern","low_PI_emp_bern","up_PI_hedged","low_PI_hedged"
"1",307,0.648785277802521,0.278731807083442,0.648743589970687,0.278750720008111,0.745073710851201,0.278750720008111,0.578940463082928,0.341143197450098,0.633025899213656,0.2671712041407,0.7538711372971,0.0128652464804209,0.828332057867146,0.0917516026658797,0.633123668526741,0.286959992006284,0.684213323799481,0.24649481135844,0.63,0.3
