"","simul_idx","up_dw","low_dw","up_dw_x1_to_xn","low_dw_x1_to_xn","up_dw_x1_to_xn_tails","low_dw_x1_to_xn_tails","up_t_test","low_t_test","up_anderson","low_anderson","up_cheby","low_cheby","up_emp_bern","low_emp_bern","up_hoeffding","low_hoeffding","up_PI_emp_bern","low_PI_emp_bern","up_PI_hedged","low_PI_hedged"
"1",30,0.738829071155093,0.370030310713926,0.738797325985232,0.370051245421562,0.835130460231234,0.370051245421562,0.678366611237469,0.441543690100011,0.732874544181376,0.367002771681149,0.817511163220988,0.115747421226912,0.927456103847794,0.192454197489686,0.733036988928968,0.386873312408511,0.772620619425886,0.336258663980169,0.72,0.39
