"","simul_idx","up_dw","low_dw","up_dw_x1_to_xn","low_dw_x1_to_xn","up_dw_x1_to_xn_tails","low_dw_x1_to_xn_tails","up_t_test","low_t_test","up_anderson","low_anderson","up_cheby","low_cheby","up_emp_bern","low_emp_bern","up_hoeffding","low_hoeffding","up_PI_emp_bern","low_PI_emp_bern","up_PI_hedged","low_PI_hedged"
"1",479,0.594094448314765,0.472994704669795,0.594093329924898,0.472995732264684,0.607372094379434,0.472995732264684,0.570504214555612,0.497215774686518,0.588573092570993,0.477150158802908,0.642257858377864,0.404526444800695,0.611508776683975,0.456211212558156,0.588593277672185,0.479126711569945,0.589743811617709,0.47037816291854,0.58,0.48
