"","simul_idx","up_dw","low_dw","up_dw_x1_to_xn","low_dw_x1_to_xn","up_dw_x1_to_xn_tails","low_dw_x1_to_xn_tails","up_t_test","low_t_test","up_anderson","low_anderson","up_cheby","low_cheby","up_emp_bern","low_emp_bern","up_hoeffding","low_hoeffding","up_PI_emp_bern","low_PI_emp_bern","up_PI_hedged","low_PI_hedged"
"1",310,0.522941291245589,0.401887122657413,0.522939478134977,0.401888618942013,0.536218936710937,0.401888618942013,0.498699810485941,0.425425212450654,0.516779475086609,0.405353017681331,0.577515989688262,0.328488934759381,0.539699886002013,0.384425136934582,0.516795794519417,0.407329228417178,0.523991565694684,0.404838530375956,0.51,0.41
