"","simul_idx","up_dw","low_dw","up_dw_x1_to_xn","low_dw_x1_to_xn","up_dw_x1_to_xn_tails","low_dw_x1_to_xn_tails","up_t_test","low_t_test","up_anderson","low_anderson","up_cheby","low_cheby","up_emp_bern","low_emp_bern","up_hoeffding","low_hoeffding","up_PI_emp_bern","low_PI_emp_bern","up_PI_hedged","low_PI_hedged"
"1",500,0.818107501439159,0.258360073748426,0.818044856396173,0.258409668511846,1.01508902684269,0.258409668511846,0.745579980731237,0.352972486353882,0.822654484158462,0.226119734479687,0.88221508053607,-0.14984676914599,1.31065966314542,-0.212107196060302,0.822942648798158,0.275609818286961,0.952134752788914,0.168177939992672,0.79,0.29
