"","simul_idx","up_dw","low_dw","up_dw_x1_to_xn","low_dw_x1_to_xn","up_dw_x1_to_xn_tails","low_dw_x1_to_xn_tails","up_t_test","low_t_test","up_anderson","low_anderson","up_cheby","low_cheby","up_emp_bern","low_emp_bern","up_hoeffding","low_hoeffding","up_PI_emp_bern","low_PI_emp_bern","up_PI_hedged","low_PI_hedged"
"1",243,0.611155781355979,0.24415191129025,0.611086818318905,0.244169958894099,0.707415649482403,0.244169958894099,0.538106880291849,0.302665746709725,0.593362077399355,0.227511314379699,0.727312081675646,-0.0266682258410013,0.78676794022122,0.0540046867803542,0.593468151761016,0.247304475240559,0.642820406764419,0.209400634282538,0.59,0.27
