"","simul_idx","up_dw","low_dw","up_dw_x1_to_xn","low_dw_x1_to_xn","up_dw_x1_to_xn_tails","low_dw_x1_to_xn_tails","up_t_test","low_t_test","up_anderson","low_anderson","up_cheby","low_cheby","up_emp_bern","low_emp_bern","up_hoeffding","low_hoeffding","up_PI_emp_bern","low_PI_emp_bern","up_PI_hedged","low_PI_hedged"
"1",267,0.548770851315395,0.427447858496145,0.548769966454439,0.427448569219173,0.562048271012598,0.427448569219173,0.524721956692696,0.451264118255017,0.542707183098222,0.431282666462862,0.601021619112277,0.355827473973715,0.56578142669745,0.410204648250262,0.542726320524976,0.433259754422736,0.545988207445711,0.426367848579191,0.54,0.44
