"","simul_idx","up_dw","low_dw","up_dw_x1_to_xn","low_dw_x1_to_xn","up_dw_x1_to_xn_tails","low_dw_x1_to_xn_tails","up_t_test","low_t_test","up_anderson","low_anderson","up_cheby","low_cheby","up_emp_bern","low_emp_bern","up_hoeffding","low_hoeffding","up_PI_emp_bern","low_PI_emp_bern","up_PI_hedged","low_PI_hedged"
"1",261,0.601109578200614,0.430167737657122,0.601108174556557,0.430171489355994,0.625892911334615,0.430171489355994,0.568002459612909,0.463892730204335,0.593306141336913,0.434575734976482,0.665268443782139,0.326938469503673,0.63615557180439,0.395739618012854,0.593352146112721,0.438543043704523,0.607115622274093,0.428272646499101,0.59,0.44
