"","simul_idx","up_dw","low_dw","up_dw_x1_to_xn","low_dw_x1_to_xn","up_dw_x1_to_xn_tails","low_dw_x1_to_xn_tails","up_t_test","low_t_test","up_anderson","low_anderson","up_cheby","low_cheby","up_emp_bern","low_emp_bern","up_hoeffding","low_hoeffding","up_PI_emp_bern","low_PI_emp_bern","up_PI_hedged","low_PI_hedged"
"1",419,0.56073439178084,0.439378644356318,0.560732782093096,0.439380772049,0.57401310517441,0.439380772049,0.536797904714623,0.46331623609648,0.554770091432378,0.443343849988762,0.611910987895528,0.368593071723201,0.577865098896827,0.422249041914277,0.554790353456671,0.445323787354432,0.558489137374154,0.438925141969923,0.55,0.45
