"","simul_idx","up_dw","low_dw","up_dw_x1_to_xn","low_dw_x1_to_xn","up_dw_x1_to_xn_tails","low_dw_x1_to_xn_tails","up_t_test","low_t_test","up_anderson","low_anderson","up_cheby","low_cheby","up_emp_bern","low_emp_bern","up_hoeffding","low_hoeffding","up_PI_emp_bern","low_PI_emp_bern","up_PI_hedged","low_PI_hedged"
"1",13,0.623899722525568,0.357005984413346,0.623887226115372,0.357011123743677,0.678482215196646,0.357011123743677,0.573080511208499,0.406864695593158,0.612301691169165,0.357655092021506,0.712016087982907,0.178843190927691,0.712870571906241,0.267074634895417,0.61235994493487,0.367585261866788,0.645975911868668,0.329110449789561,0.61,0.38
