"","simul_idx","up_dw","low_dw","up_dw_x1_to_xn","low_dw_x1_to_xn","up_dw_x1_to_xn_tails","low_dw_x1_to_xn_tails","up_t_test","low_t_test","up_anderson","low_anderson","up_cheby","low_cheby","up_emp_bern","low_emp_bern","up_hoeffding","low_hoeffding","up_PI_emp_bern","low_PI_emp_bern","up_PI_hedged","low_PI_hedged"
"1",178,0.680510288233429,0.414715848385636,0.68049593620033,0.414727056272433,0.735099885986077,0.414727056272433,0.632674360127701,0.467210635627634,0.672256976880367,0.417627823795325,0.75668556459087,0.243209886095798,0.772225300444664,0.327659695310671,0.672329839411708,0.427555156343627,0.704913172176081,0.389502623452754,0.66,0.43
