"","simul_idx","up_dw","low_dw","up_dw_x1_to_xn","low_dw_x1_to_xn","up_dw_x1_to_xn_tails","low_dw_x1_to_xn_tails","up_t_test","low_t_test","up_anderson","low_anderson","up_cheby","low_cheby","up_emp_bern","low_emp_bern","up_hoeffding","low_hoeffding","up_PI_emp_bern","low_PI_emp_bern","up_PI_hedged","low_PI_hedged"
"1",144,0.698855474647522,0.146055340325463,0.698759479402337,0.146114920892926,0.895818858189517,0.146114920892926,0.593848579353178,0.206941496028491,0.673835939381846,0.0773166394339766,0.812555825631674,-0.278695775377228,1.15730123058904,-0.356511155207369,0.674061452946433,0.126728622435236,0.782378591626054,-0.000998910486386229,0.67,0.18
