"","simul_idx","up_dw","low_dw","up_dw_x1_to_xn","low_dw_x1_to_xn","up_dw_x1_to_xn_tails","low_dw_x1_to_xn_tails","up_t_test","low_t_test","up_anderson","low_anderson","up_cheby","low_cheby","up_emp_bern","low_emp_bern","up_hoeffding","low_hoeffding","up_PI_emp_bern","low_PI_emp_bern","up_PI_hedged","low_PI_hedged"
"1",226,0.685454055072377,0.314355437104347,0.685409764028251,0.314395925411154,0.781772041927086,0.314395925411154,0.619222881876166,0.380570680302173,0.67284128205733,0.306955797349477,0.77984196033178,0.0533193414835024,0.868879555395464,0.130914006782875,0.672978619349398,0.326814942828941,0.713584412560722,0.27632637705977,0.66,0.34
