"","simul_idx","up_dw","low_dw","up_dw_x1_to_xn","low_dw_x1_to_xn","up_dw_x1_to_xn_tails","low_dw_x1_to_xn_tails","up_t_test","low_t_test","up_anderson","low_anderson","up_cheby","low_cheby","up_emp_bern","low_emp_bern","up_hoeffding","low_hoeffding","up_PI_emp_bern","low_PI_emp_bern","up_PI_hedged","low_PI_hedged"
"1",287,0.581628108804791,0.410558970521064,0.581624668046776,0.410560623952285,0.606406328335127,0.410560623952285,0.548130354278431,0.443900499583827,0.573391440373425,0.414642075669893,0.648293527991558,0.305582293029844,0.616322218311032,0.375708635551226,0.573419978135228,0.41861087572703,0.589631106727362,0.410435043155977,0.57,0.43
