"","simul_idx","up_dw","low_dw","up_dw_x1_to_xn","low_dw_x1_to_xn","up_dw_x1_to_xn_tails","low_dw_x1_to_xn_tails","up_t_test","low_t_test","up_anderson","low_anderson","up_cheby","low_cheby","up_emp_bern","low_emp_bern","up_hoeffding","low_hoeffding","up_PI_emp_bern","low_PI_emp_bern","up_PI_hedged","low_PI_hedged"
"1",36,0.653801593872288,0.112994738257022,0.653649049025394,0.113080897411847,0.850748906897604,0.113080897411847,0.539060390679586,0.162253427645636,0.624087686471129,0.0275850490995566,0.786951920796942,-0.319409375246794,1.09963023040132,-0.398316412076102,0.62432332441821,0.0769904939070124,0.724265578141057,-0.0400098057569279,0.62,0.13
