"","simul_idx","up_dw","low_dw","up_dw_x1_to_xn","low_dw_x1_to_xn","up_dw_x1_to_xn_tails","low_dw_x1_to_xn_tails","up_t_test","low_t_test","up_anderson","low_anderson","up_cheby","low_cheby","up_emp_bern","low_emp_bern","up_hoeffding","low_hoeffding","up_PI_emp_bern","low_PI_emp_bern","up_PI_hedged","low_PI_hedged"
"1",448,0.887181358892326,0.346365486899656,0.887137563873268,0.346398151986355,1.08415595048808,0.346398151986355,0.837975153166707,0.461161920029055,0.922776373077261,0.326193767401631,0.922503603513548,-0.05641222138304,1.39854678252328,-0.0994097093275216,0.923234951853479,0.375902121342282,1.04330377089605,0.272824595900936,0.86,0.38
