"","simul_idx","up_dw","low_dw","up_dw_x1_to_xn","low_dw_x1_to_xn","up_dw_x1_to_xn_tails","low_dw_x1_to_xn_tails","up_t_test","low_t_test","up_anderson","low_anderson","up_cheby","low_cheby","up_emp_bern","low_emp_bern","up_hoeffding","low_hoeffding","up_PI_emp_bern","low_PI_emp_bern","up_PI_hedged","low_PI_hedged"
"1",11,0.58043044132151,0.459166927170908,0.580429623080632,0.459167265877301,0.593707387707281,0.459167265877301,0.556693194762303,0.483285936648554,0.574704917171531,0.463278242361343,0.629835563612411,0.389751820123724,0.59773626995217,0.442242861458687,0.574722848756548,0.465256282654309,0.576866998661554,0.457436357524785,0.57,0.47
