"","simul_idx","up_dw","low_dw","up_dw_x1_to_xn","low_dw_x1_to_xn","up_dw_x1_to_xn_tails","low_dw_x1_to_xn_tails","up_t_test","low_t_test","up_anderson","low_anderson","up_cheby","low_cheby","up_emp_bern","low_emp_bern","up_hoeffding","low_hoeffding","up_PI_emp_bern","low_PI_emp_bern","up_PI_hedged","low_PI_hedged"
"1",276,0.612835143154685,0.442013467165267,0.612831979189717,0.44201695519051,0.637616343892605,0.44201695519051,0.579981522203147,0.475931634685427,0.605327585852766,0.446584051011414,0.675439635022427,0.339861477370433,0.648115329687656,0.407797827200918,0.605361129648386,0.450552027240188,0.61490326528985,0.436058379172247,0.6,0.46
