"","simul_idx","up_dw","low_dw","up_dw_x1_to_xn","low_dw_x1_to_xn","up_dw_x1_to_xn_tails","low_dw_x1_to_xn_tails","up_t_test","low_t_test","up_anderson","low_anderson","up_cheby","low_cheby","up_emp_bern","low_emp_bern","up_hoeffding","low_hoeffding","up_PI_emp_bern","low_PI_emp_bern","up_PI_hedged","low_PI_hedged"
"1",67,0.546929968349411,0.425622960391518,0.546928314664438,0.425623379319501,0.560206195721807,0.425623379319501,0.522862111633741,0.449423574789702,0.54085534665357,0.429431424988758,0.599348926470419,0.353872334729035,0.563915325331098,0.408370361092345,0.540876126262841,0.431409560160602,0.550040446709877,0.430269237028633,0.54,0.44
