"","simul_idx","up_dw","low_dw","up_dw_x1_to_xn","low_dw_x1_to_xn","up_dw_x1_to_xn_tails","low_dw_x1_to_xn_tails","up_t_test","low_t_test","up_anderson","low_anderson","up_cheby","low_cheby","up_emp_bern","low_emp_bern","up_hoeffding","low_hoeffding","up_PI_emp_bern","low_PI_emp_bern","up_PI_hedged","low_PI_hedged"
"1",24,0.854007883636273,0.301041612094267,0.853914469879231,0.301098821265391,1.05097023703902,0.301098821265391,0.793304293770473,0.405865577236565,0.872986512963338,0.276240401983413,0.903155489261158,-0.103708908589799,1.35690868560869,-0.157738814601655,0.873251350759118,0.325918520247921,1.00226881260562,0.216374981328825,0.83,0.33
