"","simul_idx","up_dw","low_dw","up_dw_x1_to_xn","low_dw_x1_to_xn","up_dw_x1_to_xn_tails","low_dw_x1_to_xn_tails","up_t_test","low_t_test","up_anderson","low_anderson","up_cheby","low_cheby","up_emp_bern","low_emp_bern","up_hoeffding","low_hoeffding","up_PI_emp_bern","low_PI_emp_bern","up_PI_hedged","low_PI_hedged"
"1",275,0.572464226120713,0.451137488230201,0.572462764301645,0.451138335797021,0.585741231656208,0.451138335797021,0.548648713633536,0.475183411512739,0.566631476195121,0.45520528061251,0.622585587407441,0.381171398030083,0.58971060287355,0.434121522272724,0.566649345624257,0.457182779522018,0.574388738495785,0.454570717199899,0.56,0.46
