"","simul_idx","up_dw","low_dw","up_dw_x1_to_xn","low_dw_x1_to_xn","up_dw_x1_to_xn_tails","low_dw_x1_to_xn_tails","up_t_test","low_t_test","up_anderson","low_anderson","up_cheby","low_cheby","up_emp_bern","low_emp_bern","up_hoeffding","low_hoeffding","up_PI_emp_bern","low_PI_emp_bern","up_PI_hedged","low_PI_hedged"
"1",290,0.535816534401885,0.273597006174261,0.535802500769965,0.273604148699,0.59040044772651,0.273604148699,0.481600748769942,0.318827009431281,0.522540432543918,0.267960895784438,0.642527418942504,0.0851341794222442,0.620296433303368,0.180131324897855,0.522601220634652,0.277826537566571,0.552676651510979,0.243781379134274,0.52,0.29
