"","simul_idx","up_dw","low_dw","up_dw_x1_to_xn","low_dw_x1_to_xn","up_dw_x1_to_xn_tails","low_dw_x1_to_xn_tails","up_t_test","low_t_test","up_anderson","low_anderson","up_cheby","low_cheby","up_emp_bern","low_emp_bern","up_hoeffding","low_hoeffding","up_PI_emp_bern","low_PI_emp_bern","up_PI_hedged","low_PI_hedged"
"1",154,0.629811007821019,0.261029063343042,0.629786132888317,0.261069562129643,0.726148426406755,0.261069562129643,0.558296976835334,0.321466877843618,0.6128414031468,0.246971865951845,0.740456233199462,-0.00731968763366891,0.807388694988459,0.0723751596904935,0.612963765599705,0.266800089079248,0.662446394003513,0.228342465784992,0.61,0.28
