"","simul_idx","up_dw","low_dw","up_dw_x1_to_xn","low_dw_x1_to_xn","up_dw_x1_to_xn_tails","low_dw_x1_to_xn_tails","up_t_test","low_t_test","up_anderson","low_anderson","up_cheby","low_cheby","up_emp_bern","low_emp_bern","up_hoeffding","low_hoeffding","up_PI_emp_bern","low_PI_emp_bern","up_PI_hedged","low_PI_hedged"
"1",341,0.653205137009032,0.11251926046152,0.653072246692714,0.112529383374024,0.850056301664025,0.112529383374024,0.538412481888413,0.161533872881393,0.623494727650668,0.0271265804805416,0.786592311180164,-0.319961408000293,1.09900277105334,-0.399056416283537,0.623639592640501,0.076306762129304,0.726095748127316,-0.0431095861185881,0.62,0.14
