"","simul_idx","up_dw","low_dw","up_dw_x1_to_xn","low_dw_x1_to_xn","up_dw_x1_to_xn_tails","low_dw_x1_to_xn_tails","up_t_test","low_t_test","up_anderson","low_anderson","up_cheby","low_cheby","up_emp_bern","low_emp_bern","up_hoeffding","low_hoeffding","up_PI_emp_bern","low_PI_emp_bern","up_PI_hedged","low_PI_hedged"
"1",217,0.601963469953979,0.480981812349004,0.601962641835892,0.480983082016838,0.615241790362786,0.480983082016838,0.578458908168577,0.50525669918637,0.596570538490338,0.485141997712443,0.649401115110018,0.413065166610518,0.619435519913899,0.464280087441048,0.596591086728593,0.487124520626354,0.599155539960117,0.479716790320793,0.59,0.49
