"","simul_idx","up_dw","low_dw","up_dw_x1_to_xn","low_dw_x1_to_xn","up_dw_x1_to_xn_tails","low_dw_x1_to_xn_tails","up_t_test","low_t_test","up_anderson","low_anderson","up_cheby","low_cheby","up_emp_bern","low_emp_bern","up_hoeffding","low_hoeffding","up_PI_emp_bern","low_PI_emp_bern","up_PI_hedged","low_PI_hedged"
"1",65,0.667568445985754,0.296654051549558,0.667557808891994,0.296671341114062,0.763885510236102,0.296671341114062,0.599478049208548,0.361045563064271,0.653206250532301,0.287270777068161,0.767140165754574,0.0332961778061088,0.849066598456328,0.111457013816492,0.653343644396638,0.307179967876181,0.693808995809634,0.257244124211078,0.65,0.32
