"","simul_idx","up_dw","low_dw","up_dw_x1_to_xn","low_dw_x1_to_xn","up_dw_x1_to_xn_tails","low_dw_x1_to_xn_tails","up_t_test","low_t_test","up_anderson","low_anderson","up_cheby","low_cheby","up_emp_bern","low_emp_bern","up_hoeffding","low_hoeffding","up_PI_emp_bern","low_PI_emp_bern","up_PI_hedged","low_PI_hedged"
"1",465,0.721398362695838,0.351399253616523,0.72135752181004,0.35142464512073,0.817697298686428,0.35142464512073,0.65898945580034,0.421270356378388,0.713050624597657,0.347211382717496,0.805280295654003,0.094936214494936,0.908356814616332,0.171902997562395,0.713211744349592,0.367048067829135,0.761899301488523,0.327456868160968,0.7,0.37
