"","simul_idx","up_dw","low_dw","up_dw_x1_to_xn","low_dw_x1_to_xn","up_dw_x1_to_xn_tails","low_dw_x1_to_xn_tails","up_t_test","low_t_test","up_anderson","low_anderson","up_cheby","low_cheby","up_emp_bern","low_emp_bern","up_hoeffding","low_hoeffding","up_PI_emp_bern","low_PI_emp_bern","up_PI_hedged","low_PI_hedged"
"1",100,0.555966701936692,0.292025459949847,0.555958347269196,0.292037188043142,0.610563065181056,0.292037188043142,0.502412238306998,0.338307772716818,0.542666997831799,0.288071281455472,0.6583800983747,0.10591082073786,0.641531014885409,0.199188996138407,0.542747347045949,0.297972663977867,0.57869883209432,0.267776295722444,0.54,0.31
