"","simul_idx","up_dw","low_dw","up_dw_x1_to_xn","low_dw_x1_to_xn","up_dw_x1_to_xn_tails","low_dw_x1_to_xn_tails","up_t_test","low_t_test","up_anderson","low_anderson","up_cheby","low_cheby","up_emp_bern","low_emp_bern","up_hoeffding","low_hoeffding","up_PI_emp_bern","low_PI_emp_bern","up_PI_hedged","low_PI_hedged"
"1",218,0.623846251824334,0.356989111299548,0.623828358271629,0.356997439841052,0.678428056475902,0.356997439841052,0.57303048999293,0.406839629053906,0.612251104499022,0.357644426033722,0.71198765969712,0.178803357618185,0.712812616583245,0.26705750246359,0.612322401057458,0.367547717989377,0.650995783128463,0.333945972156562,0.61,0.38
