"","simul_idx","up_dw","low_dw","up_dw_x1_to_xn","low_dw_x1_to_xn","up_dw_x1_to_xn_tails","low_dw_x1_to_xn_tails","up_t_test","low_t_test","up_anderson","low_anderson","up_cheby","low_cheby","up_emp_bern","low_emp_bern","up_hoeffding","low_hoeffding","up_PI_emp_bern","low_PI_emp_bern","up_PI_hedged","low_PI_hedged"
"1",476,0.533156500431122,0.411972972922023,0.533156342495461,0.411974191718651,0.546435415395072,0.411974191718651,0.508983088102289,0.435625697264455,0.527011589980749,0.415587645941656,0.586816124487694,0.339270919989507,0.550009999600545,0.3945987857662,0.527037675734492,0.417571109632253,0.529798291019382,0.410322496398659,0.52,0.42
