"","simul_idx","up_dw","low_dw","up_dw_x1_to_xn","low_dw_x1_to_xn","up_dw_x1_to_xn_tails","low_dw_x1_to_xn_tails","up_t_test","low_t_test","up_anderson","low_anderson","up_cheby","low_cheby","up_emp_bern","low_emp_bern","up_hoeffding","low_hoeffding","up_PI_emp_bern","low_PI_emp_bern","up_PI_hedged","low_PI_hedged"
"1",337,0.620539970841784,0.449870946448748,0.620538626894169,0.449874062218727,0.645322434550186,0.449874062218727,0.587855453989641,0.483909361712191,0.613251029358881,0.454511634212154,0.682128813806707,0.348414278214285,0.65595577762747,0.415809038074362,0.613286959055015,0.458477856646817,0.627152840609163,0.448750844382238,0.61,0.46
