"","simul_idx","up_dw","low_dw","up_dw_x1_to_xn","low_dw_x1_to_xn","up_dw_x1_to_xn_tails","low_dw_x1_to_xn_tails","up_t_test","low_t_test","up_anderson","low_anderson","up_cheby","low_cheby","up_emp_bern","low_emp_bern","up_hoeffding","low_hoeffding","up_PI_emp_bern","low_PI_emp_bern","up_PI_hedged","low_PI_hedged"
"1",143,0.594084558917211,0.472988596582898,0.594083318556712,0.47299052025052,0.607363383538858,0.47299052025052,0.57050165351753,0.497202630648364,0.588561185435588,0.477144823568883,0.642250837774207,0.404518068270786,0.611509645958584,0.456194638207309,0.588585425134066,0.479118859031827,0.595303061958211,0.476093140271176,0.58,0.48
