"","simul_idx","up_dw","low_dw","up_dw_x1_to_xn","low_dw_x1_to_xn","up_dw_x1_to_xn_tails","low_dw_x1_to_xn_tails","up_t_test","low_t_test","up_anderson","low_anderson","up_cheby","low_cheby","up_emp_bern","low_emp_bern","up_hoeffding","low_hoeffding","up_PI_emp_bern","low_PI_emp_bern","up_PI_hedged","low_PI_hedged"
"1",88,0.566594828257484,0.445250430509932,0.566594483829605,0.445252042470096,0.579874096410802,0.445252042470096,0.542716861570416,0.46924519678471,0.560695205204376,0.449266779956543,0.617247026521768,0.374872638532277,0.583780813167989,0.428181245187137,0.560714312228683,0.451247746126443,0.563555947400516,0.443983610544369,0.56,0.46
