"","simul_idx","up_dw","low_dw","up_dw_x1_to_xn","low_dw_x1_to_xn","up_dw_x1_to_xn_tails","low_dw_x1_to_xn_tails","up_t_test","low_t_test","up_anderson","low_anderson","up_cheby","low_cheby","up_emp_bern","low_emp_bern","up_hoeffding","low_hoeffding","up_PI_emp_bern","low_PI_emp_bern","up_PI_hedged","low_PI_hedged"
"1",486,0.560689307562051,0.439329015854624,0.560688606992099,0.439329872332278,0.57396712309326,0.439329872332278,0.536750706838543,0.463268082487014,0.554725442393161,0.443292865111712,0.611868013793887,0.368542563976267,0.577818210806662,0.422200578518895,0.554742677713898,0.445276111611659,0.557185106688937,0.437669921058186,0.55,0.45
