"","simul_idx","up_dw","low_dw","up_dw_x1_to_xn","low_dw_x1_to_xn","up_dw_x1_to_xn_tails","low_dw_x1_to_xn_tails","up_t_test","low_t_test","up_anderson","low_anderson","up_cheby","low_cheby","up_emp_bern","low_emp_bern","up_hoeffding","low_hoeffding","up_PI_emp_bern","low_PI_emp_bern","up_PI_hedged","low_PI_hedged"
"1",287,0.7412790364008,0.181516227476676,0.741220935116996,0.181577171696779,0.938282390741836,0.181577171696779,0.646721601239797,0.253786441255497,0.723612924304178,0.127073062982792,0.837088815151185,-0.236750120154322,1.21189480711284,-0.311386764617547,0.723920436503246,0.176587605992048,0.834712654583324,0.0439003177422608,0.71,0.21
