"","simul_idx","up_dw","low_dw","up_dw_x1_to_xn","low_dw_x1_to_xn","up_dw_x1_to_xn_tails","low_dw_x1_to_xn_tails","up_t_test","low_t_test","up_anderson","low_anderson","up_cheby","low_cheby","up_emp_bern","low_emp_bern","up_hoeffding","low_hoeffding","up_PI_emp_bern","low_PI_emp_bern","up_PI_hedged","low_PI_hedged"
"1",300,0.698694592397778,0.434013291224284,0.698683639551583,0.434020412747173,0.75328155549723,0.434020412747173,0.651858963916441,0.487237630606605,0.691890005165454,0.437257952659535,0.770951730506571,0.264590628150744,0.791142073782968,0.347954520740077,0.691935638795564,0.447160955727482,0.727000233186283,0.416348633267564,0.7,0.46
