"","simul_idx","up_dw","low_dw","up_dw_x1_to_xn","low_dw_x1_to_xn","up_dw_x1_to_xn_tails","low_dw_x1_to_xn_tails","up_t_test","low_t_test","up_anderson","low_anderson","up_cheby","low_cheby","up_emp_bern","low_emp_bern","up_hoeffding","low_hoeffding","up_PI_emp_bern","low_PI_emp_bern","up_PI_hedged","low_PI_hedged"
"1",368,0.593328954973273,0.422330614481375,0.593325470919513,0.422334115466446,0.618109837852704,0.422334115466446,0.560067136393235,0.455904160227063,0.585350218262506,0.426621823077166,0.658501526490458,0.31839395102906,0.628237425733332,0.387733870886967,0.585390199514248,0.43058109710605,0.608538540754806,0.427051374427502,0.59,0.44
