"","simul_idx","up_dw","low_dw","up_dw_x1_to_xn","low_dw_x1_to_xn","up_dw_x1_to_xn_tails","low_dw_x1_to_xn_tails","up_t_test","low_t_test","up_anderson","low_anderson","up_cheby","low_cheby","up_emp_bern","low_emp_bern","up_hoeffding","low_hoeffding","up_PI_emp_bern","low_PI_emp_bern","up_PI_hedged","low_PI_hedged"
"1",141,0.548843971247321,0.427522686550773,0.548842421874057,0.427523334446031,0.562120596031949,0.427523334446031,0.524793876515111,0.45134165959621,0.54278294617868,0.431355790792791,0.601089165588365,0.355906458050185,0.565851524393146,0.410284011718176,0.54280105110678,0.433334485004541,0.549702842871799,0.430111555210297,0.54,0.44
