"","simul_idx","up_dw","low_dw","up_dw_x1_to_xn","low_dw_x1_to_xn","up_dw_x1_to_xn_tails","low_dw_x1_to_xn_tails","up_t_test","low_t_test","up_anderson","low_anderson","up_cheby","low_cheby","up_emp_bern","low_emp_bern","up_hoeffding","low_hoeffding","up_PI_emp_bern","low_PI_emp_bern","up_PI_hedged","low_PI_hedged"
"1",269,0.633346870031398,0.366433569908813,0.63332975929196,0.366444029516044,0.687932604183637,0.366444029516044,0.583000739038686,0.416766918889942,0.622207699246013,0.367589125050824,0.719501221708918,0.189378467317108,0.722796524110504,0.276971133818124,0.622271170498355,0.377496487430273,0.660280318461849,0.344455143619374,0.62,0.39
