"","simul_idx","up_dw","low_dw","up_dw_x1_to_xn","low_dw_x1_to_xn","up_dw_x1_to_xn_tails","low_dw_x1_to_xn_tails","up_t_test","low_t_test","up_anderson","low_anderson","up_cheby","low_cheby","up_emp_bern","low_emp_bern","up_hoeffding","low_hoeffding","up_PI_emp_bern","low_PI_emp_bern","up_PI_hedged","low_PI_hedged"
"1",193,0.561978274009287,0.391114023584151,0.561970182442673,0.391117986061462,0.58675522377289,0.391117986061462,0.528128380789715,0.42404680049249,0.553466080745679,0.394731181848519,0.631209987666215,0.284343071258982,0.596272412212885,0.35590276906932,0.553492141845202,0.398683039437004,0.56327602531261,0.385110137727378,0.55,0.41
