"","simul_idx","up_dw","low_dw","up_dw_x1_to_xn","low_dw_x1_to_xn","up_dw_x1_to_xn_tails","low_dw_x1_to_xn_tails","up_t_test","low_t_test","up_anderson","low_anderson","up_cheby","low_cheby","up_emp_bern","low_emp_bern","up_hoeffding","low_hoeffding","up_PI_emp_bern","low_PI_emp_bern","up_PI_hedged","low_PI_hedged"
"1",271,0.620466575650243,0.449792913199292,0.620465270708323,0.449796892900704,0.645250337208805,0.449796892900704,0.58777644375113,0.483832553423634,0.613180582037894,0.454434551825711,0.682063153640189,0.348330112874007,0.655876057050465,0.415732940124299,0.613209049791481,0.458399947383283,0.622127188031043,0.443654221491098,0.61,0.46
