"","simul_idx","up_dw","low_dw","up_dw_x1_to_xn","low_dw_x1_to_xn","up_dw_x1_to_xn_tails","low_dw_x1_to_xn_tails","up_t_test","low_t_test","up_anderson","low_anderson","up_cheby","low_cheby","up_emp_bern","low_emp_bern","up_hoeffding","low_hoeffding","up_PI_emp_bern","low_PI_emp_bern","up_PI_hedged","low_PI_hedged"
"1",495,0.577675210093884,0.40666518533052,0.577671463871637,0.406666021846892,0.60245193851231,0.406666021846892,0.544107871391121,0.439921440017798,0.569381418080072,0.410659573511727,0.644872661730074,0.30130936847081,0.612285727268547,0.371743584140372,0.569419206908559,0.414610104500361,0.578696040682655,0.400015178250537,0.56,0.42
