"","simul_idx","up_dw","low_dw","up_dw_x1_to_xn","low_dw_x1_to_xn","up_dw_x1_to_xn_tails","low_dw_x1_to_xn_tails","up_t_test","low_t_test","up_anderson","low_anderson","up_cheby","low_cheby","up_emp_bern","low_emp_bern","up_hoeffding","low_hoeffding","up_PI_emp_bern","low_PI_emp_bern","up_PI_hedged","low_PI_hedged"
"1",126,0.63582045967216,0.465586310362207,0.635816019865858,0.46559437933845,0.66060710656783,0.46559437933845,0.603483036760564,0.499836679151704,0.629022274283055,0.470291798494764,0.695386957588209,0.365497384635125,0.671486667431915,0.431833048480352,0.629064409160233,0.474255306752035,0.64234646380883,0.463833521454012,0.62,0.48
