"","simul_idx","up_dw","low_dw","up_dw_x1_to_xn","low_dw_x1_to_xn","up_dw_x1_to_xn_tails","low_dw_x1_to_xn_tails","up_t_test","low_t_test","up_anderson","low_anderson","up_cheby","low_cheby","up_emp_bern","low_emp_bern","up_hoeffding","low_hoeffding","up_PI_emp_bern","low_PI_emp_bern","up_PI_hedged","low_PI_hedged"
"1",183,0.653640931272864,0.112966336123127,0.653466346643253,0.113053454127958,0.850567664840289,0.113053454127958,0.538894705821632,0.162176509759007,0.623985820699741,0.0275796109024727,0.786888137106442,-0.319507326719349,1.09943920936522,-0.398367993784582,0.624202023045919,0.0768691925347211,0.754215356934102,-0.0215876424411404,0.61,0.13
