"","simul_idx","up_dw","low_dw","up_dw_x1_to_xn","low_dw_x1_to_xn","up_dw_x1_to_xn_tails","low_dw_x1_to_xn_tails","up_t_test","low_t_test","up_anderson","low_anderson","up_cheby","low_cheby","up_emp_bern","low_emp_bern","up_hoeffding","low_hoeffding","up_PI_emp_bern","low_PI_emp_bern","up_PI_hedged","low_PI_hedged"
"1",160,0.604738904095712,0.33831105658199,0.604735686595736,0.338315592542587,0.659329784753789,0.338315592542587,0.553022928558246,0.38719870143188,0.592418438837631,0.337820311856674,0.696899501760171,0.157847434594488,0.692688487335023,0.247533142655103,0.592498156529104,0.347723473461022,0.625710514765596,0.30984548180782,0.59,0.36
