"","simul_idx","up_dw","low_dw","up_dw_x1_to_xn","low_dw_x1_to_xn","up_dw_x1_to_xn_tails","low_dw_x1_to_xn_tails","up_t_test","low_t_test","up_anderson","low_anderson","up_cheby","low_cheby","up_emp_bern","low_emp_bern","up_hoeffding","low_hoeffding","up_PI_emp_bern","low_PI_emp_bern","up_PI_hedged","low_PI_hedged"
"1",364,0.653653695761501,0.11294291317847,0.653455951077558,0.112961627045107,0.850453090038554,0.112961627045107,0.538920898537868,0.162152287951575,0.623956362291606,0.0275291735048276,0.786888655312163,-0.319506530985867,1.09947979157041,-0.398406605080964,0.62420300850032,0.0768701779891227,0.725967267562282,-0.0419080079417741,0.62,0.14
