"","simul_idx","up_dw","low_dw","up_dw_x1_to_xn","low_dw_x1_to_xn","up_dw_x1_to_xn_tails","low_dw_x1_to_xn_tails","up_t_test","low_t_test","up_anderson","low_anderson","up_cheby","low_cheby","up_emp_bern","low_emp_bern","up_hoeffding","low_hoeffding","up_PI_emp_bern","low_PI_emp_bern","up_PI_hedged","low_PI_hedged"
"1",38,0.703652122946699,0.332883861676164,0.703630625619211,0.332932179577927,0.800004573134223,0.332932179577927,0.639311825392621,0.40100758083482,0.693065316301741,0.327232292462121,0.792754659176409,0.0741781793464583,0.888860612459527,0.151458793767914,0.693241541373949,0.347077864853492,0.743811999611767,0.305977915640029,0.68,0.35
