"","simul_idx","up_dw","low_dw","up_dw_x1_to_xn","low_dw_x1_to_xn","up_dw_x1_to_xn_tails","low_dw_x1_to_xn_tails","up_t_test","low_t_test","up_anderson","low_anderson","up_cheby","low_cheby","up_emp_bern","low_emp_bern","up_hoeffding","low_hoeffding","up_PI_emp_bern","low_PI_emp_bern","up_PI_hedged","low_PI_hedged"
"1",370,0.773038474419419,0.408518393539359,0.772988238634045,0.408545310706605,0.869330289434202,0.408545310706605,0.716610479874311,0.483009079735034,0.77266711758457,0.406922933220467,0.841452907170165,0.158230059170956,0.964701117868619,0.234918441740726,0.772891618064901,0.426727941544444,0.817477031970084,0.39003651849984,0.76,0.43
