"","simul_idx","up_dw","low_dw","up_dw_x1_to_xn","low_dw_x1_to_xn","up_dw_x1_to_xn_tails","low_dw_x1_to_xn_tails","up_t_test","low_t_test","up_anderson","low_anderson","up_cheby","low_cheby","up_emp_bern","low_emp_bern","up_hoeffding","low_hoeffding","up_PI_emp_bern","low_PI_emp_bern","up_PI_hedged","low_PI_hedged"
"1",322,0.609054703155238,0.438138836410585,0.609051923930438,0.438139974479682,0.633832842897011,0.438139974479682,0.57613639099794,0.471978735608153,0.601430377470415,0.4426804116763,0.67214201394977,0.335660992402243,0.644304963881094,0.403810162724999,0.601462114507145,0.446653012098948,0.619436252810432,0.439995254419887,0.6,0.46
