"","simul_idx","up_dw","low_dw","up_dw_x1_to_xn","low_dw_x1_to_xn","up_dw_x1_to_xn_tails","low_dw_x1_to_xn_tails","up_t_test","low_t_test","up_anderson","low_anderson","up_cheby","low_cheby","up_emp_bern","low_emp_bern","up_hoeffding","low_hoeffding","up_PI_emp_bern","low_PI_emp_bern","up_PI_hedged","low_PI_hedged"
"1",19,0.604679923445599,0.338190593124919,0.604665178908491,0.338195677863035,0.659260087380034,0.338195677863035,0.552968564741995,0.387062314196976,0.592349042358315,0.337729023306943,0.69682654335808,0.157746982950075,0.692660202102474,0.247370676836497,0.592402781003527,0.347628097935445,0.630491878459948,0.314806284883805,0.59,0.36
