"","simul_idx","up_dw","low_dw","up_dw_x1_to_xn","low_dw_x1_to_xn","up_dw_x1_to_xn_tails","low_dw_x1_to_xn_tails","up_t_test","low_t_test","up_anderson","low_anderson","up_cheby","low_cheby","up_emp_bern","low_emp_bern","up_hoeffding","low_hoeffding","up_PI_emp_bern","low_PI_emp_bern","up_PI_hedged","low_PI_hedged"
"1",150,0.854173618198639,0.301338473220761,0.854126097506316,0.301389469493235,1.05117240244566,0.301389469493235,0.793493233473034,0.406267281065472,0.873128399790755,0.276486576296042,0.903274183657276,-0.103433840631605,1.35703689743321,-0.157276382894707,0.873546672524852,0.326213842013654,1.0015053601322,0.217755102309858,0.82,0.33
