"","simul_idx","up_dw","low_dw","up_dw_x1_to_xn","low_dw_x1_to_xn","up_dw_x1_to_xn_tails","low_dw_x1_to_xn_tails","up_t_test","low_t_test","up_anderson","low_anderson","up_cheby","low_cheby","up_emp_bern","low_emp_bern","up_hoeffding","low_hoeffding","up_PI_emp_bern","low_PI_emp_bern","up_PI_hedged","low_PI_hedged"
"1",146,0.565990858931026,0.395039371824232,0.565987560310725,0.395041446191996,0.590769859192057,0.395041446191996,0.532208455379668,0.428058526439928,0.557510741251633,0.398760898308894,0.634687303735823,0.288646332629173,0.600374535747095,0.359892446072501,0.557538042113897,0.402728939705699,0.571376831339645,0.392079288836109,0.55,0.41
