"","simul_idx","up_dw","low_dw","up_dw_x1_to_xn","low_dw_x1_to_xn","up_dw_x1_to_xn_tails","low_dw_x1_to_xn_tails","up_t_test","low_t_test","up_anderson","low_anderson","up_cheby","low_cheby","up_emp_bern","low_emp_bern","up_hoeffding","low_hoeffding","up_PI_emp_bern","low_PI_emp_bern","up_PI_hedged","low_PI_hedged"
"1",382,0.530328748382283,0.360177996703308,0.53032731076342,0.360179087830038,0.555108197125464,0.360179087830038,0.496016989300855,0.392435286550749,0.521603257948806,0.362850605624249,0.60367260384652,0.250608430626177,0.563999762624875,0.32445251322673,0.521630689129901,0.366821586721703,0.539237557092545,0.360392914883933,0.52,0.38
