"","simul_idx","up_dw","low_dw","up_dw_x1_to_xn","low_dw_x1_to_xn","up_dw_x1_to_xn_tails","low_dw_x1_to_xn_tails","up_t_test","low_t_test","up_anderson","low_anderson","up_cheby","low_cheby","up_emp_bern","low_emp_bern","up_hoeffding","low_hoeffding","up_PI_emp_bern","low_PI_emp_bern","up_PI_hedged","low_PI_hedged"
"1",472,0.671172037221296,0.405002097448706,0.671165257581758,0.405019587941988,0.725778484133791,0.405019587941988,0.622799468454561,0.457128086477799,0.662266482559631,0.407647686865946,0.749358559829577,0.232393762836205,0.76241643153644,0.31751112339592,0.662351119000221,0.417576435932139,0.699769023529523,0.384708392076127,0.65,0.42
