"","simul_idx","up_dw","low_dw","up_dw_x1_to_xn","low_dw_x1_to_xn","up_dw_x1_to_xn_tails","low_dw_x1_to_xn_tails","up_t_test","low_t_test","up_anderson","low_anderson","up_cheby","low_cheby","up_emp_bern","low_emp_bern","up_hoeffding","low_hoeffding","up_PI_emp_bern","low_PI_emp_bern","up_PI_hedged","low_PI_hedged"
"1",201,0.818527482741319,0.258795575209322,0.818498787233543,0.258864128276509,1.01557183110285,0.258864128276509,0.746249064081538,0.353387951351399,0.823159289959515,0.226636876349653,0.882448248439214,-0.149356904817256,1.31140113512938,-0.21176411969644,0.823484922972067,0.27615209246087,0.92891902361099,0.143935232735705,0.79,0.29
