"","simul_idx","up_dw","low_dw","up_dw_x1_to_xn","low_dw_x1_to_xn","up_dw_x1_to_xn_tails","low_dw_x1_to_xn_tails","up_t_test","low_t_test","up_anderson","low_anderson","up_cheby","low_cheby","up_emp_bern","low_emp_bern","up_hoeffding","low_hoeffding","up_PI_emp_bern","low_PI_emp_bern","up_PI_hedged","low_PI_hedged"
"1",320,0.614367117245477,0.347638499197537,0.614350737711621,0.347643205142259,0.668945086864705,0.347643205142259,0.563106707713502,0.396999377552357,0.602376542949292,0.34775033535128,0.704485652788964,0.16833806108909,0.702862276469258,0.257243808796602,0.602440384166971,0.357665701098889,0.636049612387417,0.319299766150281,0.6,0.37
