"","simul_idx","up_dw","low_dw","up_dw_x1_to_xn","low_dw_x1_to_xn","up_dw_x1_to_xn_tails","low_dw_x1_to_xn_tails","up_t_test","low_t_test","up_anderson","low_anderson","up_cheby","low_cheby","up_emp_bern","low_emp_bern","up_hoeffding","low_hoeffding","up_PI_emp_bern","low_PI_emp_bern","up_PI_hedged","low_PI_hedged"
"1",12,0.569743920539868,0.398794655386086,0.569740194504868,0.398797329087159,0.594523352494942,0.398797329087159,0.536025857724303,0.43189210051077,0.561330997429656,0.402600705117371,0.63797104887755,0.292719295579251,0.60418672117042,0.363731237064653,0.561363530321636,0.406554427913438,0.571921628158123,0.392414182765604,0.56,0.41
