"","simul_idx","up_dw","low_dw","up_dw_x1_to_xn","low_dw_x1_to_xn","up_dw_x1_to_xn_tails","low_dw_x1_to_xn_tails","up_t_test","low_t_test","up_anderson","low_anderson","up_cheby","low_cheby","up_emp_bern","low_emp_bern","up_hoeffding","low_hoeffding","up_PI_emp_bern","low_PI_emp_bern","up_PI_hedged","low_PI_hedged"
"1",294,0.721241177070018,0.351081412129796,0.721225039047022,0.351104565819392,0.817561480573658,0.351104565819392,0.65883022391823,0.420899567993052,0.712849546590322,0.346932924567247,0.805115410135253,0.094659416457482,0.908263177274787,0.171466614636495,0.71294673421587,0.366783057695413,0.762473242992863,0.326347869783046,0.7,0.37
