"","simul_idx","up_dw","low_dw","up_dw_x1_to_xn","low_dw_x1_to_xn","up_dw_x1_to_xn_tails","low_dw_x1_to_xn_tails","up_t_test","low_t_test","up_anderson","low_anderson","up_cheby","low_cheby","up_emp_bern","low_emp_bern","up_hoeffding","low_hoeffding","up_PI_emp_bern","low_PI_emp_bern","up_PI_hedged","low_PI_hedged"
"1",292,0.780098549674525,0.218238522314584,0.779910082103361,0.218341189251043,0.977035081262702,0.218341189251043,0.696286726140678,0.301596788495943,0.772315573099988,0.175916222332535,0.859896928863717,-0.194641252439303,1.2619607867658,-0.264077272129183,0.772608172573909,0.225275342062712,0.905276487517103,0.11697434093911,0.75,0.25
