"","simul_idx","up_dw","low_dw","up_dw_x1_to_xn","low_dw_x1_to_xn","up_dw_x1_to_xn_tails","low_dw_x1_to_xn_tails","up_t_test","low_t_test","up_anderson","low_anderson","up_cheby","low_cheby","up_emp_bern","low_emp_bern","up_hoeffding","low_hoeffding","up_PI_emp_bern","low_PI_emp_bern","up_PI_hedged","low_PI_hedged"
"1",299,0.520977575301443,0.399964226741721,0.520975950600452,0.399965410242037,0.534254899077691,0.399965410242037,0.496724081110336,0.423480799337727,0.514816302439793,0.403395834853638,0.57573380183691,0.326427845661191,0.537714005953386,0.382490874494677,0.514835723275151,0.405369157172912,0.517961150490102,0.398260239293683,0.51,0.41
