"","simul_idx","up_dw","low_dw","up_dw_x1_to_xn","low_dw_x1_to_xn","up_dw_x1_to_xn_tails","low_dw_x1_to_xn_tails","up_t_test","low_t_test","up_anderson","low_anderson","up_cheby","low_cheby","up_emp_bern","low_emp_bern","up_hoeffding","low_hoeffding","up_PI_emp_bern","low_PI_emp_bern","up_PI_hedged","low_PI_hedged"
"1",217,0.72099801257223,0.35086431522468,0.720961497253069,0.350880613481995,0.817287721103836,0.350880613481995,0.658582819320882,0.420647452093275,0.712582395076546,0.346689973997673,0.804959979679649,0.0943985798321486,0.908017233448976,0.171213037965181,0.712696973967307,0.36653329744685,0.753175017328514,0.315400615702671,0.7,0.38
