"","simul_idx","up_dw","low_dw","up_dw_x1_to_xn","low_dw_x1_to_xn","up_dw_x1_to_xn_tails","low_dw_x1_to_xn_tails","up_t_test","low_t_test","up_anderson","low_anderson","up_cheby","low_cheby","up_emp_bern","low_emp_bern","up_hoeffding","low_hoeffding","up_PI_emp_bern","low_PI_emp_bern","up_PI_hedged","low_PI_hedged"
"1",215,0.653457699688601,0.112860415698624,0.653338263642029,0.112932233427681,0.850416279578653,0.112932233427681,0.538721474400144,0.161982873871156,0.623697986516948,0.027452275431196,0.786791670276548,-0.31965543809568,1.0992718018576,-0.398567453586295,0.624018589391249,0.0766857588800517,0.728743797548114,-0.0451120131348151,0.62,0.14
