"","simul_idx","up_dw","low_dw","up_dw_x1_to_xn","low_dw_x1_to_xn","up_dw_x1_to_xn_tails","low_dw_x1_to_xn_tails","up_t_test","low_t_test","up_anderson","low_anderson","up_cheby","low_cheby","up_emp_bern","low_emp_bern","up_hoeffding","low_hoeffding","up_PI_emp_bern","low_PI_emp_bern","up_PI_hedged","low_PI_hedged"
"1",81,0.654028460177365,0.113178674514705,0.653930973375008,0.113256285368523,0.851017812218081,0.113256285368523,0.539514110538836,0.162319110575432,0.624234848989698,0.027582565085538,0.787088457481671,-0.319199643405492,1.10019470511259,-0.398361483998322,0.624583025812733,0.0772501953015354,0.75375206392788,-0.0202920894245927,0.62,0.13
