"","simul_idx","up_dw","low_dw","up_dw_x1_to_xn","low_dw_x1_to_xn","up_dw_x1_to_xn_tails","low_dw_x1_to_xn_tails","up_t_test","low_t_test","up_anderson","low_anderson","up_cheby","low_cheby","up_emp_bern","low_emp_bern","up_hoeffding","low_hoeffding","up_PI_emp_bern","low_PI_emp_bern","up_PI_hedged","low_PI_hedged"
"1",330,0.554842285988768,0.433499685166461,0.554841652342403,0.433501450927294,0.568121488144336,0.433501450927294,0.530851343375346,0.457375414142663,0.548825830526105,0.43740239824562,0.60654979189562,0.362299970376938,0.571916677226201,0.416310080291808,0.548846661810124,0.439380095707885,0.556386678845511,0.436675034349409,0.54,0.44
