"","simul_idx","up_dw","low_dw","up_dw_x1_to_xn","low_dw_x1_to_xn","up_dw_x1_to_xn_tails","low_dw_x1_to_xn_tails","up_t_test","low_t_test","up_anderson","low_anderson","up_cheby","low_cheby","up_emp_bern","low_emp_bern","up_hoeffding","low_hoeffding","up_PI_emp_bern","low_PI_emp_bern","up_PI_hedged","low_PI_hedged"
"1",214,0.611031136714735,0.244134026875107,0.610966536966565,0.244156656519404,0.707302197430129,0.244156656519404,0.538005204849647,0.302606154476971,0.593258292754389,0.227486220803329,0.727257373708622,-0.0267479076031071,0.786653216592142,0.0539581427344764,0.593387517923537,0.24722384140308,0.631770840882954,0.200522286893887,0.59,0.27
