"","simul_idx","up_dw","low_dw","up_dw_x1_to_xn","low_dw_x1_to_xn","up_dw_x1_to_xn_tails","low_dw_x1_to_xn_tails","up_t_test","low_t_test","up_anderson","low_anderson","up_cheby","low_cheby","up_emp_bern","low_emp_bern","up_hoeffding","low_hoeffding","up_PI_emp_bern","low_PI_emp_bern","up_PI_hedged","low_PI_hedged"
"1",108,0.582306941409541,0.461045534943354,0.582305013959545,0.461046141192293,0.595583166887785,0.461046141192293,0.558590821074179,0.485178458309078,0.576600891903343,0.465170199906569,0.631535283607544,0.391767931474081,0.599635550856336,0.444133728526921,0.576617922742748,0.467151356640509,0.579848758643563,0.460271300794937,0.57,0.47
