"","simul_idx","up_dw","low_dw","up_dw_x1_to_xn","low_dw_x1_to_xn","up_dw_x1_to_xn_tails","low_dw_x1_to_xn_tails","up_t_test","low_t_test","up_anderson","low_anderson","up_cheby","low_cheby","up_emp_bern","low_emp_bern","up_hoeffding","low_hoeffding","up_PI_emp_bern","low_PI_emp_bern","up_PI_hedged","low_PI_hedged"
"1",135,0.552756946499743,0.431411443302355,0.552755310012396,0.431411749103684,0.566033026881824,0.431411749103684,0.528743707795633,0.455269560463002,0.546721325088284,0.435291033134429,0.604647753943614,0.360071136506027,0.569808464071668,0.414204804186967,0.546739917180437,0.437273351078198,0.550055538984972,0.430591429098075,0.54,0.44
