"","simul_idx","up_dw","low_dw","up_dw_x1_to_xn","low_dw_x1_to_xn","up_dw_x1_to_xn_tails","low_dw_x1_to_xn_tails","up_t_test","low_t_test","up_anderson","low_anderson","up_cheby","low_cheby","up_emp_bern","low_emp_bern","up_hoeffding","low_hoeffding","up_PI_emp_bern","low_PI_emp_bern","up_PI_hedged","low_PI_hedged"
"1",57,0.671176730652844,0.404972137322615,0.671172835201439,0.404979507394658,0.725771118149607,0.404979507394658,0.622804103112114,0.457096513793554,0.662274902853765,0.407629580782078,0.749348640559692,0.232379192990915,0.762432577981835,0.317468038923833,0.662337649986875,0.417562966918793,0.699409455744749,0.385058427043571,0.66,0.42
