"","simul_idx","up_dw","low_dw","up_dw_x1_to_xn","low_dw_x1_to_xn","up_dw_x1_to_xn_tails","low_dw_x1_to_xn_tails","up_t_test","low_t_test","up_anderson","low_anderson","up_cheby","low_cheby","up_emp_bern","low_emp_bern","up_hoeffding","low_hoeffding","up_PI_emp_bern","low_PI_emp_bern","up_PI_hedged","low_PI_hedged"
"1",56,0.605260488719443,0.0822471038668841,0.605075327585114,0.0823115891828425,0.802142176285148,0.0823115891828425,0.481426789998508,0.119298030188075,0.573843310889615,0.000977879565660596,0.759960270702696,-0.359477057244975,1.03780712582907,-0.437082305642489,0.57402882534889,0.0266959948376925,0.698252825141506,-0.0634773042243261,0.56,0.09
