"","simul_idx","up_dw","low_dw","up_dw_x1_to_xn","low_dw_x1_to_xn","up_dw_x1_to_xn_tails","low_dw_x1_to_xn_tails","up_t_test","low_t_test","up_anderson","low_anderson","up_cheby","low_cheby","up_emp_bern","low_emp_bern","up_hoeffding","low_hoeffding","up_PI_emp_bern","low_PI_emp_bern","up_PI_hedged","low_PI_hedged"
"1",56,0.562007075436635,0.391124490926269,0.56200626766021,0.391125857402656,0.586787516942921,0.391125857402656,0.528155827174881,0.424062001447068,0.553477852263535,0.394739244807056,0.63122832637551,0.284365739607134,0.596303808915227,0.355914019706722,0.553513465515074,0.398704363106876,0.563312204366954,0.385060667345576,0.55,0.41
