"","simul_idx","up_dw","low_dw","up_dw_x1_to_xn","low_dw_x1_to_xn","up_dw_x1_to_xn_tails","low_dw_x1_to_xn_tails","up_t_test","low_t_test","up_anderson","low_anderson","up_cheby","low_cheby","up_emp_bern","low_emp_bern","up_hoeffding","low_hoeffding","up_PI_emp_bern","low_PI_emp_bern","up_PI_hedged","low_PI_hedged"
"1",17,0.514339829873285,0.344815917279994,0.514334252657686,0.344819336285951,0.539118499791527,0.344819336285951,0.479852013361129,0.376711133803489,0.505657047301334,0.346916161251547,0.589792534914275,0.233825875820934,0.547692579237567,0.30887056792705,0.505686124786408,0.35087702237821,0.514521328559999,0.335479656538793,0.5,0.36
