"","simul_idx","up_dw","low_dw","up_dw_x1_to_xn","low_dw_x1_to_xn","up_dw_x1_to_xn_tails","low_dw_x1_to_xn_tails","up_t_test","low_t_test","up_anderson","low_anderson","up_cheby","low_cheby","up_emp_bern","low_emp_bern","up_hoeffding","low_hoeffding","up_PI_emp_bern","low_PI_emp_bern","up_PI_hedged","low_PI_hedged"
"1",241,0.568483625555758,0.447149135599429,0.568481695246161,0.447149901880929,0.581760080439881,0.447149901880929,0.544617343059836,0.471168606694004,0.562610612552734,0.451182116036524,0.61896763992083,0.376900938269209,0.585673862771445,0.430112086982395,0.56262625792804,0.4531596918258,0.565508506933193,0.446070444787886,0.56,0.46
