"","simul_idx","up_dw","low_dw","up_dw_x1_to_xn","low_dw_x1_to_xn","up_dw_x1_to_xn_tails","low_dw_x1_to_xn_tails","up_t_test","low_t_test","up_anderson","low_anderson","up_cheby","low_cheby","up_emp_bern","low_emp_bern","up_hoeffding","low_hoeffding","up_PI_emp_bern","low_PI_emp_bern","up_PI_hedged","low_PI_hedged"
"1",359,0.5587170874624,0.437356984676117,0.55871551716621,0.437357294355625,0.571993239664286,0.437357294355625,0.534763522114793,0.461271742724492,0.552731787067299,0.44130528455549,0.61007224869028,0.366432912916863,0.575833993544452,0.420201271294834,0.552750915470762,0.443284349368523,0.555504880330694,0.435985743692839,0.55,0.45
