"","simul_idx","up_dw","low_dw","up_dw_x1_to_xn","low_dw_x1_to_xn","up_dw_x1_to_xn_tails","low_dw_x1_to_xn_tails","up_t_test","low_t_test","up_anderson","low_anderson","up_cheby","low_cheby","up_emp_bern","low_emp_bern","up_hoeffding","low_hoeffding","up_PI_emp_bern","low_PI_emp_bern","up_PI_hedged","low_PI_hedged"
"1",390,0.589376582451342,0.418325138230421,0.589374973471745,0.418327913289871,0.61415827958086,0.418327913289871,0.556038691958413,0.451816655144189,0.581298328916376,0.422561430155592,0.655045551451175,0.314046128455174,0.6242280339803,0.383627313122302,0.5813322247554,0.426523122347202,0.599153599899797,0.419210877468697,0.58,0.43
