"","simul_idx","up_dw","low_dw","up_dw_x1_to_xn","low_dw_x1_to_xn","up_dw_x1_to_xn_tails","low_dw_x1_to_xn_tails","up_t_test","low_t_test","up_anderson","low_anderson","up_cheby","low_cheby","up_emp_bern","low_emp_bern","up_hoeffding","low_hoeffding","up_PI_emp_bern","low_PI_emp_bern","up_PI_hedged","low_PI_hedged"
"1",45,0.72122633024736,0.351132858045989,0.721185736125772,0.351150333396694,0.817513714374836,0.351150333396694,0.658789242893421,0.420983423831731,0.712857276541345,0.346966539759743,0.805128749532016,0.0946818060722774,0.90818348972675,0.171589176998402,0.712968171622805,0.366804495102348,0.752386995959504,0.316698445633229,0.7,0.37
