"","simul_idx","up_dw","low_dw","up_dw_x1_to_xn","low_dw_x1_to_xn","up_dw_x1_to_xn_tails","low_dw_x1_to_xn_tails","up_t_test","low_t_test","up_anderson","low_anderson","up_cheby","low_cheby","up_emp_bern","low_emp_bern","up_hoeffding","low_hoeffding","up_PI_emp_bern","low_PI_emp_bern","up_PI_hedged","low_PI_hedged"
"1",187,0.60879663549563,0.437925926624689,0.608793010535385,0.437928065573947,0.633575387071293,0.437928065573947,0.575851384882071,0.471782621107067,0.601187966446788,0.442450878130171,0.671938409181133,0.335401981193038,0.643991281756645,0.403642724232493,0.601221554198668,0.44641245179047,0.61463638978653,0.435906173834337,0.59,0.45
