"","simul_idx","up_dw","low_dw","up_dw_x1_to_xn","low_dw_x1_to_xn","up_dw_x1_to_xn_tails","low_dw_x1_to_xn_tails","up_t_test","low_t_test","up_anderson","low_anderson","up_cheby","low_cheby","up_emp_bern","low_emp_bern","up_hoeffding","low_hoeffding","up_PI_emp_bern","low_PI_emp_bern","up_PI_hedged","low_PI_hedged"
"1",420,0.581776539297866,0.410745966693943,0.581775363130463,0.410751016694148,0.606562029667016,0.410751016694148,0.54828004630079,0.444093247752631,0.573552014132337,0.41481778443483,0.648439829296498,0.305765261139483,0.616458020627056,0.375915273426364,0.573591198230809,0.418782095822611,0.58329346963258,0.403862871902788,0.57,0.42
