"","simul_idx","up_dw","low_dw","up_dw_x1_to_xn","low_dw_x1_to_xn","up_dw_x1_to_xn_tails","low_dw_x1_to_xn_tails","up_t_test","low_t_test","up_anderson","low_anderson","up_cheby","low_cheby","up_emp_bern","low_emp_bern","up_hoeffding","low_hoeffding","up_PI_emp_bern","low_PI_emp_bern","up_PI_hedged","low_PI_hedged"
"1",334,0.649008660920242,0.278906641699959,0.648976154454934,0.278924426143461,0.745304593391215,0.278924426143461,0.579145229067674,0.341383947201393,0.633226115964092,0.26732412269561,0.754018342084872,0.0130893048060168,0.828525666838998,0.0920035094300691,0.633346426394762,0.287182749874305,0.6741289411081,0.2373148319553,0.63,0.3
