"","simul_idx","up_dw","low_dw","up_dw_x1_to_xn","low_dw_x1_to_xn","up_dw_x1_to_xn_tails","low_dw_x1_to_xn_tails","up_t_test","low_t_test","up_anderson","low_anderson","up_cheby","low_cheby","up_emp_bern","low_emp_bern","up_hoeffding","low_hoeffding","up_PI_emp_bern","low_PI_emp_bern","up_PI_hedged","low_PI_hedged"
"1",191,0.633441979417668,0.366518919886704,0.633435564775437,0.366529094188174,0.688037988390551,0.366529094188174,0.58308667330821,0.416870884355653,0.622298327004506,0.367670110694857,0.719572738976863,0.189479586172104,0.722876725528768,0.277080832135095,0.622366120365972,0.377591437297891,0.655942638516778,0.339048365791816,0.62,0.39
