"","simul_idx","up_dw","low_dw","up_dw_x1_to_xn","low_dw_x1_to_xn","up_dw_x1_to_xn_tails","low_dw_x1_to_xn_tails","up_t_test","low_t_test","up_anderson","low_anderson","up_cheby","low_cheby","up_emp_bern","low_emp_bern","up_hoeffding","low_hoeffding","up_PI_emp_bern","low_PI_emp_bern","up_PI_hedged","low_PI_hedged"
"1",61,0.585366688576924,0.414323775654079,0.585361934029618,0.414324844430627,0.61014274960957,0.414324844430627,0.551948217716674,0.447735493646348,0.577219132429507,0.418482110869704,0.651561089374885,0.309673248474175,0.620134555492046,0.379549155870977,0.57724640688561,0.422437304477412,0.586017209825511,0.405861903979162,0.57,0.43
