"","simul_idx","up_dw","low_dw","up_dw_x1_to_xn","low_dw_x1_to_xn","up_dw_x1_to_xn_tails","low_dw_x1_to_xn_tails","up_t_test","low_t_test","up_anderson","low_anderson","up_cheby","low_cheby","up_emp_bern","low_emp_bern","up_hoeffding","low_hoeffding","up_PI_emp_bern","low_PI_emp_bern","up_PI_hedged","low_PI_hedged"
"1",300,0.572208612571108,0.210434302018658,0.572156598193739,0.210453624797212,0.668487329940787,0.210453624797212,0.496356056180759,0.264885311929116,0.553559957640982,0.187773570154955,0.69999657421709,-0.065628767458861,0.743786069746511,0.0174552983633645,0.553702522315166,0.207538845794709,0.599893994958787,0.173550956165981,0.55,0.23
