"","simul_idx","up_dw","low_dw","up_dw_x1_to_xn","low_dw_x1_to_xn","up_dw_x1_to_xn_tails","low_dw_x1_to_xn_tails","up_t_test","low_t_test","up_anderson","low_anderson","up_cheby","low_cheby","up_emp_bern","low_emp_bern","up_hoeffding","low_hoeffding","up_PI_emp_bern","low_PI_emp_bern","up_PI_hedged","low_PI_hedged"
"1",142,0.740810291590993,0.180974645092072,0.74067985676096,0.181015695983778,0.937711014924133,0.181015695983778,0.646184380838734,0.25304545569988,0.723096661516003,0.126504876699564,0.836781747418612,-0.237295189726203,1.21141574607195,-0.312185909533331,0.723281333524906,0.175948503013708,0.858590621125605,0.0674307195569354,0.7,0.2
