"","simul_idx","up_dw","low_dw","up_dw_x1_to_xn","low_dw_x1_to_xn","up_dw_x1_to_xn_tails","low_dw_x1_to_xn_tails","up_t_test","low_t_test","up_anderson","low_anderson","up_cheby","low_cheby","up_emp_bern","low_emp_bern","up_hoeffding","low_hoeffding","up_PI_emp_bern","low_PI_emp_bern","up_PI_hedged","low_PI_hedged"
"1",333,0.575677608107972,0.310460918791911,0.575665023993059,0.310467197778583,0.630261695867224,0.310467197778583,0.522813525068044,0.357794941502798,0.562612477841658,0.308025063049016,0.673931389672328,0.12662176175571,0.662222936961558,0.218385529609284,0.562691574819462,0.31791689175138,0.594641963153792,0.28159242510664,0.56,0.33
