"","simul_idx","up_dw","low_dw","up_dw_x1_to_xn","low_dw_x1_to_xn","up_dw_x1_to_xn_tails","low_dw_x1_to_xn_tails","up_t_test","low_t_test","up_anderson","low_anderson","up_cheby","low_cheby","up_emp_bern","low_emp_bern","up_hoeffding","low_hoeffding","up_PI_emp_bern","low_PI_emp_bern","up_PI_hedged","low_PI_hedged"
"1",358,0.595140546877299,0.328994952112836,0.595128595126115,0.329009179611149,0.649737003607529,0.329009179611149,0.543049779592457,0.37734967424448,0.582492947760495,0.327898945573092,0.689299355557935,0.147427420657462,0.682675875003282,0.237723578833654,0.582587068452509,0.337812385384427,0.61590593119573,0.299924552134326,0.58,0.35
