"","simul_idx","up_dw","low_dw","up_dw_x1_to_xn","low_dw_x1_to_xn","up_dw_x1_to_xn_tails","low_dw_x1_to_xn_tails","up_t_test","low_t_test","up_anderson","low_anderson","up_cheby","low_cheby","up_emp_bern","low_emp_bern","up_hoeffding","low_hoeffding","up_PI_emp_bern","low_PI_emp_bern","up_PI_hedged","low_PI_hedged"
"1",170,0.818369453720459,0.258833473998019,0.818293585472115,0.259044091977547,1.01558299364959,0.259044091977547,0.746192984087256,0.353283754048795,0.822891984255932,0.226552467747391,0.882413800283638,-0.149429308192938,1.31135878894484,-0.211882050808789,0.823404784323624,0.276071953812426,0.955969424043972,0.165277032338002,0.79,0.29
