"","simul_idx","up_dw","low_dw","up_dw_x1_to_xn","low_dw_x1_to_xn","up_dw_x1_to_xn_tails","low_dw_x1_to_xn_tails","up_t_test","low_t_test","up_anderson","low_anderson","up_cheby","low_cheby","up_emp_bern","low_emp_bern","up_hoeffding","low_hoeffding","up_PI_emp_bern","low_PI_emp_bern","up_PI_hedged","low_PI_hedged"
"1",433,0.886764987600482,0.346336157382764,0.886624731194329,0.346507792306476,1.08385476832963,0.346507792306476,0.837475125578818,0.461085655886309,0.922465936473137,0.326134754143658,0.922396458636577,-0.0566892709931598,1.39792580289683,-0.0993650214317023,0.922946805988162,0.375613975476965,1.04198425760556,0.273592486282404,0.86,0.38
