"","simul_idx","up_dw","low_dw","up_dw_x1_to_xn","low_dw_x1_to_xn","up_dw_x1_to_xn_tails","low_dw_x1_to_xn_tails","up_t_test","low_t_test","up_anderson","low_anderson","up_cheby","low_cheby","up_emp_bern","low_emp_bern","up_hoeffding","low_hoeffding","up_PI_emp_bern","low_PI_emp_bern","up_PI_hedged","low_PI_hedged"
"1",214,0.555938394984025,0.291974347472952,0.555933675687438,0.291983254914419,0.610534228683375,0.291983254914419,0.502360093054392,0.338275051277419,0.542647101322441,0.288018714984233,0.658346858890964,0.105866908683409,0.641472694011902,0.199162450319909,0.542704913699946,0.297930230631864,0.579151975979118,0.267238293404869,0.54,0.31
