"","simul_idx","up_dw","low_dw","up_dw_x1_to_xn","low_dw_x1_to_xn","up_dw_x1_to_xn_tails","low_dw_x1_to_xn_tails","up_t_test","low_t_test","up_anderson","low_anderson","up_cheby","low_cheby","up_emp_bern","low_emp_bern","up_hoeffding","low_hoeffding","up_PI_emp_bern","low_PI_emp_bern","up_PI_hedged","low_PI_hedged"
"1",274,0.614450698648804,0.347691944317468,0.614439899020955,0.347699077111804,0.669037831609788,0.347699077111804,0.563168030337103,0.397081164488791,0.602454652372397,0.347807784970236,0.704540111781142,0.168413701696944,0.702917092654773,0.257332102171122,0.602511938946988,0.357737255878906,0.635809719698803,0.319683381670623,0.6,0.37
