"","simul_idx","up_dw","low_dw","up_dw_x1_to_xn","low_dw_x1_to_xn","up_dw_x1_to_xn_tails","low_dw_x1_to_xn_tails","up_t_test","low_t_test","up_anderson","low_anderson","up_cheby","low_cheby","up_emp_bern","low_emp_bern","up_hoeffding","low_hoeffding","up_PI_emp_bern","low_PI_emp_bern","up_PI_hedged","low_PI_hedged"
"1",363,0.667173447284203,0.296291138728725,0.667171769752958,0.296309587331848,0.763501198585638,0.296309587331848,0.599013004030341,0.360675635814718,0.652809502175484,0.286872258661693,0.766868114884872,0.0328724183193445,0.848572061313873,0.111116578531186,0.652926158182758,0.306762481662301,0.694300161436148,0.255934080941,0.65,0.32
