"","simul_idx","up_dw","low_dw","up_dw_x1_to_xn","low_dw_x1_to_xn","up_dw_x1_to_xn_tails","low_dw_x1_to_xn_tails","up_t_test","low_t_test","up_anderson","low_anderson","up_cheby","low_cheby","up_emp_bern","low_emp_bern","up_hoeffding","low_hoeffding","up_PI_emp_bern","low_PI_emp_bern","up_PI_hedged","low_PI_hedged"
"1",341,0.530377746694396,0.360258361911446,0.530374672109645,0.36025876630771,0.555154513874049,0.36025876630771,0.496064826008427,0.39251736566583,0.521665776442304,0.362931385290662,0.603729017698716,0.250676935834223,0.564036552896021,0.324545638778236,0.521695647041228,0.366886544633029,0.528728535605028,0.349692563606517,0.51,0.37
