"","simul_idx","up_dw","low_dw","up_dw_x1_to_xn","low_dw_x1_to_xn","up_dw_x1_to_xn_tails","low_dw_x1_to_xn_tails","up_t_test","low_t_test","up_anderson","low_anderson","up_cheby","low_cheby","up_emp_bern","low_emp_bern","up_hoeffding","low_hoeffding","up_PI_emp_bern","low_PI_emp_bern","up_PI_hedged","low_PI_hedged"
"1",362,0.580366545085274,0.459104952000297,0.580365439157754,0.459105912834616,0.593644106718412,0.459105912834616,0.556628592206032,0.483223395131623,0.574638293434677,0.463215709089982,0.629778531325579,0.389684201358397,0.597670999342478,0.442180987995177,0.574659276719947,0.465192710617708,0.576977527948357,0.457300493357691,0.57,0.47
