"","simul_idx","up_dw","low_dw","up_dw_x1_to_xn","low_dw_x1_to_xn","up_dw_x1_to_xn_tails","low_dw_x1_to_xn_tails","up_t_test","low_t_test","up_anderson","low_anderson","up_cheby","low_cheby","up_emp_bern","low_emp_bern","up_hoeffding","low_hoeffding","up_PI_emp_bern","low_PI_emp_bern","up_PI_hedged","low_PI_hedged"
"1",98,0.533002635080995,0.411820151807543,0.533001514898983,0.411820687343531,0.546279565196999,0.411820687343531,0.508827333943614,0.43547140876902,0.526859496491023,0.415435968804095,0.586675511927348,0.339107569163469,0.549853770370229,0.394444972342405,0.526882654407437,0.417416088305197,0.529627293215803,0.409926124269611,0.52,0.42
