"","simul_idx","up_dw","low_dw","up_dw_x1_to_xn","low_dw_x1_to_xn","up_dw_x1_to_xn_tails","low_dw_x1_to_xn_tails","up_t_test","low_t_test","up_anderson","low_anderson","up_cheby","low_cheby","up_emp_bern","low_emp_bern","up_hoeffding","low_hoeffding","up_PI_emp_bern","low_PI_emp_bern","up_PI_hedged","low_PI_hedged"
"1",355,0.592255959232352,0.471120850504289,0.592255656861407,0.471121940643371,0.605534512090327,0.471121940643371,0.568652566319036,0.495323976966289,0.586694985350751,0.475270965021347,0.64058404349577,0.402530214627097,0.609670142269794,0.454306401015531,0.586721554693782,0.477254988591542,0.589101336100495,0.469888308446689,0.58,0.48
