"","simul_idx","up_dw","low_dw","up_dw_x1_to_xn","low_dw_x1_to_xn","up_dw_x1_to_xn_tails","low_dw_x1_to_xn_tails","up_t_test","low_t_test","up_anderson","low_anderson","up_cheby","low_cheby","up_emp_bern","low_emp_bern","up_hoeffding","low_hoeffding","up_PI_emp_bern","low_PI_emp_bern","up_PI_hedged","low_PI_hedged"
"1",300,0.509040330115081,0.388253257664715,0.50903888648407,0.388253917100711,0.52231709375149,0.388253917100711,0.484714458209872,0.411641966781699,0.502895770985427,0.391468524928515,0.564875720630468,0.313905088184798,0.525649024054321,0.37070740093725,0.502911495546905,0.393444929444666,0.510139837347449,0.391301582355454,0.5,0.4
