"","simul_idx","up_dw","low_dw","up_dw_x1_to_xn","low_dw_x1_to_xn","up_dw_x1_to_xn_tails","low_dw_x1_to_xn_tails","up_t_test","low_t_test","up_anderson","low_anderson","up_cheby","low_cheby","up_emp_bern","low_emp_bern","up_hoeffding","low_hoeffding","up_PI_emp_bern","low_PI_emp_bern","up_PI_hedged","low_PI_hedged"
"1",400,0.667483174508683,0.296721271691546,0.667433260809122,0.296740720057238,0.763764179737462,0.296740720057238,0.599409793157408,0.361088554690696,0.653181660856877,0.287351321637882,0.767131935293057,0.0332833545803624,0.848963849301986,0.111534498546118,0.65333101218428,0.307167335663823,0.694368614872631,0.256638446583454,0.65,0.32
