"","simul_idx","up_dw","low_dw","up_dw_x1_to_xn","low_dw_x1_to_xn","up_dw_x1_to_xn_tails","low_dw_x1_to_xn_tails","up_t_test","low_t_test","up_anderson","low_anderson","up_cheby","low_cheby","up_emp_bern","low_emp_bern","up_hoeffding","low_hoeffding","up_PI_emp_bern","low_PI_emp_bern","up_PI_hedged","low_PI_hedged"
"1",382,0.661673989137874,0.395192030198095,0.66166194065168,0.395195261953988,0.716254113048147,0.395195261953988,0.612790829992413,0.446899501943226,0.652160667213418,0.39753960431925,0.74188460426862,0.221470242945597,0.752477722884019,0.30721260905162,0.65223250750186,0.407457824433779,0.690101124439804,0.374261905300612,0.64,0.41
