"","simul_idx","up_dw","low_dw","up_dw_x1_to_xn","low_dw_x1_to_xn","up_dw_x1_to_xn_tails","low_dw_x1_to_xn_tails","up_t_test","low_t_test","up_anderson","low_anderson","up_cheby","low_cheby","up_emp_bern","low_emp_bern","up_hoeffding","low_hoeffding","up_PI_emp_bern","low_PI_emp_bern","up_PI_hedged","low_PI_hedged"
"1",398,0.593491794394638,0.422467308114007,0.593490015400205,0.422470396410338,0.618273808589811,0.422470396410338,0.560236184979633,0.456039670746209,0.585508415447628,0.426769455852381,0.658631122915356,0.318557199897953,0.628417293539367,0.387858562186475,0.58554247906702,0.430733376658822,0.596032890083147,0.416889555748434,0.58,0.44
