"","simul_idx","up_dw","low_dw","up_dw_x1_to_xn","low_dw_x1_to_xn","up_dw_x1_to_xn_tails","low_dw_x1_to_xn_tails","up_t_test","low_t_test","up_anderson","low_anderson","up_cheby","low_cheby","up_emp_bern","low_emp_bern","up_hoeffding","low_hoeffding","up_PI_emp_bern","low_PI_emp_bern","up_PI_hedged","low_PI_hedged"
"1",92,0.575380909980629,0.310123326914473,0.575372774813628,0.310129547842189,0.629969360959143,0.310129547842189,0.522498956967566,0.357442883113408,0.562303533611174,0.307680310684651,0.673672679026781,0.126274448319559,0.661920288550035,0.218021551530938,0.562358261574528,0.317583578506446,0.599617962388572,0.285891856778431,0.56,0.33
