"","simul_idx","up_dw","low_dw","up_dw_x1_to_xn","low_dw_x1_to_xn","up_dw_x1_to_xn_tails","low_dw_x1_to_xn_tails","up_t_test","low_t_test","up_anderson","low_anderson","up_cheby","low_cheby","up_emp_bern","low_emp_bern","up_hoeffding","low_hoeffding","up_PI_emp_bern","low_PI_emp_bern","up_PI_hedged","low_PI_hedged"
"1",269,0.554708427477927,0.433380018455333,0.554707197267869,0.433381139812631,0.567986097805781,0.433381139812631,0.530711367453934,0.457259350283259,0.548699606824093,0.437277020981141,0.606434237525268,0.362164505354332,0.571768950586728,0.416201767150465,0.548718641919716,0.439252075817477,0.552756005454212,0.433109896937563,0.54,0.45
