"","simul_idx","up_dw","low_dw","up_dw_x1_to_xn","low_dw_x1_to_xn","up_dw_x1_to_xn_tails","low_dw_x1_to_xn_tails","up_t_test","low_t_test","up_anderson","low_anderson","up_cheby","low_cheby","up_emp_bern","low_emp_bern","up_hoeffding","low_hoeffding","up_PI_emp_bern","low_PI_emp_bern","up_PI_hedged","low_PI_hedged"
"1",336,0.689433163704013,0.424204254692827,0.689416155693655,0.424223279770785,0.744031648181557,0.424223279770785,0.642058958651781,0.477097416584148,0.681882937625894,0.427269046342858,0.76371874622154,0.253696140356578,0.781450234731227,0.337706140504703,0.681965529152006,0.437190846083924,0.718547709541643,0.404954836946494,0.67,0.44
