"","simul_idx","up_dw","low_dw","up_dw_x1_to_xn","low_dw_x1_to_xn","up_dw_x1_to_xn_tails","low_dw_x1_to_xn_tails","up_t_test","low_t_test","up_anderson","low_anderson","up_cheby","low_cheby","up_emp_bern","low_emp_bern","up_hoeffding","low_hoeffding","up_PI_emp_bern","low_PI_emp_bern","up_PI_hedged","low_PI_hedged"
"1",367,0.721343198654752,0.351183497178372,0.721318995930862,0.3512033594113,0.817650531707431,0.3512033594113,0.658970404676324,0.420990178891909,0.712934641726371,0.347022717245448,0.805187212229844,0.0947799407436837,0.908418727506724,0.17154185606151,0.713062130044345,0.366898453523888,0.763555870256924,0.325509037805286,0.7,0.37
