"","simul_idx","up_dw","low_dw","up_dw_x1_to_xn","low_dw_x1_to_xn","up_dw_x1_to_xn_tails","low_dw_x1_to_xn_tails","up_t_test","low_t_test","up_anderson","low_anderson","up_cheby","low_cheby","up_emp_bern","low_emp_bern","up_hoeffding","low_hoeffding","up_PI_emp_bern","low_PI_emp_bern","up_PI_hedged","low_PI_hedged"
"1",452,0.511461636417955,0.161645262034612,0.511425432735963,0.161701438749517,0.607811093415385,0.161701438749517,0.432220085343373,0.209625502189173,0.493874422869151,0.127977960392723,0.657771798744994,-0.122900475801206,0.676897984460795,-0.0350523969282496,0.494004632026501,0.147840955506044,0.534845652956435,0.120437904716242,0.49,0.18
