"","simul_idx","up_dw","low_dw","up_dw_x1_to_xn","low_dw_x1_to_xn","up_dw_x1_to_xn_tails","low_dw_x1_to_xn_tails","up_t_test","low_t_test","up_anderson","low_anderson","up_cheby","low_cheby","up_emp_bern","low_emp_bern","up_hoeffding","low_hoeffding","up_PI_emp_bern","low_PI_emp_bern","up_PI_hedged","low_PI_hedged"
"1",383,0.575734368887141,0.310492851360831,0.575725164948313,0.310509939265833,0.630337797046851,0.310509939265833,0.522852925674863,0.357843203881533,0.562673057171017,0.308072197942987,0.673965407714176,0.126667437337093,0.66225952005035,0.218436609506045,0.562735406312239,0.317960723244157,0.599941603403254,0.286314662869646,0.56,0.33
