"","simul_idx","up_dw","low_dw","up_dw_x1_to_xn","low_dw_x1_to_xn","up_dw_x1_to_xn_tails","low_dw_x1_to_xn_tails","up_t_test","low_t_test","up_anderson","low_anderson","up_cheby","low_cheby","up_emp_bern","low_emp_bern","up_hoeffding","low_hoeffding","up_PI_emp_bern","low_PI_emp_bern","up_PI_hedged","low_PI_hedged"
"1",76,0.667398312492097,0.296597736296096,0.667371506784587,0.296641456768417,0.763738602063015,0.296641456768417,0.599333520594034,0.360934563382031,0.653048666230517,0.287220926153571,0.767056918148398,0.03316648516499,0.848911673967073,0.111356410008992,0.653215880248261,0.307052203727804,0.694537741839866,0.256256012037883,0.65,0.32
