"","simul_idx","up_dw","low_dw","up_dw_x1_to_xn","low_dw_x1_to_xn","up_dw_x1_to_xn_tails","low_dw_x1_to_xn_tails","up_t_test","low_t_test","up_anderson","low_anderson","up_cheby","low_cheby","up_emp_bern","low_emp_bern","up_hoeffding","low_hoeffding","up_PI_emp_bern","low_PI_emp_bern","up_PI_hedged","low_PI_hedged"
"1",168,0.648671068648303,0.278709110201151,0.648638634315956,0.278741363852868,0.744988638876923,0.278741363852868,0.578755997783744,0.341177277922995,0.632933773158681,0.26711630011784,0.753821442895321,0.0127896201936283,0.828079830956793,0.0918534447499464,0.633048476113598,0.286884799593141,0.67376705568637,0.237096900857549,0.63,0.3
