"","simul_idx","up_dw","low_dw","up_dw_x1_to_xn","low_dw_x1_to_xn","up_dw_x1_to_xn_tails","low_dw_x1_to_xn_tails","up_t_test","low_t_test","up_anderson","low_anderson","up_cheby","low_cheby","up_emp_bern","low_emp_bern","up_hoeffding","low_hoeffding","up_PI_emp_bern","low_PI_emp_bern","up_PI_hedged","low_PI_hedged"
"1",60,0.652584650294609,0.385868942083483,0.652574688950047,0.385883072059369,0.70718295343187,0.385883072059369,0.603217624018028,0.437158830342913,0.642506390365497,0.387870939922148,0.73471092116102,0.211085855530744,0.742957761049109,0.297418693311832,0.642575568714511,0.397800885646429,0.681027724341486,0.364083855366805,0.63,0.4
