"","simul_idx","up_dw","low_dw","up_dw_x1_to_xn","low_dw_x1_to_xn","up_dw_x1_to_xn_tails","low_dw_x1_to_xn_tails","up_t_test","low_t_test","up_anderson","low_anderson","up_cheby","low_cheby","up_emp_bern","low_emp_bern","up_hoeffding","low_hoeffding","up_PI_emp_bern","low_PI_emp_bern","up_PI_hedged","low_PI_hedged"
"1",284,0.78080521399398,0.218873158236586,0.780578109025242,0.21893686783395,0.977643776308878,0.21893686783395,0.697227879877109,0.302385163714483,0.77323052415912,0.17675523417213,0.860291403876096,-0.193882708148368,1.26294554707897,-0.263332503487378,0.773472937051395,0.226140106540198,0.908103465936818,0.11582669585808,0.74,0.24
