"","simul_idx","up_dw","low_dw","up_dw_x1_to_xn","low_dw_x1_to_xn","up_dw_x1_to_xn_tails","low_dw_x1_to_xn_tails","up_t_test","low_t_test","up_anderson","low_anderson","up_cheby","low_cheby","up_emp_bern","low_emp_bern","up_hoeffding","low_hoeffding","up_PI_emp_bern","low_PI_emp_bern","up_PI_hedged","low_PI_hedged"
"1",293,0.630210911613835,0.261340256012776,0.63017651270036,0.261357467137631,0.726504097134129,0.261357467137631,0.55873414946508,0.321815059089058,0.613243918050636,0.247343807573443,0.740719264927166,-0.0069282577987177,0.807853460005481,0.0726957485486572,0.613356442537297,0.26719276601684,0.654210060810781,0.217651719609258,0.61,0.29
