"","simul_idx","up_dw","low_dw","up_dw_x1_to_xn","low_dw_x1_to_xn","up_dw_x1_to_xn_tails","low_dw_x1_to_xn_tails","up_t_test","low_t_test","up_anderson","low_anderson","up_cheby","low_cheby","up_emp_bern","low_emp_bern","up_hoeffding","low_hoeffding","up_PI_emp_bern","low_PI_emp_bern","up_PI_hedged","low_PI_hedged"
"1",16,0.661618266415908,0.39514073105019,0.661607824876116,0.395149116554417,0.716207607190362,0.395149116554417,0.612726727427465,0.446850198912514,0.652102440752687,0.397487368076007,0.741842597791706,0.221409153426456,0.752408914944697,0.307168011395282,0.65217580470403,0.407401121635949,0.689149264227104,0.375075468782688,0.66,0.43
