"","simul_idx","up_dw","low_dw","up_dw_x1_to_xn","low_dw_x1_to_xn","up_dw_x1_to_xn_tails","low_dw_x1_to_xn_tails","up_t_test","low_t_test","up_anderson","low_anderson","up_cheby","low_cheby","up_emp_bern","low_emp_bern","up_hoeffding","low_hoeffding","up_PI_emp_bern","low_PI_emp_bern","up_PI_hedged","low_PI_hedged"
"1",460,0.584266301543422,0.463036794345521,0.584265394201104,0.463039222148235,0.597546175722474,0.463039222148235,0.560564656588592,0.487191769301085,0.578589349634084,0.467162902395682,0.633322501027192,0.393889681217589,0.601596591016795,0.446159834872882,0.578611495995958,0.469144929893719,0.584971930328663,0.46568299049262,0.57,0.47
