"","simul_idx","up_dw","low_dw","up_dw_x1_to_xn","low_dw_x1_to_xn","up_dw_x1_to_xn_tails","low_dw_x1_to_xn_tails","up_t_test","low_t_test","up_anderson","low_anderson","up_cheby","low_cheby","up_emp_bern","low_emp_bern","up_hoeffding","low_hoeffding","up_PI_emp_bern","low_PI_emp_bern","up_PI_hedged","low_PI_hedged"
"1",209,0.654105123463693,0.11318159562442,0.654017875366638,0.113264229823386,0.851112364744804,0.113264229823386,0.539563799893709,0.16236695151364,0.62434267758001,0.0276477655453893,0.787114092217291,-0.319160257945725,1.10024492204899,-0.398314170641636,0.624631790959274,0.0772989604480761,0.754440801261715,-0.0209378671671221,0.61,0.13
