"","simul_idx","up_dw","low_dw","up_dw_x1_to_xn","low_dw_x1_to_xn","up_dw_x1_to_xn_tails","low_dw_x1_to_xn_tails","up_t_test","low_t_test","up_anderson","low_anderson","up_cheby","low_cheby","up_emp_bern","low_emp_bern","up_hoeffding","low_hoeffding","up_PI_emp_bern","low_PI_emp_bern","up_PI_hedged","low_PI_hedged"
"1",117,0.575348948320308,0.310156565075124,0.575333121892205,0.310178629685488,0.629953102490547,0.310178629685488,0.522453702432415,0.357491507129674,0.562283955382795,0.30768402358955,0.673673986788922,0.126276203722068,0.661845186201892,0.218100023360197,0.562359946315085,0.317585263247004,0.594734214426502,0.280858899567201,0.56,0.33
