"","simul_idx","up_dw","low_dw","up_dw_x1_to_xn","low_dw_x1_to_xn","up_dw_x1_to_xn_tails","low_dw_x1_to_xn_tails","up_t_test","low_t_test","up_anderson","low_anderson","up_cheby","low_cheby","up_emp_bern","low_emp_bern","up_hoeffding","low_hoeffding","up_PI_emp_bern","low_PI_emp_bern","up_PI_hedged","low_PI_hedged"
"1",254,0.818956570931689,0.259225678788131,0.818924052404331,0.259341502500328,1.01606908928188,0.259341502500328,0.74691967959652,0.353812612457722,0.823560927696014,0.227015701876964,0.882683561824603,-0.148862033788441,1.31214195180839,-0.211409659754145,0.82403256128272,0.276699730771523,0.954407563461125,0.168181359616228,0.79,0.29
