"","simul_idx","up_dw","low_dw","up_dw_x1_to_xn","low_dw_x1_to_xn","up_dw_x1_to_xn_tails","low_dw_x1_to_xn_tails","up_t_test","low_t_test","up_anderson","low_anderson","up_cheby","low_cheby","up_emp_bern","low_emp_bern","up_hoeffding","low_hoeffding","up_PI_emp_bern","low_PI_emp_bern","up_PI_hedged","low_PI_hedged"
"1",435,0.620617653464921,0.449957152571859,0.620616741773501,0.44995945527571,0.645399379203184,0.44995945527571,0.587933046456805,0.483999712039443,0.613334816818711,0.454594110546413,0.682199580921428,0.348504994555734,0.656029254470159,0.415903504026089,0.613370930452223,0.458561828044025,0.6278332257526,0.44872392667333,0.61,0.46
