"","simul_idx","up_dw","low_dw","up_dw_x1_to_xn","low_dw_x1_to_xn","up_dw_x1_to_xn_tails","low_dw_x1_to_xn_tails","up_t_test","low_t_test","up_anderson","low_anderson","up_cheby","low_cheby","up_emp_bern","low_emp_bern","up_hoeffding","low_hoeffding","up_PI_emp_bern","low_PI_emp_bern","up_PI_hedged","low_PI_hedged"
"1",391,0.633332970911992,0.366423807158663,0.633320646985508,0.366430953299712,0.687918599281821,0.366430953299712,0.582980833817976,0.416763048797863,0.622198244030692,0.367560050113833,0.719492267541251,0.189365807564058,0.722771520669664,0.276972361946176,0.622259282841961,0.377484599773879,0.660999596023047,0.343706694444728,0.61,0.38
