"","simul_idx","up_dw","low_dw","up_dw_x1_to_xn","low_dw_x1_to_xn","up_dw_x1_to_xn_tails","low_dw_x1_to_xn_tails","up_t_test","low_t_test","up_anderson","low_anderson","up_cheby","low_cheby","up_emp_bern","low_emp_bern","up_hoeffding","low_hoeffding","up_PI_emp_bern","low_PI_emp_bern","up_PI_hedged","low_PI_hedged"
"1",66,0.505896036709654,0.246919114112964,0.505884778178545,0.246919969639194,0.560473441883631,0.246919969639194,0.450945435158519,0.290492804154601,0.49301544424201,0.238441778126636,0.619065284113618,0.0549694788983082,0.588903144867404,0.152535094445715,0.4931064611906,0.248331778122519,0.521005051415399,0.216757220469532,0.49,0.27
