"","simul_idx","up_dw","low_dw","up_dw_x1_to_xn","low_dw_x1_to_xn","up_dw_x1_to_xn_tails","low_dw_x1_to_xn_tails","up_t_test","low_t_test","up_anderson","low_anderson","up_cheby","low_cheby","up_emp_bern","low_emp_bern","up_hoeffding","low_hoeffding","up_PI_emp_bern","low_PI_emp_bern","up_PI_hedged","low_PI_hedged"
"1",21,0.59718197950948,0.426173949579474,0.597180765132526,0.426174356273276,0.621960624953852,0.426174356273276,0.563990935397935,0.459827234313127,0.589284901134648,0.430537980884316,0.66183839362745,0.322602154171648,0.632161458593307,0.391656711117755,0.58931363605963,0.434504533651432,0.604531813210593,0.42471232069243,0.58,0.44
