"","simul_idx","up_dw","low_dw","up_dw_x1_to_xn","low_dw_x1_to_xn","up_dw_x1_to_xn_tails","low_dw_x1_to_xn_tails","up_t_test","low_t_test","up_anderson","low_anderson","up_cheby","low_cheby","up_emp_bern","low_emp_bern","up_hoeffding","low_hoeffding","up_PI_emp_bern","low_PI_emp_bern","up_PI_hedged","low_PI_hedged"
"1",91,0.967773608239186,0.501069977068073,0.967617087076728,0.501089276570932,1.16461511795941,0.501089276570932,0.956929777066299,0.640787586271071,0.998927405217155,0.4754870156447,0.970198577656147,0.0949463312354328,1.50018446618812,0.0975328971492465,1.07252509692428,0.525192266413086,1.16552269833241,0.441904996386691,0.97,0.54
