"","simul_idx","up_dw","low_dw","up_dw_x1_to_xn","low_dw_x1_to_xn","up_dw_x1_to_xn_tails","low_dw_x1_to_xn_tails","up_t_test","low_t_test","up_anderson","low_anderson","up_cheby","low_cheby","up_emp_bern","low_emp_bern","up_hoeffding","low_hoeffding","up_PI_emp_bern","low_PI_emp_bern","up_PI_hedged","low_PI_hedged"
"1",63,0.585503314038978,0.414443240360132,0.585502270004411,0.414445439741647,0.610284731716218,0.414445439741647,0.55207738365994,0.447868217014171,0.577348557974357,0.418600537303913,0.651672835360539,0.309813319133798,0.620262573827212,0.379683026846899,0.577377351541154,0.422568249132956,0.592978585172183,0.41330387615555,0.57,0.43
