"","simul_idx","up_dw","low_dw","up_dw_x1_to_xn","low_dw_x1_to_xn","up_dw_x1_to_xn_tails","low_dw_x1_to_xn_tails","up_t_test","low_t_test","up_anderson","low_anderson","up_cheby","low_cheby","up_emp_bern","low_emp_bern","up_hoeffding","low_hoeffding","up_PI_emp_bern","low_PI_emp_bern","up_PI_hedged","low_PI_hedged"
"1",347,0.5302804019239,0.360186329937168,0.530275490915812,0.360190459433581,0.555060776317707,0.360190459433581,0.495976805231654,0.392432207742429,0.521575061275362,0.362849700604596,0.603653817397056,0.250585618154947,0.56394760857648,0.324461404397603,0.521609057691141,0.366799955282943,0.529719019779143,0.351610609757569,0.52,0.37
