"","simul_idx","up_dw","low_dw","up_dw_x1_to_xn","low_dw_x1_to_xn","up_dw_x1_to_xn_tails","low_dw_x1_to_xn_tails","up_t_test","low_t_test","up_anderson","low_anderson","up_cheby","low_cheby","up_emp_bern","low_emp_bern","up_hoeffding","low_hoeffding","up_PI_emp_bern","low_PI_emp_bern","up_PI_hedged","low_PI_hedged"
"1",464,0.521009989226669,0.399992050842999,0.521008602437283,0.399992649102886,0.534286743770501,0.399992649102886,0.49675402553601,0.42351186286061,0.514846647049622,0.403421677319684,0.575761543201359,0.326459916011014,0.537743587641336,0.382522300755284,0.51486622724943,0.40539966114719,0.518075228965709,0.39895217334017,0.51,0.41
