"","simul_idx","up_dw","low_dw","up_dw_x1_to_xn","low_dw_x1_to_xn","up_dw_x1_to_xn_tails","low_dw_x1_to_xn_tails","up_t_test","low_t_test","up_anderson","low_anderson","up_cheby","low_cheby","up_emp_bern","low_emp_bern","up_hoeffding","low_hoeffding","up_PI_emp_bern","low_PI_emp_bern","up_PI_hedged","low_PI_hedged"
"1",472,0.635916875231552,0.465674074155744,0.635912568449437,0.465678135789505,0.66069777342961,0.465678135789505,0.603574877662103,0.499933679879558,0.629113717281851,0.470386596848509,0.695466066737762,0.365599853975374,0.671576843798232,0.431931713743429,0.629158829974929,0.474349727566731,0.637881956426392,0.460126564237115,0.62,0.48
