"","simul_idx","up_dw","low_dw","up_dw_x1_to_xn","low_dw_x1_to_xn","up_dw_x1_to_xn_tails","low_dw_x1_to_xn_tails","up_t_test","low_t_test","up_anderson","low_anderson","up_cheby","low_cheby","up_emp_bern","low_emp_bern","up_hoeffding","low_hoeffding","up_PI_emp_bern","low_PI_emp_bern","up_PI_hedged","low_PI_hedged"
"1",212,0.575666117899682,0.310417684002896,0.575654099741101,0.310432252943699,0.630263012389407,0.310432252943699,0.522780011089314,0.357768670645382,0.562599727842644,0.307981981053624,0.673908189476045,0.126590612100951,0.662187120099718,0.218361561634978,0.562661682401389,0.317886999333307,0.594812863609275,0.281381284533502,0.56,0.33
