"","simul_idx","up_dw","low_dw","up_dw_x1_to_xn","low_dw_x1_to_xn","up_dw_x1_to_xn_tails","low_dw_x1_to_xn_tails","up_t_test","low_t_test","up_anderson","low_anderson","up_cheby","low_cheby","up_emp_bern","low_emp_bern","up_hoeffding","low_hoeffding","up_PI_emp_bern","low_PI_emp_bern","up_PI_hedged","low_PI_hedged"
"1",10,0.565713504483627,0.301077877782857,0.565698302090355,0.301085624055631,0.620297140528712,0.301085624055631,0.512452589723233,0.34791678566297,0.552511926736643,0.297902467290135,0.666058751464039,0.116095226159782,0.651708506359698,0.208660869026505,0.552572029227142,0.307797346159061,0.589481296465597,0.276537676829724,0.55,0.32
