"","simul_idx","up_dw","low_dw","up_dw_x1_to_xn","low_dw_x1_to_xn","up_dw_x1_to_xn_tails","low_dw_x1_to_xn_tails","up_t_test","low_t_test","up_anderson","low_anderson","up_cheby","low_cheby","up_emp_bern","low_emp_bern","up_hoeffding","low_hoeffding","up_PI_emp_bern","low_PI_emp_bern","up_PI_hedged","low_PI_hedged"
"1",28,0.577781697165506,0.406720365453278,0.577777734098131,0.406720654345026,0.60255740363191,0.406720654345026,0.544216167202922,0.439978955046615,0.569475329732516,0.410720445559816,0.644943595837842,0.301397867863635,0.61241040471738,0.371784717532157,0.569502112328867,0.414693009920669,0.577969306046101,0.397191491310234,0.56,0.42
