"","simul_idx","up_dw","low_dw","up_dw_x1_to_xn","low_dw_x1_to_xn","up_dw_x1_to_xn_tails","low_dw_x1_to_xn_tails","up_t_test","low_t_test","up_anderson","low_anderson","up_cheby","low_cheby","up_emp_bern","low_emp_bern","up_hoeffding","low_hoeffding","up_PI_emp_bern","low_PI_emp_bern","up_PI_hedged","low_PI_hedged"
"1",417,0.630159799425723,0.261299754103464,0.630128505757716,0.261326047681583,0.726469627129749,0.261326047681583,0.55867608426765,0.321771880847624,0.613196992866973,0.247281371110553,0.740685360180308,-0.0069787225842467,0.807790779005538,0.0726571861097355,0.613305820817865,0.267142144297408,0.653333755661005,0.2184359491117,0.61,0.29
