"","simul_idx","up_dw","low_dw","up_dw_x1_to_xn","low_dw_x1_to_xn","up_dw_x1_to_xn_tails","low_dw_x1_to_xn_tails","up_t_test","low_t_test","up_anderson","low_anderson","up_cheby","low_cheby","up_emp_bern","low_emp_bern","up_hoeffding","low_hoeffding","up_PI_emp_bern","low_PI_emp_bern","up_PI_hedged","low_PI_hedged"
"1",423,0.69910741954839,0.146230268460819,0.698990285025673,0.146304535879141,0.896072031829506,0.146304535879141,0.594304185800299,0.207033093761442,0.674043027282855,0.0774134662787998,0.812693592922498,-0.278468739881337,1.15786073367127,-0.356523454109531,0.674335055036469,0.127002224525272,0.779636803810795,0.00219139854675371,0.66,0.17
