"","simul_idx","up_dw","low_dw","up_dw_x1_to_xn","low_dw_x1_to_xn","up_dw_x1_to_xn_tails","low_dw_x1_to_xn_tails","up_t_test","low_t_test","up_anderson","low_anderson","up_cheby","low_cheby","up_emp_bern","low_emp_bern","up_hoeffding","low_hoeffding","up_PI_emp_bern","low_PI_emp_bern","up_PI_hedged","low_PI_hedged"
"1",377,0.780699910248157,0.21871671196017,0.780507896226628,0.218749355748054,0.977526250403426,0.218749355748054,0.697105073060942,0.302171068559233,0.773094028310712,0.176565143934466,0.860214592140206,-0.194030497726756,1.26284879609852,-0.263572654478345,0.773304486065686,0.225971655554489,0.882318540676175,0.0926785055012209,0.75,0.26
