"","simul_idx","up_dw","low_dw","up_dw_x1_to_xn","low_dw_x1_to_xn","up_dw_x1_to_xn_tails","low_dw_x1_to_xn_tails","up_t_test","low_t_test","up_anderson","low_anderson","up_cheby","low_cheby","up_emp_bern","low_emp_bern","up_hoeffding","low_hoeffding","up_PI_emp_bern","low_PI_emp_bern","up_PI_hedged","low_PI_hedged"
"1",65,0.550771465771613,0.42943283094805,0.550770703331599,0.429433882279469,0.564049502236478,0.429433882279469,0.526741714679384,0.453268266899742,0.544719276052864,0.433293032967709,0.602839757327643,0.357954342259735,0.567806244206342,0.412203737372784,0.544738273840682,0.435271707738443,0.546985099105943,0.426597133530447,0.54,0.44
