"","simul_idx","up_dw","low_dw","up_dw_x1_to_xn","low_dw_x1_to_xn","up_dw_x1_to_xn_tails","low_dw_x1_to_xn_tails","up_t_test","low_t_test","up_anderson","low_anderson","up_cheby","low_cheby","up_emp_bern","low_emp_bern","up_hoeffding","low_hoeffding","up_PI_emp_bern","low_PI_emp_bern","up_PI_hedged","low_PI_hedged"
"1",317,0.648757624263437,0.278588737269149,0.648750762816646,0.278596373230102,0.74506407595181,0.278596373230102,0.578918070280786,0.340974490679966,0.632963441830615,0.267023765230573,0.753807988336385,0.0127691457975749,0.828355030711355,0.0915375302493975,0.633028118740604,0.286864442220148,0.684147359597473,0.246403724844564,0.62,0.3
