"","simul_idx","up_dw","low_dw","up_dw_x1_to_xn","low_dw_x1_to_xn","up_dw_x1_to_xn_tails","low_dw_x1_to_xn_tails","up_t_test","low_t_test","up_anderson","low_anderson","up_cheby","low_cheby","up_emp_bern","low_emp_bern","up_hoeffding","low_hoeffding","up_PI_emp_bern","low_PI_emp_bern","up_PI_hedged","low_PI_hedged"
"1",263,0.603971312278747,0.483018813211639,0.603969106306646,0.483020091894071,0.617248235180576,0.483020091894071,0.580502128578871,0.50729329099472,0.598608342464569,0.487184817009614,0.651220732279572,0.415245365341595,0.621480888881051,0.46631453069254,0.598630992837915,0.489164426735676,0.605320122788071,0.485831386143229,0.59,0.49
