"","simul_idx","up_dw","low_dw","up_dw_x1_to_xn","low_dw_x1_to_xn","up_dw_x1_to_xn_tails","low_dw_x1_to_xn_tails","up_t_test","low_t_test","up_anderson","low_anderson","up_cheby","low_cheby","up_emp_bern","low_emp_bern","up_hoeffding","low_hoeffding","up_PI_emp_bern","low_PI_emp_bern","up_PI_hedged","low_PI_hedged"
"1",163,0.721381277396946,0.351305942184924,0.721354672747031,0.351332929354017,0.81769682788141,0.351332929354017,0.658999976379037,0.421138766203868,0.71299927411479,0.347120383314329,0.805242634964582,0.0948729838545052,0.908411397605896,0.171727344977009,0.713151209551681,0.366987533031224,0.762743110269563,0.326480506331061,0.7,0.37
