"","simul_idx","up_dw","low_dw","up_dw_x1_to_xn","low_dw_x1_to_xn","up_dw_x1_to_xn_tails","low_dw_x1_to_xn_tails","up_t_test","low_t_test","up_anderson","low_anderson","up_cheby","low_cheby","up_emp_bern","low_emp_bern","up_hoeffding","low_hoeffding","up_PI_emp_bern","low_PI_emp_bern","up_PI_hedged","low_PI_hedged"
"1",59,0.661823899129547,0.395414820551191,0.66181040591452,0.395431900256527,0.716423025905602,0.395431900256527,0.612961188176452,0.447120891525086,0.652321465818922,0.397743430954058,0.742029700698701,0.221681280848152,0.752631856109365,0.307450223592173,0.65242838138481,0.407653698316728,0.685322987219145,0.369524039330645,0.65,0.42
