"","simul_idx","up_dw","low_dw","up_dw_x1_to_xn","low_dw_x1_to_xn","up_dw_x1_to_xn_tails","low_dw_x1_to_xn_tails","up_t_test","low_t_test","up_anderson","low_anderson","up_cheby","low_cheby","up_emp_bern","low_emp_bern","up_hoeffding","low_hoeffding","up_PI_emp_bern","low_PI_emp_bern","up_PI_hedged","low_PI_hedged"
"1",160,0.818376749293438,0.258496475050553,0.818281847036813,0.258542592064545,1.0153207208845,0.258542592064545,0.746077478061704,0.35299493188752,0.822965016541544,0.226303096702073,0.882326883250115,-0.149611943283965,1.31129275141444,-0.212220341465216,0.823202620230211,0.275869789719013,0.952822314849583,0.168050311733561,0.79,0.29
