"","simul_idx","up_dw","low_dw","up_dw_x1_to_xn","low_dw_x1_to_xn","up_dw_x1_to_xn_tails","low_dw_x1_to_xn_tails","up_t_test","low_t_test","up_anderson","low_anderson","up_cheby","low_cheby","up_emp_bern","low_emp_bern","up_hoeffding","low_hoeffding","up_PI_emp_bern","low_PI_emp_bern","up_PI_hedged","low_PI_hedged"
"1",222,0.64876782249402,0.278831697768179,0.648746042095172,0.278838121172147,0.745057547975339,0.278838121172147,0.57890616511665,0.341271484293025,0.633023046397098,0.267229182805568,0.753902194449648,0.0129125133917473,0.82824734936893,0.0919303000407448,0.633170662965066,0.287006986444609,0.673247213088262,0.237903085873047,0.63,0.3
