"","simul_idx","up_dw","low_dw","up_dw_x1_to_xn","low_dw_x1_to_xn","up_dw_x1_to_xn_tails","low_dw_x1_to_xn_tails","up_t_test","low_t_test","up_anderson","low_anderson","up_cheby","low_cheby","up_emp_bern","low_emp_bern","up_hoeffding","low_hoeffding","up_PI_emp_bern","low_PI_emp_bern","up_PI_hedged","low_PI_hedged"
"1",468,0.854214742549036,0.301374172373679,0.854142795807331,0.301429001714847,1.05119493849537,0.301429001714847,0.79342074193826,0.406439014862861,0.873178156045987,0.276492690478159,0.903294122189046,-0.103387617654966,1.35689469825345,-0.157034941452326,0.873596293656159,0.326263463144962,0.97760335742814,0.193129888796174,0.83,0.34
