"","simul_idx","up_dw","low_dw","up_dw_x1_to_xn","low_dw_x1_to_xn","up_dw_x1_to_xn_tails","low_dw_x1_to_xn_tails","up_t_test","low_t_test","up_anderson","low_anderson","up_cheby","low_cheby","up_emp_bern","low_emp_bern","up_hoeffding","low_hoeffding","up_PI_emp_bern","low_PI_emp_bern","up_PI_hedged","low_PI_hedged"
"1",383,0.721303352916904,0.351192945056795,0.72130023424476,0.351222532019982,0.817646264241042,0.351222532019982,0.65889386493543,0.421034895753277,0.712881874124771,0.34700180964032,0.805177312153324,0.0947633217539318,0.908304591327079,0.171624169361628,0.713046218604582,0.366882542084125,0.763468151515884,0.325553231439013,0.7,0.37
