"","simul_idx","up_dw","low_dw","up_dw_x1_to_xn","low_dw_x1_to_xn","up_dw_x1_to_xn_tails","low_dw_x1_to_xn_tails","up_t_test","low_t_test","up_anderson","low_anderson","up_cheby","low_cheby","up_emp_bern","low_emp_bern","up_hoeffding","low_hoeffding","up_PI_emp_bern","low_PI_emp_bern","up_PI_hedged","low_PI_hedged"
"1",361,0.542218462266874,0.371717512498806,0.542217375467332,0.37171886194903,0.566998626327279,0.37171886194903,0.508062797671242,0.404232968660503,0.533526972703327,0.374777756510696,0.614007864462929,0.263199603163749,0.57612561533686,0.336170150994885,0.533552434369971,0.378743331961774,0.54833789557734,0.370382659681718,0.53,0.39
