"","simul_idx","up_dw","low_dw","up_dw_x1_to_xn","low_dw_x1_to_xn","up_dw_x1_to_xn_tails","low_dw_x1_to_xn_tails","up_t_test","low_t_test","up_anderson","low_anderson","up_cheby","low_cheby","up_emp_bern","low_emp_bern","up_hoeffding","low_hoeffding","up_PI_emp_bern","low_PI_emp_bern","up_PI_hedged","low_PI_hedged"
"1",183,0.585410121620177,0.414385818328831,0.585405102386073,0.414390228772852,0.610190795737583,0.414390228772852,0.551998128167369,0.447795084625355,0.577256592600363,0.418534290670056,0.651607813316024,0.309731814369288,0.620181343050738,0.379611869741986,0.577301157600461,0.422492055192263,0.587001669330397,0.408295141791928,0.57,0.43
