"","simul_idx","up_dw","low_dw","up_dw_x1_to_xn","low_dw_x1_to_xn","up_dw_x1_to_xn_tails","low_dw_x1_to_xn_tails","up_t_test","low_t_test","up_anderson","low_anderson","up_cheby","low_cheby","up_emp_bern","low_emp_bern","up_hoeffding","low_hoeffding","up_PI_emp_bern","low_PI_emp_bern","up_PI_hedged","low_PI_hedged"
"1",373,0.565801163192955,0.301091753755911,0.56579943054078,0.30109681440745,0.620394315552124,0.30109681440745,0.51254332999443,0.347934315084787,0.552578330732414,0.297908776325156,0.66610096532499,0.11615143929248,0.651822523340093,0.208655121739124,0.552626164073649,0.307851481005568,0.584587060836686,0.271622443361497,0.55,0.32
