"","simul_idx","up_dw","low_dw","up_dw_x1_to_xn","low_dw_x1_to_xn","up_dw_x1_to_xn_tails","low_dw_x1_to_xn_tails","up_t_test","low_t_test","up_anderson","low_anderson","up_cheby","low_cheby","up_emp_bern","low_emp_bern","up_hoeffding","low_hoeffding","up_PI_emp_bern","low_PI_emp_bern","up_PI_hedged","low_PI_hedged"
"1",376,0.854085125738702,0.301135638030491,0.854066118908344,0.301198396483989,1.05113033760358,0.301198396483989,0.793221694758539,0.406154649136759,0.873007120073723,0.276275415673817,0.903196987346029,-0.103612758082497,1.35672000299042,-0.157343659095118,0.873354587203248,0.326021756692051,1.00144898639371,0.217121585472322,0.82,0.33
