"","simul_idx","up_dw","low_dw","up_dw_x1_to_xn","low_dw_x1_to_xn","up_dw_x1_to_xn_tails","low_dw_x1_to_xn_tails","up_t_test","low_t_test","up_anderson","low_anderson","up_cheby","low_cheby","up_emp_bern","low_emp_bern","up_hoeffding","low_hoeffding","up_PI_emp_bern","low_PI_emp_bern","up_PI_hedged","low_PI_hedged"
"1",359,0.667549979452906,0.296766790713447,0.667544663058603,0.296837788586205,0.763952413925887,0.296837788586205,0.599482774731478,0.361133536354094,0.653217518572596,0.28737820250744,0.767170363862674,0.0333432287086367,0.849045512439839,0.111570798645733,0.653389993803015,0.307226317282558,0.693911237044165,0.257229513673916,0.65,0.32
