"","simul_idx","up_dw","low_dw","up_dw_x1_to_xn","low_dw_x1_to_xn","up_dw_x1_to_xn_tails","low_dw_x1_to_xn_tails","up_t_test","low_t_test","up_anderson","low_anderson","up_cheby","low_cheby","up_emp_bern","low_emp_bern","up_hoeffding","low_hoeffding","up_PI_emp_bern","low_PI_emp_bern","up_PI_hedged","low_PI_hedged"
"1",172,0.594848237795107,0.328688341186543,0.594836138118933,0.328696370802197,0.64943539192752,0.328696370802197,0.542692792551603,0.377073596414495,0.582218358631854,0.327595785892883,0.689056013583489,0.147095249112964,0.682293163630737,0.237473225335361,0.58227053601709,0.337495852949008,0.615534105218056,0.299658216434085,0.58,0.35
