"","simul_idx","up_dw","low_dw","up_dw_x1_to_xn","low_dw_x1_to_xn","up_dw_x1_to_xn_tails","low_dw_x1_to_xn_tails","up_t_test","low_t_test","up_anderson","low_anderson","up_cheby","low_cheby","up_emp_bern","low_emp_bern","up_hoeffding","low_hoeffding","up_PI_emp_bern","low_PI_emp_bern","up_PI_hedged","low_PI_hedged"
"1",484,0.551982600887413,0.193533982582914,0.551932791911855,0.193575945850285,0.648297268164979,0.193575945850285,0.474932163552473,0.245771744658404,0.533326006535777,0.167442892329268,0.685820796119531,-0.0852342059438003,0.721645844941834,-0.000941936730957049,0.533433792365667,0.18727011584521,0.567968623899922,0.145653163203488,0.54,0.22
