"","simul_idx","up_dw","low_dw","up_dw_x1_to_xn","low_dw_x1_to_xn","up_dw_x1_to_xn_tails","low_dw_x1_to_xn_tails","up_t_test","low_t_test","up_anderson","low_anderson","up_cheby","low_cheby","up_emp_bern","low_emp_bern","up_hoeffding","low_hoeffding","up_PI_emp_bern","low_PI_emp_bern","up_PI_hedged","low_PI_hedged"
"1",386,0.685333914099281,0.314232022869793,0.685316226091226,0.314256150291923,0.781654118917067,0.314256150291923,0.618988574544548,0.380530000105813,0.672736431662397,0.306827027199299,0.779753656804363,0.0531784887376048,0.86858521264643,0.130933362003931,0.672841125585409,0.326677449064952,0.723773239026337,0.285620509850675,0.66,0.33
