"","simul_idx","up_dw","low_dw","up_dw_x1_to_xn","low_dw_x1_to_xn","up_dw_x1_to_xn_tails","low_dw_x1_to_xn_tails","up_t_test","low_t_test","up_anderson","low_anderson","up_cheby","low_cheby","up_emp_bern","low_emp_bern","up_hoeffding","low_hoeffding","up_PI_emp_bern","low_PI_emp_bern","up_PI_hedged","low_PI_hedged"
"1",112,0.573867005314525,0.4028926193638,0.573862618963234,0.402896328907366,0.598647320223965,0.402896328907366,0.540230848899236,0.436068449671842,0.565510929786906,0.406794221702229,0.641563615670349,0.297185709878764,0.608400952121649,0.367898346449428,0.565554200489638,0.41074509808144,0.575716474329139,0.396485695070697,0.56,0.42
