"","simul_idx","up_dw","low_dw","up_dw_x1_to_xn","low_dw_x1_to_xn","up_dw_x1_to_xn_tails","low_dw_x1_to_xn_tails","up_t_test","low_t_test","up_anderson","low_anderson","up_cheby","low_cheby","up_emp_bern","low_emp_bern","up_hoeffding","low_hoeffding","up_PI_emp_bern","low_PI_emp_bern","up_PI_hedged","low_PI_hedged"
"1",477,0.781029746468512,0.21883540981271,0.780958718547307,0.218882055686565,0.977998397846502,0.218882055686565,0.697455864620428,0.302372060096693,0.77332801880302,0.176626924946919,0.860340388055237,-0.193788438243823,1.26324234410208,-0.263414419384956,0.773580377614159,0.226247547102962,0.884313359020683,0.0912391616610667,0.76,0.26
