"","simul_idx","up_dw","low_dw","up_dw_x1_to_xn","low_dw_x1_to_xn","up_dw_x1_to_xn_tails","low_dw_x1_to_xn_tails","up_t_test","low_t_test","up_anderson","low_anderson","up_cheby","low_cheby","up_emp_bern","low_emp_bern","up_hoeffding","low_hoeffding","up_PI_emp_bern","low_PI_emp_bern","up_PI_hedged","low_PI_hedged"
"1",103,0.585434102721534,0.414385343561629,0.585429073425059,0.41438654852464,0.610210104594871,0.41438654852464,0.552023269616605,0.447792510310859,0.577278711643731,0.418548497820693,0.651617442540601,0.30974388431273,0.620215425472421,0.379600354455043,0.577312441167831,0.422503338759633,0.583757010750706,0.404080906512926,0.57,0.42
