"","simul_idx","up_dw","low_dw","up_dw_x1_to_xn","low_dw_x1_to_xn","up_dw_x1_to_xn_tails","low_dw_x1_to_xn_tails","up_t_test","low_t_test","up_anderson","low_anderson","up_cheby","low_cheby","up_emp_bern","low_emp_bern","up_hoeffding","low_hoeffding","up_PI_emp_bern","low_PI_emp_bern","up_PI_hedged","low_PI_hedged"
"1",463,0.741093027864667,0.181329458633021,0.741054843033122,0.181409317560712,0.938145105683947,0.181409317560712,0.646458647721424,0.25356893640905,0.723370203497451,0.126841250556412,0.836973415937247,-0.236955026516931,1.21161888147622,-0.311591297345745,0.723680207320836,0.176347376809638,0.833513812908801,0.044671398507479,0.72,0.22
