"","simul_idx","up_dw","low_dw","up_dw_x1_to_xn","low_dw_x1_to_xn","up_dw_x1_to_xn_tails","low_dw_x1_to_xn_tails","up_t_test","low_t_test","up_anderson","low_anderson","up_cheby","low_cheby","up_emp_bern","low_emp_bern","up_hoeffding","low_hoeffding","up_PI_emp_bern","low_PI_emp_bern","up_PI_hedged","low_PI_hedged"
"1",206,0.72103585387174,0.350960513131979,0.721008008236657,0.350965457149194,0.817317309165523,0.350965457149194,0.658555060460804,0.420819604906271,0.712664871964774,0.346774870548258,0.805004912512325,0.0944739752935714,0.907927490607555,0.17144717475952,0.712769170943766,0.366605494423309,0.75319714501309,0.315543225418716,0.7,0.38
