"","simul_idx","up_dw","low_dw","up_dw_x1_to_xn","low_dw_x1_to_xn","up_dw_x1_to_xn_tails","low_dw_x1_to_xn_tails","up_t_test","low_t_test","up_anderson","low_anderson","up_cheby","low_cheby","up_emp_bern","low_emp_bern","up_hoeffding","low_hoeffding","up_PI_emp_bern","low_PI_emp_bern","up_PI_hedged","low_PI_hedged"
"1",212,0.630393144651765,0.261605404299514,0.630344549394183,0.261626606479545,0.726678082294293,0.261626606479545,0.558917529468357,0.322125552996329,0.613468976720848,0.247600923885917,0.74088463881962,-0.00668207009904825,0.80799742747355,0.0730456549911369,0.613603379492572,0.267439702972115,0.65168372349046,0.220663416197373,0.59,0.25
