"","simul_idx","up_dw","low_dw","up_dw_x1_to_xn","low_dw_x1_to_xn","up_dw_x1_to_xn_tails","low_dw_x1_to_xn_tails","up_t_test","low_t_test","up_anderson","low_anderson","up_cheby","low_cheby","up_emp_bern","low_emp_bern","up_hoeffding","low_hoeffding","up_PI_emp_bern","low_PI_emp_bern","up_PI_hedged","low_PI_hedged"
"1",466,0.721631695475333,0.351503018474021,0.721628893891423,0.351512425338677,0.81794484646919,0.351512425338677,0.659219193001075,0.421412967852872,0.713245545805058,0.347335346335026,0.805396108968622,0.0951306917430014,0.908613565744305,0.172018595109642,0.713397918687202,0.367234242166745,0.762809250513197,0.326893025706812,0.7,0.37
