"","simul_idx","up_dw","low_dw","up_dw_x1_to_xn","low_dw_x1_to_xn","up_dw_x1_to_xn_tails","low_dw_x1_to_xn_tails","up_t_test","low_t_test","up_anderson","low_anderson","up_cheby","low_cheby","up_emp_bern","low_emp_bern","up_hoeffding","low_hoeffding","up_PI_emp_bern","low_PI_emp_bern","up_PI_hedged","low_PI_hedged"
"1",215,0.623872429179638,0.356992347483656,0.623858726587416,0.356996083236309,0.678451643175034,0.356996083236309,0.573060302957966,0.406840298476511,0.612281474715496,0.357641063038531,0.71199920042157,0.178819528155227,0.712851695466761,0.267048905967716,0.612337642251279,0.367562959183198,0.651023431284677,0.333925164036667,0.6,0.37
