"","simul_idx","up_dw","low_dw","up_dw_x1_to_xn","low_dw_x1_to_xn","up_dw_x1_to_xn_tails","low_dw_x1_to_xn_tails","up_t_test","low_t_test","up_anderson","low_anderson","up_cheby","low_cheby","up_emp_bern","low_emp_bern","up_hoeffding","low_hoeffding","up_PI_emp_bern","low_PI_emp_bern","up_PI_hedged","low_PI_hedged"
"1",260,0.560616487037334,0.439263059273632,0.560615979143827,0.439264518606403,0.573895370207136,0.439264518606403,0.536673522547184,0.463204567103386,0.55465179210715,0.443226353058634,0.611804600780931,0.368468036131393,0.577736595954275,0.422141493696295,0.554672327876405,0.445205761774165,0.56145225177466,0.441976550180077,0.55,0.45
