"","simul_idx","up_dw","low_dw","up_dw_x1_to_xn","low_dw_x1_to_xn","up_dw_x1_to_xn_tails","low_dw_x1_to_xn_tails","up_t_test","low_t_test","up_anderson","low_anderson","up_cheby","low_cheby","up_emp_bern","low_emp_bern","up_hoeffding","low_hoeffding","up_PI_emp_bern","low_PI_emp_bern","up_PI_hedged","low_PI_hedged"
"1",41,0.565974016052061,0.395046748316279,0.565970050244374,0.395051873541134,0.590756802451136,0.395051873541134,0.532198040275451,0.428058716218132,0.557493585664044,0.398763067826163,0.634682912402731,0.288640891918022,0.600360699558673,0.35989605693491,0.55753292945089,0.402723827042692,0.563175057906883,0.382687013599312,0.55,0.4
