"","simul_idx","up_dw","low_dw","up_dw_x1_to_xn","low_dw_x1_to_xn","up_dw_x1_to_xn_tails","low_dw_x1_to_xn_tails","up_t_test","low_t_test","up_anderson","low_anderson","up_cheby","low_cheby","up_emp_bern","low_emp_bern","up_hoeffding","low_hoeffding","up_PI_emp_bern","low_PI_emp_bern","up_PI_hedged","low_PI_hedged"
"1",406,0.642942035577018,0.376072877548114,0.642934625025239,0.376076071088681,0.697526740993749,0.376076071088681,0.593055019097902,0.426927162615292,0.632285110389919,0.377648433823262,0.727093583105492,0.200162945724684,0.732817114006812,0.287165067706381,0.632378432390638,0.387603749322556,0.670914654104403,0.353872802049948,0.62,0.39
