"","simul_idx","up_dw","low_dw","up_dw_x1_to_xn","low_dw_x1_to_xn","up_dw_x1_to_xn_tails","low_dw_x1_to_xn_tails","up_t_test","low_t_test","up_anderson","low_anderson","up_cheby","low_cheby","up_emp_bern","low_emp_bern","up_hoeffding","low_hoeffding","up_PI_emp_bern","low_PI_emp_bern","up_PI_hedged","low_PI_hedged"
"1",436,0.633519311561951,0.366606104177682,0.633506198515308,0.366609099909097,0.688098022402932,0.366609099909097,0.583188955813852,0.416940203292863,0.622393262789431,0.367769811480247,0.719637361879959,0.189570964580691,0.722989488494656,0.277139670612059,0.622451921087398,0.377677238019316,0.655509384142504,0.339644554068553,0.61,0.38
