"","simul_idx","up_dw","low_dw","up_dw_x1_to_xn","low_dw_x1_to_xn","up_dw_x1_to_xn_tails","low_dw_x1_to_xn_tails","up_t_test","low_t_test","up_anderson","low_anderson","up_cheby","low_cheby","up_emp_bern","low_emp_bern","up_hoeffding","low_hoeffding","up_PI_emp_bern","low_PI_emp_bern","up_PI_hedged","low_PI_hedged"
"1",434,0.630038822708886,0.261212265499409,0.63001829050426,0.261238554792486,0.726359405489653,0.261238554792486,0.558566323893269,0.321641967546792,0.613088444341296,0.24722848615359,0.740605092920126,-0.00709818338674123,0.807687267183821,0.072521024256241,0.613185983980259,0.267022307459802,0.663716336437934,0.227530400354798,0.61,0.28
