"","simul_idx","up_dw","low_dw","up_dw_x1_to_xn","low_dw_x1_to_xn","up_dw_x1_to_xn_tails","low_dw_x1_to_xn_tails","up_t_test","low_t_test","up_anderson","low_anderson","up_cheby","low_cheby","up_emp_bern","low_emp_bern","up_hoeffding","low_hoeffding","up_PI_emp_bern","low_PI_emp_bern","up_PI_hedged","low_PI_hedged"
"1",379,0.703469056442992,0.332551256172737,0.703452454353361,0.332583928259216,0.799803082570226,0.332583928259216,0.639137780668161,0.40061172659394,0.692831589484728,0.326919566520746,0.792574477644846,0.0738834450735719,0.888755341292488,0.150994165969613,0.692956591891279,0.346792915370822,0.743338549332417,0.305902737673207,0.68,0.35
