"","simul_idx","up_dw","low_dw","up_dw_x1_to_xn","low_dw_x1_to_xn","up_dw_x1_to_xn_tails","low_dw_x1_to_xn_tails","up_t_test","low_t_test","up_anderson","low_anderson","up_cheby","low_cheby","up_emp_bern","low_emp_bern","up_hoeffding","low_hoeffding","up_PI_emp_bern","low_PI_emp_bern","up_PI_hedged","low_PI_hedged"
"1",500,0.671023452153969,0.404863303027715,0.671010741126712,0.404874329366358,0.725614422842224,0.404874329366358,0.622632105860641,0.456999305592544,0.662105749354493,0.407499694043701,0.7492495078971,0.232233593423977,0.762236802246797,0.317394609206388,0.662203047260633,0.417428364192552,0.695051900749069,0.379224466176712,0.65,0.42
