"","simul_idx","up_dw","low_dw","up_dw_x1_to_xn","low_dw_x1_to_xn","up_dw_x1_to_xn_tails","low_dw_x1_to_xn_tails","up_t_test","low_t_test","up_anderson","low_anderson","up_cheby","low_cheby","up_emp_bern","low_emp_bern","up_hoeffding","low_hoeffding","up_PI_emp_bern","low_PI_emp_bern","up_PI_hedged","low_PI_hedged"
"1",412,0.703489462781513,0.332645467188976,0.703469279662779,0.332670722094989,0.799808852946451,0.332670722094989,0.639125775405727,0.400752576144942,0.692885774780235,0.326977095433791,0.792615217113698,0.0739500758451931,0.888695942349844,0.151182409200826,0.693021014035563,0.346857337515106,0.733752716861752,0.295880350339805,0.69,0.36
