"","simul_idx","up_dw","low_dw","up_dw_x1_to_xn","low_dw_x1_to_xn","up_dw_x1_to_xn_tails","low_dw_x1_to_xn_tails","up_t_test","low_t_test","up_anderson","low_anderson","up_cheby","low_cheby","up_emp_bern","low_emp_bern","up_hoeffding","low_hoeffding","up_PI_emp_bern","low_PI_emp_bern","up_PI_hedged","low_PI_hedged"
"1",322,0.703589221861094,0.33267155809582,0.703568074747926,0.332694060949553,0.799903546236552,0.332694060949553,0.639233706054553,0.400783689487181,0.69298512244045,0.327032856813487,0.792659179318811,0.074021983632634,0.888827690729896,0.151189704811838,0.693090536031095,0.346926859510639,0.743750391451589,0.305735581049836,0.68,0.35
