"","simul_idx","up_dw","low_dw","up_dw_x1_to_xn","low_dw_x1_to_xn","up_dw_x1_to_xn_tails","low_dw_x1_to_xn_tails","up_t_test","low_t_test","up_anderson","low_anderson","up_cheby","low_cheby","up_emp_bern","low_emp_bern","up_hoeffding","low_hoeffding","up_PI_emp_bern","low_PI_emp_bern","up_PI_hedged","low_PI_hedged"
"1",493,0.818795627710646,0.259011122086856,0.818718359813016,0.259205825869848,1.01598353073115,0.259205825869848,0.746641377191612,0.353605744018391,0.823382306013508,0.226699639927252,0.882579345847819,-0.14908126504115,1.31184326047221,-0.211596139262203,0.8237899758606,0.276457145349403,0.956238967692602,0.165889511483053,0.79,0.29
