"","simul_idx","up_dw","low_dw","up_dw_x1_to_xn","low_dw_x1_to_xn","up_dw_x1_to_xn_tails","low_dw_x1_to_xn_tails","up_t_test","low_t_test","up_anderson","low_anderson","up_cheby","low_cheby","up_emp_bern","low_emp_bern","up_hoeffding","low_hoeffding","up_PI_emp_bern","low_PI_emp_bern","up_PI_hedged","low_PI_hedged"
"1",241,0.569861167973877,0.39891662432466,0.569857168115103,0.398920226392988,0.594641683423572,0.398920226392988,0.536145106884414,0.432016062863293,0.561450162734733,0.40272538887977,0.638075367331536,0.292848834348951,0.604304449877264,0.363856719870443,0.561485136077952,0.406676033669754,0.575046555923052,0.396473193146062,0.55,0.41
