"","simul_idx","up_dw","low_dw","up_dw_x1_to_xn","low_dw_x1_to_xn","up_dw_x1_to_xn_tails","low_dw_x1_to_xn_tails","up_t_test","low_t_test","up_anderson","low_anderson","up_cheby","low_cheby","up_emp_bern","low_emp_bern","up_hoeffding","low_hoeffding","up_PI_emp_bern","low_PI_emp_bern","up_PI_hedged","low_PI_hedged"
"1",490,0.623916069781483,0.357069388008073,0.623907005426634,0.357089585030381,0.678524228383229,0.357089585030381,0.573093366040086,0.406932722193384,0.612323227025987,0.357707283604851,0.712046709134247,0.178886098350726,0.712865885386711,0.26716020284676,0.612400385650776,0.367625702582694,0.650958808548911,0.334086677493257,0.61,0.38
