"","simul_idx","up_dw","low_dw","up_dw_x1_to_xn","low_dw_x1_to_xn","up_dw_x1_to_xn_tails","low_dw_x1_to_xn_tails","up_t_test","low_t_test","up_anderson","low_anderson","up_cheby","low_cheby","up_emp_bern","low_emp_bern","up_hoeffding","low_hoeffding","up_PI_emp_bern","low_PI_emp_bern","up_PI_hedged","low_PI_hedged"
"1",26,0.698672026700029,0.145678503093281,0.698634747896629,0.145728033835474,0.895678820839066,0.145728033835474,0.593811897041296,0.206251321793751,0.673520785088895,0.0768155502897803,0.812372775235474,-0.278997296012109,1.15745107021802,-0.357387851382974,0.673698024673123,0.126365194161925,0.806538669688887,0.0227820675826241,0.66,0.17
