"","simul_idx","up_dw","low_dw","up_dw_x1_to_xn","low_dw_x1_to_xn","up_dw_x1_to_xn_tails","low_dw_x1_to_xn_tails","up_t_test","low_t_test","up_anderson","low_anderson","up_cheby","low_cheby","up_emp_bern","low_emp_bern","up_hoeffding","low_hoeffding","up_PI_emp_bern","low_PI_emp_bern","up_PI_hedged","low_PI_hedged"
"1",63,0.623861152096147,0.357087797191575,0.623847658261054,0.357090960362083,0.678439729385765,0.357090960362083,0.573033617911009,0.406958228772514,0.612291462990242,0.357701332082539,0.712033745599152,0.178867933204051,0.712779031315447,0.267212815368076,0.612383264875802,0.367608581807721,0.64601820359743,0.329116005924124,0.61,0.38
