"","simul_idx","up_dw","low_dw","up_dw_x1_to_xn","low_dw_x1_to_xn","up_dw_x1_to_xn_tails","low_dw_x1_to_xn_tails","up_t_test","low_t_test","up_anderson","low_anderson","up_cheby","low_cheby","up_emp_bern","low_emp_bern","up_hoeffding","low_hoeffding","up_PI_emp_bern","low_PI_emp_bern","up_PI_hedged","low_PI_hedged"
"1",114,0.648677738845006,0.278602017901479,0.648663289386534,0.278626624924493,0.74500189703329,0.278626624924493,0.578811620163087,0.341008885009807,0.632887753088547,0.267026427125807,0.753784176382256,0.0127329112618222,0.828204910809524,0.0916155943633697,0.632992090846675,0.286828414326218,0.683598715867532,0.246870660462714,0.62,0.3
