"","simul_idx","up_dw","low_dw","up_dw_x1_to_xn","low_dw_x1_to_xn","up_dw_x1_to_xn_tails","low_dw_x1_to_xn_tails","up_t_test","low_t_test","up_anderson","low_anderson","up_cheby","low_cheby","up_emp_bern","low_emp_bern","up_hoeffding","low_hoeffding","up_PI_emp_bern","low_PI_emp_bern","up_PI_hedged","low_PI_hedged"
"1",421,0.643185864327863,0.37635445339821,0.643171528542973,0.376371878121845,0.697784657980912,0.376371878121845,0.593329277612732,0.427193480297876,0.632576316227256,0.377947788271017,0.72729604504763,0.200451916689286,0.73309389723546,0.287428860675148,0.632648720489345,0.387874037421263,0.67102558850627,0.354327666772451,0.62,0.39
