"","simul_idx","up_dw","low_dw","up_dw_x1_to_xn","low_dw_x1_to_xn","up_dw_x1_to_xn_tails","low_dw_x1_to_xn_tails","up_t_test","low_t_test","up_anderson","low_anderson","up_cheby","low_cheby","up_emp_bern","low_emp_bern","up_hoeffding","low_hoeffding","up_PI_emp_bern","low_PI_emp_bern","up_PI_hedged","low_PI_hedged"
"1",432,0.667386277375719,0.296527047695322,0.667351183731036,0.296551997250106,0.763690301904111,0.296551997250106,0.599288321700357,0.36088797202916,0.653048480573552,0.287145565157172,0.767027012280883,0.0331198991603816,0.848866906814892,0.111309386914625,0.653169985124987,0.30700630860453,0.694759551534735,0.255934916787451,0.65,0.32
