"","simul_idx","up_dw","low_dw","up_dw_x1_to_xn","low_dw_x1_to_xn","up_dw_x1_to_xn_tails","low_dw_x1_to_xn_tails","up_t_test","low_t_test","up_anderson","low_anderson","up_cheby","low_cheby","up_emp_bern","low_emp_bern","up_hoeffding","low_hoeffding","up_PI_emp_bern","low_PI_emp_bern","up_PI_hedged","low_PI_hedged"
"1",366,0.741560636669703,0.181642059400893,0.741494775182238,0.181727086205924,0.938592908490122,0.181727086205924,0.647133276041579,0.253890510792557,0.723920690124841,0.127183784384821,0.83721265881538,-0.23653013425929,1.21239427968073,-0.311370492846594,0.724178308672667,0.17684547816147,0.859110018555544,0.0686678675834221,0.7,0.21
