"","simul_idx","up_dw","low_dw","up_dw_x1_to_xn","low_dw_x1_to_xn","up_dw_x1_to_xn_tails","low_dw_x1_to_xn_tails","up_t_test","low_t_test","up_anderson","low_anderson","up_cheby","low_cheby","up_emp_bern","low_emp_bern","up_hoeffding","low_hoeffding","up_PI_emp_bern","low_PI_emp_bern","up_PI_hedged","low_PI_hedged"
"1",275,0.88695580287656,0.346211184630599,0.886878130748949,0.346288599831918,1.08396467161403,0.346288599831918,0.837715953715975,0.460935923900599,0.922549916140398,0.326037287618844,0.922413398835674,-0.0566454804246249,1.39827810606465,-0.0996262284480797,0.922992354063886,0.375659523552688,1.01967554659578,0.247367436203029,0.87,0.38
