"","simul_idx","up_dw","low_dw","up_dw_x1_to_xn","low_dw_x1_to_xn","up_dw_x1_to_xn_tails","low_dw_x1_to_xn_tails","up_t_test","low_t_test","up_anderson","low_anderson","up_cheby","low_cheby","up_emp_bern","low_emp_bern","up_hoeffding","low_hoeffding","up_PI_emp_bern","low_PI_emp_bern","up_PI_hedged","low_PI_hedged"
"1",84,0.699222419459415,0.146561294443813,0.699131754856834,0.146768300761496,0.896415662487385,0.146768300761496,0.594431586866322,0.207455873266447,0.674122619361329,0.0776423597139185,0.812832075142639,-0.278240435054127,1.15790382679438,-0.356016366661611,0.674610145321983,0.127277314810785,0.783627366564663,-0.00124201870711427,0.67,0.17
