"","simul_idx","up_dw","low_dw","up_dw_x1_to_xn","low_dw_x1_to_xn","up_dw_x1_to_xn_tails","low_dw_x1_to_xn_tails","up_t_test","low_t_test","up_anderson","low_anderson","up_cheby","low_cheby","up_emp_bern","low_emp_bern","up_hoeffding","low_hoeffding","up_PI_emp_bern","low_PI_emp_bern","up_PI_hedged","low_PI_hedged"
"1",303,0.556646729736882,0.435305642352104,0.556645774717051,0.435306249222255,0.569923928546896,0.435306249222255,0.532667325026219,0.459205062079857,0.550650848987446,0.439227545055589,0.608194747692912,0.364229161234613,0.573728229165735,0.41814415794034,0.550669476604157,0.441202910501918,0.558435341089465,0.438915345251084,0.55,0.45
