"","simul_idx","up_dw","low_dw","up_dw_x1_to_xn","low_dw_x1_to_xn","up_dw_x1_to_xn_tails","low_dw_x1_to_xn_tails","up_t_test","low_t_test","up_anderson","low_anderson","up_cheby","low_cheby","up_emp_bern","low_emp_bern","up_hoeffding","low_hoeffding","up_PI_emp_bern","low_PI_emp_bern","up_PI_hedged","low_PI_hedged"
"1",471,0.566097420463539,0.395196904947415,0.56609325548358,0.395204414344409,0.590883480069062,0.395204414344409,0.532311372547587,0.428226569155054,0.557626579718911,0.398896175583977,0.634803666613091,0.288790508100987,0.600456443725845,0.360081497976796,0.55767352205542,0.402864419647222,0.567423444035602,0.389159112365616,0.55,0.41
