"","simul_idx","up_dw","low_dw","up_dw_x1_to_xn","low_dw_x1_to_xn","up_dw_x1_to_xn_tails","low_dw_x1_to_xn_tails","up_t_test","low_t_test","up_anderson","low_anderson","up_cheby","low_cheby","up_emp_bern","low_emp_bern","up_hoeffding","low_hoeffding","up_PI_emp_bern","low_PI_emp_bern","up_PI_hedged","low_PI_hedged"
"1",473,0.585398036536774,0.319616154025503,0.585385921728724,0.319633311874473,0.639998665200889,0.319633311874473,0.532920868056308,0.367448271414938,0.572498421514355,0.317865548073633,0.681581711229849,0.136935688289465,0.672474629188148,0.227894510283098,0.572571911269664,0.327797228201582,0.605164366692242,0.290754015388507,0.57,0.34
