"","simul_idx","up_dw","low_dw","up_dw_x1_to_xn","low_dw_x1_to_xn","up_dw_x1_to_xn_tails","low_dw_x1_to_xn_tails","up_t_test","low_t_test","up_anderson","low_anderson","up_cheby","low_cheby","up_emp_bern","low_emp_bern","up_hoeffding","low_hoeffding","up_PI_emp_bern","low_PI_emp_bern","up_PI_hedged","low_PI_hedged"
"1",69,0.642963073301583,0.37614146591347,0.642955306074618,0.376153434566862,0.697560379192523,0.376153434566862,0.59313231049736,0.426935329228493,0.632330172084286,0.377738480950482,0.727125591682976,0.200208626249618,0.732916382989672,0.287151256736181,0.632421161396967,0.387646478328886,0.671091870068326,0.353829733096089,0.62,0.39
