"","simul_idx","up_dw","low_dw","up_dw_x1_to_xn","low_dw_x1_to_xn","up_dw_x1_to_xn_tails","low_dw_x1_to_xn_tails","up_t_test","low_t_test","up_anderson","low_anderson","up_cheby","low_cheby","up_emp_bern","low_emp_bern","up_hoeffding","low_hoeffding","up_PI_emp_bern","low_PI_emp_bern","up_PI_hedged","low_PI_hedged"
"1",197,0.780530585426933,0.21845243207774,0.780377234435445,0.218495511548355,0.977411482116395,0.218495511548355,0.696838537918644,0.30187628410407,0.77276873882331,0.176188583711753,0.860086582587795,-0.19427670123932,1.2625903239735,-0.263875501950784,0.773023826266955,0.225690995755758,0.907781623868825,0.115182726237832,0.75,0.25
