"","simul_idx","up_dw","low_dw","up_dw_x1_to_xn","low_dw_x1_to_xn","up_dw_x1_to_xn_tails","low_dw_x1_to_xn_tails","up_t_test","low_t_test","up_anderson","low_anderson","up_cheby","low_cheby","up_emp_bern","low_emp_bern","up_hoeffding","low_hoeffding","up_PI_emp_bern","low_PI_emp_bern","up_PI_hedged","low_PI_hedged"
"1",408,0.574425847201922,0.453121069728659,0.574424109252072,0.453122630434248,0.58770364744423,0.453122630434248,0.550635978034873,0.47717943178692,0.568618265711456,0.457196707428284,0.624375381860049,0.383286784631905,0.591695029196691,0.436120380625102,0.568640987962016,0.459174421859777,0.577206262771047,0.456954220639554,0.56,0.47
