"","simul_idx","up_dw","low_dw","up_dw_x1_to_xn","low_dw_x1_to_xn","up_dw_x1_to_xn_tails","low_dw_x1_to_xn_tails","up_t_test","low_t_test","up_anderson","low_anderson","up_cheby","low_cheby","up_emp_bern","low_emp_bern","up_hoeffding","low_hoeffding","up_PI_emp_bern","low_PI_emp_bern","up_PI_hedged","low_PI_hedged"
"1",452,0.944638682407192,0.445489754518929,0.944564634153238,0.445647312014905,1.14177323142093,0.445647312014905,0.919959465059964,0.57768706705636,0.998631171736875,0.425375623336554,0.956080118952662,0.0423509024582214,1.47067232893994,0.0269742031763822,1.02248968131376,0.475156850802564,1.1227116445776,0.387164986064812,0.92,0.49
