"","simul_idx","up_dw","low_dw","up_dw_x1_to_xn","low_dw_x1_to_xn","up_dw_x1_to_xn_tails","low_dw_x1_to_xn_tails","up_t_test","low_t_test","up_anderson","low_anderson","up_cheby","low_cheby","up_emp_bern","low_emp_bern","up_hoeffding","low_hoeffding","up_PI_emp_bern","low_PI_emp_bern","up_PI_hedged","low_PI_hedged"
"1",487,0.54486438591528,0.423565796955885,0.544863219789199,0.423566508722463,0.55814152586193,0.423566508722463,0.520780405634998,0.447343004504499,0.538777673188499,0.427349920916483,0.597466612139787,0.35167398603619,0.561833251208709,0.406290158930788,0.538794988120868,0.429328422018628,0.541768244143076,0.42232422495376,0.53,0.44
