"","simul_idx","up_dw","low_dw","up_dw_x1_to_xn","low_dw_x1_to_xn","up_dw_x1_to_xn_tails","low_dw_x1_to_xn_tails","up_t_test","low_t_test","up_anderson","low_anderson","up_cheby","low_cheby","up_emp_bern","low_emp_bern","up_hoeffding","low_hoeffding","up_PI_emp_bern","low_PI_emp_bern","up_PI_hedged","low_PI_hedged"
"1",475,0.542355605582731,0.371874269047075,0.542353886302234,0.371877268097927,0.567137560464099,0.371877268097927,0.508207693896794,0.4043879428204,0.533669190437468,0.374930654100179,0.614137610038206,0.263358194497557,0.576267260469129,0.336328376248064,0.533702369562696,0.378893267154498,0.548799134727618,0.370390771769145,0.53,0.39
