"","simul_idx","up_dw","low_dw","up_dw_x1_to_xn","low_dw_x1_to_xn","up_dw_x1_to_xn_tails","low_dw_x1_to_xn_tails","up_t_test","low_t_test","up_anderson","low_anderson","up_cheby","low_cheby","up_emp_bern","low_emp_bern","up_hoeffding","low_hoeffding","up_PI_emp_bern","low_PI_emp_bern","up_PI_hedged","low_PI_hedged"
"1",229,0.854076208016525,0.301223531956878,0.854037567559584,0.301316189127825,1.05114732188504,0.301316189127825,0.793388541704031,0.406090287234947,0.873017582426558,0.276427716575774,0.903217583069651,-0.103565030443666,1.35695284237045,-0.157474013431474,0.873405829725087,0.32607299921389,0.977312792151049,0.192980737745565,0.83,0.34
