"","simul_idx","up_dw","low_dw","up_dw_x1_to_xn","low_dw_x1_to_xn","up_dw_x1_to_xn_tails","low_dw_x1_to_xn_tails","up_t_test","low_t_test","up_anderson","low_anderson","up_cheby","low_cheby","up_emp_bern","low_emp_bern","up_hoeffding","low_hoeffding","up_PI_emp_bern","low_PI_emp_bern","up_PI_hedged","low_PI_hedged"
"1",288,0.630213127602755,0.261373346194578,0.630196425849807,0.261388037851045,0.726520255143082,0.261388037851045,0.558729654705727,0.321858905787979,0.613245513208136,0.247350067262648,0.740732442931968,-0.0069086425205464,0.807833976646404,0.0727545838473017,0.613376118507082,0.267212441986625,0.652501950903084,0.219425030054291,0.61,0.28
