"","simul_idx","up_dw","low_dw","up_dw_x1_to_xn","low_dw_x1_to_xn","up_dw_x1_to_xn_tails","low_dw_x1_to_xn_tails","up_t_test","low_t_test","up_anderson","low_anderson","up_cheby","low_cheby","up_emp_bern","low_emp_bern","up_hoeffding","low_hoeffding","up_PI_emp_bern","low_PI_emp_bern","up_PI_hedged","low_PI_hedged"
"1",322,0.74163357771089,0.181551144194757,0.741594974028684,0.181592862712495,0.938627148983704,0.181592862712495,0.647219893765762,0.253783526849516,0.723938596078265,0.127109764738247,0.8372077689588,-0.236538821881947,1.21253615586713,-0.311532735251847,0.724168125563238,0.176835295052041,0.859474555501535,0.0682444809150906,0.7,0.21
