"","simul_idx","up_dw","low_dw","up_dw_x1_to_xn","low_dw_x1_to_xn","up_dw_x1_to_xn_tails","low_dw_x1_to_xn_tails","up_t_test","low_t_test","up_anderson","low_anderson","up_cheby","low_cheby","up_emp_bern","low_emp_bern","up_hoeffding","low_hoeffding","up_PI_emp_bern","low_PI_emp_bern","up_PI_hedged","low_PI_hedged"
"1",435,0.670822788070942,0.404705516019862,0.6708018230004,0.404719986248051,0.72541058989171,0.404719986248051,0.622449201210276,0.456801088935653,0.661938712531807,0.40733760190765,0.749109149680651,0.232027477724739,0.762058765906609,0.317191524239319,0.662012486607005,0.417237803538923,0.694919602557905,0.378991896276592,0.65,0.42
