"","simul_idx","up_dw","low_dw","up_dw_x1_to_xn","low_dw_x1_to_xn","up_dw_x1_to_xn_tails","low_dw_x1_to_xn_tails","up_t_test","low_t_test","up_anderson","low_anderson","up_cheby","low_cheby","up_emp_bern","low_emp_bern","up_hoeffding","low_hoeffding","up_PI_emp_bern","low_PI_emp_bern","up_PI_hedged","low_PI_hedged"
"1",90,0.670866772561946,0.40470262629082,0.670853801760591,0.40470703580388,0.725447713208836,0.40470703580388,0.622502776037963,0.456793610440615,0.661956869071335,0.407347568068795,0.749126126739691,0.232052406422652,0.762131752070876,0.317164634407701,0.662035534773329,0.417260851705248,0.694541500519776,0.379395293059073,0.65,0.42
