"","simul_idx","up_dw","low_dw","up_dw_x1_to_xn","low_dw_x1_to_xn","up_dw_x1_to_xn_tails","low_dw_x1_to_xn_tails","up_t_test","low_t_test","up_anderson","low_anderson","up_cheby","low_cheby","up_emp_bern","low_emp_bern","up_hoeffding","low_hoeffding","up_PI_emp_bern","low_PI_emp_bern","up_PI_hedged","low_PI_hedged"
"1",487,0.585392057214092,0.414343483889425,0.585388699562445,0.414345690692056,0.610171198455403,0.414345690692056,0.551970722006901,0.44775854705472,0.577241039307586,0.418499324105648,0.651580528815887,0.309697614512595,0.620156882639393,0.379572386422228,0.57726918573491,0.422460083326712,0.592037034636611,0.4125270403364,0.57,0.43
