"","simul_idx","up_dw","low_dw","up_dw_x1_to_xn","low_dw_x1_to_xn","up_dw_x1_to_xn_tails","low_dw_x1_to_xn_tails","up_t_test","low_t_test","up_anderson","low_anderson","up_cheby","low_cheby","up_emp_bern","low_emp_bern","up_hoeffding","low_hoeffding","up_PI_emp_bern","low_PI_emp_bern","up_PI_hedged","low_PI_hedged"
"1",46,0.576477429457126,0.455181888734954,0.576476595796985,0.455183709476056,0.589756512825416,0.455183709476056,0.552699795681833,0.479266858417822,0.570695465214272,0.45926798969161,0.626239736596611,0.38549227722658,0.59375119436357,0.438215459736085,0.570716610100947,0.461250043998708,0.573309160110131,0.453594357156106,0.57,0.47
