"","simul_idx","up_dw","low_dw","up_dw_x1_to_xn","low_dw_x1_to_xn","up_dw_x1_to_xn_tails","low_dw_x1_to_xn_tails","up_t_test","low_t_test","up_anderson","low_anderson","up_cheby","low_cheby","up_emp_bern","low_emp_bern","up_hoeffding","low_hoeffding","up_PI_emp_bern","low_PI_emp_bern","up_PI_hedged","low_PI_hedged"
"1",109,0.554117213117246,0.383357423597385,0.554115317423166,0.383358923375893,0.578896749273,0.383358923375893,0.520138185557675,0.416129253671986,0.545505710943454,0.386759500097956,0.624360918683462,0.275896234421981,0.588258780951726,0.348008658277935,0.545538270818929,0.390729168410731,0.559782974900956,0.381166957896254,0.54,0.4
