"","simul_idx","up_dw","low_dw","up_dw_x1_to_xn","low_dw_x1_to_xn","up_dw_x1_to_xn_tails","low_dw_x1_to_xn_tails","up_t_test","low_t_test","up_anderson","low_anderson","up_cheby","low_cheby","up_emp_bern","low_emp_bern","up_hoeffding","low_hoeffding","up_PI_emp_bern","low_PI_emp_bern","up_PI_hedged","low_PI_hedged"
"1",8,0.698846315468204,0.14616453100992,0.69873723891192,0.146244988555632,0.89582841325566,0.146244988555632,0.593945088972412,0.20697189919987,0.673789933124608,0.0773339521362183,0.812587780971055,-0.278643122189534,1.15741660854088,-0.356499620368598,0.67412490934174,0.126792078830542,0.806511344108712,0.023561495763587,0.66,0.17
