"","simul_idx","up_dw","low_dw","up_dw_x1_to_xn","low_dw_x1_to_xn","up_dw_x1_to_xn_tails","low_dw_x1_to_xn_tails","up_t_test","low_t_test","up_anderson","low_anderson","up_cheby","low_cheby","up_emp_bern","low_emp_bern","up_hoeffding","low_hoeffding","up_PI_emp_bern","low_PI_emp_bern","up_PI_hedged","low_PI_hedged"
"1",101,0.738694627862661,0.369840885317962,0.738651824250913,0.369857719829104,0.834978847360947,0.369857719829104,0.678209963078129,0.441342453265331,0.732736868055382,0.366815336709089,0.817401697776882,0.115558649176002,0.927313280712166,0.192239135631295,0.732858046431959,0.386694369911502,0.772457647045062,0.336066635719077,0.72,0.39
