"","simul_idx","up_dw","low_dw","up_dw_x1_to_xn","low_dw_x1_to_xn","up_dw_x1_to_xn_tails","low_dw_x1_to_xn_tails","up_t_test","low_t_test","up_anderson","low_anderson","up_cheby","low_cheby","up_emp_bern","low_emp_bern","up_hoeffding","low_hoeffding","up_PI_emp_bern","low_PI_emp_bern","up_PI_hedged","low_PI_hedged"
"1",493,0.68966196626987,0.424423688900019,0.689645902969051,0.424432027348823,0.744245615802237,0.424432027348823,0.642295613221584,0.477330784400673,0.682129223024446,0.427504911946799,0.763889761123202,0.253952418533395,0.78168793429369,0.337938463328567,0.682200540345169,0.437425857277088,0.714266181205556,0.39980654004331,0.67,0.44
