"","simul_idx","up_dw","low_dw","up_dw_x1_to_xn","low_dw_x1_to_xn","up_dw_x1_to_xn_tails","low_dw_x1_to_xn_tails","up_t_test","low_t_test","up_anderson","low_anderson","up_cheby","low_cheby","up_emp_bern","low_emp_bern","up_hoeffding","low_hoeffding","up_PI_emp_bern","low_PI_emp_bern","up_PI_hedged","low_PI_hedged"
"1",113,0.569940236839814,0.398960095732704,0.569937376104416,0.398961848475314,0.594719203859923,0.398961848475314,0.536232171784305,0.432056881518905,0.561510698000485,0.40277346210099,0.638130217596035,0.292916949041667,0.60440643359375,0.363882619709459,0.561549077855704,0.406739975447506,0.575286756034513,0.396602034471885,0.56,0.41
