"","simul_idx","up_dw","low_dw","up_dw_x1_to_xn","low_dw_x1_to_xn","up_dw_x1_to_xn_tails","low_dw_x1_to_xn_tails","up_t_test","low_t_test","up_anderson","low_anderson","up_cheby","low_cheby","up_emp_bern","low_emp_bern","up_hoeffding","low_hoeffding","up_PI_emp_bern","low_PI_emp_bern","up_PI_hedged","low_PI_hedged"
"1",235,0.60565804625189,0.0823635450505479,0.60557281754208,0.0823768640407726,0.802561740127312,0.0823768640407726,0.48193294608562,0.119438425429908,0.574205185725304,0.00101434904030347,0.76013721468017,-0.359222967003152,1.03841767865066,-0.437046307135133,0.574352101013362,0.027019270502165,0.671184866026754,-0.0843859385922872,0.57,0.11
