"","simul_idx","up_dw","low_dw","up_dw_x1_to_xn","low_dw_x1_to_xn","up_dw_x1_to_xn_tails","low_dw_x1_to_xn_tails","up_t_test","low_t_test","up_anderson","low_anderson","up_cheby","low_cheby","up_emp_bern","low_emp_bern","up_hoeffding","low_hoeffding","up_PI_emp_bern","low_PI_emp_bern","up_PI_hedged","low_PI_hedged"
"1",107,0.818470251565059,0.258711326153017,0.818363697753078,0.258744358866965,1.01538264426276,0.258744358866965,0.746193344499564,0.353277222468781,0.82313574073954,0.226584144974037,0.882412473854691,-0.149432095875794,1.3113611164936,-0.211890549525257,0.823401698739771,0.276068868228574,0.931050000181303,0.141625343869752,0.79,0.29
