"","simul_idx","up_dw","low_dw","up_dw_x1_to_xn","low_dw_x1_to_xn","up_dw_x1_to_xn_tails","low_dw_x1_to_xn_tails","up_t_test","low_t_test","up_anderson","low_anderson","up_cheby","low_cheby","up_emp_bern","low_emp_bern","up_hoeffding","low_hoeffding","up_PI_emp_bern","low_PI_emp_bern","up_PI_hedged","low_PI_hedged"
"1",174,0.685411556944164,0.314345366903419,0.68538708723489,0.314383918633838,0.781746478764344,0.314383918633838,0.619158926050313,0.380576576172785,0.672806330323237,0.306932597565119,0.779823316977864,0.0532896015413845,0.868793941573437,0.13094156064966,0.672949589371777,0.32678591285132,0.723906558460947,0.285690924316961,0.66,0.33
