"","simul_idx","up_dw","low_dw","up_dw_x1_to_xn","low_dw_x1_to_xn","up_dw_x1_to_xn_tails","low_dw_x1_to_xn_tails","up_t_test","low_t_test","up_anderson","low_anderson","up_cheby","low_cheby","up_emp_bern","low_emp_bern","up_hoeffding","low_hoeffding","up_PI_emp_bern","low_PI_emp_bern","up_PI_hedged","low_PI_hedged"
"1",288,0.566540920157104,0.445192802149088,0.566539230406043,0.445194330102999,0.579818721063598,0.445194330102999,0.542666813463624,0.469182709419088,0.56063786280477,0.449213144351838,0.61719637787097,0.374812958288552,0.583734797050912,0.4281147258318,0.560658044492476,0.451191478390236,0.563029956868609,0.443464978873856,0.55,0.46
