"","simul_idx","up_dw","low_dw","up_dw_x1_to_xn","low_dw_x1_to_xn","up_dw_x1_to_xn_tails","low_dw_x1_to_xn_tails","up_t_test","low_t_test","up_anderson","low_anderson","up_cheby","low_cheby","up_emp_bern","low_emp_bern","up_hoeffding","low_hoeffding","up_PI_emp_bern","low_PI_emp_bern","up_PI_hedged","low_PI_hedged"
"1",298,0.680238611182573,0.414513857755965,0.680235367446811,0.414524726832379,0.734838816952182,0.414524726832379,0.632366040147352,0.46702606844054,0.67197815562054,0.41738614166333,0.756505138910967,0.242942232532572,0.771877634413758,0.327514474174135,0.672083395827987,0.427308712759905,0.704463075090834,0.389480441087025,0.67,0.44
