"","simul_idx","up_dw","low_dw","up_dw_x1_to_xn","low_dw_x1_to_xn","up_dw_x1_to_xn_tails","low_dw_x1_to_xn_tails","up_t_test","low_t_test","up_anderson","low_anderson","up_cheby","low_cheby","up_emp_bern","low_emp_bern","up_hoeffding","low_hoeffding","up_PI_emp_bern","low_PI_emp_bern","up_PI_hedged","low_PI_hedged"
"1",411,0.614371746009116,0.347635680621698,0.614361948798852,0.347642620096693,0.668959595936359,0.347642620096693,0.563095460836752,0.397013616098543,0.602376269268807,0.347736505773482,0.704486791260964,0.168339642316577,0.702842926739126,0.257266150196169,0.602441880001688,0.357667196933607,0.635705188957072,0.319654123907051,0.6,0.37
