"","simul_idx","up_dw","low_dw","up_dw_x1_to_xn","low_dw_x1_to_xn","up_dw_x1_to_xn_tails","low_dw_x1_to_xn_tails","up_t_test","low_t_test","up_anderson","low_anderson","up_cheby","low_cheby","up_emp_bern","low_emp_bern","up_hoeffding","low_hoeffding","up_PI_emp_bern","low_PI_emp_bern","up_PI_hedged","low_PI_hedged"
"1",165,0.544903430612909,0.423609463253216,0.544902903112399,0.423609776426403,0.558180630681074,0.423609776426403,0.520818517209401,0.447388814806334,0.538817396383443,0.427390905663036,0.597504572992993,0.351718301532237,0.561868867361942,0.406338464653793,0.538836949058987,0.429370382956748,0.546612833393755,0.427122007185923,0.53,0.44
