"","simul_idx","up_dw","low_dw","up_dw_x1_to_xn","low_dw_x1_to_xn","up_dw_x1_to_xn_tails","low_dw_x1_to_xn_tails","up_t_test","low_t_test","up_anderson","low_anderson","up_cheby","low_cheby","up_emp_bern","low_emp_bern","up_hoeffding","low_hoeffding","up_PI_emp_bern","low_PI_emp_bern","up_PI_hedged","low_PI_hedged"
"1",139,0.550209005216757,0.37956687469897,0.550206421497634,0.379569126052835,0.574988960014387,0.379569126052835,0.516174357640832,0.41225039065588,0.541581171608013,0.382855335268268,0.620977976575452,0.271738127556002,0.58426754376542,0.344157204531292,0.541616925352455,0.386807822944257,0.554590703446811,0.37562255638867,0.53,0.39
