"","simul_idx","up_dw","low_dw","up_dw_x1_to_xn","low_dw_x1_to_xn","up_dw_x1_to_xn_tails","low_dw_x1_to_xn_tails","up_t_test","low_t_test","up_anderson","low_anderson","up_cheby","low_cheby","up_emp_bern","low_emp_bern","up_hoeffding","low_hoeffding","up_PI_emp_bern","low_PI_emp_bern","up_PI_hedged","low_PI_hedged"
"1",317,0.542306750520174,0.37181134268603,0.542304987856647,0.371813378534485,0.567087213727239,0.371813378534485,0.508156443209117,0.404325643167935,0.533618591901453,0.374867975189983,0.614088480661417,0.263298140854979,0.576219574124499,0.336262512252552,0.533645594392625,0.378836491984427,0.548243123074756,0.369980220281305,0.53,0.39
