"","simul_idx","up_dw","low_dw","up_dw_x1_to_xn","low_dw_x1_to_xn","up_dw_x1_to_xn_tails","low_dw_x1_to_xn_tails","up_t_test","low_t_test","up_anderson","low_anderson","up_cheby","low_cheby","up_emp_bern","low_emp_bern","up_hoeffding","low_hoeffding","up_PI_emp_bern","low_PI_emp_bern","up_PI_hedged","low_PI_hedged"
"1",491,0.556727525338612,0.435384121934363,0.556726150353118,0.435385016089307,0.570004719767526,0.435385016089307,0.532753997132606,0.45927950736773,0.550730751530715,0.439307986861234,0.608267430067223,0.364314437089969,0.573818864402657,0.418214640097679,0.550750035301287,0.441283469199048,0.549194963433626,0.428476347287401,0.54,0.44
