"","simul_idx","up_dw","low_dw","up_dw_x1_to_xn","low_dw_x1_to_xn","up_dw_x1_to_xn_tails","low_dw_x1_to_xn_tails","up_t_test","low_t_test","up_anderson","low_anderson","up_cheby","low_cheby","up_emp_bern","low_emp_bern","up_hoeffding","low_hoeffding","up_PI_emp_bern","low_PI_emp_bern","up_PI_hedged","low_PI_hedged"
"1",398,0.605069308069828,0.338560122614534,0.605058406511829,0.338564094533189,0.659651671817262,0.338564094533189,0.55337072120849,0.387461377246161,0.592731929409422,0.338098706263873,0.69713297008308,0.158168937602967,0.693063342092255,0.247768756362397,0.592803390761367,0.348028707693285,0.626164443558902,0.310010701083312,0.59,0.36
