"","simul_idx","up_dw","low_dw","up_dw_x1_to_xn","low_dw_x1_to_xn","up_dw_x1_to_xn_tails","low_dw_x1_to_xn_tails","up_t_test","low_t_test","up_anderson","low_anderson","up_cheby","low_cheby","up_emp_bern","low_emp_bern","up_hoeffding","low_hoeffding","up_PI_emp_bern","low_PI_emp_bern","up_PI_hedged","low_PI_hedged"
"1",8,0.52705852078209,0.405945105028298,0.527057005990841,0.405945847126792,0.540335354830636,0.405945847126792,0.502841224082786,0.429532276535359,0.520899824888253,0.409474061880793,0.581263486392981,0.33282818087971,0.543852433451892,0.388521067166253,0.520920033360192,0.411453467257953,0.52413125526173,0.404967464433872,0.52,0.42
