"","simul_idx","up_dw","low_dw","up_dw_x1_to_xn","low_dw_x1_to_xn","up_dw_x1_to_xn_tails","low_dw_x1_to_xn_tails","up_t_test","low_t_test","up_anderson","low_anderson","up_cheby","low_cheby","up_emp_bern","low_emp_bern","up_hoeffding","low_hoeffding","up_PI_emp_bern","low_PI_emp_bern","up_PI_hedged","low_PI_hedged"
"1",76,0.526857612767857,0.405753239312059,0.526857356665254,0.405754891344172,0.54013702740543,0.405754891344172,0.502641317817022,0.429334683831304,0.520701269763972,0.409278179303269,0.581082968855449,0.332618993544871,0.54365177728156,0.388324224366765,0.520721283875283,0.411254717773043,0.526668956451993,0.407011204609755,0.51,0.42
