"","simul_idx","up_dw","low_dw","up_dw_x1_to_xn","low_dw_x1_to_xn","up_dw_x1_to_xn_tails","low_dw_x1_to_xn_tails","up_t_test","low_t_test","up_anderson","low_anderson","up_cheby","low_cheby","up_emp_bern","low_emp_bern","up_hoeffding","low_hoeffding","up_PI_emp_bern","low_PI_emp_bern","up_PI_hedged","low_PI_hedged"
"1",192,0.689617114584366,0.424373702480468,0.689606932219353,0.424391543946443,0.744220677010378,0.424391543946443,0.642254269778764,0.477272826731799,0.682070800076936,0.427445458712524,0.76385363307873,0.253898272839963,0.781651873189644,0.337875223320919,0.682150889789322,0.43737620672124,0.714171349977565,0.399813521211902,0.67,0.44
