"","simul_idx","up_dw","low_dw","up_dw_x1_to_xn","low_dw_x1_to_xn","up_dw_x1_to_xn_tails","low_dw_x1_to_xn_tails","up_t_test","low_t_test","up_anderson","low_anderson","up_cheby","low_cheby","up_emp_bern","low_emp_bern","up_hoeffding","low_hoeffding","up_PI_emp_bern","low_PI_emp_bern","up_PI_hedged","low_PI_hedged"
"1",446,0.569984806219591,0.399037497348871,0.569981825463002,0.399044178666673,0.594770839943319,0.399044178666673,0.536276652559327,0.43213506201932,0.561568522194462,0.402845201071147,0.638182826920918,0.292982283250858,0.604440042998993,0.363971671579654,0.561610408493423,0.406801306085225,0.577273229150944,0.397758359891392,0.56,0.41
