"","simul_idx","up_dw","low_dw","up_dw_x1_to_xn","low_dw_x1_to_xn","up_dw_x1_to_xn_tails","low_dw_x1_to_xn_tails","up_t_test","low_t_test","up_anderson","low_anderson","up_cheby","low_cheby","up_emp_bern","low_emp_bern","up_hoeffding","low_hoeffding","up_PI_emp_bern","low_PI_emp_bern","up_PI_hedged","low_PI_hedged"
"1",232,0.853566803169993,0.300583844378024,0.853540130567913,0.300608352657169,1.05054609439659,0.300608352657169,0.792500091067504,0.405513829272871,0.872420903197123,0.27570998298532,0.902923045520059,-0.104247098626476,1.35597534169805,-0.157961421357676,0.872673375425786,0.325340544914589,1.00134879013167,0.216197536786281,0.82,0.33
