"","simul_idx","up_dw","low_dw","up_dw_x1_to_xn","low_dw_x1_to_xn","up_dw_x1_to_xn_tails","low_dw_x1_to_xn_tails","up_t_test","low_t_test","up_anderson","low_anderson","up_cheby","low_cheby","up_emp_bern","low_emp_bern","up_hoeffding","low_hoeffding","up_PI_emp_bern","low_PI_emp_bern","up_PI_hedged","low_PI_hedged"
"1",208,0.652362228658037,0.385656121369865,0.652353012365782,0.385659109934705,0.706944825671391,0.385659109934705,0.602994897414791,0.436927255611975,0.642270554946276,0.387652865907623,0.734541708888172,0.210842066590706,0.742737847625847,0.297184305400919,0.642348418047424,0.397573734979342,0.680546055138377,0.364125415025198,0.63,0.4
