"","simul_idx","up_dw","low_dw","up_dw_x1_to_xn","low_dw_x1_to_xn","up_dw_x1_to_xn_tails","low_dw_x1_to_xn_tails","up_t_test","low_t_test","up_anderson","low_anderson","up_cheby","low_cheby","up_emp_bern","low_emp_bern","up_hoeffding","low_hoeffding","up_PI_emp_bern","low_PI_emp_bern","up_PI_hedged","low_PI_hedged"
"1",479,0.755895927428117,0.388845801841381,0.755880564338419,0.388859643734802,0.852203127102757,0.388859643734802,0.697410616841779,0.46187223440846,0.752575684357217,0.386704379652618,0.829447853809409,0.136621188899123,0.946101829442504,0.213181021807734,0.752723263885348,0.406559587364891,0.79107631260706,0.356802168437683,0.73,0.41
