"","simul_idx","up_dw","low_dw","up_dw_x1_to_xn","low_dw_x1_to_xn","up_dw_x1_to_xn_tails","low_dw_x1_to_xn_tails","up_t_test","low_t_test","up_anderson","low_anderson","up_cheby","low_cheby","up_emp_bern","low_emp_bern","up_hoeffding","low_hoeffding","up_PI_emp_bern","low_PI_emp_bern","up_PI_hedged","low_PI_hedged"
"1",315,0.59520849967677,0.329013756611962,0.595204164031642,0.329032133389829,0.649818699253092,0.329032133389829,0.543084822739608,0.377402515374576,0.582565943500753,0.327924065931605,0.689333134149562,0.147473536863332,0.682705259447155,0.237782078667029,0.582631010591133,0.337856327523051,0.61512764014754,0.300791811517965,0.58,0.34
