"","simul_idx","up_dw","low_dw","up_dw_x1_to_xn","low_dw_x1_to_xn","up_dw_x1_to_xn_tails","low_dw_x1_to_xn_tails","up_t_test","low_t_test","up_anderson","low_anderson","up_cheby","low_cheby","up_emp_bern","low_emp_bern","up_hoeffding","low_hoeffding","up_PI_emp_bern","low_PI_emp_bern","up_PI_hedged","low_PI_hedged"
"1",51,0.985564871231315,0.560754738899622,0.985525589178058,0.560845026452046,1.18263173458373,0.560845026452046,0.990065118024436,0.7076644314243,0.999200353216083,0.525386778280381,0.982090524852714,0.149729174779777,1.52368918949049,0.174040359958249,1.12253118997997,0.57519835946877,1.19935824433056,0.505544635357674,0.99,0.59
