"","simul_idx","up_dw","low_dw","up_dw_x1_to_xn","low_dw_x1_to_xn","up_dw_x1_to_xn_tails","low_dw_x1_to_xn_tails","up_t_test","low_t_test","up_anderson","low_anderson","up_cheby","low_cheby","up_emp_bern","low_emp_bern","up_hoeffding","low_hoeffding","up_PI_emp_bern","low_PI_emp_bern","up_PI_hedged","low_PI_hedged"
"1",178,0.698670318927738,0.145792948973263,0.698547557103289,0.145877757017292,0.895645357239018,0.145877757017292,0.593697420573811,0.206523179644624,0.673565277668862,0.0769098480482498,0.812412415020477,-0.278932014874854,1.15722632486371,-0.357005724645275,0.673776715364816,0.126443884853619,0.781141809169243,-0.000398494212568656,0.67,0.18
