"","simul_idx","up_dw","low_dw","up_dw_x1_to_xn","low_dw_x1_to_xn","up_dw_x1_to_xn_tails","low_dw_x1_to_xn_tails","up_t_test","low_t_test","up_anderson","low_anderson","up_cheby","low_cheby","up_emp_bern","low_emp_bern","up_hoeffding","low_hoeffding","up_PI_emp_bern","low_PI_emp_bern","up_PI_hedged","low_PI_hedged"
"1",182,0.534940455292305,0.413739298751024,0.534939738573255,0.413741440242273,0.548220119696746,0.413741440242273,0.510778679692768,0.437411255431633,0.528805866251485,0.417385110203263,0.58843992421447,0.341158051397688,0.551808843367066,0.396381091757334,0.52882825061332,0.419361684511081,0.537669561463518,0.417910957324805,0.52,0.43
