"","simul_idx","up_dw","low_dw","up_dw_x1_to_xn","low_dw_x1_to_xn","up_dw_x1_to_xn_tails","low_dw_x1_to_xn_tails","up_t_test","low_t_test","up_anderson","low_anderson","up_cheby","low_cheby","up_emp_bern","low_emp_bern","up_hoeffding","low_hoeffding","up_PI_emp_bern","low_PI_emp_bern","up_PI_hedged","low_PI_hedged"
"1",315,0.720868960563123,0.350793596846489,0.720829662901611,0.350811634780571,0.817158479652811,0.350811634780571,0.658379082410076,0.420629367161956,0.712483177802773,0.346595464360364,0.804890947422181,0.0942827605545123,0.907755933872339,0.171252515699693,0.712586063046245,0.366422386525788,0.762121972031617,0.325961223816958,0.7,0.37
