"","simul_idx","up_dw","low_dw","up_dw_x1_to_xn","low_dw_x1_to_xn","up_dw_x1_to_xn_tails","low_dw_x1_to_xn_tails","up_t_test","low_t_test","up_anderson","low_anderson","up_cheby","low_cheby","up_emp_bern","low_emp_bern","up_hoeffding","low_hoeffding","up_PI_emp_bern","low_PI_emp_bern","up_PI_hedged","low_PI_hedged"
"1",395,0.685564058740159,0.314475164250531,0.685535277984167,0.314486616830866,0.781854279597922,0.314486616830866,0.619284541563542,0.380757338853235,0.672989209650444,0.307091495722498,0.779921692018425,0.053446541662223,0.868902458330343,0.131139422086435,0.673102778468617,0.32693910194816,0.714587969280063,0.275617161232355,0.66,0.34
