"","simul_idx","up_dw","low_dw","up_dw_x1_to_xn","low_dw_x1_to_xn","up_dw_x1_to_xn_tails","low_dw_x1_to_xn_tails","up_t_test","low_t_test","up_anderson","low_anderson","up_cheby","low_cheby","up_emp_bern","low_emp_bern","up_hoeffding","low_hoeffding","up_PI_emp_bern","low_PI_emp_bern","up_PI_hedged","low_PI_hedged"
"1",385,0.81866401044809,0.258865811357309,0.818610766359537,0.258956077043781,1.01571687846345,0.258956077043781,0.746533320621419,0.353371292170125,0.823199003652396,0.226591011438424,0.882505755011227,-0.149236013150197,1.31177128008254,-0.211866667290996,0.823618721651371,0.276285891140174,0.956126085867197,0.165505513596703,0.79,0.29
