"","simul_idx","up_dw","low_dw","up_dw_x1_to_xn","low_dw_x1_to_xn","up_dw_x1_to_xn_tails","low_dw_x1_to_xn_tails","up_t_test","low_t_test","up_anderson","low_anderson","up_cheby","low_cheby","up_emp_bern","low_emp_bern","up_hoeffding","low_hoeffding","up_PI_emp_bern","low_PI_emp_bern","up_PI_hedged","low_PI_hedged"
"1",403,0.581626251934977,0.410585060288953,0.581624170852354,0.410587247676138,0.606406646119047,0.410587247676138,0.548125769160924,0.443929463030803,0.573400774174394,0.414662189100166,0.648303943460726,0.305595318262088,0.61630681058753,0.375748421604197,0.573432167299962,0.418623064891764,0.583294328528445,0.404850367555263,0.57,0.43
