"","simul_idx","up_dw","low_dw","up_dw_x1_to_xn","low_dw_x1_to_xn","up_dw_x1_to_xn_tails","low_dw_x1_to_xn_tails","up_t_test","low_t_test","up_anderson","low_anderson","up_cheby","low_cheby","up_emp_bern","low_emp_bern","up_hoeffding","low_hoeffding","up_PI_emp_bern","low_PI_emp_bern","up_PI_hedged","low_PI_hedged"
"1",90,0.538314342345535,0.367958104743377,0.538312879575531,0.367962453668885,0.563098513496386,0.367962453668885,0.504109353974547,0.400387435544973,0.52961042278892,0.370877524330383,0.61063138737593,0.259077064085147,0.572137360204251,0.332359429315269,0.529652945963859,0.374843843555661,0.537524954510179,0.357472613960139,0.52,0.38
