"","simul_idx","up_dw","low_dw","up_dw_x1_to_xn","low_dw_x1_to_xn","up_dw_x1_to_xn_tails","low_dw_x1_to_xn_tails","up_t_test","low_t_test","up_anderson","low_anderson","up_cheby","low_cheby","up_emp_bern","low_emp_bern","up_hoeffding","low_hoeffding","up_PI_emp_bern","low_PI_emp_bern","up_PI_hedged","low_PI_hedged"
"1",84,0.572421219972955,0.451123142786833,0.572418982918728,0.451126206171649,0.585700702045252,0.451126206171649,0.548606260529811,0.475168296863674,0.56659335996971,0.455180014839063,0.622559714463481,0.381140832000719,0.589659288440584,0.434115268952901,0.566620561747862,0.457153995645623,0.575238740623382,0.454895393876662,0.56,0.46
