"","simul_idx","up_dw","low_dw","up_dw_x1_to_xn","low_dw_x1_to_xn","up_dw_x1_to_xn_tails","low_dw_x1_to_xn_tails","up_t_test","low_t_test","up_anderson","low_anderson","up_cheby","low_cheby","up_emp_bern","low_emp_bern","up_hoeffding","low_hoeffding","up_PI_emp_bern","low_PI_emp_bern","up_PI_hedged","low_PI_hedged"
"1",267,0.577800216291422,0.406780394161205,0.577795765924016,0.40678204640503,0.60257742999606,0.40678204640503,0.544235507310625,0.440038690932917,0.569504854143852,0.410776636790827,0.644977423978533,0.301440074332565,0.612416713340655,0.371857484902887,0.56954165032587,0.414732547917672,0.580691501311846,0.401531830853099,0.57,0.42
