"","simul_idx","up_dw","low_dw","up_dw_x1_to_xn","low_dw_x1_to_xn","up_dw_x1_to_xn_tails","low_dw_x1_to_xn_tails","up_t_test","low_t_test","up_anderson","low_anderson","up_cheby","low_cheby","up_emp_bern","low_emp_bern","up_hoeffding","low_hoeffding","up_PI_emp_bern","low_PI_emp_bern","up_PI_hedged","low_PI_hedged"
"1",115,0.623947938633348,0.35719838254053,0.623929124176565,0.357214192668974,0.678539869536768,0.357214192668974,0.573128101307127,0.407068460750671,0.612391141244747,0.357813749134286,0.712111247222228,0.178976536466679,0.71286850759626,0.267328054461538,0.612485622562939,0.367710939494858,0.646047362108889,0.329315964692599,0.6,0.37
