"","simul_idx","up_dw","low_dw","up_dw_x1_to_xn","low_dw_x1_to_xn","up_dw_x1_to_xn_tails","low_dw_x1_to_xn_tails","up_t_test","low_t_test","up_anderson","low_anderson","up_cheby","low_cheby","up_emp_bern","low_emp_bern","up_hoeffding","low_hoeffding","up_PI_emp_bern","low_PI_emp_bern","up_PI_hedged","low_PI_hedged"
"1",211,0.7033596177015,0.332505223520704,0.703336344777777,0.33252168389422,0.79966281025456,0.33252168389422,0.639000422037065,0.400581618882899,0.692736533738279,0.326861879514065,0.792521523116666,0.0737968443166369,0.888584728780189,0.150997312139775,0.692872858720211,0.346709182199754,0.742369912917719,0.306701219297909,0.69,0.36
