"","simul_idx","up_dw","low_dw","up_dw_x1_to_xn","low_dw_x1_to_xn","up_dw_x1_to_xn_tails","low_dw_x1_to_xn_tails","up_t_test","low_t_test","up_anderson","low_anderson","up_cheby","low_cheby","up_emp_bern","low_emp_bern","up_hoeffding","low_hoeffding","up_PI_emp_bern","low_PI_emp_bern","up_PI_hedged","low_PI_hedged"
"1",368,0.81817998784581,0.258278583993782,0.818143767412557,0.258400145916222,1.01529754356195,0.258400145916222,0.745802987147675,0.352722890908092,0.822644315019932,0.225975882769815,0.882209362148471,-0.14985877677796,1.31101756123154,-0.212491683175776,0.822929354283482,0.275596523772285,0.931277887400576,0.140557152552855,0.79,0.3
