"","simul_idx","up_dw","low_dw","up_dw_x1_to_xn","low_dw_x1_to_xn","up_dw_x1_to_xn_tails","low_dw_x1_to_xn_tails","up_t_test","low_t_test","up_anderson","low_anderson","up_cheby","low_cheby","up_emp_bern","low_emp_bern","up_hoeffding","low_hoeffding","up_PI_emp_bern","low_PI_emp_bern","up_PI_hedged","low_PI_hedged"
"1",276,0.740638930941734,0.181111855401733,0.740508408488848,0.181274763409266,0.937725154564801,0.181274763409266,0.645897964876376,0.253272732244567,0.722939856327962,0.126612382589885,0.836767535427599,-0.237320404013637,1.21098271020493,-0.311812013083989,0.72325176381607,0.175918933304873,0.833713069681189,0.0436857519482696,0.71,0.21
