"","simul_idx","up_dw","low_dw","up_dw_x1_to_xn","low_dw_x1_to_xn","up_dw_x1_to_xn_tails","low_dw_x1_to_xn_tails","up_t_test","low_t_test","up_anderson","low_anderson","up_cheby","low_cheby","up_emp_bern","low_emp_bern","up_hoeffding","low_hoeffding","up_PI_emp_bern","low_PI_emp_bern","up_PI_hedged","low_PI_hedged"
"1",350,0.71717188384237,0.454036614185658,0.717154921015436,0.454055390839176,0.77177004668497,0.454055390839176,0.67140875881592,0.507927381291982,0.711968845905215,0.457368762379843,0.785406737017655,0.286717026716801,0.810329430334141,0.36900670977376,0.712055411587991,0.46728072851991,0.746794938720202,0.436618542104219,0.7,0.47
