"","simul_idx","up_dw","low_dw","up_dw_x1_to_xn","low_dw_x1_to_xn","up_dw_x1_to_xn_tails","low_dw_x1_to_xn_tails","up_t_test","low_t_test","up_anderson","low_anderson","up_cheby","low_cheby","up_emp_bern","low_emp_bern","up_hoeffding","low_hoeffding","up_PI_emp_bern","low_PI_emp_bern","up_PI_hedged","low_PI_hedged"
"1",415,0.703610074048495,0.332725818351813,0.703587226303807,0.332747965755645,0.799922168012293,0.332747965755645,0.639252268502256,0.400843627365177,0.693022142958979,0.327094371990704,0.792683998077929,0.074062581811598,0.888833424442489,0.151262471424944,0.693129786193945,0.346966109673488,0.744113005330494,0.305445355865984,0.68,0.35
