"","simul_idx","up_dw","low_dw","up_dw_x1_to_xn","low_dw_x1_to_xn","up_dw_x1_to_xn_tails","low_dw_x1_to_xn_tails","up_t_test","low_t_test","up_anderson","low_anderson","up_cheby","low_cheby","up_emp_bern","low_emp_bern","up_hoeffding","low_hoeffding","up_PI_emp_bern","low_PI_emp_bern","up_PI_hedged","low_PI_hedged"
"1",377,0.620520779557269,0.449867538625974,0.620520403918167,0.449869278486234,0.645302215893293,0.449869278486234,0.58784292945062,0.483896261247493,0.613242575836817,0.454516278873907,0.682118015847388,0.348400436746951,0.655943438879309,0.415795751818804,0.613274146553155,0.458465044144958,0.62791815143102,0.448516773506557,0.61,0.46
