"","simul_idx","up_dw","low_dw","up_dw_x1_to_xn","low_dw_x1_to_xn","up_dw_x1_to_xn_tails","low_dw_x1_to_xn_tails","up_t_test","low_t_test","up_anderson","low_anderson","up_cheby","low_cheby","up_emp_bern","low_emp_bern","up_hoeffding","low_hoeffding","up_PI_emp_bern","low_PI_emp_bern","up_PI_hedged","low_PI_hedged"
"1",494,0.556114708962016,0.292190976721997,0.556112174017073,0.292198487486351,0.610710664708586,0.292198487486351,0.502554032423926,0.338494860530406,0.542822665017751,0.288235244033761,0.658508904514809,0.106080998170947,0.641658408292405,0.199390484661927,0.542911788011207,0.298137104943125,0.574383866133785,0.262489304964568,0.54,0.31
