"","simul_idx","up_dw","low_dw","up_dw_x1_to_xn","low_dw_x1_to_xn","up_dw_x1_to_xn_tails","low_dw_x1_to_xn_tails","up_t_test","low_t_test","up_anderson","low_anderson","up_cheby","low_cheby","up_emp_bern","low_emp_bern","up_hoeffding","low_hoeffding","up_PI_emp_bern","low_PI_emp_bern","up_PI_hedged","low_PI_hedged"
"1",151,0.685528036232273,0.314360470584725,0.685516215492804,0.314365862552915,0.781826184069991,0.314365862552915,0.619259526113412,0.380618594172336,0.672925111059078,0.306984440057075,0.779869111652369,0.0533626552524205,0.868912705405956,0.130965414879792,0.673020898403103,0.326857221882645,0.724405424638238,0.28533719781797,0.66,0.33
