"","simul_idx","up_dw","low_dw","up_dw_x1_to_xn","low_dw_x1_to_xn","up_dw_x1_to_xn_tails","low_dw_x1_to_xn_tails","up_t_test","low_t_test","up_anderson","low_anderson","up_cheby","low_cheby","up_emp_bern","low_emp_bern","up_hoeffding","low_hoeffding","up_PI_emp_bern","low_PI_emp_bern","up_PI_hedged","low_PI_hedged"
"1",230,0.568549863470485,0.447210466466417,0.568548584291947,0.447211430148628,0.581827255985932,0.447211430148628,0.544693904472981,0.471221090566032,0.562672072604239,0.45124706203562,0.61902569211228,0.376969401063223,0.585758228540095,0.430156766498918,0.562690780570626,0.453224214468387,0.565817294335478,0.446224879476253,0.56,0.46
