"","simul_idx","up_dw","low_dw","up_dw_x1_to_xn","low_dw_x1_to_xn","up_dw_x1_to_xn_tails","low_dw_x1_to_xn_tails","up_t_test","low_t_test","up_anderson","low_anderson","up_cheby","low_cheby","up_emp_bern","low_emp_bern","up_hoeffding","low_hoeffding","up_PI_emp_bern","low_PI_emp_bern","up_PI_hedged","low_PI_hedged"
"1",416,0.853852819192291,0.301126118545816,0.853712464463595,0.301276488783821,1.05091011556539,0.301276488783821,0.793167457351506,0.405907761588572,0.87283427747036,0.276296088496665,0.903136463486792,-0.103752984193406,1.35672075245771,-0.157645533517632,0.873204024725638,0.32587119421444,1.00185083622831,0.216680290609,0.83,0.33
