"","simul_idx","up_dw","low_dw","up_dw_x1_to_xn","low_dw_x1_to_xn","up_dw_x1_to_xn_tails","low_dw_x1_to_xn_tails","up_t_test","low_t_test","up_anderson","low_anderson","up_cheby","low_cheby","up_emp_bern","low_emp_bern","up_hoeffding","low_hoeffding","up_PI_emp_bern","low_PI_emp_bern","up_PI_hedged","low_PI_hedged"
"1",443,0.592164950464935,0.471019492034592,0.59216353658692,0.471020779223063,0.605442677806208,0.471020779223063,0.568560353113062,0.495221062886506,0.586602697834801,0.475176653285585,0.640496774320669,0.402426182541653,0.609581397583426,0.454200018416142,0.586623991050904,0.477157424948664,0.593246577220072,0.474012770803295,0.58,0.48
