"","simul_idx","up_dw","low_dw","up_dw_x1_to_xn","low_dw_x1_to_xn","up_dw_x1_to_xn_tails","low_dw_x1_to_xn_tails","up_t_test","low_t_test","up_anderson","low_anderson","up_cheby","low_cheby","up_emp_bern","low_emp_bern","up_hoeffding","low_hoeffding","up_PI_emp_bern","low_PI_emp_bern","up_PI_hedged","low_PI_hedged"
"1",388,0.780455529911767,0.21838689827902,0.780257696711225,0.218414549593434,0.977268447370373,0.218414549593434,0.696886073912849,0.301654356144197,0.772802958788926,0.176244798841304,0.860046804199038,-0.194353184161007,1.26271477130807,-0.264174341251026,0.772936630284122,0.225603799772924,0.90686967135682,0.116010081326919,0.74,0.24
