"","simul_idx","up_dw","low_dw","up_dw_x1_to_xn","low_dw_x1_to_xn","up_dw_x1_to_xn_tails","low_dw_x1_to_xn_tails","up_t_test","low_t_test","up_anderson","low_anderson","up_cheby","low_cheby","up_emp_bern","low_emp_bern","up_hoeffding","low_hoeffding","up_PI_emp_bern","low_PI_emp_bern","up_PI_hedged","low_PI_hedged"
"1",204,0.661752118550107,0.39526206878057,0.661744611981938,0.395269052942307,0.716342325102962,0.395269052942307,0.612847490210078,0.446993959103511,0.652262166768568,0.397614984742514,0.741940577406088,0.221551649242629,0.752522365915032,0.307319083398557,0.652308066190835,0.407533383122754,0.690238330392547,0.374264016418816,0.64,0.41
