"","simul_idx","up_dw","low_dw","up_dw_x1_to_xn","low_dw_x1_to_xn","up_dw_x1_to_xn_tails","low_dw_x1_to_xn_tails","up_t_test","low_t_test","up_anderson","low_anderson","up_cheby","low_cheby","up_emp_bern","low_emp_bern","up_hoeffding","low_hoeffding","up_PI_emp_bern","low_PI_emp_bern","up_PI_hedged","low_PI_hedged"
"1",397,0.566506846233936,0.445152333460928,0.566506320869955,0.445154178806419,0.579786272178188,0.445154178806419,0.542631039542133,0.469143072714845,0.560599953586633,0.449176216352234,0.617162437562312,0.374772966611195,0.583700275189575,0.428073837067403,0.560620339179609,0.451153773077369,0.567809098320202,0.447958090102717,0.55,0.46
