"","simul_idx","up_dw","low_dw","up_dw_x1_to_xn","low_dw_x1_to_xn","up_dw_x1_to_xn_tails","low_dw_x1_to_xn_tails","up_t_test","low_t_test","up_anderson","low_anderson","up_cheby","low_cheby","up_emp_bern","low_emp_bern","up_hoeffding","low_hoeffding","up_PI_emp_bern","low_PI_emp_bern","up_PI_hedged","low_PI_hedged"
"1",167,0.781032069332614,0.218900447695029,0.780880784112571,0.218945393809475,0.977917874684807,0.218945393809475,0.697630086618145,0.302300210429423,0.773343112189729,0.176710683876972,0.860363722739622,-0.19374352470791,1.26348680073153,-0.263556503683962,0.773631563779383,0.226298733268186,0.908227756831364,0.116057017480658,0.75,0.25
