"","simul_idx","up_dw","low_dw","up_dw_x1_to_xn","low_dw_x1_to_xn","up_dw_x1_to_xn_tails","low_dw_x1_to_xn_tails","up_t_test","low_t_test","up_anderson","low_anderson","up_cheby","low_cheby","up_emp_bern","low_emp_bern","up_hoeffding","low_hoeffding","up_PI_emp_bern","low_PI_emp_bern","up_PI_hedged","low_PI_hedged"
"1",229,0.721367682508612,0.351201930673281,0.721358873687749,0.351210980942569,0.817674294778116,0.351210980942569,0.658963679975504,0.421041121676183,0.712987303361211,0.34703853464863,0.805200968228917,0.0948030331474883,0.908394122607787,0.171610679043899,0.713084239086072,0.366920562565615,0.753681430039154,0.315634223344384,0.7,0.38
