"","simul_idx","up_dw","low_dw","up_dw_x1_to_xn","low_dw_x1_to_xn","up_dw_x1_to_xn_tails","low_dw_x1_to_xn_tails","up_t_test","low_t_test","up_anderson","low_anderson","up_cheby","low_cheby","up_emp_bern","low_emp_bern","up_hoeffding","low_hoeffding","up_PI_emp_bern","low_PI_emp_bern","up_PI_hedged","low_PI_hedged"
"1",95,0.670966411254958,0.404833696496467,0.670957896200087,0.404851169206317,0.725571096493473,0.404851169206317,0.62258214236064,0.456956083271815,0.662058854990565,0.407460158649411,0.749215191159864,0.232183195778731,0.762184695451494,0.317353530180961,0.662156454350268,0.417381771282187,0.699977784706235,0.384132493803746,0.65,0.42
