"","simul_idx","up_dw","low_dw","up_dw_x1_to_xn","low_dw_x1_to_xn","up_dw_x1_to_xn_tails","low_dw_x1_to_xn_tails","up_t_test","low_t_test","up_anderson","low_anderson","up_cheby","low_cheby","up_emp_bern","low_emp_bern","up_hoeffding","low_hoeffding","up_PI_emp_bern","low_PI_emp_bern","up_PI_hedged","low_PI_hedged"
"1",353,0.57056402317969,0.449249279508556,0.570560872899199,0.449250922190414,0.583840530068754,0.449250922190414,0.54672578670817,0.473282593428859,0.56471225840224,0.453292473407729,0.620866678537907,0.37914153728271,0.587780509715638,0.432227870421391,0.564737473119634,0.455270907017395,0.56731210517535,0.447821933421494,0.56,0.46
