"","simul_idx","up_dw","low_dw","up_dw_x1_to_xn","low_dw_x1_to_xn","up_dw_x1_to_xn_tails","low_dw_x1_to_xn_tails","up_t_test","low_t_test","up_anderson","low_anderson","up_cheby","low_cheby","up_emp_bern","low_emp_bern","up_hoeffding","low_hoeffding","up_PI_emp_bern","low_PI_emp_bern","up_PI_hedged","low_PI_hedged"
"1",199,0.569762205668625,0.398797583226496,0.56975581447657,0.398799501934525,0.59453789280278,0.398799501934525,0.536051076002141,0.431888221182984,0.561344640455532,0.402614252889883,0.637980201758749,0.292730660919256,0.604221326196273,0.363717970988852,0.561374199796661,0.406565097388464,0.569637577811655,0.390437136216759,0.55,0.41
