"","simul_idx","up_dw","low_dw","up_dw_x1_to_xn","low_dw_x1_to_xn","up_dw_x1_to_xn_tails","low_dw_x1_to_xn_tails","up_t_test","low_t_test","up_anderson","low_anderson","up_cheby","low_cheby","up_emp_bern","low_emp_bern","up_hoeffding","low_hoeffding","up_PI_emp_bern","low_PI_emp_bern","up_PI_hedged","low_PI_hedged"
"1",264,0.744494349152912,0.484327820768658,0.744487755547993,0.484354992623409,0.799115277397351,0.484354992623409,0.700386213290959,0.539059187455933,0.741994573808906,0.487389981043566,0.80663087015539,0.320137675978148,0.838621928710481,0.40082347203641,0.742110041907487,0.497335358839405,0.774671986621031,0.468546714615221,0.72,0.5
