"","simul_idx","up_dw","low_dw","up_dw_x1_to_xn","low_dw_x1_to_xn","up_dw_x1_to_xn_tails","low_dw_x1_to_xn_tails","up_t_test","low_t_test","up_anderson","low_anderson","up_cheby","low_cheby","up_emp_bern","low_emp_bern","up_hoeffding","low_hoeffding","up_PI_emp_bern","low_PI_emp_bern","up_PI_hedged","low_PI_hedged"
"1",44,0.581603955482653,0.41054266140086,0.581601845207499,0.410543828366841,0.606382800078918,0.410543828366841,0.54810918834572,0.443880579100884,0.573369561437564,0.414623962669058,0.648275974015471,0.305560340837033,0.616300650602198,0.375689116844405,0.573399434927401,0.418590332519203,0.583540837805159,0.404141806558199,0.57,0.42
