"","simul_idx","up_dw","low_dw","up_dw_x1_to_xn","low_dw_x1_to_xn","up_dw_x1_to_xn_tails","low_dw_x1_to_xn_tails","up_t_test","low_t_test","up_anderson","low_anderson","up_cheby","low_cheby","up_emp_bern","low_emp_bern","up_hoeffding","low_hoeffding","up_PI_emp_bern","low_PI_emp_bern","up_PI_hedged","low_PI_hedged"
"1",184,0.633442704169574,0.366556459270011,0.633440809761225,0.366563289635184,0.688038295789435,0.366563289635184,0.583063624917218,0.416936578822353,0.622314663541662,0.367682204935021,0.719588799219568,0.189502295089134,0.722825462170877,0.277174741568695,0.622387443403827,0.377612760335745,0.660795297260107,0.344166848683064,0.61,0.38
