"","simul_idx","up_dw","low_dw","up_dw_x1_to_xn","low_dw_x1_to_xn","up_dw_x1_to_xn_tails","low_dw_x1_to_xn_tails","up_t_test","low_t_test","up_anderson","low_anderson","up_cheby","low_cheby","up_emp_bern","low_emp_bern","up_hoeffding","low_hoeffding","up_PI_emp_bern","low_PI_emp_bern","up_PI_hedged","low_PI_hedged"
"1",366,0.535962028493514,0.273674682514321,0.535935900296325,0.273676786203323,0.590526407012645,0.273676786203323,0.48177608175513,0.318887690768194,0.522669605976301,0.268063521556517,0.642620690752628,0.0852554660867576,0.620508218714646,0.180155553808679,0.522719227795703,0.277944544727621,0.552744835550321,0.243947502558116,0.52,0.29
