"","simul_idx","up_dw","low_dw","up_dw_x1_to_xn","low_dw_x1_to_xn","up_dw_x1_to_xn_tails","low_dw_x1_to_xn_tails","up_t_test","low_t_test","up_anderson","low_anderson","up_cheby","low_cheby","up_emp_bern","low_emp_bern","up_hoeffding","low_hoeffding","up_PI_emp_bern","low_PI_emp_bern","up_PI_hedged","low_PI_hedged"
"1",149,0.698878042660057,0.14602020262848,0.698729293972211,0.146063246186553,0.8957634869585,0.146063246186553,0.594055834907514,0.206728959838953,0.673760900011659,0.0771245588807316,0.812554495982083,-0.278697966151105,1.15762830456513,-0.356843509818663,0.674058812628832,0.126725982117635,0.78216696264593,-0.000839475904243436,0.67,0.18
