"","simul_idx","up_dw","low_dw","up_dw_x1_to_xn","low_dw_x1_to_xn","up_dw_x1_to_xn_tails","low_dw_x1_to_xn_tails","up_t_test","low_t_test","up_anderson","low_anderson","up_cheby","low_cheby","up_emp_bern","low_emp_bern","up_hoeffding","low_hoeffding","up_PI_emp_bern","low_PI_emp_bern","up_PI_hedged","low_PI_hedged"
"1",41,0.522951691648627,0.401895279328561,0.522949475373428,0.401895630787774,0.53622725850906,0.401895630787774,0.498706926079414,0.425436649341426,0.516791413759488,0.405364876239848,0.577524422297111,0.328498690860577,0.539705600915068,0.384437974505772,0.51680507076154,0.407338504659301,0.520153146559039,0.400642235318825,0.51,0.41
