"","simul_idx","up_dw","low_dw","up_dw_x1_to_xn","low_dw_x1_to_xn","up_dw_x1_to_xn_tails","low_dw_x1_to_xn_tails","up_t_test","low_t_test","up_anderson","low_anderson","up_cheby","low_cheby","up_emp_bern","low_emp_bern","up_hoeffding","low_hoeffding","up_PI_emp_bern","low_PI_emp_bern","up_PI_hedged","low_PI_hedged"
"1",240,0.66157570118583,0.395109718751636,0.661565839895716,0.395115341557315,0.71616154286665,0.395115341557315,0.612693016702677,0.446806847743341,0.652060259280681,0.397456450804517,0.741814052574234,0.221367642376691,0.752378269309609,0.307121595136408,0.65213727375705,0.407362590688968,0.689911646869944,0.374248950401337,0.64,0.41
