"","simul_idx","up_dw","low_dw","up_dw_x1_to_xn","low_dw_x1_to_xn","up_dw_x1_to_xn_tails","low_dw_x1_to_xn_tails","up_t_test","low_t_test","up_anderson","low_anderson","up_cheby","low_cheby","up_emp_bern","low_emp_bern","up_hoeffding","low_hoeffding","up_PI_emp_bern","low_PI_emp_bern","up_PI_hedged","low_PI_hedged"
"1",343,0.534912402786852,0.413694255043312,0.534911480441638,0.413695337882743,0.548190325076108,0.413695337882743,0.510755125324291,0.437360992899058,0.528771739424902,0.417342786025711,0.588406459884584,0.341119146216739,0.551793946029077,0.396322172194272,0.528791342162794,0.419324776060555,0.536356983149374,0.416700687321068,0.52,0.42
