"","simul_idx","up_dw","low_dw","up_dw_x1_to_xn","low_dw_x1_to_xn","up_dw_x1_to_xn_tails","low_dw_x1_to_xn_tails","up_t_test","low_t_test","up_anderson","low_anderson","up_cheby","low_cheby","up_emp_bern","low_emp_bern","up_hoeffding","low_hoeffding","up_PI_emp_bern","low_PI_emp_bern","up_PI_hedged","low_PI_hedged"
"1",373,0.585601314481409,0.414531966814188,0.585599015104469,0.414533438597203,0.610380416683725,0.414533438597203,0.552179685685626,0.447957882627279,0.577441558005295,0.418688455570248,0.651754743249763,0.309915995512646,0.620368952298988,0.379768616013917,0.577473335360551,0.422664232952354,0.597286938502352,0.417733795404274,0.58,0.43
