"","simul_idx","up_dw","low_dw","up_dw_x1_to_xn","low_dw_x1_to_xn","up_dw_x1_to_xn_tails","low_dw_x1_to_xn_tails","up_t_test","low_t_test","up_anderson","low_anderson","up_cheby","low_cheby","up_emp_bern","low_emp_bern","up_hoeffding","low_hoeffding","up_PI_emp_bern","low_PI_emp_bern","up_PI_hedged","low_PI_hedged"
"1",10,0.649472791267631,0.279386133817807,0.649454275999366,0.279420709605251,0.745807741586453,0.279420709605251,0.579662639854514,0.341904732311308,0.633714200233182,0.267806585312896,0.754361289221744,0.0136115209164417,0.829042031393892,0.09252534077193,0.63386552434314,0.287701847822683,0.673624549695195,0.238839962221929,0.63,0.3
