"","simul_idx","up_dw","low_dw","up_dw_x1_to_xn","low_dw_x1_to_xn","up_dw_x1_to_xn_tails","low_dw_x1_to_xn_tails","up_t_test","low_t_test","up_anderson","low_anderson","up_cheby","low_cheby","up_emp_bern","low_emp_bern","up_hoeffding","low_hoeffding","up_PI_emp_bern","low_PI_emp_bern","up_PI_hedged","low_PI_hedged"
"1",325,0.741401111254876,0.181390955537242,0.741328760377581,0.181510505547566,0.938479472392661,0.181510505547566,0.647073980427527,0.253421551000351,0.723628630380847,0.12680756712465,0.837085810522273,-0.236755456237021,1.21245191184335,-0.311956380415472,0.723914180969538,0.17658135045834,0.834910643320859,0.0436894014721722,0.71,0.21
