"","simul_idx","up_dw","low_dw","up_dw_x1_to_xn","low_dw_x1_to_xn","up_dw_x1_to_xn_tails","low_dw_x1_to_xn_tails","up_t_test","low_t_test","up_anderson","low_anderson","up_cheby","low_cheby","up_emp_bern","low_emp_bern","up_hoeffding","low_hoeffding","up_PI_emp_bern","low_PI_emp_bern","up_PI_hedged","low_PI_hedged"
"1",152,0.854154142249662,0.301302042437361,0.854075421348599,0.301368802933636,1.05114573513939,0.301368802933636,0.793316957152056,0.406365691960205,0.873122453125556,0.276433655338757,0.903258538894653,-0.103470106153145,1.35678221893034,-0.157099569818075,0.873507739811729,0.326174909300532,1.00157117072102,0.217579021173946,0.82,0.33
