"","simul_idx","up_dw","low_dw","up_dw_x1_to_xn","low_dw_x1_to_xn","up_dw_x1_to_xn_tails","low_dw_x1_to_xn_tails","up_t_test","low_t_test","up_anderson","low_anderson","up_cheby","low_cheby","up_emp_bern","low_emp_bern","up_hoeffding","low_hoeffding","up_PI_emp_bern","low_PI_emp_bern","up_PI_hedged","low_PI_hedged"
"1",489,0.519085925082323,0.398105121030192,0.519084935048962,0.398105525118699,0.532362837387841,0.398105525118699,0.494819791263246,0.421602707350367,0.512924071854704,0.401500239135134,0.574013534453845,0.324439895559501,0.535801224482926,0.380621274130687,0.512944532357926,0.403477966255687,0.51985461177109,0.400551827566435,0.51,0.41
