"","simul_idx","up_dw","low_dw","up_dw_x1_to_xn","low_dw_x1_to_xn","up_dw_x1_to_xn_tails","low_dw_x1_to_xn_tails","up_t_test","low_t_test","up_anderson","low_anderson","up_cheby","low_cheby","up_emp_bern","low_emp_bern","up_hoeffding","low_hoeffding","up_PI_emp_bern","low_PI_emp_bern","up_PI_hedged","low_PI_hedged"
"1",154,0.565844035054225,0.394911452569938,0.565841922100749,0.394914602296175,0.59062574729504,0.394914602296175,0.532055734994262,0.427931077502323,0.557364393753523,0.398624035776225,0.634566980592846,0.288497262192332,0.600213662913837,0.359773149582748,0.557397957452391,0.402588855044193,0.568471927454249,0.389515577134641,0.55,0.41
