"","simul_idx","up_dw","low_dw","up_dw_x1_to_xn","low_dw_x1_to_xn","up_dw_x1_to_xn_tails","low_dw_x1_to_xn_tails","up_t_test","low_t_test","up_anderson","low_anderson","up_cheby","low_cheby","up_emp_bern","low_emp_bern","up_hoeffding","low_hoeffding","up_PI_emp_bern","low_PI_emp_bern","up_PI_hedged","low_PI_hedged"
"1",491,0.780773755956941,0.218868937934379,0.780572526351647,0.21899323405731,0.977730466677742,0.21899323405731,0.697252833490902,0.302298774894776,0.773153033200071,0.176688573054006,0.860277398068091,-0.193909659144306,1.26300228043796,-0.263450672052283,0.773442219448438,0.22610938893724,0.883070641035453,0.0923180427870601,0.76,0.26
