"","simul_idx","up_dw","low_dw","up_dw_x1_to_xn","low_dw_x1_to_xn","up_dw_x1_to_xn_tails","low_dw_x1_to_xn_tails","up_t_test","low_t_test","up_anderson","low_anderson","up_cheby","low_cheby","up_emp_bern","low_emp_bern","up_hoeffding","low_hoeffding","up_PI_emp_bern","low_PI_emp_bern","up_PI_hedged","low_PI_hedged"
"1",170,0.530359807581367,0.360222683812569,0.530357986884019,0.360226366269866,0.555142593575597,0.360226366269866,0.496050923927125,0.392477080947998,0.521638775941419,0.362897824168261,0.603705488087124,0.250648362754341,0.564031161726724,0.324496843148399,0.521668553641661,0.366859451233463,0.531702238168424,0.354214521136401,0.52,0.37
