"","simul_idx","up_dw","low_dw","up_dw_x1_to_xn","low_dw_x1_to_xn","up_dw_x1_to_xn_tails","low_dw_x1_to_xn_tails","up_t_test","low_t_test","up_anderson","low_anderson","up_cheby","low_cheby","up_emp_bern","low_emp_bern","up_hoeffding","low_hoeffding","up_PI_emp_bern","low_PI_emp_bern","up_PI_hedged","low_PI_hedged"
"1",350,0.542209570893401,0.371725019667988,0.542206277215497,0.371728162182123,0.566990153247883,0.371728162182123,0.508066974042339,0.40422804442696,0.533520484603744,0.374782733722086,0.614007540876242,0.263199207651931,0.576132727519365,0.336162290949934,0.533552060438749,0.378742958030551,0.54859316000262,0.369931983540773,0.53,0.39
