"","simul_idx","up_dw","low_dw","up_dw_x1_to_xn","low_dw_x1_to_xn","up_dw_x1_to_xn_tails","low_dw_x1_to_xn_tails","up_t_test","low_t_test","up_anderson","low_anderson","up_cheby","low_cheby","up_emp_bern","low_emp_bern","up_hoeffding","low_hoeffding","up_PI_emp_bern","low_PI_emp_bern","up_PI_hedged","low_PI_hedged"
"1",483,0.566586014461283,0.445241624664532,0.566584112804222,0.445242833045038,0.579863139644475,0.445242833045038,0.54270670747982,0.469237602497096,0.560685488163891,0.449258836025049,0.617239038583571,0.374863226099679,0.583769829357597,0.428174480619319,0.560705438039578,0.451238871937338,0.563894657440395,0.444408723474322,0.56,0.46
