"","simul_idx","up_dw","low_dw","up_dw_x1_to_xn","low_dw_x1_to_xn","up_dw_x1_to_xn_tails","low_dw_x1_to_xn_tails","up_t_test","low_t_test","up_anderson","low_anderson","up_cheby","low_cheby","up_emp_bern","low_emp_bern","up_hoeffding","low_hoeffding","up_PI_emp_bern","low_PI_emp_bern","up_PI_hedged","low_PI_hedged"
"1",59,0.667479027221058,0.296745440380334,0.667462200215193,0.2967841101651,0.763821767698693,0.2967841101651,0.599430099785478,0.361090829188435,0.653151860356608,0.287348255140095,0.767139291612417,0.0332948158658442,0.848989746915379,0.111531182058535,0.653342302747185,0.307178626226728,0.694860566678799,0.256192236784168,0.65,0.32
