"","simul_idx","up_dw","low_dw","up_dw_x1_to_xn","low_dw_x1_to_xn","up_dw_x1_to_xn_tails","low_dw_x1_to_xn_tails","up_t_test","low_t_test","up_anderson","low_anderson","up_cheby","low_cheby","up_emp_bern","low_emp_bern","up_hoeffding","low_hoeffding","up_PI_emp_bern","low_PI_emp_bern","up_PI_hedged","low_PI_hedged"
"1",353,0.570044644472248,0.399101874866239,0.570040336156025,0.399107010104808,0.594827091289065,0.399107010104808,0.536327976554256,0.432214388970418,0.561624943213523,0.40289736513402,0.638238861864861,0.293051874216556,0.604482333374573,0.364060032150102,0.561675733966436,0.406866631558238,0.577023862153601,0.397978121556999,0.56,0.41
