"","simul_idx","up_dw","low_dw","up_dw_x1_to_xn","low_dw_x1_to_xn","up_dw_x1_to_xn_tails","low_dw_x1_to_xn_tails","up_t_test","low_t_test","up_anderson","low_anderson","up_cheby","low_cheby","up_emp_bern","low_emp_bern","up_hoeffding","low_hoeffding","up_PI_emp_bern","low_PI_emp_bern","up_PI_hedged","low_PI_hedged"
"1",158,0.685595598558119,0.314466924528608,0.685578025020171,0.314483415261298,0.781904535745771,0.314483415261298,0.619359916140318,0.380705397935905,0.673009097662366,0.307119686115826,0.779929215870629,0.0534585458595569,0.86901730794672,0.131048006129503,0.67311449529834,0.326950818777883,0.714629631683117,0.275542028156125,0.66,0.34
