"","simul_idx","up_dw","low_dw","up_dw_x1_to_xn","low_dw_x1_to_xn","up_dw_x1_to_xn_tails","low_dw_x1_to_xn_tails","up_t_test","low_t_test","up_anderson","low_anderson","up_cheby","low_cheby","up_emp_bern","low_emp_bern","up_hoeffding","low_hoeffding","up_PI_emp_bern","low_PI_emp_bern","up_PI_hedged","low_PI_hedged"
"1",483,0.741319733189616,0.181339009402318,0.74123474616618,0.181393049041252,0.938285686140791,0.181393049041252,0.646859260602054,0.253478263057554,0.723618432205823,0.1268848707064,0.837047862131682,-0.23682284635861,1.21215971898447,-0.311822195324864,0.723835177085403,0.176502346574205,0.859246665291981,0.0678543263364986,0.7,0.2
