"","simul_idx","up_dw","low_dw","up_dw_x1_to_xn","low_dw_x1_to_xn","up_dw_x1_to_xn_tails","low_dw_x1_to_xn_tails","up_t_test","low_t_test","up_anderson","low_anderson","up_cheby","low_cheby","up_emp_bern","low_emp_bern","up_hoeffding","low_hoeffding","up_PI_emp_bern","low_PI_emp_bern","up_PI_hedged","low_PI_hedged"
"1",355,0.781518473851404,0.219519815517064,0.781501106735272,0.219627879561481,0.978634325669012,0.219627879561481,0.69803849243809,0.303270967073025,0.773874159348876,0.177323901078856,0.860677958905234,-0.193138319231157,1.26373469842061,-0.262425238909491,0.774321145011157,0.226988314499959,0.907583905486871,0.118045628493062,0.74,0.24
