"","simul_idx","up_dw","low_dw","up_dw_x1_to_xn","low_dw_x1_to_xn","up_dw_x1_to_xn_tails","low_dw_x1_to_xn_tails","up_t_test","low_t_test","up_anderson","low_anderson","up_cheby","low_cheby","up_emp_bern","low_emp_bern","up_hoeffding","low_hoeffding","up_PI_emp_bern","low_PI_emp_bern","up_PI_hedged","low_PI_hedged"
"1",7,0.667330952156961,0.296641705085514,0.66726526043976,0.296671046033309,0.763610923762515,0.296671046033309,0.599236990213785,0.361008241202935,0.65304209645079,0.287253206649192,0.76704947272615,0.0331548867877834,0.848762369370079,0.111482862046641,0.653204453968588,0.307040777448131,0.694465667120588,0.256317948319735,0.65,0.32
