"","simul_idx","up_dw","low_dw","up_dw_x1_to_xn","low_dw_x1_to_xn","up_dw_x1_to_xn_tails","low_dw_x1_to_xn_tails","up_t_test","low_t_test","up_anderson","low_anderson","up_cheby","low_cheby","up_emp_bern","low_emp_bern","up_hoeffding","low_hoeffding","up_PI_emp_bern","low_PI_emp_bern","up_PI_hedged","low_PI_hedged"
"1",374,0.554781919991865,0.433432673309396,0.554781006179011,0.433433235190029,0.568059094712692,0.433433235190029,0.530784700726277,0.457313595494884,0.548764835164856,0.437337631624303,0.606491815921372,0.362232003903296,0.571848470953138,0.416249825268024,0.5487824311617,0.439315865059461,0.551732224723141,0.432282951658333,0.54,0.45
