"","simul_idx","up_dw","low_dw","up_dw_x1_to_xn","low_dw_x1_to_xn","up_dw_x1_to_xn_tails","low_dw_x1_to_xn_tails","up_t_test","low_t_test","up_anderson","low_anderson","up_cheby","low_cheby","up_emp_bern","low_emp_bern","up_hoeffding","low_hoeffding","up_PI_emp_bern","low_PI_emp_bern","up_PI_hedged","low_PI_hedged"
"1",170,0.685306101545369,0.314241235132266,0.685267100679331,0.314281617704545,0.781629220986187,0.314281617704545,0.619031482504774,0.380471353344347,0.67271256532923,0.306833953785613,0.77974860251111,0.0531704273631573,0.868659608342604,0.130843227506517,0.672833256184789,0.326669579664332,0.724142123478132,0.285187765344947,0.66,0.34
