"","simul_idx","up_dw","low_dw","up_dw_x1_to_xn","low_dw_x1_to_xn","up_dw_x1_to_xn_tails","low_dw_x1_to_xn_tails","up_t_test","low_t_test","up_anderson","low_anderson","up_cheby","low_cheby","up_emp_bern","low_emp_bern","up_hoeffding","low_hoeffding","up_PI_emp_bern","low_PI_emp_bern","up_PI_hedged","low_PI_hedged"
"1",234,0.806346530908927,0.44789009642285,0.806304505007849,0.447901271057296,0.902623092357281,0.447901271057296,0.754051919388274,0.524977286254092,0.812454297977463,0.446557455741304,0.864386280744613,0.201471390624025,1.00073900231613,0.278290203326233,0.812596441081411,0.466432764560954,0.844849635891512,0.421587047947025,0.79,0.47
