"","simul_idx","up_dw","low_dw","up_dw_x1_to_xn","low_dw_x1_to_xn","up_dw_x1_to_xn_tails","low_dw_x1_to_xn_tails","up_t_test","low_t_test","up_anderson","low_anderson","up_cheby","low_cheby","up_emp_bern","low_emp_bern","up_hoeffding","low_hoeffding","up_PI_emp_bern","low_PI_emp_bern","up_PI_hedged","low_PI_hedged"
"1",475,0.582229450782111,0.460986985676602,0.582229000769743,0.460987931932164,0.595507647171318,0.460987931932164,0.558511651437115,0.485120337771124,0.576526344012369,0.465102320014546,0.631473728504524,0.391694888366299,0.599549558485516,0.444082430722724,0.57654927765524,0.467082711553,0.583333851310742,0.463805022798333,0.57,0.47
