"","simul_idx","up_dw","low_dw","up_dw_x1_to_xn","low_dw_x1_to_xn","up_dw_x1_to_xn_tails","low_dw_x1_to_xn_tails","up_t_test","low_t_test","up_anderson","low_anderson","up_cheby","low_cheby","up_emp_bern","low_emp_bern","up_hoeffding","low_hoeffding","up_PI_emp_bern","low_PI_emp_bern","up_PI_hedged","low_PI_hedged"
"1",198,0.781004425248363,0.219103436133114,0.780942913032256,0.219218375337191,0.978086602807381,0.219218375337191,0.697406985998735,0.302719925558216,0.773340602131535,0.176919348120346,0.860408535208975,-0.193657260837674,1.26308022540221,-0.262953313845261,0.773729871034074,0.226397040522877,0.908312683614547,0.11609577438157,0.74,0.24
