"","simul_idx","up_dw","low_dw","up_dw_x1_to_xn","low_dw_x1_to_xn","up_dw_x1_to_xn_tails","low_dw_x1_to_xn_tails","up_t_test","low_t_test","up_anderson","low_anderson","up_cheby","low_cheby","up_emp_bern","low_emp_bern","up_hoeffding","low_hoeffding","up_PI_emp_bern","low_PI_emp_bern","up_PI_hedged","low_PI_hedged"
"1",387,0.6048110284073,0.433886487894595,0.604809712967151,0.433890459443329,0.629594783573228,0.433890459443329,0.571800342976209,0.467653782155316,0.597096009660717,0.438366421124692,0.668474139774407,0.331000980544366,0.63996533680465,0.399488788326875,0.597131613769861,0.442322511361663,0.610726376519419,0.431935930427709,0.59,0.45
