"","simul_idx","up_dw","low_dw","up_dw_x1_to_xn","low_dw_x1_to_xn","up_dw_x1_to_xn_tails","low_dw_x1_to_xn_tails","up_t_test","low_t_test","up_anderson","low_anderson","up_cheby","low_cheby","up_emp_bern","low_emp_bern","up_hoeffding","low_hoeffding","up_PI_emp_bern","low_PI_emp_bern","up_PI_hedged","low_PI_hedged"
"1",361,0.78062738490594,0.218945487314548,0.780433613278068,0.219048288584385,0.977558817026621,0.219048288584385,0.696902094890894,0.302566544402816,0.773001793432272,0.176734675068303,0.860258482273882,-0.193946056078075,1.26247500509937,-0.263006365805656,0.773400734902454,0.226067904391257,0.905037469226097,0.118698341876091,0.75,0.25
