"","simul_idx","up_dw","low_dw","up_dw_x1_to_xn","low_dw_x1_to_xn","up_dw_x1_to_xn_tails","low_dw_x1_to_xn_tails","up_t_test","low_t_test","up_anderson","low_anderson","up_cheby","low_cheby","up_emp_bern","low_emp_bern","up_hoeffding","low_hoeffding","up_PI_emp_bern","low_PI_emp_bern","up_PI_hedged","low_PI_hedged"
"1",498,0.532038262024702,0.177532596208555,0.532016969132639,0.177549214147542,0.628343669452804,0.177549214147542,0.453834494771652,0.227698390112989,0.51373403925508,0.147820095086378,0.671965132333469,-0.104021061596267,0.699610466850404,-0.0180775819657616,0.51384828070255,0.167684604182092,0.546284176840408,0.128518677600243,0.52,0.2
