"","simul_idx","up_dw","low_dw","up_dw_x1_to_xn","low_dw_x1_to_xn","up_dw_x1_to_xn_tails","low_dw_x1_to_xn_tails","up_t_test","low_t_test","up_anderson","low_anderson","up_cheby","low_cheby","up_emp_bern","low_emp_bern","up_hoeffding","low_hoeffding","up_PI_emp_bern","low_PI_emp_bern","up_PI_hedged","low_PI_hedged"
"1",401,0.661639411849096,0.395137394043186,0.661633771593971,0.395142038183991,0.71622804155836,0.395142038183991,0.612749419062657,0.44684966941948,0.652106263501988,0.397478056430265,0.741850806961025,0.221421091659101,0.75243898952181,0.307160098960328,0.65218688577511,0.407412202707028,0.6903879144804,0.373871603541912,0.64,0.41
