"","simul_idx","up_dw","low_dw","up_dw_x1_to_xn","low_dw_x1_to_xn","up_dw_x1_to_xn_tails","low_dw_x1_to_xn_tails","up_t_test","low_t_test","up_anderson","low_anderson","up_cheby","low_cheby","up_emp_bern","low_emp_bern","up_hoeffding","low_hoeffding","up_PI_emp_bern","low_PI_emp_bern","up_PI_hedged","low_PI_hedged"
"1",470,0.818280341592888,0.258573663360538,0.818220234014518,0.25873867686818,1.01544018675894,0.25873867686818,0.745859673276206,0.35316801090054,0.822748921437618,0.226217762425204,0.882317267351384,-0.149632144566887,1.31096337921364,-0.211935695036897,0.823180257343971,0.275847426832774,0.930336550576445,0.141991027778083,0.8,0.3
