"","simul_idx","up_dw","low_dw","up_dw_x1_to_xn","low_dw_x1_to_xn","up_dw_x1_to_xn_tails","low_dw_x1_to_xn_tails","up_t_test","low_t_test","up_anderson","low_anderson","up_cheby","low_cheby","up_emp_bern","low_emp_bern","up_hoeffding","low_hoeffding","up_PI_emp_bern","low_PI_emp_bern","up_PI_hedged","low_PI_hedged"
"1",83,0.642835688390278,0.376069861848357,0.642828560664023,0.376084484645483,0.697437552835456,0.376084484645483,0.592962579665861,0.426897873716264,0.632213370900407,0.377633662813842,0.727047988066783,0.20009787864424,0.732704596449669,0.287155856932456,0.632317568225103,0.387542885157022,0.670335581064618,0.354399889220397,0.62,0.39
