"","simul_idx","up_dw","low_dw","up_dw_x1_to_xn","low_dw_x1_to_xn","up_dw_x1_to_xn_tails","low_dw_x1_to_xn_tails","up_t_test","low_t_test","up_anderson","low_anderson","up_cheby","low_cheby","up_emp_bern","low_emp_bern","up_hoeffding","low_hoeffding","up_PI_emp_bern","low_PI_emp_bern","up_PI_hedged","low_PI_hedged"
"1",355,0.572223418099274,0.210329379826355,0.572214926966587,0.210351148974804,0.668549304904512,0.210351148974804,0.496383353309214,0.264759797125915,0.553535728752228,0.187640764234292,0.699962431305059,-0.0656764726091174,0.743860747259388,0.0172824031757416,0.553653413477793,0.207489736957336,0.590919750377328,0.162730094691256,0.55,0.23
