"","simul_idx","up_dw","low_dw","up_dw_x1_to_xn","low_dw_x1_to_xn","up_dw_x1_to_xn_tails","low_dw_x1_to_xn_tails","up_t_test","low_t_test","up_anderson","low_anderson","up_cheby","low_cheby","up_emp_bern","low_emp_bern","up_hoeffding","low_hoeffding","up_PI_emp_bern","low_PI_emp_bern","up_PI_hedged","low_PI_hedged"
"1",288,0.652393947923625,0.38567815171036,0.652385620164075,0.385692039924354,0.706993527665309,0.385692039924354,0.603044216493049,0.436936055428204,0.642287336839536,0.387667280023091,0.734563357465364,0.210873253372139,0.742800049426915,0.297180222494338,0.642377477494667,0.397602794426586,0.679678130916944,0.365047288459462,0.65,0.41
