"","simul_idx","up_dw","low_dw","up_dw_x1_to_xn","low_dw_x1_to_xn","up_dw_x1_to_xn_tails","low_dw_x1_to_xn_tails","up_t_test","low_t_test","up_anderson","low_anderson","up_cheby","low_cheby","up_emp_bern","low_emp_bern","up_hoeffding","low_hoeffding","up_PI_emp_bern","low_PI_emp_bern","up_PI_hedged","low_PI_hedged"
"1",393,0.685475822119804,0.314455109062927,0.685419936100551,0.314502820203944,0.78179297926929,0.314502820203944,0.6192179016347,0.380702838106273,0.672910179477275,0.307065675147118,0.779882796287236,0.0533844868302421,0.868832054565145,0.131088685175829,0.673042208130715,0.326878531610258,0.714512643634679,0.275560694891243,0.66,0.34
