"","simul_idx","up_dw","low_dw","up_dw_x1_to_xn","low_dw_x1_to_xn","up_dw_x1_to_xn_tails","low_dw_x1_to_xn_tails","up_t_test","low_t_test","up_anderson","low_anderson","up_cheby","low_cheby","up_emp_bern","low_emp_bern","up_hoeffding","low_hoeffding","up_PI_emp_bern","low_PI_emp_bern","up_PI_hedged","low_PI_hedged"
"1",196,0.585499205262374,0.414451013085168,0.585497399243451,0.414454367580017,0.610281568555875,0.414454367580017,0.552077718613981,0.4478727233382,0.577342334581212,0.418603709806043,0.65167490104756,0.309815908521845,0.620261563117302,0.37968887883488,0.57737977218019,0.422570669771992,0.592128735797244,0.413451266237649,0.57,0.43
