"","simul_idx","up_dw","low_dw","up_dw_x1_to_xn","low_dw_x1_to_xn","up_dw_x1_to_xn_tails","low_dw_x1_to_xn_tails","up_t_test","low_t_test","up_anderson","low_anderson","up_cheby","low_cheby","up_emp_bern","low_emp_bern","up_hoeffding","low_hoeffding","up_PI_emp_bern","low_PI_emp_bern","up_PI_hedged","low_PI_hedged"
"1",466,0.581436660554018,0.410393410171714,0.581436098610503,0.410398229517427,0.606222430892809,0.410398229517427,0.547936356359099,0.443729736757636,0.573205839335445,0.414469782729346,0.648137681522691,0.305387408012632,0.616120724862095,0.375545368254641,0.573237597762467,0.418428495354269,0.583285243573172,0.404245273729798,0.57,0.42
