"","simul_idx","up_dw","low_dw","up_dw_x1_to_xn","low_dw_x1_to_xn","up_dw_x1_to_xn_tails","low_dw_x1_to_xn_tails","up_t_test","low_t_test","up_anderson","low_anderson","up_cheby","low_cheby","up_emp_bern","low_emp_bern","up_hoeffding","low_hoeffding","up_PI_emp_bern","low_PI_emp_bern","up_PI_hedged","low_PI_hedged"
"1",132,0.585328081397809,0.319582736508236,0.585310440852201,0.319593729770345,0.63991407372759,0.319593729770345,0.532796582635066,0.367463953145934,0.572449256134592,0.317831198789229,0.681539764198672,0.136878904693147,0.672305842511593,0.227954693269408,0.572517609424541,0.32774292635646,0.609951512383005,0.295768530520865,0.57,0.34
