"","simul_idx","up_dw","low_dw","up_dw_x1_to_xn","low_dw_x1_to_xn","up_dw_x1_to_xn_tails","low_dw_x1_to_xn_tails","up_t_test","low_t_test","up_anderson","low_anderson","up_cheby","low_cheby","up_emp_bern","low_emp_bern","up_hoeffding","low_hoeffding","up_PI_emp_bern","low_PI_emp_bern","up_PI_hedged","low_PI_hedged"
"1",192,0.703484505496931,0.332622600174784,0.703475163532505,0.332644844138808,0.799810249159084,0.332644844138808,0.639097841065561,0.400743080354787,0.692896538730396,0.327004070104476,0.79260338223803,0.0739307189455931,0.888662291011153,0.151178630409194,0.693002298970402,0.346838622449945,0.73288761133318,0.29668863745476,0.68,0.35
