"","simul_idx","up_dw","low_dw","up_dw_x1_to_xn","low_dw_x1_to_xn","up_dw_x1_to_xn_tails","low_dw_x1_to_xn_tails","up_t_test","low_t_test","up_anderson","low_anderson","up_cheby","low_cheby","up_emp_bern","low_emp_bern","up_hoeffding","low_hoeffding","up_PI_emp_bern","low_PI_emp_bern","up_PI_hedged","low_PI_hedged"
"1",166,0.917628664114186,0.394472576528784,0.917569885586606,0.394628496942812,1.11477598958487,0.394628496942812,0.880427250257174,0.51834716842844,0.972503908713613,0.375934301708859,0.94021489600647,-0.00769861688272755,1.43679369224865,-0.0380192735630326,0.973053624598405,0.425720794087208,1.06143221886123,0.303324940765678,0.9,0.44
