"","simul_idx","up_dw","low_dw","up_dw_x1_to_xn","low_dw_x1_to_xn","up_dw_x1_to_xn_tails","low_dw_x1_to_xn_tails","up_t_test","low_t_test","up_anderson","low_anderson","up_cheby","low_cheby","up_emp_bern","low_emp_bern","up_hoeffding","low_hoeffding","up_PI_emp_bern","low_PI_emp_bern","up_PI_hedged","low_PI_hedged"
"1",179,0.698501942931992,0.145661982757591,0.698398777968159,0.14572392117779,0.895461747755872,0.14572392117779,0.593516172501944,0.206315559264723,0.673410647119778,0.07684846883664,0.812314465258072,-0.279093310746961,1.15705260406786,-0.357220872301195,0.673582281138932,0.126249450627735,0.806977029447195,0.0219947062448489,0.66,0.17
