"","simul_idx","up_dw","low_dw","up_dw_x1_to_xn","low_dw_x1_to_xn","up_dw_x1_to_xn_tails","low_dw_x1_to_xn_tails","up_t_test","low_t_test","up_anderson","low_anderson","up_cheby","low_cheby","up_emp_bern","low_emp_bern","up_hoeffding","low_hoeffding","up_PI_emp_bern","low_PI_emp_bern","up_PI_hedged","low_PI_hedged"
"1",195,0.652480425186216,0.38574111562341,0.652469903152327,0.385749816878462,0.707070151697686,0.385749816878462,0.60310977308185,0.437026215954836,0.642378236822291,0.38774201365032,0.734621358443955,0.210956813407578,0.742857783422331,0.297278205614355,0.642455336052384,0.397680652984302,0.675487749196918,0.35947666768733,0.63,0.4
