"","simul_idx","up_dw","low_dw","up_dw_x1_to_xn","low_dw_x1_to_xn","up_dw_x1_to_xn_tails","low_dw_x1_to_xn_tails","up_t_test","low_t_test","up_anderson","low_anderson","up_cheby","low_cheby","up_emp_bern","low_emp_bern","up_hoeffding","low_hoeffding","up_PI_emp_bern","low_PI_emp_bern","up_PI_hedged","low_PI_hedged"
"1",450,0.539008925731294,0.417757707559096,0.539007990968761,0.417758034011741,0.552285737810762,0.417758034011741,0.514877310445038,0.441474513486543,0.532887847413304,0.421461890792939,0.592138374667039,0.345461452716863,0.555918939621734,0.400432884309846,0.53290919501691,0.42344262891467,0.540966336510636,0.421400776229411,0.53,0.43
