"","simul_idx","up_dw","low_dw","up_dw_x1_to_xn","low_dw_x1_to_xn","up_dw_x1_to_xn_tails","low_dw_x1_to_xn_tails","up_t_test","low_t_test","up_anderson","low_anderson","up_cheby","low_cheby","up_emp_bern","low_emp_bern","up_hoeffding","low_hoeffding","up_PI_emp_bern","low_PI_emp_bern","up_PI_hedged","low_PI_hedged"
"1",187,0.542953149509904,0.421671096018189,0.542952273076814,0.42167120245701,0.556229700598695,0.42167120245701,0.518847951892201,0.445434439367599,0.536854367514086,0.425427325015532,0.595728800280763,0.349646093111197,0.55989305435078,0.40438933690902,0.53687447868102,0.42740791257878,0.540017816637949,0.420520566749071,0.53,0.43
