"","simul_idx","up_dw","low_dw","up_dw_x1_to_xn","low_dw_x1_to_xn","up_dw_x1_to_xn_tails","low_dw_x1_to_xn_tails","up_t_test","low_t_test","up_anderson","low_anderson","up_cheby","low_cheby","up_emp_bern","low_emp_bern","up_hoeffding","low_hoeffding","up_PI_emp_bern","low_PI_emp_bern","up_PI_hedged","low_PI_hedged"
"1",499,0.570547671520334,0.449224964690774,0.570547045201056,0.449227084230146,0.583827355770339,0.449227084230146,0.546710356516384,0.473255826739134,0.56469474666868,0.453272581612119,0.620847705185544,0.379119141143396,0.587768754071003,0.432197429184516,0.564716374678879,0.455249808576639,0.567385968157684,0.447382638144289,0.56,0.46
