"","simul_idx","up_dw","low_dw","up_dw_x1_to_xn","low_dw_x1_to_xn","up_dw_x1_to_xn_tails","low_dw_x1_to_xn_tails","up_t_test","low_t_test","up_anderson","low_anderson","up_cheby","low_cheby","up_emp_bern","low_emp_bern","up_hoeffding","low_hoeffding","up_PI_emp_bern","low_PI_emp_bern","up_PI_hedged","low_PI_hedged"
"1",392,0.526392054069656,0.356433658027973,0.526390752029545,0.356438225680529,0.551176677726496,0.356438225680529,0.492031244615453,0.388605415100527,0.517682789679052,0.3589598935901,0.600276795556596,0.246489223401077,0.559963733981415,0.320672925734566,0.517722881062089,0.362913778653891,0.527655893400042,0.350311227573003,0.51,0.37
