"","simul_idx","up_dw","low_dw","up_dw_x1_to_xn","low_dw_x1_to_xn","up_dw_x1_to_xn_tails","low_dw_x1_to_xn_tails","up_t_test","low_t_test","up_anderson","low_anderson","up_cheby","low_cheby","up_emp_bern","low_emp_bern","up_hoeffding","low_hoeffding","up_PI_emp_bern","low_PI_emp_bern","up_PI_hedged","low_PI_hedged"
"1",176,0.703128895097195,0.332349819832136,0.703087201795793,0.332382983985981,0.799438563414236,0.332382983985981,0.638707653252992,0.400450892611999,0.692517967647797,0.326664118246514,0.792387594152228,0.073577860735264,0.888241717606771,0.15091682825822,0.692661111192724,0.346497434672267,0.742365094680215,0.306298159769066,0.68,0.35
