"","simul_idx","up_dw","low_dw","up_dw_x1_to_xn","low_dw_x1_to_xn","up_dw_x1_to_xn_tails","low_dw_x1_to_xn_tails","up_t_test","low_t_test","up_anderson","low_anderson","up_cheby","low_cheby","up_emp_bern","low_emp_bern","up_hoeffding","low_hoeffding","up_PI_emp_bern","low_PI_emp_bern","up_PI_hedged","low_PI_hedged"
"1",360,0.652532577438836,0.385810189490105,0.652523017729495,0.385817698133565,0.70712150528934,0.385817698133565,0.603163613260869,0.437097273565863,0.642447062013213,0.387810750036807,0.734667878111949,0.211023837185081,0.742906149478848,0.297354737347884,0.642517784947407,0.397743101879325,0.680945221068635,0.364063731389736,0.63,0.4
