"","simul_idx","up_dw","low_dw","up_dw_x1_to_xn","low_dw_x1_to_xn","up_dw_x1_to_xn_tails","low_dw_x1_to_xn_tails","up_t_test","low_t_test","up_anderson","low_anderson","up_cheby","low_cheby","up_emp_bern","low_emp_bern","up_hoeffding","low_hoeffding","up_PI_emp_bern","low_PI_emp_bern","up_PI_hedged","low_PI_hedged"
"1",387,0.55277172987409,0.431438155381651,0.552770068074893,0.431440250243417,0.56605041623247,0.431440250243417,0.528761095457797,0.455293510870133,0.54673881729861,0.435316018897753,0.60466641907356,0.360092998894999,0.569823724523476,0.414230881804454,0.546760586215085,0.437294020112846,0.549764481732027,0.430310030886719,0.54,0.44
