"","simul_idx","up_dw","low_dw","up_dw_x1_to_xn","low_dw_x1_to_xn","up_dw_x1_to_xn_tails","low_dw_x1_to_xn_tails","up_t_test","low_t_test","up_anderson","low_anderson","up_cheby","low_cheby","up_emp_bern","low_emp_bern","up_hoeffding","low_hoeffding","up_PI_emp_bern","low_PI_emp_bern","up_PI_hedged","low_PI_hedged"
"1",245,0.756111913497773,0.389025902757427,0.756100179470163,0.389056281069042,0.852447388931342,0.389056281069042,0.697619707026242,0.462091373325729,0.752825932385847,0.38689504250091,0.8295765100498,0.136849390243509,0.946307803948643,0.213403276403329,0.752937378436214,0.406773701915757,0.8009901849343,0.367020650734002,0.73,0.41
