"","simul_idx","up_dw","low_dw","up_dw_x1_to_xn","low_dw_x1_to_xn","up_dw_x1_to_xn_tails","low_dw_x1_to_xn_tails","up_t_test","low_t_test","up_anderson","low_anderson","up_cheby","low_cheby","up_emp_bern","low_emp_bern","up_hoeffding","low_hoeffding","up_PI_emp_bern","low_PI_emp_bern","up_PI_hedged","low_PI_hedged"
"1",370,0.576377154735576,0.455073312073857,0.576376217384993,0.455073925632459,0.589654380922213,0.455073925632459,0.552601461543501,0.479153889696576,0.570592758101059,0.459166433889308,0.626144861363413,0.385379992793525,0.593657603794658,0.438097747445419,0.570610958671158,0.461144392568919,0.573008766650043,0.453601771426603,0.56,0.47
