"","simul_idx","up_dw","low_dw","up_dw_x1_to_xn","low_dw_x1_to_xn","up_dw_x1_to_xn_tails","low_dw_x1_to_xn_tails","up_t_test","low_t_test","up_anderson","low_anderson","up_cheby","low_cheby","up_emp_bern","low_emp_bern","up_hoeffding","low_hoeffding","up_PI_emp_bern","low_PI_emp_bern","up_PI_hedged","low_PI_hedged"
"1",276,0.629895635462058,0.261154846057633,0.629860122549565,0.261167142472161,0.726180381855603,0.261167142472161,0.558384750856739,0.321615004975265,0.612943946030279,0.247109120487293,0.740535248693637,-0.00720211883363348,0.807457756115305,0.0725419997166995,0.613081716176231,0.266918039655774,0.663215759901487,0.227844791458314,0.61,0.29
