"","simul_idx","up_dw","low_dw","up_dw_x1_to_xn","low_dw_x1_to_xn","up_dw_x1_to_xn_tails","low_dw_x1_to_xn_tails","up_t_test","low_t_test","up_anderson","low_anderson","up_cheby","low_cheby","up_emp_bern","low_emp_bern","up_hoeffding","low_hoeffding","up_PI_emp_bern","low_PI_emp_bern","up_PI_hedged","low_PI_hedged"
"1",111,0.548769394037489,0.427444712174531,0.548769058299238,0.427446533632343,0.562048928329221,0.427446533632343,0.524720271693117,0.451261205652945,0.542705244200641,0.431274822932733,0.601019541284904,0.35582504434849,0.565780139605873,0.410201337740189,0.542724021724151,0.433257455621911,0.54524280654468,0.425708819808965,0.54,0.44
