"","simul_idx","up_dw","low_dw","up_dw_x1_to_xn","low_dw_x1_to_xn","up_dw_x1_to_xn_tails","low_dw_x1_to_xn_tails","up_t_test","low_t_test","up_anderson","low_anderson","up_cheby","low_cheby","up_emp_bern","low_emp_bern","up_hoeffding","low_hoeffding","up_PI_emp_bern","low_PI_emp_bern","up_PI_hedged","low_PI_hedged"
"1",182,0.781067730156942,0.218966489467328,0.780933456990312,0.219049148941293,0.978027984862203,0.219049148941293,0.697486537186906,0.30256843030683,0.773458069824459,0.176825534129085,0.860392138252299,-0.193688826589808,1.26322572266994,-0.263170755176207,0.773693899002466,0.226361068491269,0.883833754451289,0.0919036947122204,0.75,0.25
