"","simul_idx","up_dw","low_dw","up_dw_x1_to_xn","low_dw_x1_to_xn","up_dw_x1_to_xn_tails","low_dw_x1_to_xn_tails","up_t_test","low_t_test","up_anderson","low_anderson","up_cheby","low_cheby","up_emp_bern","low_emp_bern","up_hoeffding","low_hoeffding","up_PI_emp_bern","low_PI_emp_bern","up_PI_hedged","low_PI_hedged"
"1",189,0.685749297462614,0.314642152914098,0.685728672313771,0.314664452746843,0.782063841209859,0.314664452746843,0.619487509052924,0.380942127899641,0.673187152599211,0.307280687996925,0.780046180597998,0.0536451835291389,0.869111062170284,0.131318574782281,0.673296656736511,0.327132980216054,0.714806710517439,0.275740887690593,0.66,0.34
