"","simul_idx","up_dw","low_dw","up_dw_x1_to_xn","low_dw_x1_to_xn","up_dw_x1_to_xn_tails","low_dw_x1_to_xn_tails","up_t_test","low_t_test","up_anderson","low_anderson","up_cheby","low_cheby","up_emp_bern","low_emp_bern","up_hoeffding","low_hoeffding","up_PI_emp_bern","low_PI_emp_bern","up_PI_hedged","low_PI_hedged"
"1",100,0.548856503007466,0.427532594361656,0.548855450773492,0.42753374605526,0.562134395340422,0.42753374605526,0.524806661283083,0.451351644950439,0.542792485419636,0.43136448184484,0.601099456064422,0.355918491223345,0.565865216546966,0.410293089686557,0.542812436167881,0.433345870065641,0.54600813315368,0.426280414447216,0.54,0.44
