"","simul_idx","up_dw","low_dw","up_dw_x1_to_xn","low_dw_x1_to_xn","up_dw_x1_to_xn_tails","low_dw_x1_to_xn_tails","up_t_test","low_t_test","up_anderson","low_anderson","up_cheby","low_cheby","up_emp_bern","low_emp_bern","up_hoeffding","low_hoeffding","up_PI_emp_bern","low_PI_emp_bern","up_PI_hedged","low_PI_hedged"
"1",188,0.556737166855813,0.435389173125451,0.556735836689931,0.435389884738522,0.570014142539867,0.435389884738522,0.532760507247567,0.459287828423932,0.550739687528392,0.43931279282667,0.608274120554144,0.364322286966934,0.573824787529554,0.418223548141945,0.550757450886869,0.44129088478463,0.553591591832131,0.433984735578043,0.55,0.45
