"","simul_idx","up_dw","low_dw","up_dw_x1_to_xn","low_dw_x1_to_xn","up_dw_x1_to_xn_tails","low_dw_x1_to_xn_tails","up_t_test","low_t_test","up_anderson","low_anderson","up_cheby","low_cheby","up_emp_bern","low_emp_bern","up_hoeffding","low_hoeffding","up_PI_emp_bern","low_PI_emp_bern","up_PI_hedged","low_PI_hedged"
"1",21,0.540743502189583,0.419486955569463,0.54074325298177,0.419489209574473,0.554023797403672,0.419489209574473,0.516623642705714,0.44322236757555,0.534635651762121,0.423214089381172,0.593720697026088,0.347304803249661,0.55766477860574,0.402181231675524,0.534656288191752,0.425189722089512,0.537399124198979,0.418025370051426,0.53,0.43
