"","simul_idx","up_dw","low_dw","up_dw_x1_to_xn","low_dw_x1_to_xn","up_dw_x1_to_xn_tails","low_dw_x1_to_xn_tails","up_t_test","low_t_test","up_anderson","low_anderson","up_cheby","low_cheby","up_emp_bern","low_emp_bern","up_hoeffding","low_hoeffding","up_PI_emp_bern","low_PI_emp_bern","up_PI_hedged","low_PI_hedged"
"1",171,0.853837010453226,0.300803329988281,0.853801433210182,0.300829500832883,1.05080992911957,0.300829500832883,0.792953870355747,0.405689270008631,0.872791831343222,0.275992300596353,0.903049595943683,-0.103954169034098,1.35650856534545,-0.157865424981074,0.872987985437788,0.32565515492659,0.998910376454935,0.219240043754946,0.82,0.33
