"","simul_idx","up_dw","low_dw","up_dw_x1_to_xn","low_dw_x1_to_xn","up_dw_x1_to_xn_tails","low_dw_x1_to_xn_tails","up_t_test","low_t_test","up_anderson","low_anderson","up_cheby","low_cheby","up_emp_bern","low_emp_bern","up_hoeffding","low_hoeffding","up_PI_emp_bern","low_PI_emp_bern","up_PI_hedged","low_PI_hedged"
"1",62,0.698836242556784,0.434168910773369,0.698827816746013,0.434187615284968,0.753442835892286,0.434187615284968,0.652006570040198,0.487410910298106,0.692007545418639,0.437384041598113,0.771067752964339,0.264766320070482,0.79128151723445,0.348135963103854,0.692096081703193,0.447321398635111,0.723463016685285,0.410328513102148,0.68,0.45
