"","simul_idx","up_dw","low_dw","up_dw_x1_to_xn","low_dw_x1_to_xn","up_dw_x1_to_xn_tails","low_dw_x1_to_xn_tails","up_t_test","low_t_test","up_anderson","low_anderson","up_cheby","low_cheby","up_emp_bern","low_emp_bern","up_hoeffding","low_hoeffding","up_PI_emp_bern","low_PI_emp_bern","up_PI_hedged","low_PI_hedged"
"1",442,0.59520747234508,0.329034891509602,0.595203264161111,0.329039351938516,0.649797250790649,0.329039351938516,0.543074998095175,0.377436557035468,0.582577190787434,0.327927920060445,0.689342441905947,0.147486244576455,0.682681487918602,0.237830067212041,0.582643119099362,0.33786843603128,0.61595159842956,0.300005850366523,0.58,0.35
