"","simul_idx","up_dw","low_dw","up_dw_x1_to_xn","low_dw_x1_to_xn","up_dw_x1_to_xn_tails","low_dw_x1_to_xn_tails","up_t_test","low_t_test","up_anderson","low_anderson","up_cheby","low_cheby","up_emp_bern","low_emp_bern","up_hoeffding","low_hoeffding","up_PI_emp_bern","low_PI_emp_bern","up_PI_hedged","low_PI_hedged"
"1",322,0.643110108670402,0.37621636434055,0.643106764260764,0.376240183948371,0.697729336251911,0.376240183948371,0.59327086961277,0.427029068249815,0.632458318934653,0.377819284122573,0.727212595917051,0.200332802139845,0.733069192237475,0.28723074562511,0.632537310465333,0.387762627397252,0.671132477546508,0.354023399274325,0.63,0.39
