"","simul_idx","up_dw","low_dw","up_dw_x1_to_xn","low_dw_x1_to_xn","up_dw_x1_to_xn_tails","low_dw_x1_to_xn_tails","up_t_test","low_t_test","up_anderson","low_anderson","up_cheby","low_cheby","up_emp_bern","low_emp_bern","up_hoeffding","low_hoeffding","up_PI_emp_bern","low_PI_emp_bern","up_PI_hedged","low_PI_hedged"
"1",313,0.64869399350801,0.278704848620276,0.648662830423745,0.278747401008844,0.745028184732284,0.278747401008844,0.578749665220156,0.341206791019122,0.632928441160517,0.267085274256608,0.753829103029339,0.0128012771700589,0.828062384201277,0.0918940720380005,0.633060066379867,0.28689638985941,0.673981748813276,0.236901244653341,0.63,0.3
