"","simul_idx","up_dw","low_dw","up_dw_x1_to_xn","low_dw_x1_to_xn","up_dw_x1_to_xn_tails","low_dw_x1_to_xn_tails","up_t_test","low_t_test","up_anderson","low_anderson","up_cheby","low_cheby","up_emp_bern","low_emp_bern","up_hoeffding","low_hoeffding","up_PI_emp_bern","low_PI_emp_bern","up_PI_hedged","low_PI_hedged"
"1",348,0.661658795246567,0.395235835898867,0.661649822806802,0.395248230410674,0.7162555247384,0.395248230410674,0.612766139598213,0.446957709692363,0.652145063191144,0.397551220866164,0.741897019143034,0.221488298393853,0.752426675795534,0.307297173495042,0.652249266179329,0.407474583111247,0.69024820098589,0.374132476830149,0.64,0.41
