"","simul_idx","up_dw","low_dw","up_dw_x1_to_xn","low_dw_x1_to_xn","up_dw_x1_to_xn_tails","low_dw_x1_to_xn_tails","up_t_test","low_t_test","up_anderson","low_anderson","up_cheby","low_cheby","up_emp_bern","low_emp_bern","up_hoeffding","low_hoeffding","up_PI_emp_bern","low_PI_emp_bern","up_PI_hedged","low_PI_hedged"
"1",33,0.538230611039512,0.367860726362585,0.538229413852954,0.367864161643304,0.563013716234795,0.367864161643304,0.504018232872644,0.400292278790686,0.529530124861148,0.370784990917305,0.610550691729172,0.258978646408646,0.572047540984451,0.33226297067888,0.529559807035764,0.374750704627566,0.546181900542419,0.36758284692969,0.53,0.38
