"","simul_idx","up_dw","low_dw","up_dw_x1_to_xn","low_dw_x1_to_xn","up_dw_x1_to_xn_tails","low_dw_x1_to_xn_tails","up_t_test","low_t_test","up_anderson","low_anderson","up_cheby","low_cheby","up_emp_bern","low_emp_bern","up_hoeffding","low_hoeffding","up_PI_emp_bern","low_PI_emp_bern","up_PI_hedged","low_PI_hedged"
"1",303,0.773201885604558,0.408452253601257,0.773171291744455,0.408474359780722,0.869506172010101,0.408474359780722,0.716750900316289,0.482963909575789,0.772822103234495,0.406909847375678,0.841480980046095,0.158281361530636,0.964899081945677,0.234815727946401,0.772939243206268,0.426775566685811,0.818087439796719,0.38952609422475,0.75,0.43
