"","simul_idx","up_dw","low_dw","up_dw_x1_to_xn","low_dw_x1_to_xn","up_dw_x1_to_xn_tails","low_dw_x1_to_xn_tails","up_t_test","low_t_test","up_anderson","low_anderson","up_cheby","low_cheby","up_emp_bern","low_emp_bern","up_hoeffding","low_hoeffding","up_PI_emp_bern","low_PI_emp_bern","up_PI_hedged","low_PI_hedged"
"1",314,0.57371582667565,0.402718389423079,0.57371293632598,0.402720992153181,0.598495993514328,0.402720992153181,0.540069111437462,0.435898861485162,0.565353052590464,0.406618880508427,0.641421689320681,0.297009053874149,0.608241747266076,0.367726225656548,0.565388537665411,0.410579435257213,0.575919536898578,0.397035914295337,0.56,0.42
