"","simul_idx","up_dw","low_dw","up_dw_x1_to_xn","low_dw_x1_to_xn","up_dw_x1_to_xn_tails","low_dw_x1_to_xn_tails","up_t_test","low_t_test","up_anderson","low_anderson","up_cheby","low_cheby","up_emp_bern","low_emp_bern","up_hoeffding","low_hoeffding","up_PI_emp_bern","low_PI_emp_bern","up_PI_hedged","low_PI_hedged"
"1",355,0.558091604227725,0.387254816243759,0.558089432816179,0.387258147415077,0.582873571008434,0.387258147415077,0.524175885728759,0.420110082780615,0.549517661814904,0.390767428713048,0.627815432958843,0.280151844454017,0.592314827454789,0.351971141054585,0.549547535458786,0.394738433050588,0.562570810689652,0.383352657572292,0.54,0.4
