"","simul_idx","up_dw","low_dw","up_dw_x1_to_xn","low_dw_x1_to_xn","up_dw_x1_to_xn_tails","low_dw_x1_to_xn_tails","up_t_test","low_t_test","up_anderson","low_anderson","up_cheby","low_cheby","up_emp_bern","low_emp_bern","up_hoeffding","low_hoeffding","up_PI_emp_bern","low_PI_emp_bern","up_PI_hedged","low_PI_hedged"
"1",3,0.917566041545658,0.394667785453312,0.917438331977042,0.394797638970445,1.11460473619286,0.394797638970445,0.880402027327483,0.518562325492734,0.972425798632049,0.376126144425577,0.940247062750519,-0.00760416087037408,1.43669985922378,-0.0377355064035632,0.973148591665707,0.42581576115451,1.06337092121662,0.301553047203102,0.91,0.44
