"","simul_idx","up_dw","low_dw","up_dw_x1_to_xn","low_dw_x1_to_xn","up_dw_x1_to_xn_tails","low_dw_x1_to_xn_tails","up_t_test","low_t_test","up_anderson","low_anderson","up_cheby","low_cheby","up_emp_bern","low_emp_bern","up_hoeffding","low_hoeffding","up_PI_emp_bern","low_PI_emp_bern","up_PI_hedged","low_PI_hedged"
"1",237,0.685589768229396,0.31456809017103,0.685554519990953,0.314615871310567,0.781927667488955,0.314615871310567,0.619384613251695,0.380790677278448,0.673009945172539,0.307171180475421,0.779964525158471,0.0535148836166485,0.869023221123029,0.131152069407114,0.6731694835253,0.327005807004843,0.714254974414333,0.27603756573221,0.67,0.34
