"","simul_idx","up_dw","low_dw","up_dw_x1_to_xn","low_dw_x1_to_xn","up_dw_x1_to_xn_tails","low_dw_x1_to_xn_tails","up_t_test","low_t_test","up_anderson","low_anderson","up_cheby","low_cheby","up_emp_bern","low_emp_bern","up_hoeffding","low_hoeffding","up_PI_emp_bern","low_PI_emp_bern","up_PI_hedged","low_PI_hedged"
"1",7,0.635927031751958,0.465674052759403,0.63592067865942,0.465677822262103,0.660705452083867,0.465677822262103,0.603581098279434,0.499935820627737,0.629132705893474,0.47039276808106,0.695469569398579,0.365604391089085,0.671584380561784,0.431932538345386,0.629163010657684,0.474353908249486,0.642405129803025,0.464624193980129,0.62,0.48
