"","simul_idx","up_dw","low_dw","up_dw_x1_to_xn","low_dw_x1_to_xn","up_dw_x1_to_xn_tails","low_dw_x1_to_xn_tails","up_t_test","low_t_test","up_anderson","low_anderson","up_cheby","low_cheby","up_emp_bern","low_emp_bern","up_hoeffding","low_hoeffding","up_PI_emp_bern","low_PI_emp_bern","up_PI_hedged","low_PI_hedged"
"1",152,0.56065592838224,0.439301236595802,0.560655112861785,0.439303174228502,0.573935198112339,0.439303174228502,0.53671809072974,0.463238284393605,0.554691901926502,0.443265927282753,0.611839883987416,0.368509503388412,0.577784681282578,0.422171693840766,0.554711470612792,0.445244904510552,0.557212601697127,0.437681068710277,0.55,0.45
