"","simul_idx","up_dw","low_dw","up_dw_x1_to_xn","low_dw_x1_to_xn","up_dw_x1_to_xn_tails","low_dw_x1_to_xn_tails","up_t_test","low_t_test","up_anderson","low_anderson","up_cheby","low_cheby","up_emp_bern","low_emp_bern","up_hoeffding","low_hoeffding","up_PI_emp_bern","low_PI_emp_bern","up_PI_hedged","low_PI_hedged"
"1",391,0.59356922531109,0.422563217271068,0.593565991670669,0.422567140904532,0.618350990133703,0.422567140904532,0.560316690497937,0.456136970376111,0.585583982332678,0.426859597054698,0.658706779713862,0.318652509588107,0.628492381357818,0.38796127951623,0.585631381641123,0.430822279232925,0.598773960183148,0.419575333218224,0.58,0.43
