"","simul_idx","up_dw","low_dw","up_dw_x1_to_xn","low_dw_x1_to_xn","up_dw_x1_to_xn_tails","low_dw_x1_to_xn_tails","up_t_test","low_t_test","up_anderson","low_anderson","up_cheby","low_cheby","up_emp_bern","low_emp_bern","up_hoeffding","low_hoeffding","up_PI_emp_bern","low_PI_emp_bern","up_PI_hedged","low_PI_hedged"
"1",403,0.738550913531646,0.369861135566502,0.738515943318969,0.369920138421507,0.834905816217596,0.369920138421507,0.678088605773573,0.441316171026779,0.732624272152051,0.366836183383106,0.817356534618255,0.115480779382038,0.927162444733219,0.192242332067132,0.732784226660404,0.386620550139947,0.771552521782598,0.336822735381671,0.72,0.39
