"","simul_idx","up_dw","low_dw","up_dw_x1_to_xn","low_dw_x1_to_xn","up_dw_x1_to_xn_tails","low_dw_x1_to_xn_tails","up_t_test","low_t_test","up_anderson","low_anderson","up_cheby","low_cheby","up_emp_bern","low_emp_bern","up_hoeffding","low_hoeffding","up_PI_emp_bern","low_PI_emp_bern","up_PI_hedged","low_PI_hedged"
"1",399,0.569797789102784,0.398832983320638,0.569796798318679,0.398834063379551,0.594577627455873,0.398834063379551,0.536080156553113,0.431933289411282,0.561377212719274,0.402643694364371,0.638012006029525,0.292770153551625,0.60424524919922,0.363768196765175,0.561411274186297,0.406602171778099,0.569621192732537,0.39036018141835,0.55,0.41
