"","simul_idx","up_dw","low_dw","up_dw_x1_to_xn","low_dw_x1_to_xn","up_dw_x1_to_xn_tails","low_dw_x1_to_xn_tails","up_t_test","low_t_test","up_anderson","low_anderson","up_cheby","low_cheby","up_emp_bern","low_emp_bern","up_hoeffding","low_hoeffding","up_PI_emp_bern","low_PI_emp_bern","up_PI_hedged","low_PI_hedged"
"1",469,0.61079249078517,0.243758335611859,0.61073623230133,0.24377163956693,0.707057993295704,0.24377163956693,0.53776343290968,0.302169686266138,0.592976643297586,0.227124173390203,0.727027258790865,-0.0270829928110163,0.786471811562396,0.0534613076134226,0.593048397848138,0.246884721327681,0.631198608890453,0.200440725433874,0.59,0.26
