"","simul_idx","up_dw","low_dw","up_dw_x1_to_xn","low_dw_x1_to_xn","up_dw_x1_to_xn_tails","low_dw_x1_to_xn_tails","up_t_test","low_t_test","up_anderson","low_anderson","up_cheby","low_cheby","up_emp_bern","low_emp_bern","up_hoeffding","low_hoeffding","up_PI_emp_bern","low_PI_emp_bern","up_PI_hedged","low_PI_hedged"
"1",382,0.738605268633456,0.369780159848677,0.738576599169646,0.369804986795825,0.834915534602226,0.369804986795825,0.678107210650784,0.441280788476576,0.732624400824555,0.366734793675459,0.817351402118129,0.115471930488004,0.927197788781496,0.192190210345864,0.732775837823909,0.386612161303452,0.781153788148564,0.346942276241852,0.71,0.39
