"","simul_idx","up_dw","low_dw","up_dw_x1_to_xn","low_dw_x1_to_xn","up_dw_x1_to_xn_tails","low_dw_x1_to_xn_tails","up_t_test","low_t_test","up_anderson","low_anderson","up_cheby","low_cheby","up_emp_bern","low_emp_bern","up_hoeffding","low_hoeffding","up_PI_emp_bern","low_PI_emp_bern","up_PI_hedged","low_PI_hedged"
"1",130,0.685519123088467,0.314505955544769,0.685480571143215,0.314548186524064,0.781845446407452,0.314548186524064,0.619274682077684,0.380752423630792,0.672934735427386,0.307115007884526,0.77991694826423,0.0534389731595004,0.868891065841803,0.131136039866674,0.673095391114467,0.32693171459401,0.714631880101806,0.275528036203916,0.66,0.34
