"","simul_idx","up_dw","low_dw","up_dw_x1_to_xn","low_dw_x1_to_xn","up_dw_x1_to_xn_tails","low_dw_x1_to_xn_tails","up_t_test","low_t_test","up_anderson","low_anderson","up_cheby","low_cheby","up_emp_bern","low_emp_bern","up_hoeffding","low_hoeffding","up_PI_emp_bern","low_PI_emp_bern","up_PI_hedged","low_PI_hedged"
"1",58,0.624353550664209,0.453781579802214,0.624350924903233,0.453784888677636,0.649135025402785,0.453784888677636,0.591753775993543,0.487876714341189,0.617187629807674,0.458447179896632,0.685440898725331,0.352665341981142,0.659831830682806,0.419798659651926,0.617219796371465,0.462410693963267,0.630383642865153,0.451953583735986,0.61,0.47
