"","simul_idx","up_dw","low_dw","up_dw_x1_to_xn","low_dw_x1_to_xn","up_dw_x1_to_xn_tails","low_dw_x1_to_xn_tails","up_t_test","low_t_test","up_anderson","low_anderson","up_cheby","low_cheby","up_emp_bern","low_emp_bern","up_hoeffding","low_hoeffding","up_PI_emp_bern","low_PI_emp_bern","up_PI_hedged","low_PI_hedged"
"1",362,0.591634244049082,0.226945116026448,0.591604930762285,0.226946858645676,0.687909460169002,0.226946858645676,0.517090900547086,0.283448152631508,0.573249571090865,0.207382189937287,0.713577000130697,-0.0464611224818685,0.765194358702195,0.0353446944763992,0.573351364849526,0.227187688329069,0.620340775748668,0.19203973877867,0.58,0.26
