"","simul_idx","up_dw","low_dw","up_dw_x1_to_xn","low_dw_x1_to_xn","up_dw_x1_to_xn_tails","low_dw_x1_to_xn_tails","up_t_test","low_t_test","up_anderson","low_anderson","up_cheby","low_cheby","up_emp_bern","low_emp_bern","up_hoeffding","low_hoeffding","up_PI_emp_bern","low_PI_emp_bern","up_PI_hedged","low_PI_hedged"
"1",55,0.572235837369458,0.210464106421091,0.572174156221723,0.210488358059753,0.668512234186037,0.210488358059753,0.496392070840647,0.264907394337029,0.553612663803891,0.187803172273587,0.700016769737653,-0.065600548756256,0.7438264041964,0.0174730609812764,0.553731570849067,0.20756789432861,0.600449148903853,0.173070532405444,0.55,0.23
