"","simul_idx","up_dw","low_dw","up_dw_x1_to_xn","low_dw_x1_to_xn","up_dw_x1_to_xn_tails","low_dw_x1_to_xn_tails","up_t_test","low_t_test","up_anderson","low_anderson","up_cheby","low_cheby","up_emp_bern","low_emp_bern","up_hoeffding","low_hoeffding","up_PI_emp_bern","low_PI_emp_bern","up_PI_hedged","low_PI_hedged"
"1",74,0.59033902209946,0.469167669017174,0.590337965776899,0.46916914324056,0.603617378451909,0.46916914324056,0.566707244157547,0.493363804708401,0.584748925767629,0.473319016641189,0.638836936925599,0.40044840509984,0.607729633533025,0.452341415332924,0.584768807484094,0.475302241381854,0.591086543515084,0.471734898213121,0.58,0.48
