"","simul_idx","up_dw","low_dw","up_dw_x1_to_xn","low_dw_x1_to_xn","up_dw_x1_to_xn_tails","low_dw_x1_to_xn_tails","up_t_test","low_t_test","up_anderson","low_anderson","up_cheby","low_cheby","up_emp_bern","low_emp_bern","up_hoeffding","low_hoeffding","up_PI_emp_bern","low_PI_emp_bern","up_PI_hedged","low_PI_hedged"
"1",176,0.653883873815398,0.113097508435336,0.653798597511981,0.113171456222662,0.850879857519052,0.113171456222662,0.539042208596693,0.162499527862033,0.624193592353237,0.0278338654435965,0.78701183782977,-0.319317346857286,1.09953661594402,-0.397994879485294,0.624437283484962,0.0771044529737644,0.75320537053857,-0.0200150395330213,0.61,0.13
