"","simul_idx","up_dw","low_dw","up_dw_x1_to_xn","low_dw_x1_to_xn","up_dw_x1_to_xn_tails","low_dw_x1_to_xn_tails","up_t_test","low_t_test","up_anderson","low_anderson","up_cheby","low_cheby","up_emp_bern","low_emp_bern","up_hoeffding","low_hoeffding","up_PI_emp_bern","low_PI_emp_bern","up_PI_hedged","low_PI_hedged"
"1",191,0.568462177952024,0.447118780392083,0.568460584564384,0.447119447428581,0.581738825717492,0.447119447428581,0.544602420614877,0.471131677514515,0.562580162351572,0.451155854901415,0.618944313748225,0.376873429515884,0.585666073462671,0.430068024666721,0.562600332115815,0.453133766013576,0.571280121230661,0.451376342075214,0.56,0.46
