"","simul_idx","up_dw","low_dw","up_dw_x1_to_xn","low_dw_x1_to_xn","up_dw_x1_to_xn_tails","low_dw_x1_to_xn_tails","up_t_test","low_t_test","up_anderson","low_anderson","up_cheby","low_cheby","up_emp_bern","low_emp_bern","up_hoeffding","low_hoeffding","up_PI_emp_bern","low_PI_emp_bern","up_PI_hedged","low_PI_hedged"
"1",148,0.558090238647797,0.387272359913485,0.558089096558219,0.387277432882935,0.582875781550764,0.387277432882935,0.524180687487064,0.420119705890214,0.549521799454234,0.390785578274636,0.627821643515975,0.280159503962178,0.592318073868291,0.351982319508987,0.549554747892738,0.39474564548454,0.558754987147081,0.380048870398234,0.54,0.4
