"","simul_idx","up_dw","low_dw","up_dw_x1_to_xn","low_dw_x1_to_xn","up_dw_x1_to_xn_tails","low_dw_x1_to_xn_tails","up_t_test","low_t_test","up_anderson","low_anderson","up_cheby","low_cheby","up_emp_bern","low_emp_bern","up_hoeffding","low_hoeffding","up_PI_emp_bern","low_PI_emp_bern","up_PI_hedged","low_PI_hedged"
"1",431,0.54884571933336,0.427530853539549,0.548844160415813,0.427532497653662,0.56212381966409,0.427532497653662,0.524798163941283,0.451347509499908,0.542783904599164,0.431362676758262,0.601093746943878,0.355911815253368,0.56585530536685,0.41029036807434,0.542806119771715,0.433339553669476,0.546184353928395,0.426640658015609,0.54,0.44
