"","simul_idx","up_dw","low_dw","up_dw_x1_to_xn","low_dw_x1_to_xn","up_dw_x1_to_xn_tails","low_dw_x1_to_xn_tails","up_t_test","low_t_test","up_anderson","low_anderson","up_cheby","low_cheby","up_emp_bern","low_emp_bern","up_hoeffding","low_hoeffding","up_PI_emp_bern","low_PI_emp_bern","up_PI_hedged","low_PI_hedged"
"1",44,0.741412528284229,0.181525900602855,0.741357361498293,0.181618789743341,0.938467469112452,0.181618789743341,0.647007730561638,0.25368078799514,0.723672354910794,0.127040152412363,0.837132155779642,-0.236673143408457,1.21229276038395,-0.311604241827172,0.724010674533988,0.17667784402279,0.833985728939678,0.0447873212932849,0.72,0.22
