"","simul_idx","up_dw","low_dw","up_dw_x1_to_xn","low_dw_x1_to_xn","up_dw_x1_to_xn_tails","low_dw_x1_to_xn_tails","up_t_test","low_t_test","up_anderson","low_anderson","up_cheby","low_cheby","up_emp_bern","low_emp_bern","up_hoeffding","low_hoeffding","up_PI_emp_bern","low_PI_emp_bern","up_PI_hedged","low_PI_hedged"
"1",77,0.582239851853294,0.461004680616987,0.582237689583006,0.461005224410161,0.595515754955639,0.461005224410161,0.558524091366294,0.485135788713827,0.576541800555239,0.465123565898527,0.631486233674293,0.39170972718857,0.599561022442112,0.444098857638009,0.57656322309118,0.467096656988941,0.583190862808833,0.463745572979129,0.57,0.47
