"","simul_idx","up_dw","low_dw","up_dw_x1_to_xn","low_dw_x1_to_xn","up_dw_x1_to_xn_tails","low_dw_x1_to_xn_tails","up_t_test","low_t_test","up_anderson","low_anderson","up_cheby","low_cheby","up_emp_bern","low_emp_bern","up_hoeffding","low_hoeffding","up_PI_emp_bern","low_PI_emp_bern","up_PI_hedged","low_PI_hedged"
"1",149,0.525064170334957,0.403976137352558,0.525062750013095,0.403976984833296,0.538341199269983,0.403976984833296,0.500839156704855,0.427534582424773,0.518902835685483,0.40747870353239,0.5794467075887,0.330723624891328,0.54184894854827,0.386524790581358,0.518920152615934,0.409453586513694,0.521620116668322,0.402280798767136,0.51,0.42
