"","simul_idx","up_dw","low_dw","up_dw_x1_to_xn","low_dw_x1_to_xn","up_dw_x1_to_xn_tails","low_dw_x1_to_xn_tails","up_t_test","low_t_test","up_anderson","low_anderson","up_cheby","low_cheby","up_emp_bern","low_emp_bern","up_hoeffding","low_hoeffding","up_PI_emp_bern","low_PI_emp_bern","up_PI_hedged","low_PI_hedged"
"1",115,0.703562871301528,0.332725188220518,0.703537071315619,0.332760981675007,0.799892351773988,0.332760981675007,0.639229246509351,0.400812983580353,0.692978255478963,0.327088891889432,0.792667031123043,0.0740348272850437,0.88881276563829,0.151229464451414,0.693102953305081,0.346939276784624,0.734272583479093,0.295505197451979,0.68,0.36
