"","simul_idx","up_dw","low_dw","up_dw_x1_to_xn","low_dw_x1_to_xn","up_dw_x1_to_xn_tails","low_dw_x1_to_xn_tails","up_t_test","low_t_test","up_anderson","low_anderson","up_cheby","low_cheby","up_emp_bern","low_emp_bern","up_hoeffding","low_hoeffding","up_PI_emp_bern","low_PI_emp_bern","up_PI_hedged","low_PI_hedged"
"1",451,0.649112752730119,0.279078270273332,0.649068495018424,0.279113827204577,0.745423422950835,0.279113827204577,0.579285741230427,0.341552569907507,0.63333856979165,0.26746149678939,0.754120471402484,0.0132447878791279,0.828657463135546,0.0921808480023878,0.633500993829195,0.287337317308738,0.684081055894205,0.247426005957719,0.62,0.3
