"","simul_idx","up_dw","low_dw","up_dw_x1_to_xn","low_dw_x1_to_xn","up_dw_x1_to_xn_tails","low_dw_x1_to_xn_tails","up_t_test","low_t_test","up_anderson","low_anderson","up_cheby","low_cheby","up_emp_bern","low_emp_bern","up_hoeffding","low_hoeffding","up_PI_emp_bern","low_PI_emp_bern","up_PI_hedged","low_PI_hedged"
"1",487,0.595047544032046,0.328859325692866,0.595040119315809,0.328865169025635,0.649636147912466,0.328865169025635,0.542925994649971,0.37722906119762,0.582410699290019,0.327776232019971,0.689205416606218,0.147299179618864,0.682551081586058,0.237603974261532,0.582464869457836,0.337690186389754,0.620708296075503,0.304792496876566,0.58,0.35
