"","simul_idx","up_dw","low_dw","up_dw_x1_to_xn","low_dw_x1_to_xn","up_dw_x1_to_xn_tails","low_dw_x1_to_xn_tails","up_t_test","low_t_test","up_anderson","low_anderson","up_cheby","low_cheby","up_emp_bern","low_emp_bern","up_hoeffding","low_hoeffding","up_PI_emp_bern","low_PI_emp_bern","up_PI_hedged","low_PI_hedged"
"1",10,0.818545316040386,0.258522568750798,0.818510963136691,0.258693920355244,1.01574056877785,0.258693920355244,0.746392789527922,0.352905950252928,0.823038397049892,0.226226134021167,0.882375539308107,-0.14950971278754,1.31172345762573,-0.212424717844875,0.823315785146024,0.275982954634826,0.954359160305838,0.166808843263745,0.79,0.28
