"","simul_idx","up_dw","low_dw","up_dw_x1_to_xn","low_dw_x1_to_xn","up_dw_x1_to_xn_tails","low_dw_x1_to_xn_tails","up_t_test","low_t_test","up_anderson","low_anderson","up_cheby","low_cheby","up_emp_bern","low_emp_bern","up_hoeffding","low_hoeffding","up_PI_emp_bern","low_PI_emp_bern","up_PI_hedged","low_PI_hedged"
"1",42,0.789728512145745,0.427845862533017,0.789724213781727,0.427889940121744,0.886091841324139,0.427889940121744,0.735300981557229,0.503699008553248,0.79242323266786,0.426519093574215,0.852945488895797,0.179554502862934,0.982771683495058,0.256228306615419,0.792581833315467,0.44641815679501,0.837112233587035,0.409399079715036,0.76,0.45
