"","simul_idx","up_dw","low_dw","up_dw_x1_to_xn","low_dw_x1_to_xn","up_dw_x1_to_xn_tails","low_dw_x1_to_xn_tails","up_t_test","low_t_test","up_anderson","low_anderson","up_cheby","low_cheby","up_emp_bern","low_emp_bern","up_hoeffding","low_hoeffding","up_PI_emp_bern","low_PI_emp_bern","up_PI_hedged","low_PI_hedged"
"1",462,0.685462702141172,0.314376750392382,0.685436648574401,0.314400372146422,0.781773787727471,0.314400372146422,0.619198226608439,0.380627441220873,0.672876245690415,0.306986634381336,0.779852269448726,0.0533357870756997,0.868829656482366,0.130996011346945,0.672994672174884,0.326830995654427,0.714233148462353,0.275719394758959,0.67,0.34
