"","simul_idx","up_dw","low_dw","up_dw_x1_to_xn","low_dw_x1_to_xn","up_dw_x1_to_xn_tails","low_dw_x1_to_xn_tails","up_t_test","low_t_test","up_anderson","low_anderson","up_cheby","low_cheby","up_emp_bern","low_emp_bern","up_hoeffding","low_hoeffding","up_PI_emp_bern","low_PI_emp_bern","up_PI_hedged","low_PI_hedged"
"1",205,0.642737054813052,0.375843159898334,0.642728624524996,0.37585000395597,0.697326130771214,0.37585000395597,0.592865643481651,0.426650060188213,0.632088310441672,0.377448139148469,0.726918849012291,0.199913608869404,0.732655630314803,0.286860073355061,0.632145193368973,0.387370510300891,0.665002040468488,0.349451677070578,0.62,0.39
