"","simul_idx","up_dw","low_dw","up_dw_x1_to_xn","low_dw_x1_to_xn","up_dw_x1_to_xn_tails","low_dw_x1_to_xn_tails","up_t_test","low_t_test","up_anderson","low_anderson","up_cheby","low_cheby","up_emp_bern","low_emp_bern","up_hoeffding","low_hoeffding","up_PI_emp_bern","low_PI_emp_bern","up_PI_hedged","low_PI_hedged"
"1",425,0.667350353607618,0.296545329202698,0.667309743228044,0.296562662881255,0.763637510321922,0.296562662881255,0.599267984794314,0.360895249534738,0.653016229134932,0.287152652317066,0.767022757361923,0.0331132712456201,0.848838007871682,0.11132522645737,0.653163455424755,0.306999778904298,0.694572303753258,0.256138314807627,0.64,0.32
