"","simul_idx","up_dw","low_dw","up_dw_x1_to_xn","low_dw_x1_to_xn","up_dw_x1_to_xn_tails","low_dw_x1_to_xn_tails","up_t_test","low_t_test","up_anderson","low_anderson","up_cheby","low_cheby","up_emp_bern","low_emp_bern","up_hoeffding","low_hoeffding","up_PI_emp_bern","low_PI_emp_bern","up_PI_hedged","low_PI_hedged"
"1",433,0.581483459743158,0.41044764714575,0.581482432112808,0.41044905305926,0.606263750471459,0.41044905305926,0.547981040473814,0.443787591024896,0.573257846792722,0.414523029682857,0.648181492682359,0.305442191451016,0.616161160348766,0.375607471149945,0.573288866953454,0.418479764545256,0.583862019709898,0.405213649004968,0.57,0.43
