"","simul_idx","up_dw","low_dw","up_dw_x1_to_xn","low_dw_x1_to_xn","up_dw_x1_to_xn_tails","low_dw_x1_to_xn_tails","up_t_test","low_t_test","up_anderson","low_anderson","up_cheby","low_cheby","up_emp_bern","low_emp_bern","up_hoeffding","low_hoeffding","up_PI_emp_bern","low_PI_emp_bern","up_PI_hedged","low_PI_hedged"
"1",80,0.556806480547989,0.435465139455609,0.556805829935727,0.435466106228666,0.570084506115653,0.435466106228666,0.532828380719618,0.459367188136656,0.550809576197415,0.439382473916243,0.608340538269768,0.364400215510893,0.573888937917707,0.418306630938567,0.550831067479257,0.441364501377017,0.558889135814214,0.439284943024668,0.55,0.45
