"","simul_idx","up_dw","low_dw","up_dw_x1_to_xn","low_dw_x1_to_xn","up_dw_x1_to_xn_tails","low_dw_x1_to_xn_tails","up_t_test","low_t_test","up_anderson","low_anderson","up_cheby","low_cheby","up_emp_bern","low_emp_bern","up_hoeffding","low_hoeffding","up_PI_emp_bern","low_PI_emp_bern","up_PI_hedged","low_PI_hedged"
"1",147,0.611363760860772,0.24430781761446,0.611346220001233,0.24434124745245,0.707697977608486,0.24434124745245,0.538303579055544,0.302873108674106,0.593540773920549,0.227627615989377,0.727449141699941,-0.0264685685918989,0.786961332786622,0.0542153549430283,0.593670182125054,0.247506505604597,0.63321971674616,0.199671803119733,0.59,0.27
