"","simul_idx","up_dw","low_dw","up_dw_x1_to_xn","low_dw_x1_to_xn","up_dw_x1_to_xn_tails","low_dw_x1_to_xn_tails","up_t_test","low_t_test","up_anderson","low_anderson","up_cheby","low_cheby","up_emp_bern","low_emp_bern","up_hoeffding","low_hoeffding","up_PI_emp_bern","low_PI_emp_bern","up_PI_hedged","low_PI_hedged"
"1",393,0.560734047827351,0.439384941292327,0.560732959015486,0.439385752903432,0.574011409998958,0.439385752903432,0.536798051979343,0.46332137205891,0.554774602016876,0.443354501439571,0.611913368987052,0.368595870266138,0.577863629153802,0.422255794884451,0.554792995070246,0.445326428968007,0.563004612220824,0.442886732717038,0.55,0.45
