"","simul_idx","up_dw","low_dw","up_dw_x1_to_xn","low_dw_x1_to_xn","up_dw_x1_to_xn_tails","low_dw_x1_to_xn_tails","up_t_test","low_t_test","up_anderson","low_anderson","up_cheby","low_cheby","up_emp_bern","low_emp_bern","up_hoeffding","low_hoeffding","up_PI_emp_bern","low_PI_emp_bern","up_PI_hedged","low_PI_hedged"
"1",68,0.738801385053393,0.369995788016796,0.738785225666078,0.370041944622902,0.835155951878979,0.370041944622902,0.67835949422429,0.441476527157887,0.732838461623471,0.366967798829677,0.817488444796013,0.115708239689135,0.927467604485512,0.192368416896666,0.732999848951317,0.38683617243086,0.772102513018182,0.336661001358616,0.72,0.4
