"","simul_idx","up_dw","low_dw","up_dw_x1_to_xn","low_dw_x1_to_xn","up_dw_x1_to_xn_tails","low_dw_x1_to_xn_tails","up_t_test","low_t_test","up_anderson","low_anderson","up_cheby","low_cheby","up_emp_bern","low_emp_bern","up_hoeffding","low_hoeffding","up_PI_emp_bern","low_PI_emp_bern","up_PI_hedged","low_PI_hedged"
"1",441,0.569874581228403,0.398892647687359,0.56987134315847,0.39889550000606,0.594654762169612,0.39889550000606,0.536148137253909,0.432005708588586,0.561448686855444,0.402699664485928,0.638072226016653,0.292844933447283,0.604311798068782,0.363842047773712,0.561481474125346,0.406672371717148,0.578737351396695,0.398601338622789,0.56,0.41
