"","simul_idx","up_dw","low_dw","up_dw_x1_to_xn","low_dw_x1_to_xn","up_dw_x1_to_xn_tails","low_dw_x1_to_xn_tails","up_t_test","low_t_test","up_anderson","low_anderson","up_cheby","low_cheby","up_emp_bern","low_emp_bern","up_hoeffding","low_hoeffding","up_PI_emp_bern","low_PI_emp_bern","up_PI_hedged","low_PI_hedged"
"1",350,0.721140045061643,0.351087855409914,0.721104754880511,0.3511177694259,0.817451272332485,0.3511177694259,0.658731420054267,0.42090152372803,0.712732810031973,0.346897278046552,0.805085277454729,0.0946088423638519,0.908133132208122,0.171499811574174,0.712898310151377,0.36673463363092,0.753409144933877,0.315558835529121,0.7,0.37
