"","simul_idx","up_dw","low_dw","up_dw_x1_to_xn","low_dw_x1_to_xn","up_dw_x1_to_xn_tails","low_dw_x1_to_xn_tails","up_t_test","low_t_test","up_anderson","low_anderson","up_cheby","low_cheby","up_emp_bern","low_emp_bern","up_hoeffding","low_hoeffding","up_PI_emp_bern","low_PI_emp_bern","up_PI_hedged","low_PI_hedged"
"1",325,0.560724382934766,0.439386794432779,0.560722866118913,0.439387745158908,0.574001519008907,0.439387745158908,0.536786344627745,0.463325646370219,0.554768199911834,0.443345664099981,0.611910018998316,0.368591932960472,0.577846741598034,0.42226524939993,0.554789278550102,0.445322712447862,0.557778626447604,0.438166042129132,0.55,0.45
