"","simul_idx","up_dw","low_dw","up_dw_x1_to_xn","low_dw_x1_to_xn","up_dw_x1_to_xn_tails","low_dw_x1_to_xn_tails","up_t_test","low_t_test","up_anderson","low_anderson","up_cheby","low_cheby","up_emp_bern","low_emp_bern","up_hoeffding","low_hoeffding","up_PI_emp_bern","low_PI_emp_bern","up_PI_hedged","low_PI_hedged"
"1",71,0.685625616558737,0.314516023466458,0.685603108597924,0.314550411653666,0.781956294576326,0.314550411653666,0.619396679978031,0.380759576377189,0.673023478300111,0.307148815205722,0.779958414107942,0.0535051328547407,0.869048672267505,0.131107584087715,0.673159966437838,0.326996289917381,0.724185662137943,0.285843561838402,0.66,0.34
