"","simul_idx","up_dw","low_dw","up_dw_x1_to_xn","low_dw_x1_to_xn","up_dw_x1_to_xn_tails","low_dw_x1_to_xn_tails","up_t_test","low_t_test","up_anderson","low_anderson","up_cheby","low_cheby","up_emp_bern","low_emp_bern","up_hoeffding","low_hoeffding","up_PI_emp_bern","low_PI_emp_bern","up_PI_hedged","low_PI_hedged"
"1",34,0.717141009237516,0.453987740018344,0.717133970853474,0.454000720608746,0.771740538176556,0.454000720608746,0.671347657144266,0.507906961834954,0.711931097770453,0.457309431291335,0.785377647954913,0.286672005662559,0.810255394130414,0.368999224848805,0.712014651023651,0.467239967955569,0.746887322364647,0.436386392095712,0.7,0.47
