"","simul_idx","up_dw","low_dw","up_dw_x1_to_xn","low_dw_x1_to_xn","up_dw_x1_to_xn_tails","low_dw_x1_to_xn_tails","up_t_test","low_t_test","up_anderson","low_anderson","up_cheby","low_cheby","up_emp_bern","low_emp_bern","up_hoeffding","low_hoeffding","up_PI_emp_bern","low_PI_emp_bern","up_PI_hedged","low_PI_hedged"
"1",236,0.575643771625736,0.310385369030332,0.575633941954054,0.310399943641215,0.630242862974681,0.310399943641215,0.522767490784559,0.357730100204634,0.562562468805534,0.30793344074769,0.673888362862481,0.126563992582239,0.662182882193613,0.218314708795579,0.562636137028637,0.317861453960556,0.595355283282347,0.280780762203038,0.56,0.33
