"","simul_idx","up_dw","low_dw","up_dw_x1_to_xn","low_dw_x1_to_xn","up_dw_x1_to_xn_tails","low_dw_x1_to_xn_tails","up_t_test","low_t_test","up_anderson","low_anderson","up_cheby","low_cheby","up_emp_bern","low_emp_bern","up_hoeffding","low_hoeffding","up_PI_emp_bern","low_PI_emp_bern","up_PI_hedged","low_PI_hedged"
"1",66,0.703811972192427,0.33297707835198,0.703779172878435,0.332998890594937,0.80011361504655,0.332998890594937,0.639493031540816,0.401108157294272,0.693244330881322,0.327347598324324,0.792843733719244,0.0743239236433298,0.889066818394108,0.151534370440981,0.693382432677773,0.347218756157316,0.744418625121605,0.305633288064062,0.68,0.35
