"","simul_idx","up_dw","low_dw","up_dw_x1_to_xn","low_dw_x1_to_xn","up_dw_x1_to_xn_tails","low_dw_x1_to_xn_tails","up_t_test","low_t_test","up_anderson","low_anderson","up_cheby","low_cheby","up_emp_bern","low_emp_bern","up_hoeffding","low_hoeffding","up_PI_emp_bern","low_PI_emp_bern","up_PI_hedged","low_PI_hedged"
"1",89,0.535807363783414,0.273508459203152,0.535797107666543,0.273511485116392,0.590388976120021,0.273511485116392,0.481588099766958,0.318742277901373,0.522503653700683,0.26786635145191,0.64248893318055,0.085084137427024,0.620306702269943,0.180023675398388,0.522552530368207,0.277777847300125,0.552765841886776,0.243588814013837,0.52,0.29
