"","simul_idx","up_dw","low_dw","up_dw_x1_to_xn","low_dw_x1_to_xn","up_dw_x1_to_xn_tails","low_dw_x1_to_xn_tails","up_t_test","low_t_test","up_anderson","low_anderson","up_cheby","low_cheby","up_emp_bern","low_emp_bern","up_hoeffding","low_hoeffding","up_PI_emp_bern","low_PI_emp_bern","up_PI_hedged","low_PI_hedged"
"1",240,0.789631850533573,0.427788944673858,0.789614043045888,0.427814021459369,0.885953350849941,0.427814021459369,0.735210487684576,0.503624799234382,0.792329069457114,0.426469088364974,0.852897905247849,0.179464833851282,0.98267614048514,0.256159146433818,0.792499481719707,0.44633580519925,0.826849562074613,0.399742379138324,0.77,0.45
