"","simul_idx","up_dw","low_dw","up_dw_x1_to_xn","low_dw_x1_to_xn","up_dw_x1_to_xn_tails","low_dw_x1_to_xn_tails","up_t_test","low_t_test","up_anderson","low_anderson","up_cheby","low_cheby","up_emp_bern","low_emp_bern","up_hoeffding","low_hoeffding","up_PI_emp_bern","low_PI_emp_bern","up_PI_hedged","low_PI_hedged"
"1",489,0.740822087529628,0.181094799756922,0.740675220002875,0.181116278121934,0.937676569284128,0.181116278121934,0.64617417709338,0.253223791538728,0.723216510270824,0.126723586468536,0.836822149519281,-0.237223503764542,1.21135172870175,-0.311953760069639,0.723365399571652,0.176032569060455,0.85799252912788,0.0680963859792463,0.71,0.21
