"","simul_idx","up_dw","low_dw","up_dw_x1_to_xn","low_dw_x1_to_xn","up_dw_x1_to_xn_tails","low_dw_x1_to_xn_tails","up_t_test","low_t_test","up_anderson","low_anderson","up_cheby","low_cheby","up_emp_bern","low_emp_bern","up_hoeffding","low_hoeffding","up_PI_emp_bern","low_PI_emp_bern","up_PI_hedged","low_PI_hedged"
"1",306,0.780851378113848,0.218943432417916,0.780834855511009,0.219099442191618,0.978041095603705,0.219099442191618,0.697259597552576,0.302454242988814,0.773139996089137,0.17669327392936,0.860314382218593,-0.193838488524333,1.26296660087675,-0.263252760335362,0.773523335526293,0.226190505015096,0.882774242617894,0.0928030820427835,0.76,0.26
