"","simul_idx","up_dw","low_dw","up_dw_x1_to_xn","low_dw_x1_to_xn","up_dw_x1_to_xn_tails","low_dw_x1_to_xn_tails","up_t_test","low_t_test","up_anderson","low_anderson","up_cheby","low_cheby","up_emp_bern","low_emp_bern","up_hoeffding","low_hoeffding","up_PI_emp_bern","low_PI_emp_bern","up_PI_hedged","low_PI_hedged"
"1",107,0.585448083537571,0.31966215364002,0.585447162510824,0.319665758962417,0.640039886507834,0.319665758962417,0.532909546389657,0.367556706016087,0.572568253375125,0.317923355365727,0.681619219148661,0.136986464856562,0.672425232129067,0.228041020276677,0.572620467736913,0.327845784668831,0.610576670256066,0.295339734533406,0.57,0.34
