"","simul_idx","up_dw","low_dw","up_dw_x1_to_xn","low_dw_x1_to_xn","up_dw_x1_to_xn_tails","low_dw_x1_to_xn_tails","up_t_test","low_t_test","up_anderson","low_anderson","up_cheby","low_cheby","up_emp_bern","low_emp_bern","up_hoeffding","low_hoeffding","up_PI_emp_bern","low_PI_emp_bern","up_PI_hedged","low_PI_hedged"
"1",72,0.532915127732938,0.411725421801033,0.532912881922861,0.411725637701769,0.546190468313814,0.411725637701769,0.50873887020869,0.43537468386405,0.526774945342118,0.41534716544391,0.586591521692994,0.339010001907732,0.549767984363384,0.394345569709356,0.52679006008749,0.41732349398525,0.53392516085571,0.414481313526827,0.52,0.42
