"","simul_idx","up_dw","low_dw","up_dw_x1_to_xn","low_dw_x1_to_xn","up_dw_x1_to_xn_tails","low_dw_x1_to_xn_tails","up_t_test","low_t_test","up_anderson","low_anderson","up_cheby","low_cheby","up_emp_bern","low_emp_bern","up_hoeffding","low_hoeffding","up_PI_emp_bern","low_PI_emp_bern","up_PI_hedged","low_PI_hedged"
"1",141,0.854078865451841,0.30117289485448,0.853923274690977,0.30124203631478,1.05099721468071,0.30124203631478,0.793406668453289,0.4060282338015,0.873141991036161,0.276390372233614,0.903208755608784,-0.103585487438925,1.35699385442674,-0.157558952171953,0.873383866382993,0.326051035871796,0.976924785454364,0.19331517926005,0.83,0.34
