"","simul_idx","up_dw","low_dw","up_dw_x1_to_xn","low_dw_x1_to_xn","up_dw_x1_to_xn_tails","low_dw_x1_to_xn_tails","up_t_test","low_t_test","up_anderson","low_anderson","up_cheby","low_cheby","up_emp_bern","low_emp_bern","up_hoeffding","low_hoeffding","up_PI_emp_bern","low_PI_emp_bern","up_PI_hedged","low_PI_hedged"
"1",460,0.652277059253615,0.385595320718724,0.652262068521963,0.385606473589607,0.706865937072353,0.385606473589607,0.602907357578123,0.436860937183147,0.642179338418401,0.387592818226684,0.734484396860546,0.210759507467882,0.742643560639772,0.297124734121499,0.642271488914676,0.397496805846594,0.675747090460357,0.358858127250771,0.63,0.4
