"","simul_idx","up_dw","low_dw","up_dw_x1_to_xn","low_dw_x1_to_xn","up_dw_x1_to_xn_tails","low_dw_x1_to_xn_tails","up_t_test","low_t_test","up_anderson","low_anderson","up_cheby","low_cheby","up_emp_bern","low_emp_bern","up_hoeffding","low_hoeffding","up_PI_emp_bern","low_PI_emp_bern","up_PI_hedged","low_PI_hedged"
"1",133,0.578449548124422,0.457153901541345,0.57844851434508,0.457154567486003,0.591726798166682,0.457154567486003,0.554693159829878,0.481255479100705,0.572687493020259,0.461258384594278,0.628027200844999,0.387608719675181,0.595746096031092,0.44020254289949,0.572707602516411,0.463241036414172,0.580337079881817,0.460715924437251,0.57,0.47
