"","simul_idx","up_dw","low_dw","up_dw_x1_to_xn","low_dw_x1_to_xn","up_dw_x1_to_xn_tails","low_dw_x1_to_xn_tails","up_t_test","low_t_test","up_anderson","low_anderson","up_cheby","low_cheby","up_emp_bern","low_emp_bern","up_hoeffding","low_hoeffding","up_PI_emp_bern","low_PI_emp_bern","up_PI_hedged","low_PI_hedged"
"1",441,0.653857976695797,0.113338666844745,0.653749515260334,0.113458464151536,0.850900603906971,0.113458464151536,0.538985710674124,0.162831893971105,0.624242244637857,0.0280926760643957,0.787084352772552,-0.319205949675733,1.09936912709505,-0.397551522449819,0.624575217578214,0.0772423870670162,0.752486106766426,-0.01936745114792,0.61,0.13
