"","simul_idx","up_dw","low_dw","up_dw_x1_to_xn","low_dw_x1_to_xn","up_dw_x1_to_xn_tails","low_dw_x1_to_xn_tails","up_t_test","low_t_test","up_anderson","low_anderson","up_cheby","low_cheby","up_emp_bern","low_emp_bern","up_hoeffding","low_hoeffding","up_PI_emp_bern","low_PI_emp_bern","up_PI_hedged","low_PI_hedged"
"1",161,0.74122436239648,0.181693264780315,0.741148229999613,0.181839917330187,0.938340219076863,0.181839917330187,0.646708964063842,0.253943172943143,0.723539964220964,0.12719517596911,0.837123419204727,-0.23668866120007,1.21183382808589,-0.311181691078906,0.723992483759091,0.176659653247894,0.83173692151184,0.0471147178291235,0.71,0.21
