"","simul_idx","up_dw","low_dw","up_dw_x1_to_xn","low_dw_x1_to_xn","up_dw_x1_to_xn_tails","low_dw_x1_to_xn_tails","up_t_test","low_t_test","up_anderson","low_anderson","up_cheby","low_cheby","up_emp_bern","low_emp_bern","up_hoeffding","low_hoeffding","up_PI_emp_bern","low_PI_emp_bern","up_PI_hedged","low_PI_hedged"
"1",272,0.589421754072216,0.418380114595074,0.589419665663188,0.418380742894722,0.614199855735241,0.418380742894722,0.556080248973009,0.451878399416622,0.58134721800059,0.42260536348011,0.655089569503099,0.314101438563853,0.62426307868234,0.383695569707291,0.581383875398914,0.426574772990716,0.595340280213699,0.416925097528239,0.58,0.43
