"","simul_idx","up_dw","low_dw","up_dw_x1_to_xn","low_dw_x1_to_xn","up_dw_x1_to_xn_tails","low_dw_x1_to_xn_tails","up_t_test","low_t_test","up_anderson","low_anderson","up_cheby","low_cheby","up_emp_bern","low_emp_bern","up_hoeffding","low_hoeffding","up_PI_emp_bern","low_PI_emp_bern","up_PI_hedged","low_PI_hedged"
"1",404,0.581676210065851,0.410653244780645,0.581674294903333,0.410656977717309,0.606459010074548,0.410656977717309,0.548180671338447,0.443995801182423,0.573454350613386,0.414722190382579,0.648355741911552,0.305660097050823,0.61635802357466,0.375818448946209,0.573492787464534,0.418683685056336,0.585553404500023,0.405635876216267,0.56,0.42
