"","simul_idx","up_dw","low_dw","up_dw_x1_to_xn","low_dw_x1_to_xn","up_dw_x1_to_xn_tails","low_dw_x1_to_xn_tails","up_t_test","low_t_test","up_anderson","low_anderson","up_cheby","low_cheby","up_emp_bern","low_emp_bern","up_hoeffding","low_hoeffding","up_PI_emp_bern","low_PI_emp_bern","up_PI_hedged","low_PI_hedged"
"1",452,0.652426140448999,0.385669871770235,0.652417073820359,0.385677827979553,0.707016222246656,0.385677827979553,0.603039224623356,0.436960984729102,0.642323586314151,0.387683889887618,0.734570783833172,0.21088395194179,0.742785544399096,0.297214664953362,0.64238744621027,0.397612763142188,0.679859575992603,0.364912177451066,0.64,0.41
