"","simul_idx","up_dw","low_dw","up_dw_x1_to_xn","low_dw_x1_to_xn","up_dw_x1_to_xn_tails","low_dw_x1_to_xn_tails","up_t_test","low_t_test","up_anderson","low_anderson","up_cheby","low_cheby","up_emp_bern","low_emp_bern","up_hoeffding","low_hoeffding","up_PI_emp_bern","low_PI_emp_bern","up_PI_hedged","low_PI_hedged"
"1",281,0.633398587168275,0.366500575794778,0.63338957625195,0.366508234363403,0.687988285188181,0.366508234363403,0.583053340255116,0.41684057359188,0.622260033764745,0.367645067447416,0.719548770776284,0.189445696357348,0.72284243156687,0.277051482280126,0.622334298457539,0.377559615389457,0.65610965013424,0.338821307115232,0.62,0.39
