"","simul_idx","up_dw","low_dw","up_dw_x1_to_xn","low_dw_x1_to_xn","up_dw_x1_to_xn_tails","low_dw_x1_to_xn_tails","up_t_test","low_t_test","up_anderson","low_anderson","up_cheby","low_cheby","up_emp_bern","low_emp_bern","up_hoeffding","low_hoeffding","up_PI_emp_bern","low_PI_emp_bern","up_PI_hedged","low_PI_hedged"
"1",479,0.595217977723456,0.329081447642092,0.595210131640178,0.329089251266016,0.649809054762051,0.329089251266016,0.543104775253762,0.377458956756085,0.582607264469589,0.32800459406057,0.68936249578512,0.147513624223833,0.682713610665032,0.237850121344815,0.582669207538965,0.337894524470883,0.615728814560868,0.300277148858292,0.58,0.35
