"","simul_idx","up_dw","low_dw","up_dw_x1_to_xn","low_dw_x1_to_xn","up_dw_x1_to_xn_tails","low_dw_x1_to_xn_tails","up_t_test","low_t_test","up_anderson","low_anderson","up_cheby","low_cheby","up_emp_bern","low_emp_bern","up_hoeffding","low_hoeffding","up_PI_emp_bern","low_PI_emp_bern","up_PI_hedged","low_PI_hedged"
"1",248,0.601266404227274,0.43031220767896,0.601259763376978,0.43031392464081,0.626041523245848,0.43031392464081,0.568172401759098,0.464029077630844,0.593466046224534,0.434736784192183,0.665398421028907,0.327103001461422,0.636336351446018,0.395865127943924,0.59350529089907,0.438696188490872,0.602894213589726,0.42351952054187,0.59,0.44
