"","simul_idx","up_dw","low_dw","up_dw_x1_to_xn","low_dw_x1_to_xn","up_dw_x1_to_xn_tails","low_dw_x1_to_xn_tails","up_t_test","low_t_test","up_anderson","low_anderson","up_cheby","low_cheby","up_emp_bern","low_emp_bern","up_hoeffding","low_hoeffding","up_PI_emp_bern","low_PI_emp_bern","up_PI_hedged","low_PI_hedged"
"1",106,0.533037369340009,0.411846739962814,0.533036639091783,0.411848836396854,0.546316954820869,0.411848836396854,0.508860005747428,0.4355002075996,0.526892719116237,0.415464463571683,0.586703390868748,0.339139955549907,0.549887697537281,0.394472515809747,0.526913389724634,0.417446823622394,0.530122210831875,0.410722250369248,0.52,0.42
