"","simul_idx","up_dw","low_dw","up_dw_x1_to_xn","low_dw_x1_to_xn","up_dw_x1_to_xn_tails","low_dw_x1_to_xn_tails","up_t_test","low_t_test","up_anderson","low_anderson","up_cheby","low_cheby","up_emp_bern","low_emp_bern","up_hoeffding","low_hoeffding","up_PI_emp_bern","low_PI_emp_bern","up_PI_hedged","low_PI_hedged"
"1",235,0.517063379472349,0.396116436295148,0.517061532836135,0.396117424983648,0.530340195129214,0.396117424983648,0.492789880599147,0.419586902047046,0.510902043350509,0.399478921916075,0.572172732050449,0.322314309759545,0.533766741788423,0.37861004085777,0.510921674374216,0.401455108271977,0.510053308575195,0.389263519456341,0.5,0.4
