"","simul_idx","up_dw","low_dw","up_dw_x1_to_xn","low_dw_x1_to_xn","up_dw_x1_to_xn_tails","low_dw_x1_to_xn_tails","up_t_test","low_t_test","up_anderson","low_anderson","up_cheby","low_cheby","up_emp_bern","low_emp_bern","up_hoeffding","low_hoeffding","up_PI_emp_bern","low_PI_emp_bern","up_PI_hedged","low_PI_hedged"
"1",339,0.58635909847303,0.465145418503435,0.586358466354737,0.465147616616887,0.59963892965765,0.465147616616887,0.562684393437439,0.489311523047206,0.580710792541553,0.469282020133703,0.635221872533558,0.396146673039623,0.603716322388657,0.448279594095988,0.580731241293442,0.471264675191203,0.589641713962314,0.469217911097571,0.58,0.48
