"","simul_idx","up_dw","low_dw","up_dw_x1_to_xn","low_dw_x1_to_xn","up_dw_x1_to_xn_tails","low_dw_x1_to_xn_tails","up_t_test","low_t_test","up_anderson","low_anderson","up_cheby","low_cheby","up_emp_bern","low_emp_bern","up_hoeffding","low_hoeffding","up_PI_emp_bern","low_PI_emp_bern","up_PI_hedged","low_PI_hedged"
"1",39,0.513068504065771,0.392196511653548,0.513067213159325,0.392197962089762,0.526346593480161,0.392197962089762,0.488767895269273,0.415626693904886,0.506912741091188,0.39548699606569,0.568538513324606,0.318122848610844,0.529724732356721,0.374669856817437,0.506930577638199,0.39746401153596,0.51489393906574,0.395607271476394,0.5,0.4
