"","simul_idx","up_dw","low_dw","up_dw_x1_to_xn","low_dw_x1_to_xn","up_dw_x1_to_xn_tails","low_dw_x1_to_xn_tails","up_t_test","low_t_test","up_anderson","low_anderson","up_cheby","low_cheby","up_emp_bern","low_emp_bern","up_hoeffding","low_hoeffding","up_PI_emp_bern","low_PI_emp_bern","up_PI_hedged","low_PI_hedged"
"1",135,0.85392950358269,0.301314406565229,0.853789584639462,0.30146731260098,1.05099109775135,0.30146731260098,0.793123219251654,0.406286350753011,0.872885740317905,0.276424464595178,0.90320366473874,-0.103597284735631,1.35655582952729,-0.157146259522627,0.873371200257931,0.326038369746734,1.00158835626646,0.217283399609331,0.82,0.33
