"","simul_idx","up_dw","low_dw","up_dw_x1_to_xn","low_dw_x1_to_xn","up_dw_x1_to_xn_tails","low_dw_x1_to_xn_tails","up_t_test","low_t_test","up_anderson","low_anderson","up_cheby","low_cheby","up_emp_bern","low_emp_bern","up_hoeffding","low_hoeffding","up_PI_emp_bern","low_PI_emp_bern","up_PI_hedged","low_PI_hedged"
"1",381,0.539022952775352,0.417785067914934,0.53902161800899,0.417786148807845,0.552300459818351,0.417786148807845,0.514896398630683,0.441496874085313,0.532907720199027,0.421487691441096,0.592157148110264,0.345483315336791,0.555936967106236,0.40045630560976,0.532929919409118,0.423463353306878,0.543282256389475,0.422696141445037,0.53,0.43
