"","simul_idx","up_dw","low_dw","up_dw_x1_to_xn","low_dw_x1_to_xn","up_dw_x1_to_xn_tails","low_dw_x1_to_xn_tails","up_t_test","low_t_test","up_anderson","low_anderson","up_cheby","low_cheby","up_emp_bern","low_emp_bern","up_hoeffding","low_hoeffding","up_PI_emp_bern","low_PI_emp_bern","up_PI_hedged","low_PI_hedged"
"1",459,0.575551037217778,0.310316977370219,0.57552985569764,0.310323939229816,0.630127535887786,0.310323939229816,0.522669746748378,0.357653324584744,0.562486233556648,0.307888130333907,0.673820635803056,0.126473065408873,0.662078471444336,0.218244599888786,0.562548877200602,0.31777419413252,0.59447889754762,0.281468560947673,0.56,0.33
