"","simul_idx","up_dw","low_dw","up_dw_x1_to_xn","low_dw_x1_to_xn","up_dw_x1_to_xn_tails","low_dw_x1_to_xn_tails","up_t_test","low_t_test","up_anderson","low_anderson","up_cheby","low_cheby","up_emp_bern","low_emp_bern","up_hoeffding","low_hoeffding","up_PI_emp_bern","low_PI_emp_bern","up_PI_hedged","low_PI_hedged"
"1",454,0.670993359458493,0.404890616163293,0.670975034774788,0.40489589514641,0.725570230064468,0.40489589514641,0.622634761165507,0.456992517843387,0.662096780583485,0.407528495970495,0.749247986097544,0.232231358455996,0.762242459882933,0.317384819125961,0.662200981038488,0.417426297970406,0.694709957474201,0.379565623342794,0.65,0.42
