"","simul_idx","up_dw","low_dw","up_dw_x1_to_xn","low_dw_x1_to_xn","up_dw_x1_to_xn_tails","low_dw_x1_to_xn_tails","up_t_test","low_t_test","up_anderson","low_anderson","up_cheby","low_cheby","up_emp_bern","low_emp_bern","up_hoeffding","low_hoeffding","up_PI_emp_bern","low_PI_emp_bern","up_PI_hedged","low_PI_hedged"
"1",331,0.611063211099105,0.243932649991734,0.611039826055255,0.243953646129477,0.707373051859731,0.243953646129477,0.538006301488633,0.302428382207953,0.593209607170288,0.227234646058962,0.727197435568558,-0.0268351991547365,0.786709772759257,0.0537249109373282,0.593299180108521,0.247135503588064,0.642880800131267,0.208982019853702,0.58,0.26
