"","simul_idx","up_dw","low_dw","up_dw_x1_to_xn","low_dw_x1_to_xn","up_dw_x1_to_xn_tails","low_dw_x1_to_xn_tails","up_t_test","low_t_test","up_anderson","low_anderson","up_cheby","low_cheby","up_emp_bern","low_emp_bern","up_hoeffding","low_hoeffding","up_PI_emp_bern","low_PI_emp_bern","up_PI_hedged","low_PI_hedged"
"1",71,0.582287698771765,0.461042574223769,0.582286222309467,0.461043747085994,0.595565197599769,0.461043747085994,0.558579279378759,0.485167201286195,0.576583619378581,0.465162319618252,0.631525061698696,0.391755801698318,0.599623916888799,0.444122563776156,0.576606523383597,0.467139957281358,0.58410714541459,0.464492558733936,0.57,0.47
