"","simul_idx","up_dw","low_dw","up_dw_x1_to_xn","low_dw_x1_to_xn","up_dw_x1_to_xn_tails","low_dw_x1_to_xn_tails","up_t_test","low_t_test","up_anderson","low_anderson","up_cheby","low_cheby","up_emp_bern","low_emp_bern","up_hoeffding","low_hoeffding","up_PI_emp_bern","low_PI_emp_bern","up_PI_hedged","low_PI_hedged"
"1",31,0.593358780574217,0.422341328526335,0.593356314476744,0.422347846936789,0.618145114341977,0.422347846936789,0.560104503351164,0.455908325556469,0.585366415106926,0.426635957984257,0.658519199763598,0.318416212647587,0.628285503377377,0.387727325530255,0.585410965657915,0.430601863249717,0.599707198218983,0.421176945001713,0.58,0.44
