"","simul_idx","up_dw","low_dw","up_dw_x1_to_xn","low_dw_x1_to_xn","up_dw_x1_to_xn_tails","low_dw_x1_to_xn_tails","up_t_test","low_t_test","up_anderson","low_anderson","up_cheby","low_cheby","up_emp_bern","low_emp_bern","up_hoeffding","low_hoeffding","up_PI_emp_bern","low_PI_emp_bern","up_PI_hedged","low_PI_hedged"
"1",352,0.680227674373177,0.414439366719403,0.680223210125311,0.414442102194895,0.734814649724443,0.414442102194895,0.632345168646335,0.46695082369766,0.671982933101934,0.417337822647517,0.756469951574451,0.242890041465544,0.77187405037969,0.327421941964305,0.672035337706038,0.427260654637956,0.708603858268646,0.395139584060999,0.67,0.43
