"","simul_idx","up_dw","low_dw","up_dw_x1_to_xn","low_dw_x1_to_xn","up_dw_x1_to_xn_tails","low_dw_x1_to_xn_tails","up_t_test","low_t_test","up_anderson","low_anderson","up_cheby","low_cheby","up_emp_bern","low_emp_bern","up_hoeffding","low_hoeffding","up_PI_emp_bern","low_PI_emp_bern","up_PI_hedged","low_PI_hedged"
"1",49,0.577594085576502,0.40657754420494,0.577587926647615,0.406578086484058,0.602367969905736,0.406578086484058,0.544019902043559,0.439836706207793,0.569299082566868,0.410571035079781,0.644798777028973,0.301217192443481,0.612196714152087,0.371659894099265,0.569332855329775,0.414523752921577,0.583589958807475,0.405105256503202,0.56,0.42
