"","simul_idx","up_dw","low_dw","up_dw_x1_to_xn","low_dw_x1_to_xn","up_dw_x1_to_xn_tails","low_dw_x1_to_xn_tails","up_t_test","low_t_test","up_anderson","low_anderson","up_cheby","low_cheby","up_emp_bern","low_emp_bern","up_hoeffding","low_hoeffding","up_PI_emp_bern","low_PI_emp_bern","up_PI_hedged","low_PI_hedged"
"1",467,0.586284194570641,0.465066323205539,0.586282913357314,0.46506656550102,0.599560538056648,0.46506656550102,0.5626090479744,0.489231548643752,0.580637672433492,0.469206390913019,0.635152303783523,0.396063967410743,0.603642477323704,0.448198119294448,0.580653581360195,0.471187015257956,0.586941057705814,0.46758751744632,0.57,0.48
