"","simul_idx","up_dw","low_dw","up_dw_x1_to_xn","low_dw_x1_to_xn","up_dw_x1_to_xn_tails","low_dw_x1_to_xn_tails","up_t_test","low_t_test","up_anderson","low_anderson","up_cheby","low_cheby","up_emp_bern","low_emp_bern","up_hoeffding","low_hoeffding","up_PI_emp_bern","low_PI_emp_bern","up_PI_hedged","low_PI_hedged"
"1",343,0.703134015257228,0.33227845614481,0.703087974541474,0.332298572440631,0.799419888985963,0.332298572440631,0.638778280373925,0.400296444954356,0.692542169630863,0.326668582191192,0.792361083523439,0.0735345209167951,0.888382130701986,0.150692594626295,0.692619200924369,0.346455524403912,0.733851781716131,0.294939211436022,0.68,0.36
