"","simul_idx","up_dw","low_dw","up_dw_x1_to_xn","low_dw_x1_to_xn","up_dw_x1_to_xn_tails","low_dw_x1_to_xn_tails","up_t_test","low_t_test","up_anderson","low_anderson","up_cheby","low_cheby","up_emp_bern","low_emp_bern","up_hoeffding","low_hoeffding","up_PI_emp_bern","low_PI_emp_bern","up_PI_hedged","low_PI_hedged"
"1",59,0.566559304821668,0.445218866157507,0.56655793381595,0.445219826938453,0.579836548311328,0.445219826938453,0.542678634554325,0.469216223016669,0.560660924798597,0.449233732396231,0.617216781658522,0.374837000273824,0.583739586857367,0.428155270713627,0.560680711836616,0.451214145734377,0.569051017489167,0.448856883259612,0.56,0.46
