"","simul_idx","up_dw","low_dw","up_dw_x1_to_xn","low_dw_x1_to_xn","up_dw_x1_to_xn_tails","low_dw_x1_to_xn_tails","up_t_test","low_t_test","up_anderson","low_anderson","up_cheby","low_cheby","up_emp_bern","low_emp_bern","up_hoeffding","low_hoeffding","up_PI_emp_bern","low_PI_emp_bern","up_PI_hedged","low_PI_hedged"
"1",335,0.71728301203032,0.454097240107506,0.717275501658461,0.454099721276906,0.771866565754497,0.454099721276906,0.671531158201156,0.507986102936591,0.712067352715431,0.457447147506749,0.785471363282642,0.286817055933492,0.810472075465241,0.369045185672506,0.712145972102914,0.467371289034833,0.746421619293295,0.437170033255292,0.7,0.47
