"","simul_idx","up_dw","low_dw","up_dw_x1_to_xn","low_dw_x1_to_xn","up_dw_x1_to_xn_tails","low_dw_x1_to_xn_tails","up_t_test","low_t_test","up_anderson","low_anderson","up_cheby","low_cheby","up_emp_bern","low_emp_bern","up_hoeffding","low_hoeffding","up_PI_emp_bern","low_PI_emp_bern","up_PI_hedged","low_PI_hedged"
"1",388,0.542822282423953,0.421542510560624,0.542820418502593,0.421543340729054,0.556098896419496,0.421543340729054,0.518722915299737,0.445297159471714,0.53672531942699,0.425300577683398,0.595610091831844,0.349507628532323,0.559771986232173,0.404248088539277,0.536743320436845,0.427276754334605,0.544144644667888,0.424587665422183,0.53,0.43
