"","simul_idx","up_dw","low_dw","up_dw_x1_to_xn","low_dw_x1_to_xn","up_dw_x1_to_xn_tails","low_dw_x1_to_xn_tails","up_t_test","low_t_test","up_anderson","low_anderson","up_cheby","low_cheby","up_emp_bern","low_emp_bern","up_hoeffding","low_hoeffding","up_PI_emp_bern","low_PI_emp_bern","up_PI_hedged","low_PI_hedged"
"1",217,0.608878937427784,0.43800856045827,0.608874741128441,0.438010670276849,0.633657089538449,0.438010670276849,0.575931188533335,0.47187088376184,0.601275749920344,0.442530363640222,0.672009534892703,0.335492457698812,0.644068356573948,0.403733715721227,0.601305587351687,0.446496484943489,0.615790287778559,0.437142358610376,0.6,0.45
