"","simul_idx","up_dw","low_dw","up_dw_x1_to_xn","low_dw_x1_to_xn","up_dw_x1_to_xn_tails","low_dw_x1_to_xn_tails","up_t_test","low_t_test","up_anderson","low_anderson","up_cheby","low_cheby","up_emp_bern","low_emp_bern","up_hoeffding","low_hoeffding","up_PI_emp_bern","low_PI_emp_bern","up_PI_hedged","low_PI_hedged"
"1",12,0.685812631504576,0.314789064914598,0.685790609265133,0.314843820583084,0.782174151946577,0.314843820583084,0.619583537160894,0.381080137890716,0.67322955629025,0.307378858979835,0.780121309345349,0.0537650865309924,0.869194073508301,0.131469601543309,0.673413675786034,0.327249999265577,0.723453143469261,0.287096114368535,0.67,0.34
