"","simul_idx","up_dw","low_dw","up_dw_x1_to_xn","low_dw_x1_to_xn","up_dw_x1_to_xn_tails","low_dw_x1_to_xn_tails","up_t_test","low_t_test","up_anderson","low_anderson","up_cheby","low_cheby","up_emp_bern","low_emp_bern","up_hoeffding","low_hoeffding","up_PI_emp_bern","low_PI_emp_bern","up_PI_hedged","low_PI_hedged"
"1",206,0.620447826113022,0.449790939139189,0.620445458243502,0.449792413222903,0.645226873709619,0.449792413222903,0.587765915937737,0.483822194195527,0.61316675238063,0.454434560634855,0.682054351935686,0.348318830884761,0.655865474852267,0.415722635280997,0.613198606270731,0.458389503862533,0.62279156855001,0.443991090632652,0.61,0.46
