"","simul_idx","up_dw","low_dw","up_dw_x1_to_xn","low_dw_x1_to_xn","up_dw_x1_to_xn_tails","low_dw_x1_to_xn_tails","up_t_test","low_t_test","up_anderson","low_anderson","up_cheby","low_cheby","up_emp_bern","low_emp_bern","up_hoeffding","low_hoeffding","up_PI_emp_bern","low_PI_emp_bern","up_PI_hedged","low_PI_hedged"
"1",165,0.703548716631503,0.332912715874067,0.703539535269956,0.332960155967326,0.799912174455689,0.332960155967326,0.639191061256626,0.401043822512666,0.692994286805912,0.327245894453001,0.79272793877767,0.0741344643634063,0.888691167597258,0.151543716172033,0.693199280144874,0.347035603624417,0.744040051409462,0.305685214827861,0.68,0.35
