"","simul_idx","up_dw","low_dw","up_dw_x1_to_xn","low_dw_x1_to_xn","up_dw_x1_to_xn_tails","low_dw_x1_to_xn_tails","up_t_test","low_t_test","up_anderson","low_anderson","up_cheby","low_cheby","up_emp_bern","low_emp_bern","up_hoeffding","low_hoeffding","up_PI_emp_bern","low_PI_emp_bern","up_PI_hedged","low_PI_hedged"
"1",15,0.540866730380293,0.419602137176497,0.540865390495438,0.419603816824957,0.554145101316983,0.419603816824957,0.5167493180392,0.443338051013842,0.534760125430935,0.423333015841974,0.59382997227889,0.347432154243699,0.557793692654586,0.402293676398455,0.53477696757764,0.425310401475401,0.542423937203566,0.422827070789556,0.53,0.43
