"","simul_idx","up_dw","low_dw","up_dw_x1_to_xn","low_dw_x1_to_xn","up_dw_x1_to_xn_tails","low_dw_x1_to_xn_tails","up_t_test","low_t_test","up_anderson","low_anderson","up_cheby","low_cheby","up_emp_bern","low_emp_bern","up_hoeffding","low_hoeffding","up_PI_emp_bern","low_PI_emp_bern","up_PI_hedged","low_PI_hedged"
"1",101,0.741131807243616,0.181226050953616,0.741042156098547,0.181266522156544,0.938072431397972,0.181266522156544,0.646537246351385,0.253416925671016,0.723475070604951,0.12679213932288,0.836955780969027,-0.236986332954093,1.21176330143525,-0.311809129412851,0.723643501266799,0.176310670755602,0.834317306654865,0.0437104103029486,0.71,0.21
