"","simul_idx","up_dw","low_dw","up_dw_x1_to_xn","low_dw_x1_to_xn","up_dw_x1_to_xn_tails","low_dw_x1_to_xn_tails","up_t_test","low_t_test","up_anderson","low_anderson","up_cheby","low_cheby","up_emp_bern","low_emp_bern","up_hoeffding","low_hoeffding","up_PI_emp_bern","low_PI_emp_bern","up_PI_hedged","low_PI_hedged"
"1",402,0.630090749242669,0.261276297978921,0.630070630189683,0.261297788984545,0.726404593569764,0.261297788984545,0.558595607766802,0.321748079782247,0.613127253046849,0.247266946927407,0.740650438167589,-0.00703069854338151,0.807692729898345,0.0726509576507041,0.613253682034753,0.267090005514296,0.663504205782689,0.227895599131056,0.6,0.28
