"","simul_idx","up_dw","low_dw","up_dw_x1_to_xn","low_dw_x1_to_xn","up_dw_x1_to_xn_tails","low_dw_x1_to_xn_tails","up_t_test","low_t_test","up_anderson","low_anderson","up_cheby","low_cheby","up_emp_bern","low_emp_bern","up_hoeffding","low_hoeffding","up_PI_emp_bern","low_PI_emp_bern","up_PI_hedged","low_PI_hedged"
"1",200,0.576424066237217,0.455140259527939,0.576423085744526,0.455142467662622,0.589703563591892,0.455142467662622,0.552649837171583,0.479221076672121,0.570643954227432,0.459224743627565,0.626196749407598,0.385441401419563,0.593699882020914,0.43817103182279,0.570668739972972,0.461202173870732,0.573193795422609,0.453812624315446,0.57,0.47
