"","simul_idx","up_dw","low_dw","up_dw_x1_to_xn","low_dw_x1_to_xn","up_dw_x1_to_xn_tails","low_dw_x1_to_xn_tails","up_t_test","low_t_test","up_anderson","low_anderson","up_cheby","low_cheby","up_emp_bern","low_emp_bern","up_hoeffding","low_hoeffding","up_PI_emp_bern","low_PI_emp_bern","up_PI_hedged","low_PI_hedged"
"1",136,0.581611677452099,0.410553165793929,0.581610097576411,0.410554651838308,0.606391519996367,0.410554651838308,0.54812167210099,0.443887947700169,0.573375503809647,0.414630205504728,0.648284455854629,0.305570947800331,0.616314784482256,0.375694835318903,0.573409361104678,0.41860025869648,0.595283493359245,0.414852187418903,0.57,0.43
