"","simul_idx","up_dw","low_dw","up_dw_x1_to_xn","low_dw_x1_to_xn","up_dw_x1_to_xn_tails","low_dw_x1_to_xn_tails","up_t_test","low_t_test","up_anderson","low_anderson","up_cheby","low_cheby","up_emp_bern","low_emp_bern","up_hoeffding","low_hoeffding","up_PI_emp_bern","low_PI_emp_bern","up_PI_hedged","low_PI_hedged"
"1",58,0.649089250070202,0.279026754796115,0.649073962418419,0.279036019104583,0.745389702523382,0.279036019104583,0.579252382366932,0.341495891994079,0.633315927058226,0.267451387681455,0.754090726949755,0.01319950168442,0.828631334502951,0.0921169398580594,0.633455975440734,0.287292298920277,0.674585870292436,0.23708590881181,0.63,0.31
