"","simul_idx","up_dw","low_dw","up_dw_x1_to_xn","low_dw_x1_to_xn","up_dw_x1_to_xn_tails","low_dw_x1_to_xn_tails","up_t_test","low_t_test","up_anderson","low_anderson","up_cheby","low_cheby","up_emp_bern","low_emp_bern","up_hoeffding","low_hoeffding","up_PI_emp_bern","low_PI_emp_bern","up_PI_hedged","low_PI_hedged"
"1",280,0.624051244784805,0.357137964723542,0.624048528532181,0.357144499055925,0.67864557744452,0.357144499055925,0.573235728682238,0.407003266538445,0.61245648502261,0.357799598117933,0.712127311147898,0.178999048143632,0.713031081989003,0.267207913231681,0.612506839144383,0.367732156076301,0.646131095362253,0.329263959927804,0.61,0.38
