"","simul_idx","up_dw","low_dw","up_dw_x1_to_xn","low_dw_x1_to_xn","up_dw_x1_to_xn_tails","low_dw_x1_to_xn_tails","up_t_test","low_t_test","up_anderson","low_anderson","up_cheby","low_cheby","up_emp_bern","low_emp_bern","up_hoeffding","low_hoeffding","up_PI_emp_bern","low_PI_emp_bern","up_PI_hedged","low_PI_hedged"
"1",354,0.605611955235375,0.0824660385313817,0.605456630942866,0.0825231699826357,0.802512279735599,0.0825231699826357,0.481851487166875,0.119598275357151,0.57419414441442,0.00117932414393642,0.760158665222096,-0.359192156872746,1.03826734452057,-0.436817581996542,0.574391296517611,0.027058466006414,0.698812361058048,-0.0633306453666512,0.56,0.09
