"","simul_idx","up_dw","low_dw","up_dw_x1_to_xn","low_dw_x1_to_xn","up_dw_x1_to_xn_tails","low_dw_x1_to_xn_tails","up_t_test","low_t_test","up_anderson","low_anderson","up_cheby","low_cheby","up_emp_bern","low_emp_bern","up_hoeffding","low_hoeffding","up_PI_emp_bern","low_PI_emp_bern","up_PI_hedged","low_PI_hedged"
"1",330,0.546243639979337,0.375660298665808,0.54624176882802,0.375662608734653,0.571024395427808,0.375662608734653,0.512139261580099,0.408268870962479,0.537580628486981,0.37883536646985,0.617515766764017,0.267492052988461,0.580215164225553,0.340192968317025,0.537608617475388,0.38279951506719,0.551774361284254,0.373508060130925,0.53,0.39
