"","simul_idx","up_dw","low_dw","up_dw_x1_to_xn","low_dw_x1_to_xn","up_dw_x1_to_xn_tails","low_dw_x1_to_xn_tails","up_t_test","low_t_test","up_anderson","low_anderson","up_cheby","low_cheby","up_emp_bern","low_emp_bern","up_hoeffding","low_hoeffding","up_PI_emp_bern","low_PI_emp_bern","up_PI_hedged","low_PI_hedged"
"1",204,0.667197032608979,0.296411439294986,0.667141324681381,0.296451789892548,0.763503397331534,0.296451789892548,0.599090851746177,0.360750348216599,0.652882863314062,0.28703045505466,0.76691782814622,0.0329498384894262,0.848650881155242,0.111190318807534,0.653002438241617,0.306838761721159,0.702808468094237,0.267298480842829,0.65,0.32
