"","simul_idx","up_dw","low_dw","up_dw_x1_to_xn","low_dw_x1_to_xn","up_dw_x1_to_xn_tails","low_dw_x1_to_xn_tails","up_t_test","low_t_test","up_anderson","low_anderson","up_cheby","low_cheby","up_emp_bern","low_emp_bern","up_hoeffding","low_hoeffding","up_PI_emp_bern","low_PI_emp_bern","up_PI_hedged","low_PI_hedged"
"1",225,0.853943333419167,0.301418758734406,0.853868335020517,0.301727581621557,1.0513073088898,0.301727581621557,0.793311794090514,0.406220930652677,0.872897901889759,0.27652658633913,0.903228413531836,-0.103539930369709,1.35681690048641,-0.157284175743221,0.873432777627194,0.326099947115997,1.00106349578761,0.217974247222906,0.82,0.33
