"","simul_idx","up_dw","low_dw","up_dw_x1_to_xn","low_dw_x1_to_xn","up_dw_x1_to_xn_tails","low_dw_x1_to_xn_tails","up_t_test","low_t_test","up_anderson","low_anderson","up_cheby","low_cheby","up_emp_bern","low_emp_bern","up_hoeffding","low_hoeffding","up_PI_emp_bern","low_PI_emp_bern","up_PI_hedged","low_PI_hedged"
"1",366,0.738488504022769,0.369758059136895,0.738429179549504,0.369795790704784,0.834787348668093,0.369795790704784,0.678053162459633,0.441180676298207,0.732514045637964,0.366732560095338,0.817304240767821,0.115390624863712,0.927158023044592,0.192075815713248,0.732698757639148,0.386535081118691,0.780000177214737,0.347933740944829,0.73,0.4
