"","simul_idx","up_dw","low_dw","up_dw_x1_to_xn","low_dw_x1_to_xn","up_dw_x1_to_xn_tails","low_dw_x1_to_xn_tails","up_t_test","low_t_test","up_anderson","low_anderson","up_cheby","low_cheby","up_emp_bern","low_emp_bern","up_hoeffding","low_hoeffding","up_PI_emp_bern","low_PI_emp_bern","up_PI_hedged","low_PI_hedged"
"1",284,0.568493358751334,0.44716064457081,0.568492456324235,0.447162616455049,0.581772540653669,0.447162616455049,0.544636198404709,0.47117231286528,0.562613885505836,0.451190062068882,0.618977789487256,0.376912907836263,0.585697628482197,0.430110882787792,0.562637538686114,0.453170972583875,0.570765726299462,0.45097191043041,0.56,0.46
