"","simul_idx","up_dw","low_dw","up_dw_x1_to_xn","low_dw_x1_to_xn","up_dw_x1_to_xn_tails","low_dw_x1_to_xn_tails","up_t_test","low_t_test","up_anderson","low_anderson","up_cheby","low_cheby","up_emp_bern","low_emp_bern","up_hoeffding","low_hoeffding","up_PI_emp_bern","low_PI_emp_bern","up_PI_hedged","low_PI_hedged"
"1",414,0.591802576147555,0.227100784520682,0.591782158217879,0.227148698087933,0.688155503092706,0.227148698087933,0.517286838412972,0.283610979538032,0.573397787336532,0.207498430747088,0.713700236815914,-0.0462853885234111,0.765400562847463,0.0354972551035413,0.57353074723573,0.227367070715273,0.621950507054469,0.190750840505937,0.57,0.25
