"","simul_idx","up_dw","low_dw","up_dw_x1_to_xn","low_dw_x1_to_xn","up_dw_x1_to_xn_tails","low_dw_x1_to_xn_tails","up_t_test","low_t_test","up_anderson","low_anderson","up_cheby","low_cheby","up_emp_bern","low_emp_bern","up_hoeffding","low_hoeffding","up_PI_emp_bern","low_PI_emp_bern","up_PI_hedged","low_PI_hedged"
"1",129,0.572504828322573,0.451169854420935,0.572504229601104,0.451171096470867,0.585783375354563,0.451171096470867,0.54868872029853,0.475217228661438,0.566667419282124,0.455238687463137,0.622618766128905,0.381210595596554,0.589752615772709,0.43415333318726,0.566686257531104,0.457219691428865,0.573119483312357,0.453612439924321,0.56,0.46
