"","simul_idx","up_dw","low_dw","up_dw_x1_to_xn","low_dw_x1_to_xn","up_dw_x1_to_xn_tails","low_dw_x1_to_xn_tails","up_t_test","low_t_test","up_anderson","low_anderson","up_cheby","low_cheby","up_emp_bern","low_emp_bern","up_hoeffding","low_hoeffding","up_PI_emp_bern","low_PI_emp_bern","up_PI_hedged","low_PI_hedged"
"1",348,0.580408265702378,0.459141492675157,0.580407366727541,0.459143243870851,0.593687181390157,0.459143243870851,0.556669358959102,0.483262243321364,0.574678071605642,0.463251529624634,0.629814243846375,0.389726542703103,0.597712387967615,0.442219214312851,0.574699084191353,0.465232518089114,0.582727781898548,0.463111001547185,0.57,0.47
