"","simul_idx","up_dw","low_dw","up_dw_x1_to_xn","low_dw_x1_to_xn","up_dw_x1_to_xn_tails","low_dw_x1_to_xn_tails","up_t_test","low_t_test","up_anderson","low_anderson","up_cheby","low_cheby","up_emp_bern","low_emp_bern","up_hoeffding","low_hoeffding","up_PI_emp_bern","low_PI_emp_bern","up_PI_hedged","low_PI_hedged"
"1",12,0.652391130933395,0.385672718609486,0.652378647935631,0.38567518587241,0.706969691497654,0.38567518587241,0.603022639664178,0.436945125933238,0.642298457929877,0.387678850171131,0.734558699042573,0.210866542409623,0.742768728563039,0.297199037034376,0.642371224332749,0.397596541264667,0.680860882743189,0.363878722510241,0.63,0.4
