"","simul_idx","up_dw","low_dw","up_dw_x1_to_xn","low_dw_x1_to_xn","up_dw_x1_to_xn_tails","low_dw_x1_to_xn_tails","up_t_test","low_t_test","up_anderson","low_anderson","up_cheby","low_cheby","up_emp_bern","low_emp_bern","up_hoeffding","low_hoeffding","up_PI_emp_bern","low_PI_emp_bern","up_PI_hedged","low_PI_hedged"
"1",32,0.886833064817565,0.346305037488696,0.886695737238478,0.346380898062807,1.08377991041237,0.346380898062807,0.837610842380077,0.461010684324992,0.922488417046687,0.326132999797848,0.922407754939421,-0.0566600704693754,1.3981216551044,-0.099500128399335,0.922977178608133,0.375644348096936,1.04307086184875,0.272558770632739,0.86,0.38
