"","simul_idx","up_dw","low_dw","up_dw_x1_to_xn","low_dw_x1_to_xn","up_dw_x1_to_xn_tails","low_dw_x1_to_xn_tails","up_t_test","low_t_test","up_anderson","low_anderson","up_cheby","low_cheby","up_emp_bern","low_emp_bern","up_hoeffding","low_hoeffding","up_PI_emp_bern","low_PI_emp_bern","up_PI_hedged","low_PI_hedged"
"1",337,0.703792214923525,0.332983941547729,0.703756002430099,0.332999353941258,0.800080905945596,0.332999353941258,0.639510897423994,0.401078404345079,0.693198951072922,0.327349085292208,0.792839976288753,0.074317775185475,0.889099448821906,0.151489852947167,0.693376489144765,0.347212812624308,0.743997010104543,0.306074246943553,0.68,0.35
