"","simul_idx","up_dw","low_dw","up_dw_x1_to_xn","low_dw_x1_to_xn","up_dw_x1_to_xn_tails","low_dw_x1_to_xn_tails","up_t_test","low_t_test","up_anderson","low_anderson","up_cheby","low_cheby","up_emp_bern","low_emp_bern","up_hoeffding","low_hoeffding","up_PI_emp_bern","low_PI_emp_bern","up_PI_hedged","low_PI_hedged"
"1",26,0.612863065679143,0.442065101368666,0.612858207520489,0.442069377139167,0.637643724550021,0.442069377139167,0.580014773215165,0.475978728732646,0.605365736349337,0.44663674671895,0.675473587476649,0.339904779780861,0.648144115002913,0.407849386944898,0.605401302178005,0.450592199769807,0.610250256097805,0.430238130769312,0.59,0.45
