"","simul_idx","up_dw","low_dw","up_dw_x1_to_xn","low_dw_x1_to_xn","up_dw_x1_to_xn_tails","low_dw_x1_to_xn_tails","up_t_test","low_t_test","up_anderson","low_anderson","up_cheby","low_cheby","up_emp_bern","low_emp_bern","up_hoeffding","low_hoeffding","up_PI_emp_bern","low_PI_emp_bern","up_PI_hedged","low_PI_hedged"
"1",376,0.55805399371468,0.387238857586331,0.558053071139907,0.387244378335237,0.582840407622017,0.387244378335237,0.524140676374161,0.420089599417539,0.54948412341453,0.39074702266211,0.627791454596343,0.280122272126445,0.592274867565956,0.351955408225744,0.549519689099949,0.394710586691751,0.558291785336789,0.379109331862,0.54,0.4
