"","simul_idx","up_dw","low_dw","up_dw_x1_to_xn","low_dw_x1_to_xn","up_dw_x1_to_xn_tails","low_dw_x1_to_xn_tails","up_t_test","low_t_test","up_anderson","low_anderson","up_cheby","low_cheby","up_emp_bern","low_emp_bern","up_hoeffding","low_hoeffding","up_PI_emp_bern","low_PI_emp_bern","up_PI_hedged","low_PI_hedged"
"1",108,0.546191121217019,0.375605881559796,0.546189862128143,0.375607299649886,0.570971231811192,0.375607299649886,0.512094095138278,0.408206513719107,0.537525596843752,0.378781273611557,0.617469300479995,0.267435131113644,0.58017554345386,0.340125065403524,0.537554855632791,0.382745753224593,0.547963928699225,0.369002408571507,0.53,0.39
