"","simul_idx","up_dw","low_dw","up_dw_x1_to_xn","low_dw_x1_to_xn","up_dw_x1_to_xn_tails","low_dw_x1_to_xn_tails","up_t_test","low_t_test","up_anderson","low_anderson","up_cheby","low_cheby","up_emp_bern","low_emp_bern","up_hoeffding","low_hoeffding","up_PI_emp_bern","low_PI_emp_bern","up_PI_hedged","low_PI_hedged"
"1",260,0.853733820449653,0.300767525074336,0.853695509026768,0.300854581941947,1.05079673411206,0.300854581941947,0.792662927721306,0.405786965595405,0.872555100348654,0.275834913261313,0.903010735687831,-0.104044140143357,1.35610669623621,-0.157656802919497,0.872891361913954,0.325558531402757,0.999521460843991,0.218380370925745,0.82,0.33
