"","simul_idx","up_dw","low_dw","up_dw_x1_to_xn","low_dw_x1_to_xn","up_dw_x1_to_xn_tails","low_dw_x1_to_xn_tails","up_t_test","low_t_test","up_anderson","low_anderson","up_cheby","low_cheby","up_emp_bern","low_emp_bern","up_hoeffding","low_hoeffding","up_PI_emp_bern","low_PI_emp_bern","up_PI_hedged","low_PI_hedged"
"1",228,0.616658123439836,0.445933090399703,0.616653482942614,0.44593508348065,0.64143564631534,0.44593508348065,0.583887592495464,0.479911290370131,0.609273561599469,0.450541935534686,0.678769685412337,0.344113855804581,0.651997661685325,0.41180122118027,0.609303992636896,0.454494890228698,0.618276701455365,0.43927999259339,0.6,0.46
