"","simul_idx","up_dw","low_dw","up_dw_x1_to_xn","low_dw_x1_to_xn","up_dw_x1_to_xn_tails","low_dw_x1_to_xn_tails","up_t_test","low_t_test","up_anderson","low_anderson","up_cheby","low_cheby","up_emp_bern","low_emp_bern","up_hoeffding","low_hoeffding","up_PI_emp_bern","low_PI_emp_bern","up_PI_hedged","low_PI_hedged"
"1",169,0.818101482319565,0.258220861071333,0.818028922914055,0.258283195710801,1.01509249614217,0.258283195710801,0.745646700334542,0.352717063500314,0.822571727014333,0.22585791311457,0.882174494882562,-0.149931985659325,1.31081832977085,-0.212454565935998,0.822848297173027,0.275515466661829,0.931251392875455,0.140367902264617,0.79,0.29
