"","simul_idx","up_dw","low_dw","up_dw_x1_to_xn","low_dw_x1_to_xn","up_dw_x1_to_xn_tails","low_dw_x1_to_xn_tails","up_t_test","low_t_test","up_anderson","low_anderson","up_cheby","low_cheby","up_emp_bern","low_emp_bern","up_hoeffding","low_hoeffding","up_PI_emp_bern","low_PI_emp_bern","up_PI_hedged","low_PI_hedged"
"1",43,0.887255458695264,0.346520293538451,0.887184155104277,0.34664705781535,1.08434585441925,0.34664705781535,0.838188999530452,0.461234231280052,0.922910550992339,0.326342162782041,0.922556786807628,-0.0562746329339587,1.3988010263319,-0.0993777955214002,0.923378030660851,0.376045200149654,1.04320150314125,0.273214902302903,0.86,0.38
