"","simul_idx","up_dw","low_dw","up_dw_x1_to_xn","low_dw_x1_to_xn","up_dw_x1_to_xn_tails","low_dw_x1_to_xn_tails","up_t_test","low_t_test","up_anderson","low_anderson","up_cheby","low_cheby","up_emp_bern","low_emp_bern","up_hoeffding","low_hoeffding","up_PI_emp_bern","low_PI_emp_bern","up_PI_hedged","low_PI_hedged"
"1",27,0.685691141828865,0.314655401098586,0.685655214308632,0.31469845717273,0.782021319335105,0.31469845717273,0.619491737636216,0.380899084943223,0.673089215975811,0.307246051668979,0.780033720127066,0.0536252986891333,0.869129947617733,0.131260874961707,0.673277249549948,0.327113573029491,0.713501038116192,0.277019742698156,0.66,0.33
