"","simul_idx","up_dw","low_dw","up_dw_x1_to_xn","low_dw_x1_to_xn","up_dw_x1_to_xn_tails","low_dw_x1_to_xn_tails","up_t_test","low_t_test","up_anderson","low_anderson","up_cheby","low_cheby","up_emp_bern","low_emp_bern","up_hoeffding","low_hoeffding","up_PI_emp_bern","low_PI_emp_bern","up_PI_hedged","low_PI_hedged"
"1",418,0.685594017780071,0.314472720163261,0.685573116570865,0.314500582938317,0.781916576751745,0.314500582938317,0.619327983377283,0.380739445308397,0.673027570661218,0.3071019838909,0.779929894805672,0.0534596290990608,0.868964917591457,0.131102511094223,0.673115552603068,0.326951876082611,0.713850054926437,0.276335313625984,0.67,0.34
