"","simul_idx","up_dw","low_dw","up_dw_x1_to_xn","low_dw_x1_to_xn","up_dw_x1_to_xn_tails","low_dw_x1_to_xn_tails","up_t_test","low_t_test","up_anderson","low_anderson","up_cheby","low_cheby","up_emp_bern","low_emp_bern","up_hoeffding","low_hoeffding","up_PI_emp_bern","low_PI_emp_bern","up_PI_hedged","low_PI_hedged"
"1",25,0.781363578085881,0.219074897785272,0.78130010401553,0.219167162704863,0.978409260943697,0.219167162704863,0.69792522984481,0.302630326381103,0.773673530795359,0.176833466556222,0.860506215146179,-0.193469177662237,1.2637719619212,-0.263216405695291,0.773944193368555,0.226611362857358,0.907916541183488,0.116935614531704,0.74,0.24
