"","simul_idx","up_dw","low_dw","up_dw_x1_to_xn","low_dw_x1_to_xn","up_dw_x1_to_xn_tails","low_dw_x1_to_xn_tails","up_t_test","low_t_test","up_anderson","low_anderson","up_cheby","low_cheby","up_emp_bern","low_emp_bern","up_hoeffding","low_hoeffding","up_PI_emp_bern","low_PI_emp_bern","up_PI_hedged","low_PI_hedged"
"1",15,0.72622144142344,0.463950302811894,0.726215002086895,0.463955815086979,0.78081054185065,0.463955815086979,0.680981300896949,0.518146531486872,0.721887422243452,0.467264471493829,0.792444962713016,0.297671248545003,0.819696389374417,0.379431443009404,0.721951257725951,0.47717657465787,0.751129693248457,0.442036032511768,0.71,0.48
