"","simul_idx","up_dw","low_dw","up_dw_x1_to_xn","low_dw_x1_to_xn","up_dw_x1_to_xn_tails","low_dw_x1_to_xn_tails","up_t_test","low_t_test","up_anderson","low_anderson","up_cheby","low_cheby","up_emp_bern","low_emp_bern","up_hoeffding","low_hoeffding","up_PI_emp_bern","low_PI_emp_bern","up_PI_hedged","low_PI_hedged"
"1",25,0.614446568790311,0.347687363817545,0.614432335868693,0.347691206278726,0.669025410019907,0.347691206278726,0.563194412263737,0.397049140793123,0.602434628779186,0.347804894937687,0.704537964897003,0.168410719700142,0.702962044106242,0.257281508950618,0.602509118062471,0.357734434994389,0.641197295643216,0.324202837424736,0.59,0.36
