"","simul_idx","up_dw","low_dw","up_dw_x1_to_xn","low_dw_x1_to_xn","up_dw_x1_to_xn_tails","low_dw_x1_to_xn_tails","up_t_test","low_t_test","up_anderson","low_anderson","up_cheby","low_cheby","up_emp_bern","low_emp_bern","up_hoeffding","low_hoeffding","up_PI_emp_bern","low_PI_emp_bern","up_PI_hedged","low_PI_hedged"
"1",326,0.603841650767064,0.482896145525699,0.603841072235305,0.482897833963384,0.617120795813213,0.482897833963384,0.580366250656091,0.507173864316992,0.598481077407919,0.487056241652875,0.651106893081899,0.41510890591132,0.621339678546449,0.466200436426635,0.598503340537661,0.489036774435422,0.60064794501213,0.481592729620977,0.59,0.49
