"","simul_idx","up_dw","low_dw","up_dw_x1_to_xn","low_dw_x1_to_xn","up_dw_x1_to_xn_tails","low_dw_x1_to_xn_tails","up_t_test","low_t_test","up_anderson","low_anderson","up_cheby","low_cheby","up_emp_bern","low_emp_bern","up_hoeffding","low_hoeffding","up_PI_emp_bern","low_PI_emp_bern","up_PI_hedged","low_PI_hedged"
"1",461,0.61265946835144,0.44184678631634,0.612655514231554,0.441849710689425,0.6374390592353,0.441849710689425,0.579804265956387,0.475760193292133,0.605151631326751,0.446419961825364,0.675292275705529,0.339673550494972,0.647936197597059,0.407628261651462,0.605186780828359,0.450377678420161,0.623501311656525,0.443370720614791,0.6,0.46
