"","simul_idx","up_dw","low_dw","up_dw_x1_to_xn","low_dw_x1_to_xn","up_dw_x1_to_xn_tails","low_dw_x1_to_xn_tails","up_t_test","low_t_test","up_anderson","low_anderson","up_cheby","low_cheby","up_emp_bern","low_emp_bern","up_hoeffding","low_hoeffding","up_PI_emp_bern","low_PI_emp_bern","up_PI_hedged","low_PI_hedged"
"1",188,0.56603891547625,0.395083523322379,0.566035031457985,0.39508579913228,0.59081762887983,0.39508579913228,0.532261607698605,0.428100535030441,0.55755239945568,0.398807260422938,0.634728170866124,0.288696966373344,0.600431282979374,0.359930859749673,0.557585622568622,0.402776520160424,0.572489119675796,0.393234863729404,0.55,0.41
