"","simul_idx","up_dw","low_dw","up_dw_x1_to_xn","low_dw_x1_to_xn","up_dw_x1_to_xn_tails","low_dw_x1_to_xn_tails","up_t_test","low_t_test","up_anderson","low_anderson","up_cheby","low_cheby","up_emp_bern","low_emp_bern","up_hoeffding","low_hoeffding","up_PI_emp_bern","low_PI_emp_bern","up_PI_hedged","low_PI_hedged"
"1",440,0.685545901795146,0.314459049441842,0.685526040993851,0.314478345392979,0.781856732755986,0.314478345392979,0.619253644482362,0.380750775306318,0.672973064637016,0.307075638981083,0.779909664385384,0.053427352105183,0.868864016470459,0.131140403318221,0.673084048154568,0.326920371634111,0.723996609695709,0.28590303219496,0.66,0.33
