"","simul_idx","up_dw","low_dw","up_dw_x1_to_xn","low_dw_x1_to_xn","up_dw_x1_to_xn_tails","low_dw_x1_to_xn_tails","up_t_test","low_t_test","up_anderson","low_anderson","up_cheby","low_cheby","up_emp_bern","low_emp_bern","up_hoeffding","low_hoeffding","up_PI_emp_bern","low_PI_emp_bern","up_PI_hedged","low_PI_hedged"
"1",284,0.585161221199842,0.319391409619767,0.585152835271218,0.319397488580127,0.639749212050476,0.319397488580127,0.53262649956418,0.36725638925608,0.572273057789438,0.317646132462111,0.681393893500654,0.136681459972309,0.672147676118781,0.227735212701479,0.572328785944171,0.327554102876089,0.604924850513843,0.290494660238124,0.57,0.34
