"","simul_idx","up_dw","low_dw","up_dw_x1_to_xn","low_dw_x1_to_xn","up_dw_x1_to_xn_tails","low_dw_x1_to_xn_tails","up_t_test","low_t_test","up_anderson","low_anderson","up_cheby","low_cheby","up_emp_bern","low_emp_bern","up_hoeffding","low_hoeffding","up_PI_emp_bern","low_PI_emp_bern","up_PI_hedged","low_PI_hedged"
"1",458,0.886855425792414,0.346017662147349,0.886791319317157,0.346224747169425,1.08407534681419,0.346224747169425,0.83762216590922,0.460632921441648,0.922407531816072,0.325739080352329,0.922339602324963,-0.0568362107577186,1.39824403303267,-0.0999889456817978,0.922793958931032,0.375461128419835,1.04561710536728,0.269705963727749,0.86,0.37
