"","simul_idx","up_dw","low_dw","up_dw_x1_to_xn","low_dw_x1_to_xn","up_dw_x1_to_xn_tails","low_dw_x1_to_xn_tails","up_t_test","low_t_test","up_anderson","low_anderson","up_cheby","low_cheby","up_emp_bern","low_emp_bern","up_hoeffding","low_hoeffding","up_PI_emp_bern","low_PI_emp_bern","up_PI_hedged","low_PI_hedged"
"1",187,0.703366299660974,0.33270915992011,0.70333634390018,0.332758712022177,0.799712130928465,0.332758712022177,0.638994404458198,0.400822201510232,0.692787507543711,0.327009723579034,0.792595693943804,0.0739181443632205,0.888502251121002,0.151314354847428,0.692990141244443,0.346826464723986,0.733450894249287,0.296109043028464,0.69,0.36
