"","simul_idx","up_dw","low_dw","up_dw_x1_to_xn","low_dw_x1_to_xn","up_dw_x1_to_xn_tails","low_dw_x1_to_xn_tails","up_t_test","low_t_test","up_anderson","low_anderson","up_cheby","low_cheby","up_emp_bern","low_emp_bern","up_hoeffding","low_hoeffding","up_PI_emp_bern","low_PI_emp_bern","up_PI_hedged","low_PI_hedged"
"1",108,0.703372552423554,0.332596551753707,0.703318272514946,0.332611372914418,0.799642294827762,0.332611372914418,0.639032433836339,0.400654243046807,0.692831011040504,0.326983119563044,0.7925546104621,0.0738509536071888,0.888604148438079,0.151082528445068,0.692925176701802,0.346761500181345,0.743267903934202,0.305891201499054,0.68,0.35
