"","simul_idx","up_dw","low_dw","up_dw_x1_to_xn","low_dw_x1_to_xn","up_dw_x1_to_xn_tails","low_dw_x1_to_xn_tails","up_t_test","low_t_test","up_anderson","low_anderson","up_cheby","low_cheby","up_emp_bern","low_emp_bern","up_hoeffding","low_hoeffding","up_PI_emp_bern","low_PI_emp_bern","up_PI_hedged","low_PI_hedged"
"1",249,0.721337324775557,0.351237817129134,0.721315822367078,0.351254378938443,0.817642439028792,0.351254378938443,0.658947689740993,0.421066196561659,0.712952067781906,0.34706366681724,0.805203794381885,0.0948077775369923,0.908365399852,0.171648486450653,0.713088781411555,0.366925104891098,0.761534189054643,0.327572914820739,0.71,0.38
