"","simul_idx","up_dw","low_dw","up_dw_x1_to_xn","low_dw_x1_to_xn","up_dw_x1_to_xn_tails","low_dw_x1_to_xn_tails","up_t_test","low_t_test","up_anderson","low_anderson","up_cheby","low_cheby","up_emp_bern","low_emp_bern","up_hoeffding","low_hoeffding","up_PI_emp_bern","low_PI_emp_bern","up_PI_hedged","low_PI_hedged"
"1",424,0.649101200066498,0.278983937828896,0.64907899993607,0.279018212003915,0.745432015985057,0.279018212003915,0.579307557345048,0.341404215897844,0.633303297977949,0.267416219197756,0.754078668216759,0.0131811428189845,0.828732041660918,0.0919797315819743,0.633437724881675,0.287274048361218,0.684208683136674,0.247173835352109,0.62,0.3
