"","simul_idx","up_dw","low_dw","up_dw_x1_to_xn","low_dw_x1_to_xn","up_dw_x1_to_xn_tails","low_dw_x1_to_xn_tails","up_t_test","low_t_test","up_anderson","low_anderson","up_cheby","low_cheby","up_emp_bern","low_emp_bern","up_hoeffding","low_hoeffding","up_PI_emp_bern","low_PI_emp_bern","up_PI_hedged","low_PI_hedged"
"1",306,0.522985313058387,0.401931980558669,0.522984774803226,0.401932590427696,0.53626293298553,0.401932590427696,0.498744128344706,0.425471660583735,0.516822404800783,0.405395101220635,0.577557245141051,0.328536665573108,0.539743513365931,0.384472275562511,0.516841177515341,0.407374611413101,0.519911394414749,0.400107103183332,0.51,0.41
