"","simul_idx","up_dw","low_dw","up_dw_x1_to_xn","low_dw_x1_to_xn","up_dw_x1_to_xn_tails","low_dw_x1_to_xn_tails","up_t_test","low_t_test","up_anderson","low_anderson","up_cheby","low_cheby","up_emp_bern","low_emp_bern","up_hoeffding","low_hoeffding","up_PI_emp_bern","low_PI_emp_bern","up_PI_hedged","low_PI_hedged"
"1",415,0.699258695880996,0.146280059359121,0.699211964844045,0.146369462551439,0.896316763372722,0.146369462551439,0.594332122301156,0.207249814464917,0.674197955114509,0.0774090312024082,0.812755178190485,-0.278367220346437,1.15783478672744,-0.356252849961372,0.674457383638635,0.127124553127437,0.782398155570293,-0.000337272579696901,0.68,0.18
