"","simul_idx","up_dw","low_dw","up_dw_x1_to_xn","low_dw_x1_to_xn","up_dw_x1_to_xn_tails","low_dw_x1_to_xn_tails","up_t_test","low_t_test","up_anderson","low_anderson","up_cheby","low_cheby","up_emp_bern","low_emp_bern","up_hoeffding","low_hoeffding","up_PI_emp_bern","low_PI_emp_bern","up_PI_hedged","low_PI_hedged"
"1",391,0.781275247393215,0.219306555740656,0.781258000293016,0.219554392135918,0.978604091972688,0.219554392135918,0.697910994671215,0.302799766267473,0.773526220116361,0.177027103890392,0.860541577604686,-0.193401070312227,1.26370530157222,-0.262994540633529,0.774021795724943,0.226688965213745,0.884448179161166,0.0919455161680226,0.76,0.26
