"","simul_idx","up_dw","low_dw","up_dw_x1_to_xn","low_dw_x1_to_xn","up_dw_x1_to_xn_tails","low_dw_x1_to_xn_tails","up_t_test","low_t_test","up_anderson","low_anderson","up_cheby","low_cheby","up_emp_bern","low_emp_bern","up_hoeffding","low_hoeffding","up_PI_emp_bern","low_PI_emp_bern","up_PI_hedged","low_PI_hedged"
"1",446,0.642786366403553,0.375900232129278,0.642774894123763,0.375912410663233,0.697380287148799,0.375912410663233,0.592906721299857,0.426720953620503,0.63214194934254,0.37750083774977,0.726960793420691,0.199973456506909,0.732687228535593,0.286940446384767,0.632201178994221,0.387426495926139,0.670602772152364,0.353896764769845,0.62,0.39
