"","simul_idx","up_dw","low_dw","up_dw_x1_to_xn","low_dw_x1_to_xn","up_dw_x1_to_xn_tails","low_dw_x1_to_xn_tails","up_t_test","low_t_test","up_anderson","low_anderson","up_cheby","low_cheby","up_emp_bern","low_emp_bern","up_hoeffding","low_hoeffding","up_PI_emp_bern","low_PI_emp_bern","up_PI_hedged","low_PI_hedged"
"1",267,0.703676749005485,0.332862562107056,0.70363557211254,0.332866634527687,0.799943573970681,0.332866634527687,0.639331942381413,0.400991641505078,0.693107017890026,0.327244252900699,0.792755979852169,0.0741803400532406,0.888891908956454,0.151431674930038,0.693243630203474,0.347079953683017,0.733539963862485,0.296563803683793,0.68,0.36
