"","simul_idx","up_dw","low_dw","up_dw_x1_to_xn","low_dw_x1_to_xn","up_dw_x1_to_xn_tails","low_dw_x1_to_xn_tails","up_t_test","low_t_test","up_anderson","low_anderson","up_cheby","low_cheby","up_emp_bern","low_emp_bern","up_hoeffding","low_hoeffding","up_PI_emp_bern","low_PI_emp_bern","up_PI_hedged","low_PI_hedged"
"1",255,0.741115421833331,0.181187666553797,0.74102130040442,0.181240647014962,0.938070627255416,0.181240647014962,0.646682716475208,0.253198229309687,0.723380632715069,0.126719311551423,0.836938190008259,-0.237017559484995,1.21201271322573,-0.312131767440837,0.723606888148046,0.176274057636849,0.834603092172083,0.0433793755657678,0.71,0.21
