"","simul_idx","up_dw","low_dw","up_dw_x1_to_xn","low_dw_x1_to_xn","up_dw_x1_to_xn_tails","low_dw_x1_to_xn_tails","up_t_test","low_t_test","up_anderson","low_anderson","up_cheby","low_cheby","up_emp_bern","low_emp_bern","up_hoeffding","low_hoeffding","up_PI_emp_bern","low_PI_emp_bern","up_PI_hedged","low_PI_hedged"
"1",250,0.561950896765333,0.391070490169608,0.561946985411209,0.391073892471566,0.586731231708053,0.391073892471566,0.528108230524555,0.423994941461812,0.553427409626826,0.394693613916178,0.631179022791231,0.28430479642643,0.596262491043398,0.355840680942969,0.553456137197283,0.398647034789085,0.567665121523892,0.388782526024597,0.55,0.4
