"","simul_idx","up_dw","low_dw","up_dw_x1_to_xn","low_dw_x1_to_xn","up_dw_x1_to_xn_tails","low_dw_x1_to_xn_tails","up_t_test","low_t_test","up_anderson","low_anderson","up_cheby","low_cheby","up_emp_bern","low_emp_bern","up_hoeffding","low_hoeffding","up_PI_emp_bern","low_PI_emp_bern","up_PI_hedged","low_PI_hedged"
"1",279,0.648922956528167,0.278846071727238,0.648881441340482,0.278867514501412,0.745215332834019,0.278867514501412,0.579075718399766,0.341284642336173,0.633170282578343,0.267294890761466,0.7539625656699,0.0130044016100491,0.828465394065715,0.0918949666702245,0.633262018628198,0.287098342107741,0.674069925877117,0.237207630980023,0.63,0.31
