"","simul_idx","up_dw","low_dw","up_dw_x1_to_xn","low_dw_x1_to_xn","up_dw_x1_to_xn_tails","low_dw_x1_to_xn_tails","up_t_test","low_t_test","up_anderson","low_anderson","up_cheby","low_cheby","up_emp_bern","low_emp_bern","up_hoeffding","low_hoeffding","up_PI_emp_bern","low_PI_emp_bern","up_PI_hedged","low_PI_hedged"
"1",427,0.698848900427754,0.146008875905629,0.698824616021448,0.146050249868567,0.89585626622085,0.146050249868567,0.593810853917999,0.206904007275094,0.673817561695863,0.0773171771416433,0.812536886603596,-0.278726979141534,1.15726343759932,-0.356548576406228,0.674023845852145,0.126691015340948,0.807131323715337,0.0228181429250991,0.66,0.17
