"","simul_idx","up_dw","low_dw","up_dw_x1_to_xn","low_dw_x1_to_xn","up_dw_x1_to_xn_tails","low_dw_x1_to_xn_tails","up_t_test","low_t_test","up_anderson","low_anderson","up_cheby","low_cheby","up_emp_bern","low_emp_bern","up_hoeffding","low_hoeffding","up_PI_emp_bern","low_PI_emp_bern","up_PI_hedged","low_PI_hedged"
"1",358,0.62436320833844,0.453783643165656,0.624359170849465,0.453787240763237,0.649143698028656,0.453787240763237,0.59177182780287,0.487870402688937,0.617188774205571,0.458458917379908,0.685445838721013,0.352671690598033,0.659857742027984,0.419784488463823,0.617225666450003,0.462416564041805,0.63034789077627,0.451834798330897,0.61,0.47
