"","simul_idx","up_dw","low_dw","up_dw_x1_to_xn","low_dw_x1_to_xn","up_dw_x1_to_xn_tails","low_dw_x1_to_xn_tails","up_t_test","low_t_test","up_anderson","low_anderson","up_cheby","low_cheby","up_emp_bern","low_emp_bern","up_hoeffding","low_hoeffding","up_PI_emp_bern","low_PI_emp_bern","up_PI_hedged","low_PI_hedged"
"1",345,0.532985493511915,0.411805106858876,0.532984229748674,0.41180718932025,0.546264525198336,0.41180718932025,0.508812327124035,0.435453600445621,0.526843662055897,0.415422489156934,0.586660629110834,0.339090280271182,0.549839671613963,0.394426255955693,0.526866246835948,0.417399680733708,0.533921645211869,0.414619084553912,0.52,0.42
