"","simul_idx","up_dw","low_dw","up_dw_x1_to_xn","low_dw_x1_to_xn","up_dw_x1_to_xn_tails","low_dw_x1_to_xn_tails","up_t_test","low_t_test","up_anderson","low_anderson","up_cheby","low_cheby","up_emp_bern","low_emp_bern","up_hoeffding","low_hoeffding","up_PI_emp_bern","low_PI_emp_bern","up_PI_hedged","low_PI_hedged"
"1",15,0.611101382135093,0.244189958113124,0.611049349798963,0.244230688749356,0.707411988877577,0.244230688749356,0.53805486438657,0.30270122707282,0.59330737990953,0.227511083803062,0.727306472336675,-0.0266763961205164,0.786688795499585,0.0540672959598059,0.593459883989924,0.247296207469467,0.642830916121082,0.209352655769416,0.59,0.27
