"","simul_idx","up_dw","low_dw","up_dw_x1_to_xn","low_dw_x1_to_xn","up_dw_x1_to_xn_tails","low_dw_x1_to_xn_tails","up_t_test","low_t_test","up_anderson","low_anderson","up_cheby","low_cheby","up_emp_bern","low_emp_bern","up_hoeffding","low_hoeffding","up_PI_emp_bern","low_PI_emp_bern","up_PI_hedged","low_PI_hedged"
"1",102,0.703484898819606,0.332606969689962,0.70345119633136,0.332616661777903,0.799767574020041,0.332616661777903,0.639136635382731,0.400693672226072,0.692885451282235,0.326980121108388,0.792600026269744,0.0739252300709251,0.888728433099847,0.151101874508956,0.69299699206463,0.346833315544173,0.7340204823026,0.295581751890426,0.69,0.36
