"","simul_idx","up_dw","low_dw","up_dw_x1_to_xn","low_dw_x1_to_xn","up_dw_x1_to_xn_tails","low_dw_x1_to_xn_tails","up_t_test","low_t_test","up_anderson","low_anderson","up_cheby","low_cheby","up_emp_bern","low_emp_bern","up_hoeffding","low_hoeffding","up_PI_emp_bern","low_PI_emp_bern","up_PI_hedged","low_PI_hedged"
"1",304,0.633349422992632,0.366481218037698,0.633345548754191,0.366504079027497,0.68796670526987,0.366504079027497,0.583000394520292,0.416819521298194,0.622218648453642,0.367609198093752,0.719520902675801,0.189406293522823,0.722779345608829,0.277040570209658,0.622297299443284,0.377522616375202,0.660670038926917,0.344125191010623,0.61,0.38
