"","simul_idx","up_dw","low_dw","up_dw_x1_to_xn","low_dw_x1_to_xn","up_dw_x1_to_xn_tails","low_dw_x1_to_xn_tails","up_t_test","low_t_test","up_anderson","low_anderson","up_cheby","low_cheby","up_emp_bern","low_emp_bern","up_hoeffding","low_hoeffding","up_PI_emp_bern","low_PI_emp_bern","up_PI_hedged","low_PI_hedged"
"1",91,0.63362360816752,0.366710218075127,0.633618259551097,0.366718180651354,0.68821741737864,0.366718180651354,0.583266214052312,0.417081885339188,0.622498580176357,0.367861120678229,0.719719807670442,0.189687555412739,0.723046263782108,0.277301835609392,0.622561391229791,0.377786708161709,0.660748631110984,0.344552169029754,0.61,0.38
