"","simul_idx","up_dw","low_dw","up_dw_x1_to_xn","low_dw_x1_to_xn","up_dw_x1_to_xn_tails","low_dw_x1_to_xn_tails","up_t_test","low_t_test","up_anderson","low_anderson","up_cheby","low_cheby","up_emp_bern","low_emp_bern","up_hoeffding","low_hoeffding","up_PI_emp_bern","low_PI_emp_bern","up_PI_hedged","low_PI_hedged"
"1",14,0.70811348185732,0.444163904010023,0.708105817758973,0.444169406924508,0.76270134370106,0.444169406924508,0.661811016313743,0.49774940026362,0.702094418975119,0.447477571914279,0.778326782198366,0.275819051053782,0.800916169279101,0.358644247298262,0.702167549822722,0.45739286675464,0.737865423088977,0.425865613893597,0.69,0.46
