"","simul_idx","up_dw","low_dw","up_dw_x1_to_xn","low_dw_x1_to_xn","up_dw_x1_to_xn_tails","low_dw_x1_to_xn_tails","up_t_test","low_t_test","up_anderson","low_anderson","up_cheby","low_cheby","up_emp_bern","low_emp_bern","up_hoeffding","low_hoeffding","up_PI_emp_bern","low_PI_emp_bern","up_PI_hedged","low_PI_hedged"
"1",410,0.781029698042535,0.218890457433403,0.780988202936105,0.218956120151983,0.978056844815747,0.218956120151983,0.697512773474081,0.302385680987634,0.77327124480797,0.176616952344832,0.860356464702732,-0.193757495061589,1.26331160835683,-0.263413153895112,0.773615642486456,0.226282811975259,0.882137123339349,0.0935513252764759,0.75,0.25
