"","simul_idx","up_dw","low_dw","up_dw_x1_to_xn","low_dw_x1_to_xn","up_dw_x1_to_xn_tails","low_dw_x1_to_xn_tails","up_t_test","low_t_test","up_anderson","low_anderson","up_cheby","low_cheby","up_emp_bern","low_emp_bern","up_hoeffding","low_hoeffding","up_PI_emp_bern","low_PI_emp_bern","up_PI_hedged","low_PI_hedged"
"1",376,0.57556634071818,0.310292284542708,0.575548947995811,0.310305452135868,0.630155791443283,0.310305452135868,0.52270875349801,0.357605940393668,0.562480822206926,0.307866174270796,0.673817384640755,0.126468700715317,0.662144945390719,0.218169748500959,0.56254468847988,0.317770005411798,0.594377751320112,0.28157371638214,0.56,0.33
