"","simul_idx","up_dw","low_dw","up_dw_x1_to_xn","low_dw_x1_to_xn","up_dw_x1_to_xn_tails","low_dw_x1_to_xn_tails","up_t_test","low_t_test","up_anderson","low_anderson","up_cheby","low_cheby","up_emp_bern","low_emp_bern","up_hoeffding","low_hoeffding","up_PI_emp_bern","low_PI_emp_bern","up_PI_hedged","low_PI_hedged"
"1",213,0.614412802824032,0.347619925008252,0.614404646455243,0.347627045104371,0.669002560294152,0.347627045104371,0.563135924180661,0.396997877134224,0.602407322832659,0.347734261614299,0.704496200025714,0.168352710260546,0.702901259084638,0.257232542230247,0.602454242191483,0.357679559123402,0.641123226887057,0.324181794637065,0.6,0.37
