"","simul_idx","up_dw","low_dw","up_dw_x1_to_xn","low_dw_x1_to_xn","up_dw_x1_to_xn_tails","low_dw_x1_to_xn_tails","up_t_test","low_t_test","up_anderson","low_anderson","up_cheby","low_cheby","up_emp_bern","low_emp_bern","up_hoeffding","low_hoeffding","up_PI_emp_bern","low_PI_emp_bern","up_PI_hedged","low_PI_hedged"
"1",111,0.633491462484489,0.36661538783544,0.633489529458524,0.366616654679923,0.68807879895552,0.366616654679923,0.583134638324565,0.416980115254401,0.622364660603606,0.367734610755877,0.719631937057147,0.189563293469186,0.722905211627171,0.277209541951795,0.622444718323524,0.377670035255442,0.655715320785041,0.339448824388255,0.62,0.38
