"","simul_idx","up_dw","low_dw","up_dw_x1_to_xn","low_dw_x1_to_xn","up_dw_x1_to_xn_tails","low_dw_x1_to_xn_tails","up_t_test","low_t_test","up_anderson","low_anderson","up_cheby","low_cheby","up_emp_bern","low_emp_bern","up_hoeffding","low_hoeffding","up_PI_emp_bern","low_PI_emp_bern","up_PI_hedged","low_PI_hedged"
"1",399,0.592152289802213,0.471022876282553,0.592151711082654,0.471024451693053,0.605431249173126,0.471024451693053,0.568542167128914,0.495230086262765,0.586594606666029,0.47517212512599,0.640492676362596,0.402421297550815,0.609554392113905,0.454217861277775,0.586619409746959,0.47715284364472,0.593302504138273,0.47391354950302,0.58,0.48
