"","simul_idx","up_dw","low_dw","up_dw_x1_to_xn","low_dw_x1_to_xn","up_dw_x1_to_xn_tails","low_dw_x1_to_xn_tails","up_t_test","low_t_test","up_anderson","low_anderson","up_cheby","low_cheby","up_emp_bern","low_emp_bern","up_hoeffding","low_hoeffding","up_PI_emp_bern","low_PI_emp_bern","up_PI_hedged","low_PI_hedged"
"1",299,0.75599483994714,0.389113919753843,0.755955103836476,0.389168507996204,0.85233839697773,0.389168507996204,0.697526103626994,0.462162163756159,0.752706651609576,0.386922647958152,0.829569656813918,0.136837232672042,0.946163229118287,0.213525038264865,0.752925971951805,0.406762295431348,0.789640257315541,0.358612651723885,0.73,0.4
