"","simul_idx","up_dw","low_dw","up_dw_x1_to_xn","low_dw_x1_to_xn","up_dw_x1_to_xn_tails","low_dw_x1_to_xn_tails","up_t_test","low_t_test","up_anderson","low_anderson","up_cheby","low_cheby","up_emp_bern","low_emp_bern","up_hoeffding","low_hoeffding","up_PI_emp_bern","low_PI_emp_bern","up_PI_hedged","low_PI_hedged"
"1",328,0.652390581368376,0.385641806898091,0.65238289682912,0.385643258586026,0.706972440814202,0.385643258586026,0.603019583533288,0.436917503369185,0.642283551509942,0.387650829922291,0.734547271607914,0.210850080121608,0.742773483101273,0.2971636038012,0.642355884985278,0.397581201917196,0.675786211539252,0.358979789740533,0.64,0.41
