"","simul_idx","up_dw","low_dw","up_dw_x1_to_xn","low_dw_x1_to_xn","up_dw_x1_to_xn_tails","low_dw_x1_to_xn_tails","up_t_test","low_t_test","up_anderson","low_anderson","up_cheby","low_cheby","up_emp_bern","low_emp_bern","up_hoeffding","low_hoeffding","up_PI_emp_bern","low_PI_emp_bern","up_PI_hedged","low_PI_hedged"
"1",374,0.63989891372792,0.469784544677498,0.639895273646503,0.469788613370871,0.664680501282668,0.469788613370871,0.607645623130869,0.504096915443136,0.633236470497193,0.474503074255894,0.698912672545653,0.37007053762166,0.675617752406021,0.436124786167985,0.633275820491102,0.478466718082904,0.647538387961782,0.468596559270414,0.63,0.48
