"","simul_idx","up_dw","low_dw","up_dw_x1_to_xn","low_dw_x1_to_xn","up_dw_x1_to_xn_tails","low_dw_x1_to_xn_tails","up_t_test","low_t_test","up_anderson","low_anderson","up_cheby","low_cheby","up_emp_bern","low_emp_bern","up_hoeffding","low_hoeffding","up_PI_emp_bern","low_PI_emp_bern","up_PI_hedged","low_PI_hedged"
"1",132,0.57361129793347,0.402603891673178,0.573607282507297,0.402606752742231,0.598390710548501,0.402606752742231,0.539957642591218,0.435784946459755,0.565252534250721,0.406511416224902,0.641325139724308,0.29688888820932,0.608131067545498,0.367611521505475,0.565275845729586,0.410466743321388,0.579684207154055,0.400703446721818,0.56,0.42
