"","simul_idx","up_dw","low_dw","up_dw_x1_to_xn","low_dw_x1_to_xn","up_dw_x1_to_xn_tails","low_dw_x1_to_xn_tails","up_t_test","low_t_test","up_anderson","low_anderson","up_cheby","low_cheby","up_emp_bern","low_emp_bern","up_hoeffding","low_hoeffding","up_PI_emp_bern","low_PI_emp_bern","up_PI_hedged","low_PI_hedged"
"1",478,0.572021560335925,0.210223140926253,0.571997214465333,0.210250545479085,0.668339991689111,0.210250545479085,0.496170012678905,0.264630079328311,0.553357811292223,0.187533771768851,0.699843167836686,-0.0658430911640054,0.74362147879794,0.0171786132092766,0.553481884263837,0.20731820774338,0.600567771149968,0.172468126544666,0.55,0.23
