"","simul_idx","up_dw","low_dw","up_dw_x1_to_xn","low_dw_x1_to_xn","up_dw_x1_to_xn_tails","low_dw_x1_to_xn_tails","up_t_test","low_t_test","up_anderson","low_anderson","up_cheby","low_cheby","up_emp_bern","low_emp_bern","up_hoeffding","low_hoeffding","up_PI_emp_bern","low_PI_emp_bern","up_PI_hedged","low_PI_hedged"
"1",254,0.593975941356311,0.472865527295221,0.593974911418388,0.472865898296075,0.607252767581965,0.472865898296075,0.570386515823459,0.497083656527851,0.588450789321378,0.477023235514708,0.642146181674325,0.404393202983822,0.611395751781685,0.456074420569625,0.588468369226774,0.479001803124535,0.5906547643048,0.471469672660264,0.58,0.48
