"","simul_idx","up_dw","low_dw","up_dw_x1_to_xn","low_dw_x1_to_xn","up_dw_x1_to_xn_tails","low_dw_x1_to_xn_tails","up_t_test","low_t_test","up_anderson","low_anderson","up_cheby","low_cheby","up_emp_bern","low_emp_bern","up_hoeffding","low_hoeffding","up_PI_emp_bern","low_PI_emp_bern","up_PI_hedged","low_PI_hedged"
"1",208,0.635997724699092,0.465773928216771,0.635991365958478,0.465776179286531,0.66077390634055,0.465776179286531,0.603668014926664,0.500024380200413,0.629210254289222,0.470483883705936,0.695543076888402,0.365699610733787,0.671670767209146,0.432021627917931,0.629250748767637,0.474441646359439,0.638329448284721,0.460075125029743,0.62,0.48
