"","simul_idx","up_dw","low_dw","up_dw_x1_to_xn","low_dw_x1_to_xn","up_dw_x1_to_xn_tails","low_dw_x1_to_xn_tails","up_t_test","low_t_test","up_anderson","low_anderson","up_cheby","low_cheby","up_emp_bern","low_emp_bern","up_hoeffding","low_hoeffding","up_PI_emp_bern","low_PI_emp_bern","up_PI_hedged","low_PI_hedged"
"1",88,0.57779603221672,0.406765836602457,0.577794449062481,0.406768169813023,0.602577138521003,0.406768169813023,0.544231506246605,0.440023584822066,0.569496979462231,0.410760106510654,0.644969250106941,0.301429875920627,0.612416294711481,0.37183879635719,0.569532096738434,0.414722994330236,0.583613311223299,0.404993505578339,0.56,0.42
