"","simul_idx","up_dw","low_dw","up_dw_x1_to_xn","low_dw_x1_to_xn","up_dw_x1_to_xn_tails","low_dw_x1_to_xn_tails","up_t_test","low_t_test","up_anderson","low_anderson","up_cheby","low_cheby","up_emp_bern","low_emp_bern","up_hoeffding","low_hoeffding","up_PI_emp_bern","low_PI_emp_bern","up_PI_hedged","low_PI_hedged"
"1",20,0.653176769579033,0.112426869373271,0.653093072681322,0.11244876431367,0.850095056405267,0.11244876431367,0.538382354967146,0.161399649742045,0.623431350220743,0.0269932751351092,0.786549077350747,-0.320027740877953,1.09900235563723,-0.399220350928036,0.623557417610195,0.0762245870989971,0.723963504255101,-0.0411714716924305,0.62,0.13
