"","simul_idx","up_dw","low_dw","up_dw_x1_to_xn","low_dw_x1_to_xn","up_dw_x1_to_xn_tails","low_dw_x1_to_xn_tails","up_t_test","low_t_test","up_anderson","low_anderson","up_cheby","low_cheby","up_emp_bern","low_emp_bern","up_hoeffding","low_hoeffding","up_PI_emp_bern","low_PI_emp_bern","up_PI_hedged","low_PI_hedged"
"1",215,0.56660180060636,0.445259506853479,0.566600074452868,0.445259943577973,0.57987798133945,0.445259943577973,0.542717120375324,0.469260946735559,0.560706118900538,0.449275808052462,0.617254231501072,0.374881128411558,0.58377605076207,0.428202016348812,0.560722316606561,0.451255750504321,0.567603008139423,0.448131025784054,0.55,0.46
