"","simul_idx","up_dw","low_dw","up_dw_x1_to_xn","low_dw_x1_to_xn","up_dw_x1_to_xn_tails","low_dw_x1_to_xn_tails","up_t_test","low_t_test","up_anderson","low_anderson","up_cheby","low_cheby","up_emp_bern","low_emp_bern","up_hoeffding","low_hoeffding","up_PI_emp_bern","low_PI_emp_bern","up_PI_hedged","low_PI_hedged"
"1",415,0.577666529028328,0.406622683971863,0.577665347995109,0.406624118713844,0.602446719160615,0.406624118713844,0.544094840099885,0.439883867275715,0.569362738759118,0.410612049716748,0.644851012870241,0.301282359606297,0.612280612931646,0.371698094443954,0.569393904891899,0.414584802483701,0.584457817061724,0.40514657002353,0.56,0.42
