"","simul_idx","up_dw","low_dw","up_dw_x1_to_xn","low_dw_x1_to_xn","up_dw_x1_to_xn_tails","low_dw_x1_to_xn_tails","up_t_test","low_t_test","up_anderson","low_anderson","up_cheby","low_cheby","up_emp_bern","low_emp_bern","up_hoeffding","low_hoeffding","up_PI_emp_bern","low_PI_emp_bern","up_PI_hedged","low_PI_hedged"
"1",312,0.633435315342018,0.366533670373625,0.633424098277156,0.366544135513627,0.688026951338408,0.366544135513627,0.583114697078663,0.416852002450771,0.622292748231716,0.367690380169334,0.719576181761134,0.189484454174715,0.72291966252279,0.277047037006644,0.622370691298758,0.377596008230676,0.655822102296034,0.339195678091678,0.62,0.39
