"","simul_idx","up_dw","low_dw","up_dw_x1_to_xn","low_dw_x1_to_xn","up_dw_x1_to_xn_tails","low_dw_x1_to_xn_tails","up_t_test","low_t_test","up_anderson","low_anderson","up_cheby","low_cheby","up_emp_bern","low_emp_bern","up_hoeffding","low_hoeffding","up_PI_emp_bern","low_PI_emp_bern","up_PI_hedged","low_PI_hedged"
"1",497,0.60094879854112,0.429985010329839,0.600941345824262,0.429987307744743,0.625723984100356,0.429987307744743,0.567852728460995,0.463690334501055,0.593141463864844,0.434409763708525,0.665119006480548,0.326749323290653,0.636022829984153,0.395520232977897,0.593176082685124,0.438366980276926,0.603016449084838,0.423910736940696,0.59,0.44
