"","simul_idx","up_dw","low_dw","up_dw_x1_to_xn","low_dw_x1_to_xn","up_dw_x1_to_xn_tails","low_dw_x1_to_xn_tails","up_t_test","low_t_test","up_anderson","low_anderson","up_cheby","low_cheby","up_emp_bern","low_emp_bern","up_hoeffding","low_hoeffding","up_PI_emp_bern","low_PI_emp_bern","up_PI_hedged","low_PI_hedged"
"1",88,0.633349473118127,0.366472168883249,0.633325144912517,0.366488903831205,0.687937255842009,0.366488903831205,0.583015873229132,0.41679624496016,0.622222324320271,0.36761790869239,0.719517966009803,0.189402141435008,0.722807146124664,0.277004972064628,0.622293400628687,0.377518717560605,0.655854724595993,0.338995604016119,0.61,0.38
