"","simul_idx","up_dw","low_dw","up_dw_x1_to_xn","low_dw_x1_to_xn","up_dw_x1_to_xn_tails","low_dw_x1_to_xn_tails","up_t_test","low_t_test","up_anderson","low_anderson","up_cheby","low_cheby","up_emp_bern","low_emp_bern","up_hoeffding","low_hoeffding","up_PI_emp_bern","low_PI_emp_bern","up_PI_hedged","low_PI_hedged"
"1",92,0.585676677243645,0.414597173856563,0.585676005801841,0.414598551119895,0.610457282876023,0.414598551119895,0.552264177916705,0.448014438808985,0.577518422229199,0.418767509230239,0.651814923479953,0.309991438756288,0.620462456565606,0.379816160160085,0.577543859566944,0.422734757158746,0.593914506642346,0.413846508667479,0.57,0.43
