"","simul_idx","up_dw","low_dw","up_dw_x1_to_xn","low_dw_x1_to_xn","up_dw_x1_to_xn_tails","low_dw_x1_to_xn_tails","up_t_test","low_t_test","up_anderson","low_anderson","up_cheby","low_cheby","up_emp_bern","low_emp_bern","up_hoeffding","low_hoeffding","up_PI_emp_bern","low_PI_emp_bern","up_PI_hedged","low_PI_hedged"
"1",370,0.671145821575097,0.405038149892651,0.671135648387847,0.405058495233188,0.725753090348061,0.405058495233188,0.622794211530938,0.45714198907884,0.662259022040583,0.407682796352686,0.74936174337223,0.232398439000295,0.762405083020002,0.317531117589776,0.66235544183893,0.417580758770848,0.695279349163002,0.379287743098386,0.65,0.42
