"","simul_idx","up_dw","low_dw","up_dw_x1_to_xn","low_dw_x1_to_xn","up_dw_x1_to_xn_tails","low_dw_x1_to_xn_tails","up_t_test","low_t_test","up_anderson","low_anderson","up_cheby","low_cheby","up_emp_bern","low_emp_bern","up_hoeffding","low_hoeffding","up_PI_emp_bern","low_PI_emp_bern","up_PI_hedged","low_PI_hedged"
"1",125,0.853725628594189,0.300881996276452,0.853609762508022,0.300937873730302,1.05066350146759,0.300937873730302,0.792800112164678,0.40580509280139,0.87272956022119,0.276048760400881,0.903041967901156,-0.103971831257111,1.35627786241097,-0.157672657444906,0.872969017738633,0.325636187227435,0.97728009262125,0.192150643079576,0.83,0.34
