"","simul_idx","up_dw","low_dw","up_dw_x1_to_xn","low_dw_x1_to_xn","up_dw_x1_to_xn_tails","low_dw_x1_to_xn_tails","up_t_test","low_t_test","up_anderson","low_anderson","up_cheby","low_cheby","up_emp_bern","low_emp_bern","up_hoeffding","low_hoeffding","up_PI_emp_bern","low_PI_emp_bern","up_PI_hedged","low_PI_hedged"
"1",387,0.698918170823261,0.146432502913086,0.69866918243795,0.146540274644383,0.895801956179948,0.146540274644383,0.593967592852711,0.207400966077791,0.673967325877272,0.0777003405864081,0.812701466965773,-0.278455761012105,1.15732306979426,-0.355954510863756,0.67435069472085,0.127017864209652,0.807031805678263,0.0234672888670913,0.66,0.17
