"","simul_idx","up_dw","low_dw","up_dw_x1_to_xn","low_dw_x1_to_xn","up_dw_x1_to_xn_tails","low_dw_x1_to_xn_tails","up_t_test","low_t_test","up_anderson","low_anderson","up_cheby","low_cheby","up_emp_bern","low_emp_bern","up_hoeffding","low_hoeffding","up_PI_emp_bern","low_PI_emp_bern","up_PI_hedged","low_PI_hedged"
"1",8,0.572151592931864,0.210225979871773,0.572128308496725,0.210231121311418,0.66843790367376,0.210231121311418,0.496271356494765,0.264678808062269,0.553480844073607,0.187544433001814,0.699895341704833,-0.0657702045739711,0.743739136279754,0.0172110282772805,0.553556920538746,0.207393244018289,0.599899922619177,0.173281496822173,0.55,0.23
