"","simul_idx","up_dw","low_dw","up_dw_x1_to_xn","low_dw_x1_to_xn","up_dw_x1_to_xn_tails","low_dw_x1_to_xn_tails","up_t_test","low_t_test","up_anderson","low_anderson","up_cheby","low_cheby","up_emp_bern","low_emp_bern","up_hoeffding","low_hoeffding","up_PI_emp_bern","low_PI_emp_bern","up_PI_hedged","low_PI_hedged"
"1",93,0.648787532061279,0.278816540176049,0.648757609967495,0.278859007095563,0.745122836888722,0.278859007095563,0.578943732008405,0.341236852824344,0.633010409043944,0.267232280351799,0.753903164398051,0.0129139896292396,0.828307301856071,0.091873282976678,0.633172130676603,0.287008454156146,0.684134834674345,0.246707677038998,0.62,0.3
