"","simul_idx","up_dw","low_dw","up_dw_x1_to_xn","low_dw_x1_to_xn","up_dw_x1_to_xn_tails","low_dw_x1_to_xn_tails","up_t_test","low_t_test","up_anderson","low_anderson","up_cheby","low_cheby","up_emp_bern","low_emp_bern","up_hoeffding","low_hoeffding","up_PI_emp_bern","low_PI_emp_bern","up_PI_hedged","low_PI_hedged"
"1",325,0.611290915281285,0.244185838107153,0.611271690952707,0.24418696728951,0.707575306062725,0.24418696728951,0.538234885340985,0.30272597980571,0.59346403390148,0.227543097950668,0.727375935471812,-0.0265752145162328,0.786916958427893,0.0540439067188017,0.593562270833576,0.247398594313119,0.642617039253028,0.2097961643212,0.58,0.26
