"","simul_idx","up_dw","low_dw","up_dw_x1_to_xn","low_dw_x1_to_xn","up_dw_x1_to_xn_tails","low_dw_x1_to_xn_tails","up_t_test","low_t_test","up_anderson","low_anderson","up_cheby","low_cheby","up_emp_bern","low_emp_bern","up_hoeffding","low_hoeffding","up_PI_emp_bern","low_PI_emp_bern","up_PI_hedged","low_PI_hedged"
"1",393,0.780907990363434,0.218683461550161,0.780816004616076,0.218722130705797,0.977843535404491,0.218722130705797,0.697297143597682,0.302181186958594,0.773223302096826,0.176463609644588,0.860260691791298,-0.19394180475378,1.26309280004809,-0.263614469491811,0.773405580533737,0.226072750022539,0.88097525822607,0.0941526397897404,0.75,0.25
