"","simul_idx","up_dw","low_dw","up_dw_x1_to_xn","low_dw_x1_to_xn","up_dw_x1_to_xn_tails","low_dw_x1_to_xn_tails","up_t_test","low_t_test","up_anderson","low_anderson","up_cheby","low_cheby","up_emp_bern","low_emp_bern","up_hoeffding","low_hoeffding","up_PI_emp_bern","low_PI_emp_bern","up_PI_hedged","low_PI_hedged"
"1",336,0.853667000635654,0.300701785151205,0.853593162079152,0.300735878117472,1.05061372334898,0.300735878117472,0.79273638688746,0.405565291404087,0.872548765435858,0.275810125084644,0.902980927298948,-0.10411314177125,1.35626439339326,-0.157962715101712,0.872817254401372,0.325484423890175,0.973366632541316,0.195803699345217,0.81,0.31
