"","simul_idx","up_dw","low_dw","up_dw_x1_to_xn","low_dw_x1_to_xn","up_dw_x1_to_xn_tails","low_dw_x1_to_xn_tails","up_t_test","low_t_test","up_anderson","low_anderson","up_cheby","low_cheby","up_emp_bern","low_emp_bern","up_hoeffding","low_hoeffding","up_PI_emp_bern","low_PI_emp_bern","up_PI_hedged","low_PI_hedged"
"1",431,0.661983070161968,0.395503519489172,0.661974627633264,0.395510702664375,0.71657263461344,0.395510702664375,0.613110928016982,0.447233035811849,0.652466746469667,0.397850781054243,0.742126688810694,0.221822369215516,0.752793549106833,0.307550414721998,0.652559323448456,0.407784640380375,0.690620050258531,0.37436131525673,0.64,0.41
