"","simul_idx","up_dw","low_dw","up_dw_x1_to_xn","low_dw_x1_to_xn","up_dw_x1_to_xn_tails","low_dw_x1_to_xn_tails","up_t_test","low_t_test","up_anderson","low_anderson","up_cheby","low_cheby","up_emp_bern","low_emp_bern","up_hoeffding","low_hoeffding","up_PI_emp_bern","low_PI_emp_bern","up_PI_hedged","low_PI_hedged"
"1",458,0.630098960346504,0.261317190321529,0.630067617400251,0.261332828985167,0.726392858159926,0.261332828985167,0.558531625090695,0.321863519127746,0.613201174673146,0.247304419049598,0.740667670888155,-0.0070050507061214,0.807573116197453,0.072822028020988,0.613279410369449,0.267115733848992,0.653843588498584,0.217878201697253,0.61,0.29
