"","simul_idx","up_dw","low_dw","up_dw_x1_to_xn","low_dw_x1_to_xn","up_dw_x1_to_xn_tails","low_dw_x1_to_xn_tails","up_t_test","low_t_test","up_anderson","low_anderson","up_cheby","low_cheby","up_emp_bern","low_emp_bern","up_hoeffding","low_hoeffding","up_PI_emp_bern","low_PI_emp_bern","up_PI_hedged","low_PI_hedged"
"1",265,0.648933416516827,0.278823295194195,0.648920375298503,0.278847696153957,0.74525867581838,0.278847696153957,0.579078641848521,0.341275028164377,0.633141801120833,0.267228249948009,0.753960354997586,0.0130010366798285,0.82847220488946,0.091881465123437,0.633258673266677,0.28709499674622,0.683781751743915,0.247212198056138,0.62,0.3
