"","simul_idx","up_dw","low_dw","up_dw_x1_to_xn","low_dw_x1_to_xn","up_dw_x1_to_xn_tails","low_dw_x1_to_xn_tails","up_t_test","low_t_test","up_anderson","low_anderson","up_cheby","low_cheby","up_emp_bern","low_emp_bern","up_hoeffding","low_hoeffding","up_PI_emp_bern","low_PI_emp_bern","up_PI_hedged","low_PI_hedged"
"1",463,0.648773224634658,0.278705660645699,0.648754555301833,0.278742485736306,0.745111373361779,0.278742485736306,0.578949419434674,0.341094244800123,0.63296797444652,0.267111472148512,0.753857920841756,0.0128451326872408,0.82835896930089,0.0916846949339069,0.633103670377627,0.28693999385717,0.673923036271249,0.237031603542347,0.63,0.3
