"","simul_idx","up_dw","low_dw","up_dw_x1_to_xn","low_dw_x1_to_xn","up_dw_x1_to_xn_tails","low_dw_x1_to_xn_tails","up_t_test","low_t_test","up_anderson","low_anderson","up_cheby","low_cheby","up_emp_bern","low_emp_bern","up_hoeffding","low_hoeffding","up_PI_emp_bern","low_PI_emp_bern","up_PI_hedged","low_PI_hedged"
"1",167,0.580392326507496,0.459117098935622,0.580390440487623,0.459117378565673,0.593668119373003,0.459117378565673,0.556660100016409,0.483230015201878,0.574662207160576,0.463234377485132,0.629795634222494,0.38970447873661,0.597710574121599,0.442179541096687,0.574678340660263,0.465211774558023,0.580769452933226,0.461180993568025,0.57,0.47
