"","simul_idx","up_dw","low_dw","up_dw_x1_to_xn","low_dw_x1_to_xn","up_dw_x1_to_xn_tails","low_dw_x1_to_xn_tails","up_t_test","low_t_test","up_anderson","low_anderson","up_cheby","low_cheby","up_emp_bern","low_emp_bern","up_hoeffding","low_hoeffding","up_PI_emp_bern","low_PI_emp_bern","up_PI_hedged","low_PI_hedged"
"1",428,0.741487875273396,0.181808911388586,0.741364381859251,0.181976993865618,0.938589008632096,0.181976993865618,0.647060945920592,0.254082402770945,0.723841410541137,0.127305714216848,0.837241364190248,-0.236479131729224,1.2122465343678,-0.311103185676264,0.724238089601367,0.17690525909017,0.833876358659192,0.0453295106201175,0.72,0.22
