"","simul_idx","up_dw","low_dw","up_dw_x1_to_xn","low_dw_x1_to_xn","up_dw_x1_to_xn_tails","low_dw_x1_to_xn_tails","up_t_test","low_t_test","up_anderson","low_anderson","up_cheby","low_cheby","up_emp_bern","low_emp_bern","up_hoeffding","low_hoeffding","up_PI_emp_bern","low_PI_emp_bern","up_PI_hedged","low_PI_hedged"
"1",4,0.554036151311923,0.383279711626376,0.554033404446033,0.383282209427599,0.578816312500116,0.383282209427599,0.520056941497772,0.416046426888477,0.545428046737411,0.386690078255216,0.624290189034341,0.275809203644745,0.588178047470867,0.347925320915382,0.545456235397224,0.390647132989026,0.559638343838302,0.38082431423049,0.54,0.4
