"","simul_idx","up_dw","low_dw","up_dw_x1_to_xn","low_dw_x1_to_xn","up_dw_x1_to_xn_tails","low_dw_x1_to_xn_tails","up_t_test","low_t_test","up_anderson","low_anderson","up_cheby","low_cheby","up_emp_bern","low_emp_bern","up_hoeffding","low_hoeffding","up_PI_emp_bern","low_PI_emp_bern","up_PI_hedged","low_PI_hedged"
"1",319,0.680570352387576,0.414801365673776,0.680558270282809,0.414815642883352,0.735166756204998,0.414815642883352,0.632732821752788,0.467310146500935,0.67230921014229,0.417693007614985,0.75674338610708,0.243295675941759,0.772270710842759,0.327772257410963,0.672408825660902,0.42763414259282,0.704964564301023,0.389622983062425,0.66,0.43
