"","simul_idx","up_dw","low_dw","up_dw_x1_to_xn","low_dw_x1_to_xn","up_dw_x1_to_xn_tails","low_dw_x1_to_xn_tails","up_t_test","low_t_test","up_anderson","low_anderson","up_cheby","low_cheby","up_emp_bern","low_emp_bern","up_hoeffding","low_hoeffding","up_PI_emp_bern","low_PI_emp_bern","up_PI_hedged","low_PI_hedged"
"1",23,0.74110423482677,0.181347304116946,0.740961215957113,0.181420625681813,0.938041522229818,0.181420625681813,0.646579689669349,0.253494913744486,0.723413290999545,0.126845833271548,0.836984710514237,-0.236934974905014,1.21179559944529,-0.311720996031456,0.723703716962516,0.176370886451319,0.8335801619422,0.0446386738358232,0.72,0.22
