"","simul_idx","up_dw","low_dw","up_dw_x1_to_xn","low_dw_x1_to_xn","up_dw_x1_to_xn_tails","low_dw_x1_to_xn_tails","up_t_test","low_t_test","up_anderson","low_anderson","up_cheby","low_cheby","up_emp_bern","low_emp_bern","up_hoeffding","low_hoeffding","up_PI_emp_bern","low_PI_emp_bern","up_PI_hedged","low_PI_hedged"
"1",298,0.569772561005837,0.39879583677746,0.569771099891859,0.398797924316597,0.594553401300106,0.398797924316597,0.536061662810143,0.431886485270337,0.561346118495016,0.402609243819758,0.637983998149687,0.29273537500462,0.604235888254852,0.363712259825627,0.561378625244338,0.406569522836141,0.572086318696264,0.393392476033527,0.56,0.41
