"","simul_idx","up_dw","low_dw","up_dw_x1_to_xn","low_dw_x1_to_xn","up_dw_x1_to_xn_tails","low_dw_x1_to_xn_tails","up_t_test","low_t_test","up_anderson","low_anderson","up_cheby","low_cheby","up_emp_bern","low_emp_bern","up_hoeffding","low_hoeffding","up_PI_emp_bern","low_PI_emp_bern","up_PI_hedged","low_PI_hedged"
"1",285,0.685648876961186,0.314663767241098,0.685640459171834,0.314712324674411,0.782014763696535,0.314712324674411,0.619421203501194,0.380930193005353,0.673043064511192,0.307234481748125,0.780021063097558,0.053605100657897,0.869027898624397,0.131323497882149,0.673257536513502,0.327093859993045,0.723143221298739,0.287038538850822,0.67,0.34
