"","simul_idx","up_dw","low_dw","up_dw_x1_to_xn","low_dw_x1_to_xn","up_dw_x1_to_xn_tails","low_dw_x1_to_xn_tails","up_t_test","low_t_test","up_anderson","low_anderson","up_cheby","low_cheby","up_emp_bern","low_emp_bern","up_hoeffding","low_hoeffding","up_PI_emp_bern","low_PI_emp_bern","up_PI_hedged","low_PI_hedged"
"1",432,0.589351800147946,0.418322172195553,0.589346208159442,0.418327686645129,0.614133513595758,0.418327686645129,0.556016834145982,0.451810968639616,0.581278210666517,0.42255250807337,0.655033814322173,0.314031380663978,0.624200959381515,0.383626843404082,0.581318452596898,0.4265093501887,0.590373814697411,0.411923658315228,0.58,0.43
