"","simul_idx","up_dw","low_dw","up_dw_x1_to_xn","low_dw_x1_to_xn","up_dw_x1_to_xn_tails","low_dw_x1_to_xn_tails","up_t_test","low_t_test","up_anderson","low_anderson","up_cheby","low_cheby","up_emp_bern","low_emp_bern","up_hoeffding","low_hoeffding","up_PI_emp_bern","low_PI_emp_bern","up_PI_hedged","low_PI_hedged"
"1",219,0.608929721255904,0.438039355744571,0.608928215467509,0.438043089096718,0.63371292196798,0.438043089096718,0.57599697521063,0.471887255551446,0.60131428700659,0.442573745600572,0.672044303613449,0.335536687503932,0.644150084257005,0.403734146505071,0.601346666585137,0.446537564176939,0.614677041820201,0.435988392299782,0.59,0.45
