"","simul_idx","up_dw","low_dw","up_dw_x1_to_xn","low_dw_x1_to_xn","up_dw_x1_to_xn_tails","low_dw_x1_to_xn_tails","up_t_test","low_t_test","up_anderson","low_anderson","up_cheby","low_cheby","up_emp_bern","low_emp_bern","up_hoeffding","low_hoeffding","up_PI_emp_bern","low_PI_emp_bern","up_PI_hedged","low_PI_hedged"
"1",323,0.542212893466314,0.371757376664147,0.542210330659995,0.371761584632084,0.566995733641266,0.371761584632084,0.508054388708537,0.404277521874478,0.533532716896742,0.374802846853758,0.61402350338923,0.263218718325208,0.57610012102998,0.336231789553035,0.533570506495607,0.378761404087409,0.53683139725767,0.35755086972805,0.52,0.38
