"","simul_idx","up_dw","low_dw","up_dw_x1_to_xn","low_dw_x1_to_xn","up_dw_x1_to_xn_tails","low_dw_x1_to_xn_tails","up_t_test","low_t_test","up_anderson","low_anderson","up_cheby","low_cheby","up_emp_bern","low_emp_bern","up_hoeffding","low_hoeffding","up_PI_emp_bern","low_PI_emp_bern","up_PI_hedged","low_PI_hedged"
"1",74,0.818758495688085,0.258590759685798,0.818712062047054,0.258706243204631,1.01585658081143,0.258706243204631,0.746610551597664,0.353055778947083,0.823303165938946,0.226321318846526,0.882454548716819,-0.149343661686988,1.31196060947615,-0.212294278931406,0.823499580527972,0.276166750016775,0.930566123230652,0.142307926394318,0.8,0.31
