"","simul_idx","up_dw","low_dw","up_dw_x1_to_xn","low_dw_x1_to_xn","up_dw_x1_to_xn_tails","low_dw_x1_to_xn_tails","up_t_test","low_t_test","up_anderson","low_anderson","up_cheby","low_cheby","up_emp_bern","low_emp_bern","up_hoeffding","low_hoeffding","up_PI_emp_bern","low_PI_emp_bern","up_PI_hedged","low_PI_hedged"
"1",327,0.574433339849669,0.453123624714629,0.574432982200459,0.453124393424341,0.587711370918398,0.453124393424341,0.550637154564196,0.477188195026518,0.568626435679344,0.457198460421292,0.624379846993148,0.383292064370298,0.591693746613441,0.436131602977273,0.568645957846477,0.459179391744237,0.5748630200378,0.455279585702655,0.56,0.46
