"","simul_idx","up_dw","low_dw","up_dw_x1_to_xn","low_dw_x1_to_xn","up_dw_x1_to_xn_tails","low_dw_x1_to_xn_tails","up_t_test","low_t_test","up_anderson","low_anderson","up_cheby","low_cheby","up_emp_bern","low_emp_bern","up_hoeffding","low_hoeffding","up_PI_emp_bern","low_PI_emp_bern","up_PI_hedged","low_PI_hedged"
"1",84,0.577513094337358,0.406505953034087,0.577508329556508,0.406507616554123,0.602290009803911,0.406507616554123,0.543932229029665,0.439768912840884,0.569225356800282,0.410487681915997,0.644732264660321,0.301134217907515,0.612102628059424,0.371598513811125,0.569255122139374,0.414446019731176,0.584043082633249,0.405343229551423,0.56,0.42
