"","simul_idx","up_dw","low_dw","up_dw_x1_to_xn","low_dw_x1_to_xn","up_dw_x1_to_xn_tails","low_dw_x1_to_xn_tails","up_t_test","low_t_test","up_anderson","low_anderson","up_cheby","low_cheby","up_emp_bern","low_emp_bern","up_hoeffding","low_hoeffding","up_PI_emp_bern","low_PI_emp_bern","up_PI_hedged","low_PI_hedged"
"1",147,0.597230730611089,0.42621943927855,0.597227700082574,0.426221791121845,0.622010387729034,0.426221791121845,0.564061893058299,0.459851725092082,0.589327024873037,0.430590805799367,0.661878955335675,0.322653369808922,0.632247406246744,0.391666211903637,0.58936136027929,0.434552257871092,0.598996620725869,0.419628911449148,0.58,0.44
