"","simul_idx","up_dw","low_dw","up_dw_x1_to_xn","low_dw_x1_to_xn","up_dw_x1_to_xn_tails","low_dw_x1_to_xn_tails","up_t_test","low_t_test","up_anderson","low_anderson","up_cheby","low_cheby","up_emp_bern","low_emp_bern","up_hoeffding","low_hoeffding","up_PI_emp_bern","low_PI_emp_bern","up_PI_hedged","low_PI_hedged"
"1",159,0.558790563354779,0.437439454201652,0.558788785455718,0.437439889228031,0.572066688590325,0.437439889228031,0.534833601881859,0.46135981613032,0.552806594002802,0.441381289979295,0.610143559622369,0.366516654115061,0.575898240957081,0.420295177055097,0.552829992057209,0.44336342595497,0.556684121383383,0.437004244825876,0.55,0.45
