"","simul_idx","up_dw","low_dw","up_dw_x1_to_xn","low_dw_x1_to_xn","up_dw_x1_to_xn_tails","low_dw_x1_to_xn_tails","up_t_test","low_t_test","up_anderson","low_anderson","up_cheby","low_cheby","up_emp_bern","low_emp_bern","up_hoeffding","low_hoeffding","up_PI_emp_bern","low_PI_emp_bern","up_PI_hedged","low_PI_hedged"
"1",216,0.818913873101799,0.259098172406621,0.818826038797722,0.259130207042288,1.01584346523807,0.259130207042288,0.746844912463368,0.353692297570662,0.823566568981196,0.226907320983557,0.88264166151061,-0.14895018815459,1.31208018507381,-0.211542975039779,0.823935020272613,0.276602189761416,0.955304359484744,0.167091008176053,0.79,0.29
