"","simul_idx","up_dw","low_dw","up_dw_x1_to_xn","low_dw_x1_to_xn","up_dw_x1_to_xn_tails","low_dw_x1_to_xn_tails","up_t_test","low_t_test","up_anderson","low_anderson","up_cheby","low_cheby","up_emp_bern","low_emp_bern","up_hoeffding","low_hoeffding","up_PI_emp_bern","low_PI_emp_bern","up_PI_hedged","low_PI_hedged"
"1",11,0.550102168622457,0.379448013827265,0.550098529965897,0.379449581201362,0.574880079628373,0.379449581201362,0.516061056720544,0.412134111674133,0.541469823029576,0.382734216922599,0.620878885344329,0.271616468881322,0.584155203553475,0.344039964841202,0.541502135401437,0.386693032993239,0.556598314059943,0.3776874777937,0.54,0.39
