"","simul_idx","up_dw","low_dw","up_dw_x1_to_xn","low_dw_x1_to_xn","up_dw_x1_to_xn_tails","low_dw_x1_to_xn_tails","up_t_test","low_t_test","up_anderson","low_anderson","up_cheby","low_cheby","up_emp_bern","low_emp_bern","up_hoeffding","low_hoeffding","up_PI_emp_bern","low_PI_emp_bern","up_PI_hedged","low_PI_hedged"
"1",242,0.5422552236874,0.371778259453028,0.542252578415532,0.371781509327943,0.567036592398062,0.371781509327943,0.508104160205085,0.404290913251171,0.533575389085678,0.374834736245235,0.614050832549887,0.263252122696513,0.576161628578704,0.336233444877552,0.533602087932227,0.378792985524029,0.542300179678482,0.363527365919157,0.53,0.38
