"","simul_idx","up_dw","low_dw","up_dw_x1_to_xn","low_dw_x1_to_xn","up_dw_x1_to_xn_tails","low_dw_x1_to_xn_tails","up_t_test","low_t_test","up_anderson","low_anderson","up_cheby","low_cheby","up_emp_bern","low_emp_bern","up_hoeffding","low_hoeffding","up_PI_emp_bern","low_PI_emp_bern","up_PI_hedged","low_PI_hedged"
"1",386,0.581469119488767,0.410420571181468,0.581466877419318,0.41042358437802,0.606250531527682,0.41042358437802,0.547959829219991,0.443767653272905,0.573237551291928,0.414492249211938,0.648163911202345,0.305420206579285,0.61613953826936,0.375587944223535,0.573268292450547,0.418459190042349,0.588480514878766,0.409779649843019,0.57,0.42
