"","simul_idx","up_dw","low_dw","up_dw_x1_to_xn","low_dw_x1_to_xn","up_dw_x1_to_xn_tails","low_dw_x1_to_xn_tails","up_t_test","low_t_test","up_anderson","low_anderson","up_cheby","low_cheby","up_emp_bern","low_emp_bern","up_hoeffding","low_hoeffding","up_PI_emp_bern","low_PI_emp_bern","up_PI_hedged","low_PI_hedged"
"1",446,0.94485258529815,0.445748461831483,0.944811170882321,0.445822558035646,1.14189265692766,0.445822558035646,0.920309027523551,0.577947672577718,0.998826804498927,0.425647137171985,0.956172350461741,0.0426654496057713,1.47104728180383,0.0272094182974347,1.02279476530623,0.475461934795036,1.12380465506616,0.386662172771468,0.93,0.49
