"","simul_idx","up_dw","low_dw","up_dw_x1_to_xn","low_dw_x1_to_xn","up_dw_x1_to_xn_tails","low_dw_x1_to_xn_tails","up_t_test","low_t_test","up_anderson","low_anderson","up_cheby","low_cheby","up_emp_bern","low_emp_bern","up_hoeffding","low_hoeffding","up_PI_emp_bern","low_PI_emp_bern","up_PI_hedged","low_PI_hedged"
"1",292,0.569835634072945,0.398871200480278,0.569833029715366,0.398873930753047,0.594616270375917,0.398873930753047,0.536115468762781,0.431974238867656,0.56141666931372,0.402678747723411,0.638044716173927,0.292810771932262,0.604278742860139,0.363810964770298,0.561449405019318,0.406640302611119,0.576906201399164,0.397811163531911,0.56,0.41
