"","simul_idx","up_dw","low_dw","up_dw_x1_to_xn","low_dw_x1_to_xn","up_dw_x1_to_xn_tails","low_dw_x1_to_xn_tails","up_t_test","low_t_test","up_anderson","low_anderson","up_cheby","low_cheby","up_emp_bern","low_emp_bern","up_hoeffding","low_hoeffding","up_PI_emp_bern","low_PI_emp_bern","up_PI_hedged","low_PI_hedged"
"1",256,0.546065922109748,0.282937939285182,0.546051006144593,0.282944840482314,0.600648608769886,0.282944840482314,0.492193719678456,0.328689875457438,0.532745344605496,0.278172253832343,0.65059345018981,0.0956643635700935,0.631121534274227,0.189762060861667,0.532829139101988,0.288054456033906,0.563925365899626,0.252894198770775,0.53,0.3
