"","simul_idx","up_dw","low_dw","up_dw_x1_to_xn","low_dw_x1_to_xn","up_dw_x1_to_xn_tails","low_dw_x1_to_xn_tails","up_t_test","low_t_test","up_anderson","low_anderson","up_cheby","low_cheby","up_emp_bern","low_emp_bern","up_hoeffding","low_hoeffding","up_PI_emp_bern","low_PI_emp_bern","up_PI_hedged","low_PI_hedged"
"1",282,0.698624781946745,0.145795666169163,0.698431537944728,0.145808921720604,0.89542036391294,0.145808921720604,0.593714067738525,0.206467145691709,0.673601029354763,0.0770319271342458,0.812402494900943,-0.278948352614121,1.15726371692618,-0.357082503495947,0.673757021970716,0.126424191459518,0.782777121233454,-0.00202381875366403,0.67,0.17
