"","simul_idx","up_dw","low_dw","up_dw_x1_to_xn","low_dw_x1_to_xn","up_dw_x1_to_xn_tails","low_dw_x1_to_xn_tails","up_t_test","low_t_test","up_anderson","low_anderson","up_cheby","low_cheby","up_emp_bern","low_emp_bern","up_hoeffding","low_hoeffding","up_PI_emp_bern","low_PI_emp_bern","up_PI_hedged","low_PI_hedged"
"1",137,0.818387663201508,0.258598552934842,0.818313416511492,0.258642734413957,1.0153493425471,0.258642734413957,0.746093581934227,0.353121317460734,0.822986563426845,0.226415710978027,0.882357516229235,-0.149547583299261,1.31127737829982,-0.212062478904858,0.823273864953079,0.275941034441882,0.954122446816857,0.166923962361859,0.78,0.28
