"","simul_idx","up_dw","low_dw","up_dw_x1_to_xn","low_dw_x1_to_xn","up_dw_x1_to_xn_tails","low_dw_x1_to_xn_tails","up_t_test","low_t_test","up_anderson","low_anderson","up_cheby","low_cheby","up_emp_bern","low_emp_bern","up_hoeffding","low_hoeffding","up_PI_emp_bern","low_PI_emp_bern","up_PI_hedged","low_PI_hedged"
"1",431,0.703764784515769,0.332900058821155,0.703741014153337,0.332947361990363,0.800113449260682,0.332947361990363,0.639423388362112,0.401039977625361,0.693154150845818,0.327248804000451,0.792800167658135,0.0742526373314254,0.888996721444183,0.151466644543289,0.693313521253965,0.347149844733508,0.744342230237723,0.305546861856817,0.68,0.35
