"","simul_idx","up_dw","low_dw","up_dw_x1_to_xn","low_dw_x1_to_xn","up_dw_x1_to_xn_tails","low_dw_x1_to_xn_tails","up_t_test","low_t_test","up_anderson","low_anderson","up_cheby","low_cheby","up_emp_bern","low_emp_bern","up_hoeffding","low_hoeffding","up_PI_emp_bern","low_PI_emp_bern","up_PI_hedged","low_PI_hedged"
"1",337,0.781070730755143,0.218846471982573,0.781013494739882,0.219004894098479,0.978223408820359,0.219004894098479,0.697656894890219,0.302220532540542,0.773292054482389,0.176557482735277,0.860351671838052,-0.193766720217544,1.26354400265458,-0.263666575223816,0.773605128970979,0.226272298459782,0.881157968178614,0.0943725469128093,0.75,0.25
