"","simul_idx","up_dw","low_dw","up_dw_x1_to_xn","low_dw_x1_to_xn","up_dw_x1_to_xn_tails","low_dw_x1_to_xn_tails","up_t_test","low_t_test","up_anderson","low_anderson","up_cheby","low_cheby","up_emp_bern","low_emp_bern","up_hoeffding","low_hoeffding","up_PI_emp_bern","low_PI_emp_bern","up_PI_hedged","low_PI_hedged"
"1",459,0.608878240033738,0.438010438868988,0.608875476940749,0.438015717575857,0.633662440259013,0.438015717575857,0.575947166919334,0.471856369514073,0.601268727310084,0.44253537147363,0.672010154507181,0.335493245909556,0.644094171737349,0.403709364696058,0.601306319420802,0.446497217012604,0.608579018016873,0.42954214170295,0.59,0.45
