"","simul_idx","up_dw","low_dw","up_dw_x1_to_xn","low_dw_x1_to_xn","up_dw_x1_to_xn_tails","low_dw_x1_to_xn_tails","up_t_test","low_t_test","up_anderson","low_anderson","up_cheby","low_cheby","up_emp_bern","low_emp_bern","up_hoeffding","low_hoeffding","up_PI_emp_bern","low_PI_emp_bern","up_PI_hedged","low_PI_hedged"
"1",190,0.68549440221837,0.314363451284074,0.685457800151323,0.314385520980655,0.781792626041073,0.314385520980655,0.619210386572558,0.38063448001282,0.672899197337226,0.306986816633024,0.779858434105309,0.0533456213825062,0.868843404300938,0.13100146228444,0.673004271552918,0.326840595032461,0.714617071563436,0.275450072411973,0.67,0.34
