"","simul_idx","up_dw","low_dw","up_dw_x1_to_xn","low_dw_x1_to_xn","up_dw_x1_to_xn_tails","low_dw_x1_to_xn_tails","up_t_test","low_t_test","up_anderson","low_anderson","up_cheby","low_cheby","up_emp_bern","low_emp_bern","up_hoeffding","low_hoeffding","up_PI_emp_bern","low_PI_emp_bern","up_PI_hedged","low_PI_hedged"
"1",485,0.612887591768869,0.442062537445729,0.612885189778681,0.442067654671634,0.637671937621402,0.442067654671634,0.58003697810487,0.47598215297845,0.605371950932558,0.446629526617258,0.675484417810765,0.339918592846275,0.648172378438264,0.407846752645056,0.605414116745759,0.450605014337561,0.620053450073128,0.44114546541359,0.6,0.46
