"","simul_idx","up_dw","low_dw","up_dw_x1_to_xn","low_dw_x1_to_xn","up_dw_x1_to_xn_tails","low_dw_x1_to_xn_tails","up_t_test","low_t_test","up_anderson","low_anderson","up_cheby","low_cheby","up_emp_bern","low_emp_bern","up_hoeffding","low_hoeffding","up_PI_emp_bern","low_PI_emp_bern","up_PI_hedged","low_PI_hedged"
"1",190,0.582358421315917,0.461116179486915,0.582356606172033,0.461117482292945,0.5956358135381,0.461117482292945,0.558643064506015,0.48524871735977,0.576661450368217,0.465237678159107,0.63159020766493,0.391833107889761,0.599681954809233,0.444209827056552,0.576679173984012,0.467212607881773,0.578675448234286,0.458517693380297,0.57,0.47
