"","simul_idx","up_dw","low_dw","up_dw_x1_to_xn","low_dw_x1_to_xn","up_dw_x1_to_xn_tails","low_dw_x1_to_xn_tails","up_t_test","low_t_test","up_anderson","low_anderson","up_cheby","low_cheby","up_emp_bern","low_emp_bern","up_hoeffding","low_hoeffding","up_PI_emp_bern","low_PI_emp_bern","up_PI_hedged","low_PI_hedged"
"1",474,0.55674237211096,0.435395758811146,0.556739933295389,0.435396881079542,0.570018835155635,0.435396881079542,0.532769634368996,0.459290959384685,0.550743812125573,0.439321548383002,0.608279650286741,0.364328774961965,0.573835858211971,0.41822473554171,0.55076357992796,0.441297013825721,0.553356914008102,0.433252357885806,0.55,0.45
