"","simul_idx","up_dw","low_dw","up_dw_x1_to_xn","low_dw_x1_to_xn","up_dw_x1_to_xn_tails","low_dw_x1_to_xn_tails","up_t_test","low_t_test","up_anderson","low_anderson","up_cheby","low_cheby","up_emp_bern","low_emp_bern","up_hoeffding","low_hoeffding","up_PI_emp_bern","low_PI_emp_bern","up_PI_hedged","low_PI_hedged"
"1",450,0.591770255940569,0.226993713455913,0.591750792278372,0.227016356724113,0.688086473047675,0.227016356724113,0.517242590151835,0.283501279485378,0.573355776079145,0.207430642661694,0.713647356809709,-0.0463607987786978,0.765376608361881,0.035367261275332,0.573453773078835,0.227290096558378,0.621631359301551,0.190952487242022,0.57,0.25
