"","simul_idx","up_dw","low_dw","up_dw_x1_to_xn","low_dw_x1_to_xn","up_dw_x1_to_xn_tails","low_dw_x1_to_xn_tails","up_t_test","low_t_test","up_anderson","low_anderson","up_cheby","low_cheby","up_emp_bern","low_emp_bern","up_hoeffding","low_hoeffding","up_PI_emp_bern","low_PI_emp_bern","up_PI_hedged","low_PI_hedged"
"1",164,0.572569301994114,0.45124706584969,0.572569197836512,0.451248773473875,0.585848949261014,0.451248773473875,0.548755141377786,0.475294365589456,0.566737453286134,0.455309186398797,0.622683284733051,0.381286820136793,0.589815563478463,0.434233943488778,0.56675803653474,0.457291470432501,0.569749776473052,0.450264223109787,0.56,0.46
