"","simul_idx","up_dw","low_dw","up_dw_x1_to_xn","low_dw_x1_to_xn","up_dw_x1_to_xn_tails","low_dw_x1_to_xn_tails","up_t_test","low_t_test","up_anderson","low_anderson","up_cheby","low_cheby","up_emp_bern","low_emp_bern","up_hoeffding","low_hoeffding","up_PI_emp_bern","low_PI_emp_bern","up_PI_hedged","low_PI_hedged"
"1",5,0.58932506644325,0.41830555328977,0.58932073625243,0.418308995611406,0.614105017458402,0.418308995611406,0.555993070058079,0.451787678888196,0.581259133273222,0.422540825592456,0.655013763708822,0.314006187201058,0.624177042274938,0.383603706671337,0.581294925677237,0.426485823269039,0.595071211484643,0.416068683345321,0.57,0.43
