"","simul_idx","up_dw","low_dw","up_dw_x1_to_xn","low_dw_x1_to_xn","up_dw_x1_to_xn_tails","low_dw_x1_to_xn_tails","up_t_test","low_t_test","up_anderson","low_anderson","up_cheby","low_cheby","up_emp_bern","low_emp_bern","up_hoeffding","low_hoeffding","up_PI_emp_bern","low_PI_emp_bern","up_PI_hedged","low_PI_hedged"
"1",143,0.698641438898348,0.145849799587912,0.698591579967053,0.145886644684564,0.895616332720742,0.145886644684564,0.593699002260293,0.206549297264476,0.673532920248446,0.0770177222106812,0.812419391376547,-0.278920525026701,1.15722090341863,-0.356972603893858,0.673790565017983,0.126457734506785,0.782696073864793,-0.0018873901234257,0.67,0.18
