"","simul_idx","up_dw","low_dw","up_dw_x1_to_xn","low_dw_x1_to_xn","up_dw_x1_to_xn_tails","low_dw_x1_to_xn_tails","up_t_test","low_t_test","up_anderson","low_anderson","up_cheby","low_cheby","up_emp_bern","low_emp_bern","up_hoeffding","low_hoeffding","up_PI_emp_bern","low_PI_emp_bern","up_PI_hedged","low_PI_hedged"
"1",26,0.633425963266744,0.366573421243941,0.633413405857904,0.366590854749247,0.688026548262675,0.366590854749247,0.583101625143283,0.416897403374328,0.622301330353832,0.367709005369144,0.71958835664086,0.189501669284241,0.72288799968531,0.277111028832301,0.622386855792846,0.377612172724765,0.656025992407524,0.33900596176598,0.62,0.38
