"","simul_idx","up_dw","low_dw","up_dw_x1_to_xn","low_dw_x1_to_xn","up_dw_x1_to_xn_tails","low_dw_x1_to_xn_tails","up_t_test","low_t_test","up_anderson","low_anderson","up_cheby","low_cheby","up_emp_bern","low_emp_bern","up_hoeffding","low_hoeffding","up_PI_emp_bern","low_PI_emp_bern","up_PI_hedged","low_PI_hedged"
"1",224,0.70343985094292,0.332549226015791,0.703411436285148,0.332571804411469,0.799747020365231,0.332571804411469,0.639071395417335,0.400645362237065,0.69283450331395,0.326923039281815,0.792564122167253,0.0738665092114146,0.888657943879496,0.151058813774905,0.692940217087429,0.346776540566972,0.734246065586134,0.295309824390949,0.68,0.36
