"","simul_idx","up_dw","low_dw","up_dw_x1_to_xn","low_dw_x1_to_xn","up_dw_x1_to_xn_tails","low_dw_x1_to_xn_tails","up_t_test","low_t_test","up_anderson","low_anderson","up_cheby","low_cheby","up_emp_bern","low_emp_bern","up_hoeffding","low_hoeffding","up_PI_emp_bern","low_PI_emp_bern","up_PI_hedged","low_PI_hedged"
"1",55,0.552775470722017,0.43144891456551,0.552773907564904,0.431450908664565,0.566054041858689,0.431450908664565,0.528764712503788,0.455304050666986,0.546745949467625,0.435329349768273,0.60467281120747,0.360100486018778,0.569825097668873,0.414243665501901,0.546767664636507,0.437301098534267,0.549408822752551,0.429303338913822,0.54,0.44
