"","simul_idx","up_dw","low_dw","up_dw_x1_to_xn","low_dw_x1_to_xn","up_dw_x1_to_xn_tails","low_dw_x1_to_xn_tails","up_t_test","low_t_test","up_anderson","low_anderson","up_cheby","low_cheby","up_emp_bern","low_emp_bern","up_hoeffding","low_hoeffding","up_PI_emp_bern","low_PI_emp_bern","up_PI_hedged","low_PI_hedged"
"1",376,0.572296095319613,0.210424186225488,0.572265411448334,0.210463405716656,0.668625798241487,0.210463405716656,0.496423360868508,0.264900168401043,0.553624967299288,0.187746148853576,0.700025134719845,-0.0655888603285515,0.743869636362245,0.0174538929073065,0.553743602895004,0.207579926374547,0.600784279438175,0.172668122716782,0.55,0.23
