"","simul_idx","up_dw","low_dw","up_dw_x1_to_xn","low_dw_x1_to_xn","up_dw_x1_to_xn_tails","low_dw_x1_to_xn_tails","up_t_test","low_t_test","up_anderson","low_anderson","up_cheby","low_cheby","up_emp_bern","low_emp_bern","up_hoeffding","low_hoeffding","up_PI_emp_bern","low_PI_emp_bern","up_PI_hedged","low_PI_hedged"
"1",277,0.557864365213787,0.387044588937928,0.557862971682959,0.387047689332662,0.582646753217505,0.387047689332662,0.523955763454707,0.419881766131825,0.549293932654214,0.390560829653066,0.627622352723845,0.279913733417052,0.592097348646725,0.351740180939808,0.549323315997365,0.394514213589167,0.559735044995555,0.380686636877564,0.54,0.4
