"","simul_idx","up_dw","low_dw","up_dw_x1_to_xn","low_dw_x1_to_xn","up_dw_x1_to_xn_tails","low_dw_x1_to_xn_tails","up_t_test","low_t_test","up_anderson","low_anderson","up_cheby","low_cheby","up_emp_bern","low_emp_bern","up_hoeffding","low_hoeffding","up_PI_emp_bern","low_PI_emp_bern","up_PI_hedged","low_PI_hedged"
"1",249,0.60562805511402,0.082566875731877,0.605470021327713,0.0826999181023257,0.802641282154711,0.0826999181023257,0.481903494303409,0.119690933429515,0.574185783913587,0.00124531599389691,0.760198249016022,-0.359135297194073,1.0383077489254,-0.436713321192478,0.57446362912206,0.0271307986108629,0.674795782752352,-0.0877768460971706,0.57,0.1
