"","simul_idx","up_dw","low_dw","up_dw_x1_to_xn","low_dw_x1_to_xn","up_dw_x1_to_xn_tails","low_dw_x1_to_xn_tails","up_t_test","low_t_test","up_anderson","low_anderson","up_cheby","low_cheby","up_emp_bern","low_emp_bern","up_hoeffding","low_hoeffding","up_PI_emp_bern","low_PI_emp_bern","up_PI_hedged","low_PI_hedged"
"1",27,0.744270163766087,0.484083180704973,0.744257957249786,0.484092008882062,0.79885839320559,0.484092008882062,0.700136015102652,0.538815663619622,0.741775596690162,0.487158727521099,0.806458412935618,0.319861294993721,0.838369608473983,0.40058207024829,0.741863180895178,0.497088497827096,0.772718405953459,0.469959088554552,0.74,0.52
