"","simul_idx","up_dw","low_dw","up_dw_x1_to_xn","low_dw_x1_to_xn","up_dw_x1_to_xn_tails","low_dw_x1_to_xn_tails","up_t_test","low_t_test","up_anderson","low_anderson","up_cheby","low_cheby","up_emp_bern","low_emp_bern","up_hoeffding","low_hoeffding","up_PI_emp_bern","low_PI_emp_bern","up_PI_hedged","low_PI_hedged"
"1",237,0.652365287466376,0.385608317967856,0.652358519526092,0.385616734563925,0.706958347749908,0.385616734563925,0.603003037916723,0.436868175675699,0.642258819261386,0.387628793156135,0.734522734281457,0.210814732620745,0.742767360241416,0.297103853351006,0.642322948330252,0.39754826526217,0.680883413906575,0.36373994112449,0.63,0.4
