"","simul_idx","up_dw","low_dw","up_dw_x1_to_xn","low_dw_x1_to_xn","up_dw_x1_to_xn_tails","low_dw_x1_to_xn_tails","up_t_test","low_t_test","up_anderson","low_anderson","up_cheby","low_cheby","up_emp_bern","low_emp_bern","up_hoeffding","low_hoeffding","up_PI_emp_bern","low_PI_emp_bern","up_PI_hedged","low_PI_hedged"
"1",103,0.548845920544278,0.427526200898578,0.548845267746427,0.427528062118246,0.562125242093866,0.427528062118246,0.524802953238029,0.451338090174921,0.542781583169608,0.431360693306732,0.60109165449951,0.355909368454363,0.565864700164413,0.410276343248538,0.542803804757595,0.433337238655356,0.546447493655514,0.426980528938386,0.54,0.44
