"","simul_idx","up_dw","low_dw","up_dw_x1_to_xn","low_dw_x1_to_xn","up_dw_x1_to_xn_tails","low_dw_x1_to_xn_tails","up_t_test","low_t_test","up_anderson","low_anderson","up_cheby","low_cheby","up_emp_bern","low_emp_bern","up_hoeffding","low_hoeffding","up_PI_emp_bern","low_PI_emp_bern","up_PI_hedged","low_PI_hedged"
"1",464,0.670967220076963,0.404781247202339,0.670956096450825,0.404796302899767,0.725565727833855,0.404796302899767,0.622611105505101,0.456867043100395,0.662066858754463,0.407439242796379,0.74919306661159,0.232150704847953,0.762251176653612,0.317226971951885,0.662126415836789,0.417351732768707,0.694341242180164,0.379789857897004,0.65,0.41
