"","simul_idx","up_dw","low_dw","up_dw_x1_to_xn","low_dw_x1_to_xn","up_dw_x1_to_xn_tails","low_dw_x1_to_xn_tails","up_t_test","low_t_test","up_anderson","low_anderson","up_cheby","low_cheby","up_emp_bern","low_emp_bern","up_hoeffding","low_hoeffding","up_PI_emp_bern","low_PI_emp_bern","up_PI_hedged","low_PI_hedged"
"1",69,0.565900775923094,0.394965333480044,0.565897935088114,0.394967974807935,0.590681065889971,0.394967974807935,0.532128033693831,0.42796989038002,0.557423103700911,0.398687500157054,0.634614699860202,0.28855638098004,0.600296763978935,0.359801160094916,0.557453513241025,0.402644410832827,0.565039122149483,0.385904975975408,0.55,0.41
