"","simul_idx","up_dw","low_dw","up_dw_x1_to_xn","low_dw_x1_to_xn","up_dw_x1_to_xn_tails","low_dw_x1_to_xn_tails","up_t_test","low_t_test","up_anderson","low_anderson","up_cheby","low_cheby","up_emp_bern","low_emp_bern","up_hoeffding","low_hoeffding","up_PI_emp_bern","low_PI_emp_bern","up_PI_hedged","low_PI_hedged"
"1",77,0.818157489669591,0.258435826995937,0.81807458477462,0.258593334515503,1.01528310592843,0.258593334515503,0.745901281239688,0.352797268053798,0.822673153220557,0.226166552992847,0.882246496105386,-0.149780796576395,1.31112268178168,-0.212424132488193,0.823015689902342,0.275682859391144,0.954843811562208,0.165779391008795,0.78,0.28
