"","simul_idx","up_dw","low_dw","up_dw_x1_to_xn","low_dw_x1_to_xn","up_dw_x1_to_xn_tails","low_dw_x1_to_xn_tails","up_t_test","low_t_test","up_anderson","low_anderson","up_cheby","low_cheby","up_emp_bern","low_emp_bern","up_hoeffding","low_hoeffding","up_PI_emp_bern","low_PI_emp_bern","up_PI_hedged","low_PI_hedged"
"1",479,0.589480040344588,0.418428536489462,0.589476510905952,0.41842932861928,0.61425691928087,0.41842932861928,0.556152889586629,0.451915444118204,0.581399602261282,0.422661775810672,0.655136307036197,0.314160167679988,0.624347202366457,0.383721131338376,0.581438718056515,0.426629615648317,0.591376545050717,0.411711515534752,0.58,0.43
