"","simul_idx","up_dw","low_dw","up_dw_x1_to_xn","low_dw_x1_to_xn","up_dw_x1_to_xn_tails","low_dw_x1_to_xn_tails","up_t_test","low_t_test","up_anderson","low_anderson","up_cheby","low_cheby","up_emp_bern","low_emp_bern","up_hoeffding","low_hoeffding","up_PI_emp_bern","low_PI_emp_bern","up_PI_hedged","low_PI_hedged"
"1",365,0.565915800414262,0.395017006959271,0.565913227019212,0.395025052681757,0.590704235358537,0.395025052681757,0.532132867416604,0.42803519095944,0.5574407153099,0.398717678450175,0.634644820115208,0.288593697554065,0.60028209138377,0.359885966992274,0.557488580392121,0.402679477983923,0.57132890951422,0.392821416145608,0.55,0.41
