"","simul_idx","up_dw","low_dw","up_dw_x1_to_xn","low_dw_x1_to_xn","up_dw_x1_to_xn_tails","low_dw_x1_to_xn_tails","up_t_test","low_t_test","up_anderson","low_anderson","up_cheby","low_cheby","up_emp_bern","low_emp_bern","up_hoeffding","low_hoeffding","up_PI_emp_bern","low_PI_emp_bern","up_PI_hedged","low_PI_hedged"
"1",259,0.741072532869123,0.181121650325053,0.740892539454843,0.181150302584644,0.937904814549598,0.181150302584644,0.646564994777966,0.253191668092232,0.723406736636326,0.12663457874607,0.836908332358307,-0.237070557111509,1.21186326371716,-0.312106600846957,0.723544746690698,0.1762119161795,0.855996590443201,0.0705233321949524,0.72,0.21
