"","simul_idx","up_dw","low_dw","up_dw_x1_to_xn","low_dw_x1_to_xn","up_dw_x1_to_xn_tails","low_dw_x1_to_xn_tails","up_t_test","low_t_test","up_anderson","low_anderson","up_cheby","low_cheby","up_emp_bern","low_emp_bern","up_hoeffding","low_hoeffding","up_PI_emp_bern","low_PI_emp_bern","up_PI_hedged","low_PI_hedged"
"1",25,0.540909848925074,0.419646434127237,0.540908881654476,0.41964742595183,0.554187594193296,0.41964742595183,0.516793746696627,0.443382013687685,0.534801103024824,0.423378516644575,0.593869990744964,0.347478793945537,0.557838272353249,0.402337488031063,0.534821163243276,0.425354597141036,0.542157852804573,0.422668073679503,0.53,0.43
