"","simul_idx","up_dw","low_dw","up_dw_x1_to_xn","low_dw_x1_to_xn","up_dw_x1_to_xn_tails","low_dw_x1_to_xn_tails","up_t_test","low_t_test","up_anderson","low_anderson","up_cheby","low_cheby","up_emp_bern","low_emp_bern","up_hoeffding","low_hoeffding","up_PI_emp_bern","low_PI_emp_bern","up_PI_hedged","low_PI_hedged"
"1",85,0.604777308787898,0.338247289563418,0.60477157554545,0.338255654202054,0.659371327049997,0.338255654202054,0.553071616689119,0.387123000531543,0.592428522693948,0.337784762467847,0.696889170136738,0.157833209154773,0.692776723802399,0.247417893418264,0.592484650144372,0.347709967076291,0.630636139996552,0.314811540775426,0.59,0.36
