"","simul_idx","up_dw","low_dw","up_dw_x1_to_xn","low_dw_x1_to_xn","up_dw_x1_to_xn_tails","low_dw_x1_to_xn_tails","up_t_test","low_t_test","up_anderson","low_anderson","up_cheby","low_cheby","up_emp_bern","low_emp_bern","up_hoeffding","low_hoeffding","up_PI_emp_bern","low_PI_emp_bern","up_PI_hedged","low_PI_hedged"
"1",94,0.630222870954732,0.261392002861803,0.630213574090843,0.261412515103718,0.726546078673005,0.261412515103718,0.558741584762596,0.321880770601678,0.613247153576772,0.247361185105285,0.74074375987297,-0.0068917970694074,0.807842826363979,0.0727795290002959,0.613393015942366,0.267229339421909,0.663542847091965,0.228108018434496,0.6,0.28
