"","simul_idx","up_dw","low_dw","up_dw_x1_to_xn","low_dw_x1_to_xn","up_dw_x1_to_xn_tails","low_dw_x1_to_xn_tails","up_t_test","low_t_test","up_anderson","low_anderson","up_cheby","low_cheby","up_emp_bern","low_emp_bern","up_hoeffding","low_hoeffding","up_PI_emp_bern","low_PI_emp_bern","up_PI_hedged","low_PI_hedged"
"1",445,0.818695115188863,0.258702309300634,0.818609355526752,0.25871521119283,1.01559764287331,0.25871521119283,0.74661051996483,0.353139357171999,0.823317037382734,0.226558653279402,0.882472503554793,-0.149305918796907,1.31193671362649,-0.212186836489661,0.823541353824013,0.276208523312816,0.954572557240067,0.167052038495912,0.79,0.28
