"","simul_idx","up_dw","low_dw","up_dw_x1_to_xn","low_dw_x1_to_xn","up_dw_x1_to_xn_tails","low_dw_x1_to_xn_tails","up_t_test","low_t_test","up_anderson","low_anderson","up_cheby","low_cheby","up_emp_bern","low_emp_bern","up_hoeffding","low_hoeffding","up_PI_emp_bern","low_PI_emp_bern","up_PI_hedged","low_PI_hedged"
"1",189,0.853887172789134,0.301054122403804,0.853763989388154,0.301117568655629,1.05082925559756,0.301117568655629,0.79313490625993,0.405902191498799,0.872878107526323,0.276240995433967,0.903128800476542,-0.103770735304056,1.35668050035462,-0.15764340259589,0.873184964134963,0.325852133623766,0.97738413054862,0.192493661442712,0.83,0.34
