"","simul_idx","up_dw","low_dw","up_dw_x1_to_xn","low_dw_x1_to_xn","up_dw_x1_to_xn_tails","low_dw_x1_to_xn_tails","up_t_test","low_t_test","up_anderson","low_anderson","up_cheby","low_cheby","up_emp_bern","low_emp_bern","up_hoeffding","low_hoeffding","up_PI_emp_bern","low_PI_emp_bern","up_PI_hedged","low_PI_hedged"
"1",467,0.671170933676374,0.40498520540826,0.671165673669415,0.404998708151392,0.725773011992377,0.404998708151392,0.622796697689947,0.457114676991688,0.66226341300882,0.407626834360117,0.749352601857206,0.232385011489735,0.762417043254458,0.317494331427177,0.662343028874858,0.417568345806776,0.695031934304325,0.379513688132576,0.65,0.42
