"","simul_idx","up_dw","low_dw","up_dw_x1_to_xn","low_dw_x1_to_xn","up_dw_x1_to_xn_tails","low_dw_x1_to_xn_tails","up_t_test","low_t_test","up_anderson","low_anderson","up_cheby","low_cheby","up_emp_bern","low_emp_bern","up_hoeffding","low_hoeffding","up_PI_emp_bern","low_PI_emp_bern","up_PI_hedged","low_PI_hedged"
"1",181,0.558724903007237,0.437376664839833,0.558723450605522,0.43737725026384,0.572001573309206,0.43737725026384,0.534762044926536,0.461300269357814,0.55274907252107,0.441320659800188,0.610084445320439,0.366447235350492,0.575822791090271,0.420239523194078,0.552764440193294,0.443297874091055,0.554886057836425,0.435242577919485,0.55,0.45
