"","simul_idx","up_dw","low_dw","up_dw_x1_to_xn","low_dw_x1_to_xn","up_dw_x1_to_xn_tails","low_dw_x1_to_xn_tails","up_t_test","low_t_test","up_anderson","low_anderson","up_cheby","low_cheby","up_emp_bern","low_emp_bern","up_hoeffding","low_hoeffding","up_PI_emp_bern","low_PI_emp_bern","up_PI_hedged","low_PI_hedged"
"1",371,0.542924088160612,0.421648493552635,0.542923418241438,0.42164981537674,0.556202580344425,0.42164981537674,0.518825203598209,0.445404697058115,0.53682590266185,0.425403335398209,0.595705046512594,0.349618385503409,0.559872573056688,0.404357327599635,0.536848233379281,0.427381667277042,0.54165843233811,0.421975726243036,0.53,0.43
