"","simul_idx","up_dw","low_dw","up_dw_x1_to_xn","low_dw_x1_to_xn","up_dw_x1_to_xn_tails","low_dw_x1_to_xn_tails","up_t_test","low_t_test","up_anderson","low_anderson","up_cheby","low_cheby","up_emp_bern","low_emp_bern","up_hoeffding","low_hoeffding","up_PI_emp_bern","low_PI_emp_bern","up_PI_hedged","low_PI_hedged"
"1",290,0.560664758451433,0.439318516723403,0.560663976598824,0.439319668105791,0.573942920714068,0.439319668105791,0.536723077414159,0.46325988684671,0.554704569792471,0.44327798308684,0.611851867619695,0.36852358753802,0.577784282227432,0.422198682033437,0.554724765181554,0.445258199079315,0.557358088409147,0.437805216037416,0.55,0.45
