"","simul_idx","up_dw","low_dw","up_dw_x1_to_xn","low_dw_x1_to_xn","up_dw_x1_to_xn_tails","low_dw_x1_to_xn_tails","up_t_test","low_t_test","up_anderson","low_anderson","up_cheby","low_cheby","up_emp_bern","low_emp_bern","up_hoeffding","low_hoeffding","up_PI_emp_bern","low_PI_emp_bern","up_PI_hedged","low_PI_hedged"
"1",176,0.552760191581198,0.431433564644401,0.552758109207438,0.431435299423644,0.56603790004381,0.431435299423644,0.528747287935153,0.45529072136037,0.546731266151291,0.435310728593522,0.604658925125861,0.360084221242298,0.569806345685593,0.414231663609929,0.546752287698881,0.437285721596641,0.553917097472645,0.434446869338414,0.54,0.44
