"","simul_idx","up_dw","low_dw","up_dw_x1_to_xn","low_dw_x1_to_xn","up_dw_x1_to_xn_tails","low_dw_x1_to_xn_tails","up_t_test","low_t_test","up_anderson","low_anderson","up_cheby","low_cheby","up_emp_bern","low_emp_bern","up_hoeffding","low_hoeffding","up_PI_emp_bern","low_PI_emp_bern","up_PI_hedged","low_PI_hedged"
"1",76,0.597271839125625,0.426281423191798,0.597271311780791,0.426284584498428,0.62205519653455,0.426284584498428,0.5640890873573,0.45992865707732,0.58937718895762,0.430642418305893,0.661923204018154,0.322709242553596,0.632258555406722,0.391759189027898,0.589413423421409,0.434604321013211,0.604639341173281,0.42485454198404,0.58,0.44
