"","simul_idx","up_dw","low_dw","up_dw_x1_to_xn","low_dw_x1_to_xn","up_dw_x1_to_xn_tails","low_dw_x1_to_xn_tails","up_t_test","low_t_test","up_anderson","low_anderson","up_cheby","low_cheby","up_emp_bern","low_emp_bern","up_hoeffding","low_hoeffding","up_PI_emp_bern","low_PI_emp_bern","up_PI_hedged","low_PI_hedged"
"1",182,0.604932427250748,0.433984530226084,0.604930154767712,0.433985861716289,0.629711360268852,0.433985861716289,0.571911305132878,0.467767688287943,0.59721651205626,0.438470832144029,0.668569440356178,0.331121899471535,0.640075349248795,0.399603644172026,0.59724404791451,0.442434945506312,0.611788424970269,0.432589381058384,0.59,0.45
