"","simul_idx","up_dw","low_dw","up_dw_x1_to_xn","low_dw_x1_to_xn","up_dw_x1_to_xn_tails","low_dw_x1_to_xn_tails","up_t_test","low_t_test","up_anderson","low_anderson","up_cheby","low_cheby","up_emp_bern","low_emp_bern","up_hoeffding","low_hoeffding","up_PI_emp_bern","low_PI_emp_bern","up_PI_hedged","low_PI_hedged"
"1",353,0.630512141256382,0.261674322449705,0.630489133509598,0.261701647090872,0.726831791629074,0.261701647090872,0.559016076064702,0.322234071793883,0.613578944035355,0.247661890022094,0.740953966714969,-0.00657884349948157,0.808092882120715,0.0731572657378704,0.613706912189521,0.267543235669064,0.664312092543285,0.22798667082884,0.61,0.28
