"","simul_idx","up_dw","low_dw","up_dw_x1_to_xn","low_dw_x1_to_xn","up_dw_x1_to_xn_tails","low_dw_x1_to_xn_tails","up_t_test","low_t_test","up_anderson","low_anderson","up_cheby","low_cheby","up_emp_bern","low_emp_bern","up_hoeffding","low_hoeffding","up_PI_emp_bern","low_PI_emp_bern","up_PI_hedged","low_PI_hedged"
"1",258,0.595096546363934,0.328961779496332,0.595086575649609,0.328971332933743,0.649688082509745,0.328971332933743,0.542969425683026,0.377346515258243,0.582467945599717,0.327859571054876,0.68926725644432,0.147383598956834,0.682570977685408,0.237744963255861,0.582545312004676,0.337770628936594,0.620689554293528,0.304979649868195,0.58,0.35
