"","simul_idx","up_dw","low_dw","up_dw_x1_to_xn","low_dw_x1_to_xn","up_dw_x1_to_xn_tails","low_dw_x1_to_xn_tails","up_t_test","low_t_test","up_anderson","low_anderson","up_cheby","low_cheby","up_emp_bern","low_emp_bern","up_hoeffding","low_hoeffding","up_PI_emp_bern","low_PI_emp_bern","up_PI_hedged","low_PI_hedged"
"1",469,0.61452027555246,0.347801498816705,0.614512738080257,0.347811503748276,0.669114915795191,0.347811503748276,0.563280608923931,0.397157015094143,0.602521792308553,0.34791289948642,0.704611813685686,0.168513299058017,0.703041348561991,0.257396275456083,0.602606153543078,0.357831470474996,0.636402268292182,0.319278536620689,0.6,0.37
