"","simul_idx","up_dw","low_dw","up_dw_x1_to_xn","low_dw_x1_to_xn","up_dw_x1_to_xn_tails","low_dw_x1_to_xn_tails","up_t_test","low_t_test","up_anderson","low_anderson","up_cheby","low_cheby","up_emp_bern","low_emp_bern","up_hoeffding","low_hoeffding","up_PI_emp_bern","low_PI_emp_bern","up_PI_hedged","low_PI_hedged"
"1",384,0.60117398154612,0.430184302664506,0.601171765199314,0.4301855527218,0.625952842761926,0.4301855527218,0.56807119372646,0.463906039667533,0.593356650294415,0.434608471706074,0.66530326052474,0.326982540815638,0.636242185644313,0.39573504774968,0.593393167901096,0.438584065492898,0.608818049528329,0.429262967037739,0.59,0.44
