"","simul_idx","up_dw","low_dw","up_dw_x1_to_xn","low_dw_x1_to_xn","up_dw_x1_to_xn_tails","low_dw_x1_to_xn_tails","up_t_test","low_t_test","up_anderson","low_anderson","up_cheby","low_cheby","up_emp_bern","low_emp_bern","up_hoeffding","low_hoeffding","up_PI_emp_bern","low_PI_emp_bern","up_PI_hedged","low_PI_hedged"
"1",229,0.55019784519988,0.379519188466179,0.550195194349161,0.379523232534761,0.574980371327336,0.379523232534761,0.516165692009217,0.412199951776194,0.541552136111032,0.382813387746078,0.620952466234607,0.27170680663598,0.584272353983277,0.344093289802134,0.541587373096805,0.386778270688607,0.555809836178646,0.377597510178592,0.54,0.39
