"","simul_idx","up_dw","low_dw","up_dw_x1_to_xn","low_dw_x1_to_xn","up_dw_x1_to_xn_tails","low_dw_x1_to_xn_tails","up_t_test","low_t_test","up_anderson","low_anderson","up_cheby","low_cheby","up_emp_bern","low_emp_bern","up_hoeffding","low_hoeffding","up_PI_emp_bern","low_PI_emp_bern","up_PI_hedged","low_PI_hedged"
"1",499,0.606117125229901,0.0827565176281639,0.606038824687344,0.0828574286902049,0.803161149656786,0.0828574286902049,0.482414323496862,0.120036462696116,0.574615855993088,0.00134147392419838,0.760432523493021,-0.358798666031036,1.03886575859975,-0.436414972406771,0.574891808352088,0.0275589778408905,0.698286827668817,-0.0617689394512541,0.56,0.09
