"","simul_idx","up_dw","low_dw","up_dw_x1_to_xn","low_dw_x1_to_xn","up_dw_x1_to_xn_tails","low_dw_x1_to_xn_tails","up_t_test","low_t_test","up_anderson","low_anderson","up_cheby","low_cheby","up_emp_bern","low_emp_bern","up_hoeffding","low_hoeffding","up_PI_emp_bern","low_PI_emp_bern","up_PI_hedged","low_PI_hedged"
"1",121,0.698876698703811,0.145957057271625,0.698787589801057,0.146020024932184,0.895852127117829,0.146020024932184,0.593989143660354,0.206698431337972,0.673815898467887,0.0771603721130437,0.812530015745724,-0.278738299080174,1.15755129162099,-0.356863716622667,0.674010202754762,0.126677372243564,0.806154851101633,0.0237073196898572,0.66,0.17
