"","simul_idx","up_dw","low_dw","up_dw_x1_to_xn","low_dw_x1_to_xn","up_dw_x1_to_xn_tails","low_dw_x1_to_xn_tails","up_t_test","low_t_test","up_anderson","low_anderson","up_cheby","low_cheby","up_emp_bern","low_emp_bern","up_hoeffding","low_hoeffding","up_PI_emp_bern","low_PI_emp_bern","up_PI_hedged","low_PI_hedged"
"1",62,0.552783008918769,0.431450541821685,0.552782556534126,0.43145144708231,0.56606114343713,0.43145144708231,0.528767167465931,0.455311327313699,0.546752072200127,0.435327214617158,0.604677205242416,0.360105632776829,0.56982598975795,0.41425250502168,0.546772530440935,0.437305964338695,0.553771462800696,0.434344338358613,0.54,0.44
