"","simul_idx","up_dw","low_dw","up_dw_x1_to_xn","low_dw_x1_to_xn","up_dw_x1_to_xn_tails","low_dw_x1_to_xn_tails","up_t_test","low_t_test","up_anderson","low_anderson","up_cheby","low_cheby","up_emp_bern","low_emp_bern","up_hoeffding","low_hoeffding","up_PI_emp_bern","low_PI_emp_bern","up_PI_hedged","low_PI_hedged"
"1",291,0.630121083974379,0.261296004313523,0.630110247376108,0.261343078361091,0.726482340989212,0.261343078361091,0.558605552105409,0.321788606409855,0.613169271109568,0.247298058870557,0.740667340781178,-0.00700554201845738,0.807693191989109,0.0727009665261553,0.613278917517861,0.267115240997404,0.653113484742255,0.218591389670946,0.61,0.29
