"","simul_idx","up_dw","low_dw","up_dw_x1_to_xn","low_dw_x1_to_xn","up_dw_x1_to_xn_tails","low_dw_x1_to_xn_tails","up_t_test","low_t_test","up_anderson","low_anderson","up_cheby","low_cheby","up_emp_bern","low_emp_bern","up_hoeffding","low_hoeffding","up_PI_emp_bern","low_PI_emp_bern","up_PI_hedged","low_PI_hedged"
"1",391,0.685424385977275,0.314282363748267,0.685415953522794,0.314304105357537,0.781750290414963,0.314304105357537,0.619147057926494,0.380528966904603,0.672820857008724,0.306882748747676,0.779804218055659,0.0532591359702551,0.868793155235846,0.13088286959525,0.672919850675777,0.32675617415532,0.714547795425328,0.275264802143826,0.66,0.34
