"","simul_idx","up_dw","low_dw","up_dw_x1_to_xn","low_dw_x1_to_xn","up_dw_x1_to_xn_tails","low_dw_x1_to_xn_tails","up_t_test","low_t_test","up_anderson","low_anderson","up_cheby","low_cheby","up_emp_bern","low_emp_bern","up_hoeffding","low_hoeffding","up_PI_emp_bern","low_PI_emp_bern","up_PI_hedged","low_PI_hedged"
"1",199,0.703599871261058,0.332761175345742,0.703583837015575,0.332816358200405,0.79996801639646,0.332816358200405,0.639257587234098,0.400867908786109,0.692989062112557,0.32710186277707,0.792693356298898,0.0740778903846085,0.888832863662901,0.151292632357306,0.693144586270332,0.346980909749875,0.74421982941164,0.305404257309071,0.68,0.35
