"","simul_idx","up_dw","low_dw","up_dw_x1_to_xn","low_dw_x1_to_xn","up_dw_x1_to_xn_tails","low_dw_x1_to_xn_tails","up_t_test","low_t_test","up_anderson","low_anderson","up_cheby","low_cheby","up_emp_bern","low_emp_bern","up_hoeffding","low_hoeffding","up_PI_emp_bern","low_PI_emp_bern","up_PI_hedged","low_PI_hedged"
"1",190,0.609027835765678,0.438151195324332,0.609024393610219,0.438152775948141,0.633805981819851,0.438152775948141,0.576097157658078,0.472002718647208,0.601420382121136,0.442681373744162,0.67213556046128,0.335652782139958,0.644245337240597,0.40385453906469,0.601454489356742,0.446645386948544,0.616890205652149,0.438031790821971,0.6,0.45
