"","simul_idx","up_dw","low_dw","up_dw_x1_to_xn","low_dw_x1_to_xn","up_dw_x1_to_xn_tails","low_dw_x1_to_xn_tails","up_t_test","low_t_test","up_anderson","low_anderson","up_cheby","low_cheby","up_emp_bern","low_emp_bern","up_hoeffding","low_hoeffding","up_PI_emp_bern","low_PI_emp_bern","up_PI_hedged","low_PI_hedged"
"1",397,0.685675058510812,0.314503558622582,0.685652199274575,0.314521283318066,0.781980549159451,0.314521283318066,0.619406753959742,0.380797588827929,0.673059754567527,0.30710583387644,0.779973852497787,0.0535297664919389,0.869050083735835,0.131154259051836,0.673184009654064,0.327020333133607,0.724497124671918,0.285594860889571,0.66,0.33
