"","simul_idx","up_dw","low_dw","up_dw_x1_to_xn","low_dw_x1_to_xn","up_dw_x1_to_xn_tails","low_dw_x1_to_xn_tails","up_t_test","low_t_test","up_anderson","low_anderson","up_cheby","low_cheby","up_emp_bern","low_emp_bern","up_hoeffding","low_hoeffding","up_PI_emp_bern","low_PI_emp_bern","up_PI_hedged","low_PI_hedged"
"1",455,0.653251714184471,0.112811292777924,0.65297561365397,0.112904849213713,0.850086737556276,0.112904849213713,0.538504445218696,0.16188379722806,0.62363004907743,0.0274375965806843,0.786708539244243,-0.319783044279739,1.0990211062518,-0.398632863805043,0.623860536478977,0.0765277059677791,0.728950656142914,-0.0456039264258993,0.63,0.14
