"","simul_idx","up_dw","low_dw","up_dw_x1_to_xn","low_dw_x1_to_xn","up_dw_x1_to_xn_tails","low_dw_x1_to_xn_tails","up_t_test","low_t_test","up_anderson","low_anderson","up_cheby","low_cheby","up_emp_bern","low_emp_bern","up_hoeffding","low_hoeffding","up_PI_emp_bern","low_PI_emp_bern","up_PI_hedged","low_PI_hedged"
"1",193,0.653749215626198,0.113058395197948,0.653579929495752,0.113122726245174,0.850646543245108,0.113122726245174,0.539051580113841,0.162281792771183,0.624085208416232,0.0276581658984618,0.786957061686702,-0.319401479763353,1.09961080902028,-0.398277436135256,0.624333101698111,0.0770002711869134,0.725761540548224,-0.0414721994481143,0.62,0.14
