"","simul_idx","up_dw","low_dw","up_dw_x1_to_xn","low_dw_x1_to_xn","up_dw_x1_to_xn_tails","low_dw_x1_to_xn_tails","up_t_test","low_t_test","up_anderson","low_anderson","up_cheby","low_cheby","up_emp_bern","low_emp_bern","up_hoeffding","low_hoeffding","up_PI_emp_bern","low_PI_emp_bern","up_PI_hedged","low_PI_hedged"
"1",126,0.780836279606872,0.218630773979155,0.780691150369012,0.218668371791063,0.977717049505104,0.218668371791063,0.697388396706888,0.301943077021143,0.773197946365545,0.176494301404486,0.860227208531518,-0.194006226046164,1.26327806110531,-0.263946587377276,0.773332152119614,0.225999321608417,0.908333697363688,0.115267633482691,0.74,0.24
