"","simul_idx","up_dw","low_dw","up_dw_x1_to_xn","low_dw_x1_to_xn","up_dw_x1_to_xn_tails","low_dw_x1_to_xn_tails","up_t_test","low_t_test","up_anderson","low_anderson","up_cheby","low_cheby","up_emp_bern","low_emp_bern","up_hoeffding","low_hoeffding","up_PI_emp_bern","low_PI_emp_bern","up_PI_hedged","low_PI_hedged"
"1",454,0.57447901521449,0.453170388578725,0.574478008743503,0.45317187034609,0.587757432367572,0.45317187034609,0.550680139838937,0.477238172373614,0.568673349972034,0.457246111821817,0.624421607312247,0.383341443876528,0.591734465518119,0.436183846694432,0.568692439157395,0.459225873055156,0.577894588308781,0.457423649898637,0.56,0.47
