"","simul_idx","up_dw","low_dw","up_dw_x1_to_xn","low_dw_x1_to_xn","up_dw_x1_to_xn_tails","low_dw_x1_to_xn_tails","up_t_test","low_t_test","up_anderson","low_anderson","up_cheby","low_cheby","up_emp_bern","low_emp_bern","up_hoeffding","low_hoeffding","up_PI_emp_bern","low_PI_emp_bern","up_PI_hedged","low_PI_hedged"
"1",159,0.624161060770958,0.357275513322048,0.624154449122495,0.357287583291263,0.678759671841241,0.357287583291263,0.573357655771406,0.407143886954867,0.612561832360611,0.35793206988622,0.712226699806467,0.179138339035599,0.71314706570849,0.267354477017782,0.612638112897177,0.367863429829095,0.645843117105034,0.329785182789822,0.61,0.38
