"","simul_idx","up_dw","low_dw","up_dw_x1_to_xn","low_dw_x1_to_xn","up_dw_x1_to_xn_tails","low_dw_x1_to_xn_tails","up_t_test","low_t_test","up_anderson","low_anderson","up_cheby","low_cheby","up_emp_bern","low_emp_bern","up_hoeffding","low_hoeffding","up_PI_emp_bern","low_PI_emp_bern","up_PI_hedged","low_PI_hedged"
"1",250,0.642776399001473,0.375904594976493,0.642755711328011,0.375911414641476,0.697353178685228,0.375911414641476,0.592915091454878,0.426708517821773,0.632134945983647,0.377506144140775,0.726959270453878,0.199971283433987,0.732702213750256,0.286921395526395,0.632199146172366,0.387424463104285,0.670692178334245,0.353797884040526,0.62,0.39
