"","simul_idx","up_dw","low_dw","up_dw_x1_to_xn","low_dw_x1_to_xn","up_dw_x1_to_xn_tails","low_dw_x1_to_xn_tails","up_t_test","low_t_test","up_anderson","low_anderson","up_cheby","low_cheby","up_emp_bern","low_emp_bern","up_hoeffding","low_hoeffding","up_PI_emp_bern","low_PI_emp_bern","up_PI_hedged","low_PI_hedged"
"1",239,0.604803727272622,0.338254656351954,0.604786282492952,0.338264805050867,0.659388663938492,0.338264805050867,0.553101369364508,0.387131231438667,0.59244698219148,0.337794586976126,0.696903697767153,0.157853212053915,0.692813319124002,0.247419281679173,0.592503641935628,0.347728958867547,0.626092035767752,0.309468047322547,0.59,0.36
