"","simul_idx","up_dw","low_dw","up_dw_x1_to_xn","low_dw_x1_to_xn","up_dw_x1_to_xn_tails","low_dw_x1_to_xn_tails","up_t_test","low_t_test","up_anderson","low_anderson","up_cheby","low_cheby","up_emp_bern","low_emp_bern","up_hoeffding","low_hoeffding","up_PI_emp_bern","low_PI_emp_bern","up_PI_hedged","low_PI_hedged"
"1",393,0.546209326025656,0.375664398428245,0.546207744653595,0.375666915442352,0.57099071652595,0.375666915442352,0.512118712716398,0.408259247694926,0.537552026171206,0.378832718606789,0.61750272797638,0.267476080111431,0.580191090816936,0.340186869594387,0.537593531409761,0.382784429001563,0.547228667302621,0.36918955734096,0.53,0.39
