"","simul_idx","up_dw","low_dw","up_dw_x1_to_xn","low_dw_x1_to_xn","up_dw_x1_to_xn_tails","low_dw_x1_to_xn_tails","up_t_test","low_t_test","up_anderson","low_anderson","up_cheby","low_cheby","up_emp_bern","low_emp_bern","up_hoeffding","low_hoeffding","up_PI_emp_bern","low_PI_emp_bern","up_PI_hedged","low_PI_hedged"
"1",54,0.575529137852059,0.310262570800795,0.575526759236867,0.310276356366084,0.630134515169154,0.310276356366084,0.522644000637068,0.357599614222925,0.562442259384109,0.307823617323818,0.673789799651053,0.126431668403487,0.662061616306599,0.218181998553395,0.562509148964038,0.317734465895956,0.600087748974447,0.285695340745668,0.56,0.33
