"","simul_idx","up_dw","low_dw","up_dw_x1_to_xn","low_dw_x1_to_xn","up_dw_x1_to_xn_tails","low_dw_x1_to_xn_tails","up_t_test","low_t_test","up_anderson","low_anderson","up_cheby","low_cheby","up_emp_bern","low_emp_bern","up_hoeffding","low_hoeffding","up_PI_emp_bern","low_PI_emp_bern","up_PI_hedged","low_PI_hedged"
"1",254,0.585345532141859,0.319576340292606,0.585336520037726,0.319582176364868,0.639932537913668,0.319582176364868,0.532816761644579,0.367454116833688,0.572463095939474,0.317826020014775,0.681543759003785,0.136884312340094,0.672335564613721,0.227935313864546,0.572522780773174,0.327748097705093,0.604934552516583,0.290872418432129,0.57,0.34
