"","simul_idx","up_dw","low_dw","up_dw_x1_to_xn","low_dw_x1_to_xn","up_dw_x1_to_xn_tails","low_dw_x1_to_xn_tails","up_t_test","low_t_test","up_anderson","low_anderson","up_cheby","low_cheby","up_emp_bern","low_emp_bern","up_hoeffding","low_hoeffding","up_PI_emp_bern","low_PI_emp_bern","up_PI_hedged","low_PI_hedged"
"1",471,0.550749469286737,0.429420645640484,0.550747254885946,0.429421552750706,0.564025844473387,0.429421552750706,0.526716247326166,0.453259085044522,0.5447034043465,0.433277985173082,0.602824105177133,0.357936024598051,0.567775498165597,0.41219983420509,0.544720949236463,0.435254383134224,0.547292888259236,0.427365173214282,0.54,0.44
