"","simul_idx","up_dw","low_dw","up_dw_x1_to_xn","low_dw_x1_to_xn","up_dw_x1_to_xn_tails","low_dw_x1_to_xn_tails","up_t_test","low_t_test","up_anderson","low_anderson","up_cheby","low_cheby","up_emp_bern","low_emp_bern","up_hoeffding","low_hoeffding","up_PI_emp_bern","low_PI_emp_bern","up_PI_hedged","low_PI_hedged"
"1",202,0.584433702403234,0.463198686523668,0.584432934071097,0.463200211565577,0.597712420502276,0.463200211565577,0.560742465316043,0.487345840182698,0.578759258558616,0.467331764224643,0.633471225002438,0.394066329408092,0.601782093992881,0.44630621150586,0.57877743580049,0.469310869698251,0.581033264479449,0.461708125243122,0.57,0.47
