"","simul_idx","up_dw","low_dw","up_dw_x1_to_xn","low_dw_x1_to_xn","up_dw_x1_to_xn_tails","low_dw_x1_to_xn_tails","up_t_test","low_t_test","up_anderson","low_anderson","up_cheby","low_cheby","up_emp_bern","low_emp_bern","up_hoeffding","low_hoeffding","up_PI_emp_bern","low_PI_emp_bern","up_PI_hedged","low_PI_hedged"
"1",219,0.66195500917007,0.395401951185307,0.661943849091652,0.395406967441353,0.71653866692106,0.395406967441353,0.613100568918549,0.447106362558886,0.652420033117191,0.397771696839519,0.742075940144772,0.221748543016533,0.752820171012905,0.30738676046453,0.652490807272758,0.407716124204677,0.690387436350954,0.374488238250281,0.64,0.41
