"","simul_idx","up_dw","low_dw","up_dw_x1_to_xn","low_dw_x1_to_xn","up_dw_x1_to_xn_tails","low_dw_x1_to_xn_tails","up_t_test","low_t_test","up_anderson","low_anderson","up_cheby","low_cheby","up_emp_bern","low_emp_bern","up_hoeffding","low_hoeffding","up_PI_emp_bern","low_PI_emp_bern","up_PI_hedged","low_PI_hedged"
"1",356,0.600929274381694,0.429944687211898,0.600925729780762,0.429947614405176,0.625709258209112,0.429947614405176,0.567833699571063,0.463647603891174,0.593118417391515,0.434371567542531,0.665092795746082,0.326716149890685,0.636011447155397,0.39546985630684,0.593145202935218,0.43833610052702,0.60231332433396,0.423981761666781,0.59,0.44
