"","simul_idx","up_dw","low_dw","up_dw_x1_to_xn","low_dw_x1_to_xn","up_dw_x1_to_xn_tails","low_dw_x1_to_xn_tails","up_t_test","low_t_test","up_anderson","low_anderson","up_cheby","low_cheby","up_emp_bern","low_emp_bern","up_hoeffding","low_hoeffding","up_PI_emp_bern","low_PI_emp_bern","up_PI_hedged","low_PI_hedged"
"1",427,0.680159798237469,0.414433853554951,0.680153384566658,0.414453757237337,0.734770174383616,0.414453757237337,0.632276712962268,0.466942404840151,0.671916456503784,0.41731281743462,0.756441807723348,0.242848299369759,0.771786506544552,0.327432611257867,0.67199690043525,0.427222217367168,0.70385375762234,0.389901870406097,0.66,0.43
