"","simul_idx","up_dw","low_dw","up_dw_x1_to_xn","low_dw_x1_to_xn","up_dw_x1_to_xn_tails","low_dw_x1_to_xn_tails","up_t_test","low_t_test","up_anderson","low_anderson","up_cheby","low_cheby","up_emp_bern","low_emp_bern","up_hoeffding","low_hoeffding","up_PI_emp_bern","low_PI_emp_bern","up_PI_hedged","low_PI_hedged"
"1",271,0.68039459582755,0.414645335838207,0.680371812600947,0.414651362415804,0.734968111773112,0.414651362415804,0.632535544934929,0.467152926585213,0.672158859095556,0.41754951999362,0.756613628398679,0.24310316389236,0.772060698305122,0.32762777321502,0.672231577294112,0.42745689422603,0.70972149693116,0.394435454044625,0.66,0.43
