"","simul_idx","up_dw","low_dw","up_dw_x1_to_xn","low_dw_x1_to_xn","up_dw_x1_to_xn_tails","low_dw_x1_to_xn_tails","up_t_test","low_t_test","up_anderson","low_anderson","up_cheby","low_cheby","up_emp_bern","low_emp_bern","up_hoeffding","low_hoeffding","up_PI_emp_bern","low_PI_emp_bern","up_PI_hedged","low_PI_hedged"
"1",270,0.781342040704718,0.219203955313565,0.781308547536359,0.219270092740589,0.978377912395112,0.219270092740589,0.697844056468335,0.30284700256942,0.773672420773782,0.177012515399902,0.860537088814197,-0.19340971612236,1.26360577528448,-0.262914716246722,0.774011944774476,0.226679114263279,0.88341720040658,0.0929074621538862,0.76,0.26
