"","simul_idx","up_dw","low_dw","up_dw_x1_to_xn","low_dw_x1_to_xn","up_dw_x1_to_xn_tails","low_dw_x1_to_xn_tails","up_t_test","low_t_test","up_anderson","low_anderson","up_cheby","low_cheby","up_emp_bern","low_emp_bern","up_hoeffding","low_hoeffding","up_PI_emp_bern","low_PI_emp_bern","up_PI_hedged","low_PI_hedged"
"1",499,0.585417725661352,0.319653709487448,0.5854024269356,0.319667553608247,0.640010262875555,0.319667553608247,0.532929695784447,0.367500335607634,0.57252367071703,0.317904900709526,0.681605229612808,0.136967526198176,0.672469710284186,0.227960321107896,0.572602357230082,0.327827674162,0.61066829271362,0.295228265732237,0.57,0.34
