"","simul_idx","up_dw","low_dw","up_dw_x1_to_xn","low_dw_x1_to_xn","up_dw_x1_to_xn_tails","low_dw_x1_to_xn_tails","up_t_test","low_t_test","up_anderson","low_anderson","up_cheby","low_cheby","up_emp_bern","low_emp_bern","up_hoeffding","low_hoeffding","up_PI_emp_bern","low_PI_emp_bern","up_PI_hedged","low_PI_hedged"
"1",139,0.667606393318714,0.296748583817917,0.66758166243474,0.296763095040312,0.763905222800136,0.296763095040312,0.599499333728616,0.361169602402896,0.653277151569908,0.28736345800219,0.767187506857837,0.0333699399184229,0.849056023142208,0.111612912989304,0.653416306325985,0.307252629805527,0.694348299670599,0.256832358910336,0.65,0.33
