"","simul_idx","up_dw","low_dw","up_dw_x1_to_xn","low_dw_x1_to_xn","up_dw_x1_to_xn_tails","low_dw_x1_to_xn_tails","up_t_test","low_t_test","up_anderson","low_anderson","up_cheby","low_cheby","up_emp_bern","low_emp_bern","up_hoeffding","low_hoeffding","up_PI_emp_bern","low_PI_emp_bern","up_PI_hedged","low_PI_hedged"
"1",5,0.558644630642818,0.437306259912796,0.558643905471782,0.437307312774717,0.571922706597977,0.437307312774717,0.53468852911073,0.461221796807418,0.552666204465998,0.441247267612616,0.610015913072431,0.366366759396342,0.575750881921868,0.42015944399628,0.552688446010194,0.443221879907954,0.555566461829556,0.435667186019289,0.55,0.45
