"","simul_idx","up_dw","low_dw","up_dw_x1_to_xn","low_dw_x1_to_xn","up_dw_x1_to_xn_tails","low_dw_x1_to_xn_tails","up_t_test","low_t_test","up_anderson","low_anderson","up_cheby","low_cheby","up_emp_bern","low_emp_bern","up_hoeffding","low_hoeffding","up_PI_emp_bern","low_PI_emp_bern","up_PI_hedged","low_PI_hedged"
"1",32,0.703347141742414,0.332572491940401,0.703306556251542,0.332592104408361,0.799637719766031,0.332592104408361,0.638970362597088,0.400671389657201,0.69277551072096,0.326919685320346,0.792540404837504,0.0738277220410695,0.88851751516281,0.151124237091479,0.692902714387373,0.346739037866916,0.733787972904335,0.29556432944679,0.68,0.36
