"","simul_idx","up_dw","low_dw","up_dw_x1_to_xn","low_dw_x1_to_xn","up_dw_x1_to_xn_tails","low_dw_x1_to_xn_tails","up_t_test","low_t_test","up_anderson","low_anderson","up_cheby","low_cheby","up_emp_bern","low_emp_bern","up_hoeffding","low_hoeffding","up_PI_emp_bern","low_PI_emp_bern","up_PI_hedged","low_PI_hedged"
"1",14,0.916786940344533,0.393682324841672,0.916596410689509,0.393791163180637,1.11373080887083,0.393791163180637,0.87929083935502,0.517426790802515,0.971607439357259,0.375170472395542,0.939866162103145,-0.008721075331454,1.4355956203763,-0.0388779902187683,0.972025230334367,0.424692399823169,1.08359551737503,0.327784002730491,0.89,0.43
