"","simul_idx","up_dw","low_dw","up_dw_x1_to_xn","low_dw_x1_to_xn","up_dw_x1_to_xn_tails","low_dw_x1_to_xn_tails","up_t_test","low_t_test","up_anderson","low_anderson","up_cheby","low_cheby","up_emp_bern","low_emp_bern","up_hoeffding","low_hoeffding","up_PI_emp_bern","low_PI_emp_bern","up_PI_hedged","low_PI_hedged"
"1",103,0.781195725601715,0.218993220898571,0.781141694830598,0.219029677602237,0.978165856063282,0.219029677602237,0.697759459450879,0.302486100127188,0.773448493411136,0.176772632117416,0.860435575154624,-0.193605202102579,1.26360004232379,-0.263354482745721,0.773789195044632,0.226456364533435,0.883813671601252,0.0920660005746539,0.76,0.26
