"","simul_idx","up_dw","low_dw","up_dw_x1_to_xn","low_dw_x1_to_xn","up_dw_x1_to_xn_tails","low_dw_x1_to_xn_tails","up_t_test","low_t_test","up_anderson","low_anderson","up_cheby","low_cheby","up_emp_bern","low_emp_bern","up_hoeffding","low_hoeffding","up_PI_emp_bern","low_PI_emp_bern","up_PI_hedged","low_PI_hedged"
"1",79,0.531928077308224,0.177382352099379,0.53191980251615,0.177392616377625,0.628237033025607,0.177392616377625,0.453700396711799,0.227543831385872,0.513613287400161,0.147670537306947,0.671862460196196,-0.10415893678147,0.699482712760357,-0.0182384846626852,0.513703952309064,0.167540275788607,0.546879733797746,0.127680889377202,0.51,0.2
