"","simul_idx","up_dw","low_dw","up_dw_x1_to_xn","low_dw_x1_to_xn","up_dw_x1_to_xn_tails","low_dw_x1_to_xn_tails","up_t_test","low_t_test","up_anderson","low_anderson","up_cheby","low_cheby","up_emp_bern","low_emp_bern","up_hoeffding","low_hoeffding","up_PI_emp_bern","low_PI_emp_bern","up_PI_hedged","low_PI_hedged"
"1",228,0.585392000753896,0.319610950088693,0.585381028351658,0.319621172862664,0.639983523540262,0.319621172862664,0.53291009308276,0.367446631974656,0.572492650147832,0.317875163132213,0.681576916348827,0.136929197339733,0.672460949656696,0.227895775400719,0.572565704062748,0.327791020994667,0.604856673986348,0.291030216769992,0.56,0.33
