"","simul_idx","up_dw","low_dw","up_dw_x1_to_xn","low_dw_x1_to_xn","up_dw_x1_to_xn_tails","low_dw_x1_to_xn_tails","up_t_test","low_t_test","up_anderson","low_anderson","up_cheby","low_cheby","up_emp_bern","low_emp_bern","up_hoeffding","low_hoeffding","up_PI_emp_bern","low_PI_emp_bern","up_PI_hedged","low_PI_hedged"
"1",284,0.593319154114674,0.422288526138372,0.593317815767331,0.422292134141858,0.61810235675824,0.422292134141858,0.560059762594705,0.45585751313924,0.585332879393338,0.426589102307031,0.658478538745449,0.318364995614114,0.628242721309561,0.387674554424384,0.585363189071071,0.430554086662873,0.59575265039467,0.416650135343177,0.58,0.44
