"","simul_idx","up_dw","low_dw","up_dw_x1_to_xn","low_dw_x1_to_xn","up_dw_x1_to_xn_tails","low_dw_x1_to_xn_tails","up_t_test","low_t_test","up_anderson","low_anderson","up_cheby","low_cheby","up_emp_bern","low_emp_bern","up_hoeffding","low_hoeffding","up_PI_emp_bern","low_PI_emp_bern","up_PI_hedged","low_PI_hedged"
"1",357,0.649077380688666,0.278979127431418,0.649063330739053,0.279012312664385,0.745414723774864,0.279012312664385,0.579262862307715,0.341407533727634,0.633318004567308,0.267429137704978,0.75406499840558,0.0131603316238778,0.828672459905795,0.0919979361295539,0.633417036277903,0.287253359757446,0.683851787122272,0.247493398477003,0.63,0.3
