"","simul_idx","up_dw","low_dw","up_dw_x1_to_xn","low_dw_x1_to_xn","up_dw_x1_to_xn_tails","low_dw_x1_to_xn_tails","up_t_test","low_t_test","up_anderson","low_anderson","up_cheby","low_cheby","up_emp_bern","low_emp_bern","up_hoeffding","low_hoeffding","up_PI_emp_bern","low_PI_emp_bern","up_PI_hedged","low_PI_hedged"
"1",126,0.62383734198189,0.356997114232691,0.623827488296699,0.357008188399711,0.678431240634599,0.357008188399711,0.573014042563106,0.406854055879214,0.612255618112037,0.357632354388917,0.711986894686864,0.178802285715246,0.712786352970923,0.267081745471398,0.612321390755201,0.367546707687119,0.646045094629053,0.328966476902336,0.61,0.38
