"","simul_idx","up_dw","low_dw","up_dw_x1_to_xn","low_dw_x1_to_xn","up_dw_x1_to_xn_tails","low_dw_x1_to_xn_tails","up_t_test","low_t_test","up_anderson","low_anderson","up_cheby","low_cheby","up_emp_bern","low_emp_bern","up_hoeffding","low_hoeffding","up_PI_emp_bern","low_PI_emp_bern","up_PI_hedged","low_PI_hedged"
"1",283,0.604868371826216,0.338418083609802,0.604853030519212,0.338422920918647,0.659447573641832,0.338422920918647,0.553174738624897,0.387304458439734,0.59252312535989,0.337924749373987,0.696998010395091,0.157983077845482,0.692854939543738,0.247624257520892,0.592626940066356,0.347852256998274,0.625563544338667,0.310274060264228,0.58,0.35
