"","simul_idx","up_dw","low_dw","up_dw_x1_to_xn","low_dw_x1_to_xn","up_dw_x1_to_xn_tails","low_dw_x1_to_xn_tails","up_t_test","low_t_test","up_anderson","low_anderson","up_cheby","low_cheby","up_emp_bern","low_emp_bern","up_hoeffding","low_hoeffding","up_PI_emp_bern","low_PI_emp_bern","up_PI_hedged","low_PI_hedged"
"1",130,0.616711301129492,0.445973176113945,0.616710637405223,0.445976108906182,0.641494178671995,0.445976108906182,0.583952417941841,0.479943873262552,0.609310256748341,0.450579240562444,0.678810790389815,0.344166412691332,0.652072888424964,0.411823402779429,0.609352696806295,0.454543594398097,0.618799965022393,0.439258213957166,0.6,0.46
