"","simul_idx","up_dw","low_dw","up_dw_x1_to_xn","low_dw_x1_to_xn","up_dw_x1_to_xn_tails","low_dw_x1_to_xn_tails","up_t_test","low_t_test","up_anderson","low_anderson","up_cheby","low_cheby","up_emp_bern","low_emp_bern","up_hoeffding","low_hoeffding","up_PI_emp_bern","low_PI_emp_bern","up_PI_hedged","low_PI_hedged"
"1",226,0.530374753761951,0.360252013115822,0.530370414470638,0.36025727819971,0.555157375873445,0.36025727819971,0.496066972223466,0.392506442697617,0.521658643831005,0.362919361698444,0.603725206569465,0.25067230777773,0.564042915166893,0.324530499754191,0.521691258664641,0.366882156256443,0.536049949548389,0.358698371548453,0.52,0.37
