"","simul_idx","up_dw","low_dw","up_dw_x1_to_xn","low_dw_x1_to_xn","up_dw_x1_to_xn_tails","low_dw_x1_to_xn_tails","up_t_test","low_t_test","up_anderson","low_anderson","up_cheby","low_cheby","up_emp_bern","low_emp_bern","up_hoeffding","low_hoeffding","up_PI_emp_bern","low_PI_emp_bern","up_PI_hedged","low_PI_hedged"
"1",197,0.58544932908622,0.414399257192605,0.585446915432932,0.414401211111305,0.610229043508082,0.414401211111305,0.552031006342186,0.44781544179758,0.577295083275303,0.41855164113887,0.651630528375178,0.309760287143828,0.620218260440937,0.37962818769883,0.577327775273982,0.422518672865784,0.588211786770627,0.409312542632811,0.57,0.43
