"","simul_idx","up_dw","low_dw","up_dw_x1_to_xn","low_dw_x1_to_xn","up_dw_x1_to_xn_tails","low_dw_x1_to_xn_tails","up_t_test","low_t_test","up_anderson","low_anderson","up_cheby","low_cheby","up_emp_bern","low_emp_bern","up_hoeffding","low_hoeffding","up_PI_emp_bern","low_PI_emp_bern","up_PI_hedged","low_PI_hedged"
"1",394,0.594995524439556,0.32887674128644,0.594986228838561,0.328892980129873,0.649597607230416,0.328892980129873,0.542870232493325,0.377246648196318,0.582374480579917,0.327781899821888,0.689190742758844,0.147279148777194,0.682471998747118,0.237644881942524,0.582445781878862,0.33767109881078,0.620504349852656,0.304951524993013,0.58,0.35
