"","simul_idx","up_dw","low_dw","up_dw_x1_to_xn","low_dw_x1_to_xn","up_dw_x1_to_xn_tails","low_dw_x1_to_xn_tails","up_t_test","low_t_test","up_anderson","low_anderson","up_cheby","low_cheby","up_emp_bern","low_emp_bern","up_hoeffding","low_hoeffding","up_PI_emp_bern","low_PI_emp_bern","up_PI_hedged","low_PI_hedged"
"1",20,0.566647407154692,0.44530275065687,0.566646272945886,0.445304202331336,0.57992561439533,0.445304202331336,0.5427703369084,0.469297765566556,0.560747014563671,0.449321643072149,0.617294753006814,0.374928876870594,0.583834582351858,0.428233520123098,0.560767334288598,0.451300768186358,0.563862052489338,0.444399092875518,0.56,0.46
