"","simul_idx","up_dw","low_dw","up_dw_x1_to_xn","low_dw_x1_to_xn","up_dw_x1_to_xn_tails","low_dw_x1_to_xn_tails","up_t_test","low_t_test","up_anderson","low_anderson","up_cheby","low_cheby","up_emp_bern","low_emp_bern","up_hoeffding","low_hoeffding","up_PI_emp_bern","low_PI_emp_bern","up_PI_hedged","low_PI_hedged"
"1",154,0.671150573425874,0.404948438041057,0.671144194593953,0.40496499046892,0.725756036018066,0.40496499046892,0.622800031725229,0.457050479920531,0.66223509273894,0.407600447505075,0.749330190312537,0.23235209300179,0.762441848177452,0.317408663468307,0.662312597356921,0.417537914288839,0.699819379669757,0.384575603911814,0.65,0.42
