"","simul_idx","up_dw","low_dw","up_dw_x1_to_xn","low_dw_x1_to_xn","up_dw_x1_to_xn_tails","low_dw_x1_to_xn_tails","up_t_test","low_t_test","up_anderson","low_anderson","up_cheby","low_cheby","up_emp_bern","low_emp_bern","up_hoeffding","low_hoeffding","up_PI_emp_bern","low_PI_emp_bern","up_PI_hedged","low_PI_hedged"
"1",300,0.853967239917711,0.301571739596962,0.853860853671542,0.301897193941751,1.05132515718603,0.301897193941751,0.793200020311897,0.406563560151789,0.872867796899928,0.276590137325873,0.90327479964657,-0.103432412670779,1.35657542934149,-0.156811848877802,0.873548205487442,0.326215374976244,1.00134311320821,0.217787288527436,0.82,0.33
