"","simul_idx","up_dw","low_dw","up_dw_x1_to_xn","low_dw_x1_to_xn","up_dw_x1_to_xn_tails","low_dw_x1_to_xn_tails","up_t_test","low_t_test","up_anderson","low_anderson","up_cheby","low_cheby","up_emp_bern","low_emp_bern","up_hoeffding","low_hoeffding","up_PI_emp_bern","low_PI_emp_bern","up_PI_hedged","low_PI_hedged"
"1",232,0.623603417166271,0.356750469905439,0.623599350397194,0.356754784720312,0.678193122016063,0.356754784720312,0.572760703620322,0.406607058277703,0.611995211506136,0.357377032715961,0.711797452490309,0.178536876507896,0.712530997857612,0.266836764040413,0.612071222483053,0.367296539414972,0.650066629555878,0.334373146412411,0.61,0.38
