"","simul_idx","up_dw","low_dw","up_dw_x1_to_xn","low_dw_x1_to_xn","up_dw_x1_to_xn_tails","low_dw_x1_to_xn_tails","up_t_test","low_t_test","up_anderson","low_anderson","up_cheby","low_cheby","up_emp_bern","low_emp_bern","up_hoeffding","low_hoeffding","up_PI_emp_bern","low_PI_emp_bern","up_PI_hedged","low_PI_hedged"
"1",309,0.581797101864377,0.410741985276911,0.581795646057133,0.410746352905956,0.606581295244924,0.410746352905956,0.548296287689199,0.44409362831215,0.573569799058579,0.414821673427522,0.648446930508614,0.305774142569607,0.616479378642793,0.375910537358556,0.573599509204774,0.418790406796576,0.584525389377216,0.40577094341392,0.57,0.43
