"","simul_idx","up_dw","low_dw","up_dw_x1_to_xn","low_dw_x1_to_xn","up_dw_x1_to_xn_tails","low_dw_x1_to_xn_tails","up_t_test","low_t_test","up_anderson","low_anderson","up_cheby","low_cheby","up_emp_bern","low_emp_bern","up_hoeffding","low_hoeffding","up_PI_emp_bern","low_PI_emp_bern","up_PI_hedged","low_PI_hedged"
"1",99,0.531965350283841,0.177557807667368,0.531916971408835,0.177562060760931,0.628225242550864,0.177562060760931,0.453759598408211,0.227716196189568,0.513701021465057,0.147877685032167,0.671944826582848,-0.104048331084699,0.699506827461484,-0.0180310328637039,0.513819735559118,0.167656059038661,0.556549950096431,0.137932400279358,0.51,0.2
