"","simul_idx","up_dw","low_dw","up_dw_x1_to_xn","low_dw_x1_to_xn","up_dw_x1_to_xn_tails","low_dw_x1_to_xn_tails","up_t_test","low_t_test","up_anderson","low_anderson","up_cheby","low_cheby","up_emp_bern","low_emp_bern","up_hoeffding","low_hoeffding","up_PI_emp_bern","low_PI_emp_bern","up_PI_hedged","low_PI_hedged"
"1",315,0.572470263649336,0.451146800494818,0.572468853075481,0.45114754605818,0.58574724490117,0.45114754605818,0.548652389315458,0.475194937749131,0.566638949102261,0.455213312968563,0.622592419646942,0.381179469632066,0.58971173392196,0.434135593142628,0.566656946583414,0.457190380481174,0.573602898122152,0.454015882594862,0.56,0.46
