"","simul_idx","up_dw","low_dw","up_dw_x1_to_xn","low_dw_x1_to_xn","up_dw_x1_to_xn_tails","low_dw_x1_to_xn_tails","up_t_test","low_t_test","up_anderson","low_anderson","up_cheby","low_cheby","up_emp_bern","low_emp_bern","up_hoeffding","low_hoeffding","up_PI_emp_bern","low_PI_emp_bern","up_PI_hedged","low_PI_hedged"
"1",456,0.562576716782656,0.441243820487134,0.56257609102304,0.441245508972739,0.575855814670499,0.441245508972739,0.538655659992038,0.465202912600066,0.556636964897714,0.445218961427876,0.613598194720529,0.370576876448201,0.579713479814559,0.424145092777546,0.556662569347172,0.447196003244932,0.564217444567432,0.444429455594411,0.55,0.45
