"","simul_idx","up_dw","low_dw","up_dw_x1_to_xn","low_dw_x1_to_xn","up_dw_x1_to_xn_tails","low_dw_x1_to_xn_tails","up_t_test","low_t_test","up_anderson","low_anderson","up_cheby","low_cheby","up_emp_bern","low_emp_bern","up_hoeffding","low_hoeffding","up_PI_emp_bern","low_PI_emp_bern","up_PI_hedged","low_PI_hedged"
"1",308,0.538928182178023,0.41768217831071,0.538927710826188,0.417684056898223,0.552207664405399,0.417684056898223,0.514797950564721,0.441394557051407,0.532809979298053,0.421388440526948,0.592066214550994,0.345377420366778,0.55583977310526,0.400352734510868,0.532829536859184,0.423362970756944,0.540397202765877,0.420964150152534,0.53,0.43
