"","simul_idx","up_dw","low_dw","up_dw_x1_to_xn","low_dw_x1_to_xn","up_dw_x1_to_xn_tails","low_dw_x1_to_xn_tails","up_t_test","low_t_test","up_anderson","low_anderson","up_cheby","low_cheby","up_emp_bern","low_emp_bern","up_hoeffding","low_hoeffding","up_PI_emp_bern","low_PI_emp_bern","up_PI_hedged","low_PI_hedged"
"1",293,0.707982335534601,0.444053763691596,0.707972579649708,0.444088274588869,0.762610938176871,0.444088274588869,0.661696842357032,0.497612524392383,0.701934666168588,0.447345920849968,0.778236603313011,0.275681002822821,0.80080921318514,0.358500153564275,0.702042024908749,0.457267341840667,0.737730317614401,0.425714903780641,0.69,0.46
