"","simul_idx","up_dw","low_dw","up_dw_x1_to_xn","low_dw_x1_to_xn","up_dw_x1_to_xn_tails","low_dw_x1_to_xn_tails","up_t_test","low_t_test","up_anderson","low_anderson","up_cheby","low_cheby","up_emp_bern","low_emp_bern","up_hoeffding","low_hoeffding","up_PI_emp_bern","low_PI_emp_bern","up_PI_hedged","low_PI_hedged"
"1",23,0.591820245578263,0.227146935243304,0.591798228605639,0.227162412683581,0.688123229070031,0.227162412683581,0.517294353443471,0.283672475551205,0.573425741363765,0.207585639164871,0.713723940742339,-0.0462515832467756,0.765391340705131,0.0355754882895449,0.573565252757567,0.22740157623711,0.621715016985089,0.191076203033883,0.57,0.25
