"","simul_idx","up_dw","low_dw","up_dw_x1_to_xn","low_dw_x1_to_xn","up_dw_x1_to_xn_tails","low_dw_x1_to_xn_tails","up_t_test","low_t_test","up_anderson","low_anderson","up_cheby","low_cheby","up_emp_bern","low_emp_bern","up_hoeffding","low_hoeffding","up_PI_emp_bern","low_PI_emp_bern","up_PI_hedged","low_PI_hedged"
"1",332,0.780997006161787,0.219004419811792,0.780829354534418,0.219029531497191,0.977836237348469,0.219029531497191,0.697485272874438,0.30254080213623,0.773345470435406,0.176798791645269,0.860385553107827,-0.193701503100715,1.26323198322169,-0.263205908211026,0.773679452760932,0.226346622249735,0.88297520254116,0.0927205437486984,0.76,0.26
