"","simul_idx","up_dw","low_dw","up_dw_x1_to_xn","low_dw_x1_to_xn","up_dw_x1_to_xn_tails","low_dw_x1_to_xn_tails","up_t_test","low_t_test","up_anderson","low_anderson","up_cheby","low_cheby","up_emp_bern","low_emp_bern","up_hoeffding","low_hoeffding","up_PI_emp_bern","low_PI_emp_bern","up_PI_hedged","low_PI_hedged"
"1",331,0.56199307552587,0.391115109357725,0.561989579446796,0.391122909799391,0.586780248202553,0.391122909799391,0.528147901478091,0.42404547766541,0.55346374364486,0.394729444424615,0.631217812912451,0.2843527439563,0.596298656919377,0.355894722224124,0.55350124077585,0.398692138367652,0.580379684778703,0.399500434503328,0.56,0.42
