"","simul_idx","up_dw","low_dw","up_dw_x1_to_xn","low_dw_x1_to_xn","up_dw_x1_to_xn_tails","low_dw_x1_to_xn_tails","up_t_test","low_t_test","up_anderson","low_anderson","up_cheby","low_cheby","up_emp_bern","low_emp_bern","up_hoeffding","low_hoeffding","up_PI_emp_bern","low_PI_emp_bern","up_PI_hedged","low_PI_hedged"
"1",177,0.604943417599932,0.434020318748093,0.604940223369802,0.434025166235541,0.629726553587999,0.434025166235541,0.57193044682836,0.467796572465579,0.597229708915909,0.438499065175176,0.668589793535257,0.331147725016608,0.640091348066263,0.399635671227677,0.597268060851069,0.442458958442871,0.612451475534225,0.432869029704604,0.59,0.45
