"","simul_idx","up_dw","low_dw","up_dw_x1_to_xn","low_dw_x1_to_xn","up_dw_x1_to_xn_tails","low_dw_x1_to_xn_tails","up_t_test","low_t_test","up_anderson","low_anderson","up_cheby","low_cheby","up_emp_bern","low_emp_bern","up_hoeffding","low_hoeffding","up_PI_emp_bern","low_PI_emp_bern","up_PI_hedged","low_PI_hedged"
"1",369,0.601893740242489,0.480919733802945,0.601892077410159,0.480920988386517,0.615171171307875,0.480920988386517,0.578397696503923,0.505185119360368,0.596500964557613,0.485080113581962,0.649341873427524,0.412994220557075,0.619377668925351,0.46420514693894,0.596524690983265,0.487058124881026,0.598925302255245,0.479870742958344,0.59,0.49
