"","simul_idx","up_dw","low_dw","up_dw_x1_to_xn","low_dw_x1_to_xn","up_dw_x1_to_xn_tails","low_dw_x1_to_xn_tails","up_t_test","low_t_test","up_anderson","low_anderson","up_cheby","low_cheby","up_emp_bern","low_emp_bern","up_hoeffding","low_hoeffding","up_PI_emp_bern","low_PI_emp_bern","up_PI_hedged","low_PI_hedged"
"1",341,0.773136826128905,0.408407652715106,0.773131876833202,0.408429058665736,0.869465713443107,0.408429058665736,0.716693293328384,0.482909383087877,0.772712560913013,0.406832389734912,0.841447931091776,0.158220965921775,0.964840519827684,0.234762156588577,0.772883176468359,0.426719499947902,0.808669183210361,0.37907400476732,0.75,0.43
