"","simul_idx","up_dw","low_dw","up_dw_x1_to_xn","low_dw_x1_to_xn","up_dw_x1_to_xn_tails","low_dw_x1_to_xn_tails","up_t_test","low_t_test","up_anderson","low_anderson","up_cheby","low_cheby","up_emp_bern","low_emp_bern","up_hoeffding","low_hoeffding","up_PI_emp_bern","low_PI_emp_bern","up_PI_hedged","low_PI_hedged"
"1",120,0.569910741963506,0.398941840789678,0.569909308631319,0.398944662909787,0.59469268887934,0.398944662909787,0.536197889137615,0.43204208019911,0.561486708434955,0.402748771037889,0.638109165229817,0.292890805286265,0.604365866364442,0.363874102972284,0.561524535872462,0.406715433464264,0.575864116884891,0.397018580561475,0.56,0.41
