"","simul_idx","up_dw","low_dw","up_dw_x1_to_xn","low_dw_x1_to_xn","up_dw_x1_to_xn_tails","low_dw_x1_to_xn_tails","up_t_test","low_t_test","up_anderson","low_anderson","up_cheby","low_cheby","up_emp_bern","low_emp_bern","up_hoeffding","low_hoeffding","up_PI_emp_bern","low_PI_emp_bern","up_PI_hedged","low_PI_hedged"
"1",135,0.738208296622052,0.369474466008947,0.738156256145483,0.369491028294079,0.834482873516386,0.369491028294079,0.677667066321073,0.440934498624096,0.732275401218547,0.36645020280341,0.817110779782154,0.115057191005487,0.926728544229291,0.191873020715878,0.732382620732813,0.386218944212356,0.771620289181633,0.335914816348225,0.72,0.39
