"","simul_idx","up_dw","low_dw","up_dw_x1_to_xn","low_dw_x1_to_xn","up_dw_x1_to_xn_tails","low_dw_x1_to_xn_tails","up_t_test","low_t_test","up_anderson","low_anderson","up_cheby","low_cheby","up_emp_bern","low_emp_bern","up_hoeffding","low_hoeffding","up_PI_emp_bern","low_PI_emp_bern","up_PI_hedged","low_PI_hedged"
"1",419,0.781167888473684,0.218950587941791,0.781067086816522,0.219067280849928,0.978213447476101,0.219067280849928,0.697776148309517,0.302371298279303,0.773451403649546,0.17669460065097,0.860413215280843,-0.193648250888296,1.26365426171789,-0.26350681512907,0.773740138550009,0.226407308038812,0.884365975688347,0.0914536819247828,0.75,0.25
