"","simul_idx","up_dw","low_dw","up_dw_x1_to_xn","low_dw_x1_to_xn","up_dw_x1_to_xn_tails","low_dw_x1_to_xn_tails","up_t_test","low_t_test","up_anderson","low_anderson","up_cheby","low_cheby","up_emp_bern","low_emp_bern","up_hoeffding","low_hoeffding","up_PI_emp_bern","low_PI_emp_bern","up_PI_hedged","low_PI_hedged"
"1",419,0.703637873405052,0.332920377139717,0.703574952959093,0.332952465080694,0.799924710536565,0.332952465080694,0.639370033019683,0.40097950866297,0.693058696159488,0.327285135797327,0.792764185794272,0.0741937656079389,0.888945571728271,0.151403969954382,0.693256609101555,0.347092932581098,0.73314262325431,0.296952871535624,0.68,0.35
