"","simul_idx","up_dw","low_dw","up_dw_x1_to_xn","low_dw_x1_to_xn","up_dw_x1_to_xn_tails","low_dw_x1_to_xn_tails","up_t_test","low_t_test","up_anderson","low_anderson","up_cheby","low_cheby","up_emp_bern","low_emp_bern","up_hoeffding","low_hoeffding","up_PI_emp_bern","low_PI_emp_bern","up_PI_hedged","low_PI_hedged"
"1",236,0.593404054064263,0.422388271898172,0.593399350160615,0.422389687938834,0.618180690872576,0.422389687938834,0.560145829223179,0.455961927826156,0.585419082377071,0.426686224646317,0.658559594156293,0.31846709531422,0.628322868942384,0.38778488810695,0.585458429728766,0.430649327320568,0.596409083391651,0.417266869457259,0.58,0.44
