"","simul_idx","up_dw","low_dw","up_dw_x1_to_xn","low_dw_x1_to_xn","up_dw_x1_to_xn_tails","low_dw_x1_to_xn_tails","up_t_test","low_t_test","up_anderson","low_anderson","up_cheby","low_cheby","up_emp_bern","low_emp_bern","up_hoeffding","low_hoeffding","up_PI_emp_bern","low_PI_emp_bern","up_PI_hedged","low_PI_hedged"
"1",200,0.575639981598989,0.310451383528135,0.575625142220818,0.310468194319545,0.630237365139181,0.310468194319545,0.522760790809042,0.357802660283151,0.562569744322603,0.307988240751512,0.673913920926301,0.12659830733933,0.662150982220495,0.218412468871699,0.562669067080138,0.317894384012056,0.594780399007554,0.281422409537611,0.56,0.33
