"","simul_idx","up_dw","low_dw","up_dw_x1_to_xn","low_dw_x1_to_xn","up_dw_x1_to_xn_tails","low_dw_x1_to_xn_tails","up_t_test","low_t_test","up_anderson","low_anderson","up_cheby","low_cheby","up_emp_bern","low_emp_bern","up_hoeffding","low_hoeffding","up_PI_emp_bern","low_PI_emp_bern","up_PI_hedged","low_PI_hedged"
"1",483,0.526341505080148,0.356369854160487,0.526336561607383,0.356373390455178,0.55112099877222,0.356373390455178,0.491985376719834,0.388535511519452,0.517631360160055,0.358894828898033,0.600226464435384,0.246428235794699,0.559925619882642,0.320595268356644,0.517664995323742,0.362855892915544,0.53851563318955,0.360039671593653,0.52,0.38
