"","simul_idx","up_dw","low_dw","up_dw_x1_to_xn","low_dw_x1_to_xn","up_dw_x1_to_xn_tails","low_dw_x1_to_xn_tails","up_t_test","low_t_test","up_anderson","low_anderson","up_cheby","low_cheby","up_emp_bern","low_emp_bern","up_hoeffding","low_hoeffding","up_PI_emp_bern","low_PI_emp_bern","up_PI_hedged","low_PI_hedged"
"1",307,0.554812401250596,0.433474715182757,0.554811188539408,0.433476093829376,0.56809046249775,0.433476093829376,0.530814589567015,0.457357076257681,0.5487964160236,0.437371392975353,0.606524928522446,0.362270822286079,0.57187395418654,0.416297711638156,0.548819115963468,0.439352549861228,0.551562194377888,0.432132041327426,0.54,0.44
