"","simul_idx","up_dw","low_dw","up_dw_x1_to_xn","low_dw_x1_to_xn","up_dw_x1_to_xn_tails","low_dw_x1_to_xn_tails","up_t_test","low_t_test","up_anderson","low_anderson","up_cheby","low_cheby","up_emp_bern","low_emp_bern","up_hoeffding","low_hoeffding","up_PI_emp_bern","low_PI_emp_bern","up_PI_hedged","low_PI_hedged"
"1",238,0.661479385516349,0.394994385642561,0.661475018407508,0.395003661235737,0.716076115008615,0.395003661235737,0.612591108600979,0.446687071069365,0.651951639737818,0.39733884576113,0.741731932711925,0.221248230624751,0.752282042354412,0.306996137315932,0.652026431369213,0.407251748301131,0.685111039404203,0.368921115554183,0.64,0.41
