"","simul_idx","up_dw","low_dw","up_dw_x1_to_xn","low_dw_x1_to_xn","up_dw_x1_to_xn_tails","low_dw_x1_to_xn_tails","up_t_test","low_t_test","up_anderson","low_anderson","up_cheby","low_cheby","up_emp_bern","low_emp_bern","up_hoeffding","low_hoeffding","up_PI_emp_bern","low_PI_emp_bern","up_PI_hedged","low_PI_hedged"
"1",60,0.78116522296911,0.219232575003228,0.781100005343353,0.219421110348724,0.978355781755207,0.219421110348724,0.697809337720641,0.302677982352465,0.773491942240233,0.176998461281136,0.860490666985342,-0.193499120269938,1.26360938932994,-0.263122069256833,0.773910075292152,0.226577244780954,0.884415911511423,0.0918532577488522,0.75,0.25
