"","simul_idx","up_dw","low_dw","up_dw_x1_to_xn","low_dw_x1_to_xn","up_dw_x1_to_xn_tails","low_dw_x1_to_xn_tails","up_t_test","low_t_test","up_anderson","low_anderson","up_cheby","low_cheby","up_emp_bern","low_emp_bern","up_hoeffding","low_hoeffding","up_PI_emp_bern","low_PI_emp_bern","up_PI_hedged","low_PI_hedged"
"1",347,0.917564687160138,0.394121419300327,0.917532481540092,0.394161938343858,1.11456282970057,0.394161938343858,0.880346812266842,0.517910205868595,0.972500980963754,0.375683760350365,0.940127238589449,-0.00795589316582479,1.43681501474279,-0.0385579966073535,0.972794924323317,0.42546209381212,1.0622918497571,0.301871373456655,0.91,0.44
