"","simul_idx","up_dw","low_dw","up_dw_x1_to_xn","low_dw_x1_to_xn","up_dw_x1_to_xn_tails","low_dw_x1_to_xn_tails","up_t_test","low_t_test","up_anderson","low_anderson","up_cheby","low_cheby","up_emp_bern","low_emp_bern","up_hoeffding","low_hoeffding","up_PI_emp_bern","low_PI_emp_bern","up_PI_hedged","low_PI_hedged"
"1",95,0.602059030048663,0.481080893920234,0.602058347450726,0.481083335603025,0.615339164261382,0.481083335603025,0.578566872565547,0.505346240336817,0.596661133695466,0.485239388449866,0.649489225526657,0.413170689083504,0.619549455915891,0.464363656986473,0.596689839502302,0.487223273400062,0.603181670608599,0.484043942216806,0.59,0.49
