"","simul_idx","up_dw","low_dw","up_dw_x1_to_xn","low_dw_x1_to_xn","up_dw_x1_to_xn_tails","low_dw_x1_to_xn_tails","up_t_test","low_t_test","up_anderson","low_anderson","up_cheby","low_cheby","up_emp_bern","low_emp_bern","up_hoeffding","low_hoeffding","up_PI_emp_bern","low_PI_emp_bern","up_PI_hedged","low_PI_hedged"
"1",264,0.838641776332443,0.488911086973174,0.83863014403473,0.488938109898446,0.93497235246189,0.488938109898446,0.790709844231483,0.568172184438798,0.852349548399961,0.486497116713336,0.886435114569239,0.245966575989329,1.03537009387139,0.323511934798887,0.852522852595369,0.506359176074912,0.888096929281745,0.477111800085942,0.82,0.51
