"","simul_idx","up_dw","low_dw","up_dw_x1_to_xn","low_dw_x1_to_xn","up_dw_x1_to_xn_tails","low_dw_x1_to_xn_tails","up_t_test","low_t_test","up_anderson","low_anderson","up_cheby","low_cheby","up_emp_bern","low_emp_bern","up_hoeffding","low_hoeffding","up_PI_emp_bern","low_PI_emp_bern","up_PI_hedged","low_PI_hedged"
"1",429,0.581628818413779,0.410587941002735,0.58162790059572,0.410591626528164,0.606412547991613,0.410591626528164,0.548136404805565,0.443925277617018,0.573397276135701,0.414660719968555,0.648306699269298,0.305598764598571,0.616322227434534,0.375739454988049,0.573435392415391,0.418626290007193,0.584027547839653,0.405031135242749,0.57,0.43
