"","simul_idx","up_dw","low_dw","up_dw_x1_to_xn","low_dw_x1_to_xn","up_dw_x1_to_xn_tails","low_dw_x1_to_xn_tails","up_t_test","low_t_test","up_anderson","low_anderson","up_cheby","low_cheby","up_emp_bern","low_emp_bern","up_hoeffding","low_hoeffding","up_PI_emp_bern","low_PI_emp_bern","up_PI_hedged","low_PI_hedged"
"1",187,0.854056989298551,0.301451752007427,0.853995720066789,0.301622263074069,1.05122404557215,0.301622263074069,0.793251668917976,0.406480679020421,0.87297244338257,0.276563541981848,0.903268524510715,-0.103446959218451,1.35666547589382,-0.156933127955427,0.873532589224797,0.3261997587136,1.00053537175953,0.218658319960774,0.82,0.33
