"","simul_idx","up_dw","low_dw","up_dw_x1_to_xn","low_dw_x1_to_xn","up_dw_x1_to_xn_tails","low_dw_x1_to_xn_tails","up_t_test","low_t_test","up_anderson","low_anderson","up_cheby","low_cheby","up_emp_bern","low_emp_bern","up_hoeffding","low_hoeffding","up_PI_emp_bern","low_PI_emp_bern","up_PI_hedged","low_PI_hedged"
"1",417,0.564509528892769,0.443159435759708,0.564508866920009,0.443160205461742,0.577787257078169,0.443160205461742,0.540611969243374,0.46713294866546,0.558584433836011,0.447161907511006,0.615348567633489,0.372636646002623,0.581678305105068,0.426066612803766,0.558605742005537,0.449139175903297,0.565472344277583,0.446022779555209,0.55,0.45
