"","simul_idx","up_dw","low_dw","up_dw_x1_to_xn","low_dw_x1_to_xn","up_dw_x1_to_xn_tails","low_dw_x1_to_xn_tails","up_t_test","low_t_test","up_anderson","low_anderson","up_cheby","low_cheby","up_emp_bern","low_emp_bern","up_hoeffding","low_hoeffding","up_PI_emp_bern","low_PI_emp_bern","up_PI_hedged","low_PI_hedged"
"1",216,0.558783384610953,0.437414252234425,0.558782995347752,0.437415203713314,0.572061649330275,0.437415203713314,0.534825464541391,0.461334617171611,0.552796766193976,0.441362286050794,0.610128528463836,0.366499002627343,0.575895633871286,0.420264447841717,0.552813323907621,0.443346757805381,0.55575707715024,0.436101809098917,0.55,0.45
