"","simul_idx","up_dw","low_dw","up_dw_x1_to_xn","low_dw_x1_to_xn","up_dw_x1_to_xn_tails","low_dw_x1_to_xn_tails","up_t_test","low_t_test","up_anderson","low_anderson","up_cheby","low_cheby","up_emp_bern","low_emp_bern","up_hoeffding","low_hoeffding","up_PI_emp_bern","low_PI_emp_bern","up_PI_hedged","low_PI_hedged"
"1",211,0.570517847931259,0.449191900367851,0.57051669694799,0.449193688192123,0.583796564772002,0.449193688192123,0.546686786880698,0.473216412323267,0.564662423897348,0.453240422177125,0.620819384939585,0.379085712319204,0.587750320271109,0.432152878932856,0.564684882653102,0.455218316550863,0.571812481551023,0.45227866553318,0.56,0.46
