"","simul_idx","up_dw","low_dw","up_dw_x1_to_xn","low_dw_x1_to_xn","up_dw_x1_to_xn_tails","low_dw_x1_to_xn_tails","up_t_test","low_t_test","up_anderson","low_anderson","up_cheby","low_cheby","up_emp_bern","low_emp_bern","up_hoeffding","low_hoeffding","up_PI_emp_bern","low_PI_emp_bern","up_PI_hedged","low_PI_hedged"
"1",488,0.708035924387819,0.444041900626061,0.708025486562394,0.444052640636908,0.762628745492227,0.444052640636908,0.661708932736365,0.49764379467871,0.702005104919974,0.447347969037094,0.778252179305912,0.275704845616883,0.800815205491286,0.358537521923788,0.702063705241578,0.457289022173496,0.737468465639304,0.426049728111581,0.69,0.46
