"","simul_idx","up_dw","low_dw","up_dw_x1_to_xn","low_dw_x1_to_xn","up_dw_x1_to_xn_tails","low_dw_x1_to_xn_tails","up_t_test","low_t_test","up_anderson","low_anderson","up_cheby","low_cheby","up_emp_bern","low_emp_bern","up_hoeffding","low_hoeffding","up_PI_emp_bern","low_PI_emp_bern","up_PI_hedged","low_PI_hedged"
"1",441,0.755895234822499,0.388957090467969,0.755875383703335,0.388969973364092,0.852196517130595,0.388969973364092,0.697317123114165,0.462092800943698,0.752586222279437,0.386755386767886,0.829486033957628,0.136688902757257,0.945910959182676,0.213498964875187,0.75278680028916,0.406623123768703,0.800660408701006,0.366925265559745,0.73,0.41
