"","simul_idx","up_dw","low_dw","up_dw_x1_to_xn","low_dw_x1_to_xn","up_dw_x1_to_xn_tails","low_dw_x1_to_xn_tails","up_t_test","low_t_test","up_anderson","low_anderson","up_cheby","low_cheby","up_emp_bern","low_emp_bern","up_hoeffding","low_hoeffding","up_PI_emp_bern","low_PI_emp_bern","up_PI_hedged","low_PI_hedged"
"1",144,0.720969104838204,0.350863887209618,0.72093997469938,0.350884044387803,0.81727195007697,0.350884044387803,0.658466700780676,0.420729356224962,0.712581793401959,0.346648412862477,0.804949332369302,0.0943807151353956,0.907839716625161,0.171356340380477,0.712679866763047,0.36651619024259,0.753195574490816,0.31534073451103,0.7,0.38
