"","simul_idx","up_dw","low_dw","up_dw_x1_to_xn","low_dw_x1_to_xn","up_dw_x1_to_xn_tails","low_dw_x1_to_xn_tails","up_t_test","low_t_test","up_anderson","low_anderson","up_cheby","low_cheby","up_emp_bern","low_emp_bern","up_hoeffding","low_hoeffding","up_PI_emp_bern","low_PI_emp_bern","up_PI_hedged","low_PI_hedged"
"1",329,0.601074883304767,0.430101269340454,0.601073981334422,0.430106593895258,0.62586103480332,0.430106593895258,0.567979301654022,0.463809048396115,0.593266113838096,0.434532211297001,0.665223103566279,0.326881079174237,0.636151938549008,0.395636411501129,0.593298726229167,0.43848962382097,0.602395849453502,0.424136655411999,0.59,0.44
