"","simul_idx","up_dw","low_dw","up_dw_x1_to_xn","low_dw_x1_to_xn","up_dw_x1_to_xn_tails","low_dw_x1_to_xn_tails","up_t_test","low_t_test","up_anderson","low_anderson","up_cheby","low_cheby","up_emp_bern","low_emp_bern","up_hoeffding","low_hoeffding","up_PI_emp_bern","low_PI_emp_bern","up_PI_hedged","low_PI_hedged"
"1",420,0.738934166055418,0.37010040860556,0.738929493718654,0.370131553963073,0.835277846423038,0.370131553963073,0.678434420273591,0.441657236366933,0.732995762613027,0.367073282429082,0.817566627392508,0.115843086474596,0.927509731742731,0.192581924897794,0.733127666580491,0.386963990060034,0.772558890345545,0.336481134180329,0.72,0.39
