"","simul_idx","up_dw","low_dw","up_dw_x1_to_xn","low_dw_x1_to_xn","up_dw_x1_to_xn_tails","low_dw_x1_to_xn_tails","up_t_test","low_t_test","up_anderson","low_anderson","up_cheby","low_cheby","up_emp_bern","low_emp_bern","up_hoeffding","low_hoeffding","up_PI_emp_bern","low_PI_emp_bern","up_PI_hedged","low_PI_hedged"
"1",390,0.605354766692558,0.0821949339544145,0.60526399152715,0.0822094129778874,0.802254680838501,0.0822094129778874,0.481443702236173,0.119329660748337,0.573918546497426,0.00101212271421268,0.759973557113994,-0.359457981790987,1.03781983711183,-0.437046474127324,0.574053096747854,0.0267202662366564,0.673201786251397,-0.0870599747920136,0.57,0.1
