"","simul_idx","up_dw","low_dw","up_dw_x1_to_xn","low_dw_x1_to_xn","up_dw_x1_to_xn_tails","low_dw_x1_to_xn_tails","up_t_test","low_t_test","up_anderson","low_anderson","up_cheby","low_cheby","up_emp_bern","low_emp_bern","up_hoeffding","low_hoeffding","up_PI_emp_bern","low_PI_emp_bern","up_PI_hedged","low_PI_hedged"
"1",50,0.616668416623144,0.445946363574506,0.616661500916704,0.445949117184097,0.641444775680284,0.445949117184097,0.583893187020252,0.479932216512213,0.609279520115838,0.450549588920709,0.678780876839868,0.344128165018272,0.651998310303909,0.411827093228556,0.609317252970331,0.454508150562134,0.624473785188795,0.445603869670287,0.6,0.46
