"","simul_idx","up_dw","low_dw","up_dw_x1_to_xn","low_dw_x1_to_xn","up_dw_x1_to_xn_tails","low_dw_x1_to_xn_tails","up_t_test","low_t_test","up_anderson","low_anderson","up_cheby","low_cheby","up_emp_bern","low_emp_bern","up_hoeffding","low_hoeffding","up_PI_emp_bern","low_PI_emp_bern","up_PI_hedged","low_PI_hedged"
"1",86,0.755581559503095,0.38861642402336,0.755523693237076,0.388657999975553,0.851887592216472,0.388657999975553,0.697050150055405,0.461631033612034,0.752286596126097,0.386444861948433,0.829267046951894,0.136300606104305,0.945704383420341,0.212976800247098,0.752422430093948,0.406258753573491,0.800360353268586,0.366573765380147,0.73,0.41
