"","simul_idx","up_dw","low_dw","up_dw_x1_to_xn","low_dw_x1_to_xn","up_dw_x1_to_xn_tails","low_dw_x1_to_xn_tails","up_t_test","low_t_test","up_anderson","low_anderson","up_cheby","low_cheby","up_emp_bern","low_emp_bern","up_hoeffding","low_hoeffding","up_PI_emp_bern","low_PI_emp_bern","up_PI_hedged","low_PI_hedged"
"1",74,0.555923217547521,0.291963791252678,0.555911230707824,0.291971161393996,0.610509513758281,0.291971161393996,0.502349884277513,0.338261085538684,0.542627136471041,0.288003828470723,0.658337390413207,0.10585440032879,0.641463679726131,0.199147290090066,0.542692826442139,0.297918143374057,0.579342996826149,0.267003306466297,0.54,0.31
