"","simul_idx","up_dw","low_dw","up_dw_x1_to_xn","low_dw_x1_to_xn","up_dw_x1_to_xn_tails","low_dw_x1_to_xn_tails","up_t_test","low_t_test","up_anderson","low_anderson","up_cheby","low_cheby","up_emp_bern","low_emp_bern","up_hoeffding","low_hoeffding","up_PI_emp_bern","low_PI_emp_bern","up_PI_hedged","low_PI_hedged"
"1",367,0.854345500368925,0.301239761717846,0.854295997960706,0.301300066736902,1.05135648008484,0.301300066736902,0.793780255725964,0.406070795437865,0.873344138508,0.276450149456326,0.903292373216967,-0.103391672441081,1.35746192418956,-0.157610873025732,0.873591940837513,0.326259110326316,1.00241535870059,0.216939260909488,0.83,0.33
