"","simul_idx","up_dw","low_dw","up_dw_x1_to_xn","low_dw_x1_to_xn","up_dw_x1_to_xn_tails","low_dw_x1_to_xn_tails","up_t_test","low_t_test","up_anderson","low_anderson","up_cheby","low_cheby","up_emp_bern","low_emp_bern","up_hoeffding","low_hoeffding","up_PI_emp_bern","low_PI_emp_bern","up_PI_hedged","low_PI_hedged"
"1",185,0.781045101902817,0.218908557468416,0.780962400432909,0.218974049939129,0.978030783025712,0.218974049939129,0.697571963570254,0.302371072496957,0.773360334765023,0.176707693478891,0.860366626370981,-0.193737935659507,1.26339186230271,-0.263448826235503,0.773637933289204,0.226305102778007,0.907062363527931,0.117251824281113,0.74,0.24
