"","simul_idx","up_dw","low_dw","up_dw_x1_to_xn","low_dw_x1_to_xn","up_dw_x1_to_xn_tails","low_dw_x1_to_xn_tails","up_t_test","low_t_test","up_anderson","low_anderson","up_cheby","low_cheby","up_emp_bern","low_emp_bern","up_hoeffding","low_hoeffding","up_PI_emp_bern","low_PI_emp_bern","up_PI_hedged","low_PI_hedged"
"1",40,0.605580581721974,0.0823995490820761,0.605472644293871,0.0824746116615816,0.80255560212509,0.0824746116615816,0.481751045908076,0.119566111070326,0.57416664754749,0.00116356146971373,0.760122379292941,-0.359244274640673,1.03814741541061,-0.436830258432203,0.5743249937448,0.0269921632336025,0.674450594268364,-0.08777740810547,0.57,0.1
