"","simul_idx","up_dw","low_dw","up_dw_x1_to_xn","low_dw_x1_to_xn","up_dw_x1_to_xn_tails","low_dw_x1_to_xn_tails","up_t_test","low_t_test","up_anderson","low_anderson","up_cheby","low_cheby","up_emp_bern","low_emp_bern","up_hoeffding","low_hoeffding","up_PI_emp_bern","low_PI_emp_bern","up_PI_hedged","low_PI_hedged"
"1",131,0.653509353524024,0.113019763943368,0.653261285934381,0.113068013346755,0.850303407402807,0.113068013346755,0.538784095772916,0.162205849436436,0.623888764806186,0.0276092005446036,0.786866768537523,-0.319540138397955,1.0992886543782,-0.398298709168845,0.624161387860275,0.0768285573490773,0.726730515230114,-0.0428259364977364,0.62,0.14
