"","simul_idx","up_dw","low_dw","up_dw_x1_to_xn","low_dw_x1_to_xn","up_dw_x1_to_xn_tails","low_dw_x1_to_xn_tails","up_t_test","low_t_test","up_anderson","low_anderson","up_cheby","low_cheby","up_emp_bern","low_emp_bern","up_hoeffding","low_hoeffding","up_PI_emp_bern","low_PI_emp_bern","up_PI_hedged","low_PI_hedged"
"1",291,0.60559680901823,0.0827606554455459,0.605543369601085,0.0829247505055388,0.802761923553311,0.0829247505055388,0.481701107789854,0.120072810346121,0.574201988439886,0.00157004143806786,0.760247358726656,-0.359064746636006,1.0379385999085,-0.436164681772528,0.574553374323586,0.027220543812389,0.698767297184625,-0.062903538479723,0.56,0.09
