"","simul_idx","up_dw","low_dw","up_dw_x1_to_xn","low_dw_x1_to_xn","up_dw_x1_to_xn_tails","low_dw_x1_to_xn_tails","up_t_test","low_t_test","up_anderson","low_anderson","up_cheby","low_cheby","up_emp_bern","low_emp_bern","up_hoeffding","low_hoeffding","up_PI_emp_bern","low_PI_emp_bern","up_PI_hedged","low_PI_hedged"
"1",485,0.670962854785201,0.404753219792147,0.670955803475538,0.404758537200476,0.725551055503086,0.404758537200476,0.622568680787572,0.456880093571453,0.662052000298654,0.407399852000327,0.749182248824035,0.232134818775078,0.762191114115412,0.317257660243613,0.662111728713553,0.417337045645472,0.699640224476442,0.384381759578704,0.65,0.42
