"","simul_idx","up_dw","low_dw","up_dw_x1_to_xn","low_dw_x1_to_xn","up_dw_x1_to_xn_tails","low_dw_x1_to_xn_tails","up_t_test","low_t_test","up_anderson","low_anderson","up_cheby","low_cheby","up_emp_bern","low_emp_bern","up_hoeffding","low_hoeffding","up_PI_emp_bern","low_PI_emp_bern","up_PI_hedged","low_PI_hedged"
"1",438,0.565892306946193,0.394986015015833,0.565890019776966,0.394990308603997,0.590675544972685,0.394990308603997,0.532108452825397,0.428003756437554,0.557420156795654,0.398691422118937,0.634620834881804,0.288563981717187,0.60025994138853,0.35985226787442,0.557460655835574,0.402651553427376,0.56741113306427,0.388968950456299,0.55,0.41
