"","simul_idx","up_dw","low_dw","up_dw_x1_to_xn","low_dw_x1_to_xn","up_dw_x1_to_xn_tails","low_dw_x1_to_xn_tails","up_t_test","low_t_test","up_anderson","low_anderson","up_cheby","low_cheby","up_emp_bern","low_emp_bern","up_hoeffding","low_hoeffding","up_PI_emp_bern","low_PI_emp_bern","up_PI_hedged","low_PI_hedged"
"1",79,0.560755463407436,0.439414055715644,0.560754783013347,0.439414128125579,0.574032115540736,0.439414128125579,0.536823904393713,0.463347768159953,0.554792768970823,0.443375228738101,0.611936916731284,0.368623546556623,0.577889305340705,0.42228236721296,0.554819119327952,0.445352553225713,0.562224294606998,0.442705881155793,0.55,0.45
