"","simul_idx","up_dw","low_dw","up_dw_x1_to_xn","low_dw_x1_to_xn","up_dw_x1_to_xn_tails","low_dw_x1_to_xn_tails","up_t_test","low_t_test","up_anderson","low_anderson","up_cheby","low_cheby","up_emp_bern","low_emp_bern","up_hoeffding","low_hoeffding","up_PI_emp_bern","low_PI_emp_bern","up_PI_hedged","low_PI_hedged"
"1",158,0.538900609149506,0.41764817504456,0.538899813348462,0.417649011159907,0.552178297974481,0.417649011159907,0.514772067472129,0.441359607842563,0.532779878329863,0.421351944340265,0.592038661067285,0.345345334339276,0.555816828651375,0.400314846663317,0.532799120708465,0.423332554606226,0.539057309904545,0.419340850259138,0.53,0.43
