"","simul_idx","up_dw","low_dw","up_dw_x1_to_xn","low_dw_x1_to_xn","up_dw_x1_to_xn_tails","low_dw_x1_to_xn_tails","up_t_test","low_t_test","up_anderson","low_anderson","up_cheby","low_cheby","up_emp_bern","low_emp_bern","up_hoeffding","low_hoeffding","up_PI_emp_bern","low_PI_emp_bern","up_PI_hedged","low_PI_hedged"
"1",438,0.648624495647482,0.278641118146698,0.648602130844568,0.27867973556722,0.744961620281805,0.27867973556722,0.578697496177314,0.341109865334075,0.632869563283405,0.267021477914783,0.753779832791491,0.0127263018013333,0.828024092261422,0.0917832692499669,0.632985519015923,0.286821842495466,0.674160679577698,0.236548659785585,0.63,0.3
