"","simul_idx","up_dw","low_dw","up_dw_x1_to_xn","low_dw_x1_to_xn","up_dw_x1_to_xn_tails","low_dw_x1_to_xn_tails","up_t_test","low_t_test","up_anderson","low_anderson","up_cheby","low_cheby","up_emp_bern","low_emp_bern","up_hoeffding","low_hoeffding","up_PI_emp_bern","low_PI_emp_bern","up_PI_hedged","low_PI_hedged"
"1",112,0.68964862303171,0.424458074948312,0.689637387042215,0.42446678332783,0.744237646107412,0.42446678332783,0.642301516077383,0.477346520921923,0.68211366758722,0.427536542957804,0.763897633881512,0.253964217936039,0.781690710626944,0.337957326372361,0.682211360033694,0.437436676965612,0.718581294792254,0.405431747596733,0.68,0.45
