"","simul_idx","up_dw","low_dw","up_dw_x1_to_xn","low_dw_x1_to_xn","up_dw_x1_to_xn_tails","low_dw_x1_to_xn_tails","up_t_test","low_t_test","up_anderson","low_anderson","up_cheby","low_cheby","up_emp_bern","low_emp_bern","up_hoeffding","low_hoeffding","up_PI_emp_bern","low_PI_emp_bern","up_PI_hedged","low_PI_hedged"
"1",477,0.550104796035732,0.379461062349642,0.550098753708156,0.3794654709311,0.574884474042904,0.3794654709311,0.516064938770488,0.412145276281825,0.541474769209138,0.382747094959983,0.620885379887448,0.271624442278238,0.584156736285219,0.344053478767095,0.541509658730256,0.386700556322058,0.555724270000312,0.377780874174751,0.54,0.39
