"","simul_idx","up_dw","low_dw","up_dw_x1_to_xn","low_dw_x1_to_xn","up_dw_x1_to_xn_tails","low_dw_x1_to_xn_tails","up_t_test","low_t_test","up_anderson","low_anderson","up_cheby","low_cheby","up_emp_bern","low_emp_bern","up_hoeffding","low_hoeffding","up_PI_emp_bern","low_PI_emp_bern","up_PI_hedged","low_PI_hedged"
"1",85,0.703630334574963,0.332741887108191,0.703609195782142,0.332782711790868,0.799971975032236,0.332782711790868,0.639321932552761,0.40081620832849,0.693012022876373,0.327105422247003,0.79269735399507,0.0740844300726388,0.888933189768085,0.151204951113166,0.693150908700854,0.346987232180397,0.743194598143448,0.306408119471999,0.68,0.35
