"","simul_idx","up_dw","low_dw","up_dw_x1_to_xn","low_dw_x1_to_xn","up_dw_x1_to_xn_tails","low_dw_x1_to_xn_tails","up_t_test","low_t_test","up_anderson","low_anderson","up_cheby","low_cheby","up_emp_bern","low_emp_bern","up_hoeffding","low_hoeffding","up_PI_emp_bern","low_PI_emp_bern","up_PI_hedged","low_PI_hedged"
"1",490,0.887529324872038,0.346618223387375,0.887492907222862,0.346650954839802,1.08451139491242,0.346650954839802,0.838411447560787,0.461494941707499,0.923116844913799,0.326418154432753,0.922646553968479,-0.0560422944562881,1.39901255337558,-0.0991061641072941,0.923619609889742,0.376286779378545,1.04607915322999,0.270632569172778,0.86,0.37
