"","simul_idx","up_dw","low_dw","up_dw_x1_to_xn","low_dw_x1_to_xn","up_dw_x1_to_xn_tails","low_dw_x1_to_xn_tails","up_t_test","low_t_test","up_anderson","low_anderson","up_cheby","low_cheby","up_emp_bern","low_emp_bern","up_hoeffding","low_hoeffding","up_PI_emp_bern","low_PI_emp_bern","up_PI_hedged","low_PI_hedged"
"1",442,0.562537151547919,0.441183226240307,0.562535795490847,0.441183816733374,0.575813925551583,0.441183816733374,0.538618144160684,0.465139559928993,0.556594593907855,0.445164171762896,0.613552753932588,0.370523426547487,0.579684338587626,0.42407336550205,0.556612135095958,0.447145568993719,0.563491146240975,0.444016546257154,0.55,0.45
