"","simul_idx","up_dw","low_dw","up_dw_x1_to_xn","low_dw_x1_to_xn","up_dw_x1_to_xn_tails","low_dw_x1_to_xn_tails","up_t_test","low_t_test","up_anderson","low_anderson","up_cheby","low_cheby","up_emp_bern","low_emp_bern","up_hoeffding","low_hoeffding","up_PI_emp_bern","low_PI_emp_bern","up_PI_hedged","low_PI_hedged"
"1",70,0.488977997436659,0.368721910694455,0.488976403574393,0.368722607351394,0.502254687717539,0.368722607351394,0.464572648321046,0.391870699265267,0.48293867620184,0.371517920883004,0.546643070003252,0.293007270767643,0.505387108694998,0.351056238891315,0.482954956844276,0.373488390742037,0.486450390490259,0.368083049600552,0.48,0.38
