"","simul_idx","up_dw","low_dw","up_dw_x1_to_xn","low_dw_x1_to_xn","up_dw_x1_to_xn_tails","low_dw_x1_to_xn_tails","up_t_test","low_t_test","up_anderson","low_anderson","up_cheby","low_cheby","up_emp_bern","low_emp_bern","up_hoeffding","low_hoeffding","up_PI_emp_bern","low_PI_emp_bern","up_PI_hedged","low_PI_hedged"
"1",484,0.680466193981156,0.414685233550562,0.680442579092697,0.414687636105876,0.735033527108807,0.414687636105876,0.632625765102584,0.467181302731672,0.672225811816272,0.417596905369244,0.756657040184626,0.243167566937425,0.772170581204589,0.327636486629667,0.672290875451169,0.427516192383087,0.709461488543055,0.394818610498551,0.66,0.43
