"","simul_idx","up_dw","low_dw","up_dw_x1_to_xn","low_dw_x1_to_xn","up_dw_x1_to_xn_tails","low_dw_x1_to_xn_tails","up_t_test","low_t_test","up_anderson","low_anderson","up_cheby","low_cheby","up_emp_bern","low_emp_bern","up_hoeffding","low_hoeffding","up_PI_emp_bern","low_PI_emp_bern","up_PI_hedged","low_PI_hedged"
"1",269,0.59740274590833,0.426409613857271,0.597400349929903,0.426413879792557,0.622185834715368,0.426413879792557,0.564226040240172,0.460058918468255,0.589502797552717,0.430769798914411,0.662036753667016,0.322852629706472,0.632397666932798,0.391887291775628,0.589547030558312,0.434737928150114,0.603016788416555,0.424662658462338,0.58,0.44
