"","simul_idx","up_dw","low_dw","up_dw_x1_to_xn","low_dw_x1_to_xn","up_dw_x1_to_xn_tails","low_dw_x1_to_xn_tails","up_t_test","low_t_test","up_anderson","low_anderson","up_cheby","low_cheby","up_emp_bern","low_emp_bern","up_hoeffding","low_hoeffding","up_PI_emp_bern","low_PI_emp_bern","up_PI_hedged","low_PI_hedged"
"1",226,0.633375266074984,0.366488008543847,0.633365665246063,0.366490807287898,0.687957198266235,0.366490807287898,0.583023013922335,0.416835951976953,0.622245473958088,0.367625157527658,0.719535609238811,0.189427087033269,0.722803932657927,0.277055033241361,0.622316824483685,0.377542141415603,0.655064159763414,0.339832665484076,0.61,0.37
