"","simul_idx","up_dw","low_dw","up_dw_x1_to_xn","low_dw_x1_to_xn","up_dw_x1_to_xn_tails","low_dw_x1_to_xn_tails","up_t_test","low_t_test","up_anderson","low_anderson","up_cheby","low_cheby","up_emp_bern","low_emp_bern","up_hoeffding","low_hoeffding","up_PI_emp_bern","low_PI_emp_bern","up_PI_hedged","low_PI_hedged"
"1",394,0.853833240961096,0.301109174229452,0.853729440648306,0.301222760169379,1.0508710694074,0.301222760169379,0.793008923832481,0.406016832488262,0.872805847690567,0.276250862862832,0.903126520612587,-0.103776016398758,1.35648583835338,-0.157460082032633,0.87317929341597,0.325846462904773,1.00127825789683,0.217118936222216,0.82,0.33
