"","simul_idx","up_dw","low_dw","up_dw_x1_to_xn","low_dw_x1_to_xn","up_dw_x1_to_xn_tails","low_dw_x1_to_xn_tails","up_t_test","low_t_test","up_anderson","low_anderson","up_cheby","low_cheby","up_emp_bern","low_emp_bern","up_hoeffding","low_hoeffding","up_PI_emp_bern","low_PI_emp_bern","up_PI_hedged","low_PI_hedged"
"1",115,0.818267535456965,0.258527726605508,0.81808568299704,0.258580495931816,1.01513468829047,0.258580495931816,0.746046755790954,0.352939234796475,0.822947296248058,0.226383697407159,0.882308303119514,-0.149650976061228,1.31126915754389,-0.212283166956462,0.823159410549313,0.275826580038116,0.954917105022265,0.165868872256755,0.78,0.28
