"","simul_idx","up_dw","low_dw","up_dw_x1_to_xn","low_dw_x1_to_xn","up_dw_x1_to_xn_tails","low_dw_x1_to_xn_tails","up_t_test","low_t_test","up_anderson","low_anderson","up_cheby","low_cheby","up_emp_bern","low_emp_bern","up_hoeffding","low_hoeffding","up_PI_emp_bern","low_PI_emp_bern","up_PI_hedged","low_PI_hedged"
"1",161,0.548829000865466,0.427504382181816,0.548828292235773,0.427504594235909,0.562105873043847,0.427504594235909,0.524773481777996,0.451329250906944,0.542765311560571,0.431335219669333,0.601074340725664,0.355889122690944,0.565828541104475,0.410274191580466,0.54278464939359,0.433318083291351,0.550624385477121,0.43083632112781,0.54,0.44
