"","simul_idx","up_dw","low_dw","up_dw_x1_to_xn","low_dw_x1_to_xn","up_dw_x1_to_xn_tails","low_dw_x1_to_xn_tails","up_t_test","low_t_test","up_anderson","low_anderson","up_cheby","low_cheby","up_emp_bern","low_emp_bern","up_hoeffding","low_hoeffding","up_PI_emp_bern","low_PI_emp_bern","up_PI_hedged","low_PI_hedged"
"1",348,0.773008401336429,0.408452022411448,0.772989360531271,0.408511244386481,0.869379560017242,0.408511244386481,0.716497113708939,0.483017955802332,0.772573547230406,0.406804502874648,0.841422109551884,0.158173781707509,0.964549849663049,0.234965219848222,0.772839373015864,0.426675696495407,0.819023530982584,0.388375016879157,0.75,0.43
