"","simul_idx","up_dw","low_dw","up_dw_x1_to_xn","low_dw_x1_to_xn","up_dw_x1_to_xn_tails","low_dw_x1_to_xn_tails","up_t_test","low_t_test","up_anderson","low_anderson","up_cheby","low_cheby","up_emp_bern","low_emp_bern","up_hoeffding","low_hoeffding","up_PI_emp_bern","low_PI_emp_bern","up_PI_hedged","low_PI_hedged"
"1",249,0.671083703648817,0.404967082630547,0.671071515309949,0.404983769584782,0.725683555372909,0.404983769584782,0.622710417790146,0.457087826051771,0.662197402341063,0.407604421014995,0.749310943461423,0.232323823667593,0.762311868469147,0.31748637537277,0.662286463455,0.417511780386918,0.694872764702521,0.379560511150033,0.65,0.42
