"","simul_idx","up_dw","low_dw","up_dw_x1_to_xn","low_dw_x1_to_xn","up_dw_x1_to_xn_tails","low_dw_x1_to_xn_tails","up_t_test","low_t_test","up_anderson","low_anderson","up_cheby","low_cheby","up_emp_bern","low_emp_bern","up_hoeffding","low_hoeffding","up_PI_emp_bern","low_PI_emp_bern","up_PI_hedged","low_PI_hedged"
"1",93,0.780952508359676,0.2188788280969,0.780843850493536,0.219024334405817,0.978034093850275,0.219024334405817,0.697455525371023,0.302325042984465,0.773190895768272,0.17654665388117,0.86032959322765,-0.193809214323991,1.26325532781087,-0.263474759455378,0.773556699433343,0.226223868922146,0.905369495539809,0.118734356508783,0.75,0.25
