"","simul_idx","up_dw","low_dw","up_dw_x1_to_xn","low_dw_x1_to_xn","up_dw_x1_to_xn_tails","low_dw_x1_to_xn_tails","up_t_test","low_t_test","up_anderson","low_anderson","up_cheby","low_cheby","up_emp_bern","low_emp_bern","up_hoeffding","low_hoeffding","up_PI_emp_bern","low_PI_emp_bern","up_PI_hedged","low_PI_hedged"
"1",128,0.653829486416649,0.112975320005596,0.653815129205927,0.113011302347329,0.850838567987234,0.113011302347329,0.53911547666804,0.162195470219428,0.624076771103605,0.0275600577250274,0.786951165893024,-0.319410534634712,1.09971758163494,-0.398406634747476,0.624321888699333,0.0769890581881355,0.728281424410732,-0.0439068623909489,0.62,0.14
