"","simul_idx","up_dw","low_dw","up_dw_x1_to_xn","low_dw_x1_to_xn","up_dw_x1_to_xn_tails","low_dw_x1_to_xn_tails","up_t_test","low_t_test","up_anderson","low_anderson","up_cheby","low_cheby","up_emp_bern","low_emp_bern","up_hoeffding","low_hoeffding","up_PI_emp_bern","low_PI_emp_bern","up_PI_hedged","low_PI_hedged"
"1",174,0.653592322260089,0.112977929652676,0.653398934567073,0.113027978132465,0.850443796021852,0.113027978132465,0.53883796142985,0.162190531127852,0.623981292526034,0.0276122074299655,0.786876903953135,-0.319524575581334,1.09936226676355,-0.398333774205848,0.62418066153445,0.0768478310232523,0.728095671914831,-0.0441530404610569,0.63,0.14
