"","simul_idx","up_dw","low_dw","up_dw_x1_to_xn","low_dw_x1_to_xn","up_dw_x1_to_xn_tails","low_dw_x1_to_xn_tails","up_t_test","low_t_test","up_anderson","low_anderson","up_cheby","low_cheby","up_emp_bern","low_emp_bern","up_hoeffding","low_hoeffding","up_PI_emp_bern","low_PI_emp_bern","up_PI_hedged","low_PI_hedged"
"1",179,0.755666878399877,0.38868587058208,0.755636595459385,0.388720072164819,0.851989503313243,0.388720072164819,0.697100328447861,0.461753727690588,0.752353046307483,0.386498702941939,0.829319001939057,0.13639271150965,0.945732077828419,0.213121978310029,0.752508866329453,0.406345189808996,0.78995758857887,0.357488512130804,0.74,0.42
