"","simul_idx","up_dw","low_dw","up_dw_x1_to_xn","low_dw_x1_to_xn","up_dw_x1_to_xn_tails","low_dw_x1_to_xn_tails","up_t_test","low_t_test","up_anderson","low_anderson","up_cheby","low_cheby","up_emp_bern","low_emp_bern","up_hoeffding","low_hoeffding","up_PI_emp_bern","low_PI_emp_bern","up_PI_hedged","low_PI_hedged"
"1",97,0.68559120217789,0.314399693636093,0.685565213320436,0.314420410905057,0.781898023485069,0.314420410905057,0.619376394146794,0.380609690944064,0.672987921408003,0.307055735189775,0.779903777529179,0.0534179600465356,0.869068569679107,0.13091751541175,0.673074880805657,0.3269112042852,0.724669551516026,0.28521123799772,0.66,0.34
