"","simul_idx","up_dw","low_dw","up_dw_x1_to_xn","low_dw_x1_to_xn","up_dw_x1_to_xn_tails","low_dw_x1_to_xn_tails","up_t_test","low_t_test","up_anderson","low_anderson","up_cheby","low_cheby","up_emp_bern","low_emp_bern","up_hoeffding","low_hoeffding","up_PI_emp_bern","low_PI_emp_bern","up_PI_hedged","low_PI_hedged"
"1",350,0.740792558788399,0.180931686161359,0.7406824163024,0.180976570929686,0.937719413444735,0.180976570929686,0.646136215897441,0.253013250140826,0.723041635111709,0.126454723774692,0.836762433213195,-0.23732945585435,1.21136302594818,-0.312213559909916,0.723241148274732,0.175908317763535,0.858054089822587,0.0679181117788532,0.7,0.2
