"","simul_idx","up_dw","low_dw","up_dw_x1_to_xn","low_dw_x1_to_xn","up_dw_x1_to_xn_tails","low_dw_x1_to_xn_tails","up_t_test","low_t_test","up_anderson","low_anderson","up_cheby","low_cheby","up_emp_bern","low_emp_bern","up_hoeffding","low_hoeffding","up_PI_emp_bern","low_PI_emp_bern","up_PI_hedged","low_PI_hedged"
"1",92,0.685697495964123,0.314606084527029,0.685668039015198,0.314636040005426,0.782014618264804,0.314636040005426,0.61948202139651,0.380856169478053,0.673106418907912,0.307211228506052,0.78001682362565,0.0535983354364869,0.869130525024916,0.131207665849648,0.67325093369751,0.327087257177053,0.723835665231172,0.286391312232484,0.66,0.33
