"","simul_idx","up_dw","low_dw","up_dw_x1_to_xn","low_dw_x1_to_xn","up_dw_x1_to_xn_tails","low_dw_x1_to_xn_tails","up_t_test","low_t_test","up_anderson","low_anderson","up_cheby","low_cheby","up_emp_bern","low_emp_bern","up_hoeffding","low_hoeffding","up_PI_emp_bern","low_PI_emp_bern","up_PI_hedged","low_PI_hedged"
"1",218,0.741925415056913,0.182084424527723,0.741878491647344,0.182327643658984,0.939217551251927,0.182327643658984,0.647675206263995,0.254359833850021,0.724238349171518,0.127539383616618,0.837455394690897,-0.236098701281553,1.21295693369307,-0.310921893579056,0.724683935312607,0.177351104801409,0.857568510799616,0.0712283332853489,0.71,0.21
