"","simul_idx","up_dw","low_dw","up_dw_x1_to_xn","low_dw_x1_to_xn","up_dw_x1_to_xn_tails","low_dw_x1_to_xn_tails","up_t_test","low_t_test","up_anderson","low_anderson","up_cheby","low_cheby","up_emp_bern","low_emp_bern","up_hoeffding","low_hoeffding","up_PI_emp_bern","low_PI_emp_bern","up_PI_hedged","low_PI_hedged"
"1",5,0.756211388893335,0.389250350657029,0.756181125839352,0.389272442565925,0.852515984835436,0.389272442565925,0.697699803548279,0.462365875797539,0.752963781822853,0.387110396660746,0.829683025687605,0.137038373767244,0.946327623576498,0.213738055769321,0.753114677933138,0.406951001412681,0.801003889062236,0.36736019014776,0.73,0.41
