"","simul_idx","up_dw","low_dw","up_dw_x1_to_xn","low_dw_x1_to_xn","up_dw_x1_to_xn_tails","low_dw_x1_to_xn_tails","up_t_test","low_t_test","up_anderson","low_anderson","up_cheby","low_cheby","up_emp_bern","low_emp_bern","up_hoeffding","low_hoeffding","up_PI_emp_bern","low_PI_emp_bern","up_PI_hedged","low_PI_hedged"
"1",180,0.698884779104026,0.146140600976136,0.698710682250877,0.146259101198102,0.895859795442376,0.146259101198102,0.594053101325648,0.206881699827462,0.673875782955857,0.0772991061439658,0.812592265950026,-0.278635731847952,1.15758119517526,-0.356646394022151,0.674133815832154,0.126800985320956,0.807475927479853,0.0226461695091609,0.66,0.17
