"","simul_idx","up_dw","low_dw","up_dw_x1_to_xn","low_dw_x1_to_xn","up_dw_x1_to_xn_tails","low_dw_x1_to_xn_tails","up_t_test","low_t_test","up_anderson","low_anderson","up_cheby","low_cheby","up_emp_bern","low_emp_bern","up_hoeffding","low_hoeffding","up_PI_emp_bern","low_PI_emp_bern","up_PI_hedged","low_PI_hedged"
"1",87,0.592193798202168,0.471064803560886,0.592192982678549,0.471065660828101,0.60547149992565,0.471065660828101,0.568584566093467,0.495272255209032,0.586637245676179,0.475212332333964,0.640530499013617,0.402466384616285,0.609596865635261,0.454259955667239,0.586661693702369,0.47719512760013,0.592869262600736,0.473671412802801,0.58,0.48
