"","simul_idx","up_dw","low_dw","up_dw_x1_to_xn","low_dw_x1_to_xn","up_dw_x1_to_xn_tails","low_dw_x1_to_xn_tails","up_t_test","low_t_test","up_anderson","low_anderson","up_cheby","low_cheby","up_emp_bern","low_emp_bern","up_hoeffding","low_hoeffding","up_PI_emp_bern","low_PI_emp_bern","up_PI_hedged","low_PI_hedged"
"1",302,0.886695393702543,0.345861591510336,0.886616733289461,0.345917577983589,1.08367063828516,0.345917577983589,0.837463892695254,0.460410352347366,0.922326266717273,0.325700274708051,0.922268748506786,-0.057019251811705,1.39810411137281,-0.100229866330194,0.922603537776909,0.375270707265712,1.04549499930056,0.269384366829814,0.86,0.37
