"","simul_idx","up_dw","low_dw","up_dw_x1_to_xn","low_dw_x1_to_xn","up_dw_x1_to_xn_tails","low_dw_x1_to_xn_tails","up_t_test","low_t_test","up_anderson","low_anderson","up_cheby","low_cheby","up_emp_bern","low_emp_bern","up_hoeffding","low_hoeffding","up_PI_emp_bern","low_PI_emp_bern","up_PI_hedged","low_PI_hedged"
"1",157,0.7032294164799,0.332429427246151,0.703179765425003,0.33245875160428,0.799525404021699,0.33245875160428,0.638829041073582,0.400523164275387,0.692638153027541,0.326782175347385,0.792448841122838,0.0736779966679689,0.888378334227784,0.150973871121185,0.692757940934713,0.346594264414256,0.743254111113548,0.305569490561288,0.68,0.35
