"","simul_idx","up_dw","low_dw","up_dw_x1_to_xn","low_dw_x1_to_xn","up_dw_x1_to_xn_tails","low_dw_x1_to_xn_tails","up_t_test","low_t_test","up_anderson","low_anderson","up_cheby","low_cheby","up_emp_bern","low_emp_bern","up_hoeffding","low_hoeffding","up_PI_emp_bern","low_PI_emp_bern","up_PI_hedged","low_PI_hedged"
"1",384,0.70340594967027,0.332472963356641,0.703397255502737,0.332487313681599,0.799720576058624,0.332487313681599,0.638995655769634,0.400601171362212,0.692782708866601,0.326814109881472,0.792526198805148,0.0738044904713907,0.888572422319025,0.151024404812821,0.692880251826152,0.346716575305695,0.742996700014916,0.306061098887657,0.68,0.35
