"","simul_idx","up_dw","low_dw","up_dw_x1_to_xn","low_dw_x1_to_xn","up_dw_x1_to_xn_tails","low_dw_x1_to_xn_tails","up_t_test","low_t_test","up_anderson","low_anderson","up_cheby","low_cheby","up_emp_bern","low_emp_bern","up_hoeffding","low_hoeffding","up_PI_emp_bern","low_PI_emp_bern","up_PI_hedged","low_PI_hedged"
"1",89,0.565917072671311,0.395020547767255,0.565915700389887,0.395026554467867,0.590703729025184,0.395026554467867,0.532127055500531,0.428045136405249,0.557448588419056,0.398722919578687,0.634646595312606,0.28859589690449,0.600271196218329,0.35990099568745,0.557490647156989,0.402681544748791,0.565940294333711,0.386966866913769,0.55,0.41
