"","simul_idx","up_dw","low_dw","up_dw_x1_to_xn","low_dw_x1_to_xn","up_dw_x1_to_xn_tails","low_dw_x1_to_xn_tails","up_t_test","low_t_test","up_anderson","low_anderson","up_cheby","low_cheby","up_emp_bern","low_emp_bern","up_hoeffding","low_hoeffding","up_PI_emp_bern","low_PI_emp_bern","up_PI_hedged","low_PI_hedged"
"1",184,0.612690452027393,0.441843529944518,0.612689596424412,0.441844971773267,0.637470963834222,0.441844971773267,0.579834657050442,0.47575792270552,0.605174362754512,0.446418968490403,0.675304159746543,0.33968870540342,0.647977125192642,0.40761545456332,0.60520084108208,0.450391738673882,0.619267915000288,0.440789649460689,0.6,0.46
