"","simul_idx","up_dw","low_dw","up_dw_x1_to_xn","low_dw_x1_to_xn","up_dw_x1_to_xn_tails","low_dw_x1_to_xn_tails","up_t_test","low_t_test","up_anderson","low_anderson","up_cheby","low_cheby","up_emp_bern","low_emp_bern","up_hoeffding","low_hoeffding","up_PI_emp_bern","low_PI_emp_bern","up_PI_hedged","low_PI_hedged"
"1",145,0.886956942127132,0.346636693982454,0.886846829067483,0.346909863246154,1.08423150260712,0.346909863246154,0.837726956684402,0.461443038286083,0.922606370377562,0.326361706794787,0.922509722787467,-0.0563963928071443,1.39814750718437,-0.0989775122138847,0.923251412740841,0.375918582229644,1.02131052889389,0.246501197685272,0.87,0.39
