"","simul_idx","up_dw","low_dw","up_dw_x1_to_xn","low_dw_x1_to_xn","up_dw_x1_to_xn_tails","low_dw_x1_to_xn_tails","up_t_test","low_t_test","up_anderson","low_anderson","up_cheby","low_cheby","up_emp_bern","low_emp_bern","up_hoeffding","low_hoeffding","up_PI_emp_bern","low_PI_emp_bern","up_PI_hedged","low_PI_hedged"
"1",317,0.562715427490085,0.441355380739904,0.562715118068265,0.441356343330297,0.575993788887727,0.441356343330297,0.538803735165682,0.465307748835508,0.556766950188012,0.445340783391305,0.613712127775948,0.370710895754631,0.579875570208601,0.424235913792588,0.556789025051715,0.447322458949475,0.565571142144067,0.445152737145059,0.55,0.45
