"","simul_idx","up_dw","low_dw","up_dw_x1_to_xn","low_dw_x1_to_xn","up_dw_x1_to_xn_tails","low_dw_x1_to_xn_tails","up_t_test","low_t_test","up_anderson","low_anderson","up_cheby","low_cheby","up_emp_bern","low_emp_bern","up_hoeffding","low_hoeffding","up_PI_emp_bern","low_PI_emp_bern","up_PI_hedged","low_PI_hedged"
"1",203,0.680281816264249,0.414603570197935,0.680269711616678,0.414614132828227,0.734872698296918,0.414614132828227,0.632401244650665,0.467126404580563,0.672053575215206,0.41747362537571,0.756554757441966,0.243015832768242,0.771892130918459,0.32763551831277,0.672151166149655,0.427376483081573,0.704508840566497,0.389597935720546,0.66,0.43
