"","simul_idx","up_dw","low_dw","up_dw_x1_to_xn","low_dw_x1_to_xn","up_dw_x1_to_xn_tails","low_dw_x1_to_xn_tails","up_t_test","low_t_test","up_anderson","low_anderson","up_cheby","low_cheby","up_emp_bern","low_emp_bern","up_hoeffding","low_hoeffding","up_PI_emp_bern","low_PI_emp_bern","up_PI_hedged","low_PI_hedged"
"1",22,0.772835426872849,0.408132476402587,0.772796395001903,0.408164747371657,0.869146425373512,0.408164747371657,0.716324267500886,0.482634065203129,0.772435156961675,0.406572674460824,0.841257989131315,0.157873954788699,0.964442439211709,0.234515893492306,0.772561004612236,0.426397328091779,0.818721229644985,0.388143674834078,0.75,0.43
