"","simul_idx","up_dw","low_dw","up_dw_x1_to_xn","low_dw_x1_to_xn","up_dw_x1_to_xn_tails","low_dw_x1_to_xn_tails","up_t_test","low_t_test","up_anderson","low_anderson","up_cheby","low_cheby","up_emp_bern","low_emp_bern","up_hoeffding","low_hoeffding","up_PI_emp_bern","low_PI_emp_bern","up_PI_hedged","low_PI_hedged"
"1",113,0.552839896321021,0.431510380195664,0.552838778391848,0.431511183478464,0.566117217287919,0.431511183478464,0.528827334755885,0.45536953949343,0.546806686150697,0.435385964973412,0.604730655779891,0.360168240542966,0.569886790766071,0.414310083483244,0.546831720175777,0.437365154073537,0.548596971870066,0.428605576641949,0.54,0.44
