"","simul_idx","up_dw","low_dw","up_dw_x1_to_xn","low_dw_x1_to_xn","up_dw_x1_to_xn_tails","low_dw_x1_to_xn_tails","up_t_test","low_t_test","up_anderson","low_anderson","up_cheby","low_cheby","up_emp_bern","low_emp_bern","up_hoeffding","low_hoeffding","up_PI_emp_bern","low_PI_emp_bern","up_PI_hedged","low_PI_hedged"
"1",124,0.652180728467381,0.385520943459271,0.652160464458863,0.38552539406552,0.706754436584458,0.38552539406552,0.602823927991237,0.436760166959868,0.642108852268493,0.38752789309044,0.73441577938551,0.21066067057004,0.742565644347076,0.297018450604029,0.642179389009593,0.397404705941511,0.68039642390697,0.363960891958352,0.63,0.4
