"","simul_idx","up_dw","low_dw","up_dw_x1_to_xn","low_dw_x1_to_xn","up_dw_x1_to_xn_tails","low_dw_x1_to_xn_tails","up_t_test","low_t_test","up_anderson","low_anderson","up_cheby","low_cheby","up_emp_bern","low_emp_bern","up_hoeffding","low_hoeffding","up_PI_emp_bern","low_PI_emp_bern","up_PI_hedged","low_PI_hedged"
"1",304,0.57768924768381,0.406653560453133,0.577687489368267,0.406659406294905,0.602475318985729,0.406659406294905,0.544119938843137,0.439911376788077,0.569385389917681,0.410644862149547,0.64487351915067,0.301310438187036,0.612304933972347,0.371726381658868,0.569420209019706,0.414611106611508,0.584356550055273,0.405830309181823,0.56,0.42
