"","simul_idx","up_dw","low_dw","up_dw_x1_to_xn","low_dw_x1_to_xn","up_dw_x1_to_xn_tails","low_dw_x1_to_xn_tails","up_t_test","low_t_test","up_anderson","low_anderson","up_cheby","low_cheby","up_emp_bern","low_emp_bern","up_hoeffding","low_hoeffding","up_PI_emp_bern","low_PI_emp_bern","up_PI_hedged","low_PI_hedged"
"1",489,0.558143537838088,0.387314637154764,0.558140835794761,0.387317034201239,0.582923613913095,0.387317034201239,0.524234867948962,0.420163330057136,0.549572637594389,0.390832852416837,0.627863752454472,0.280211437936007,0.592375659740317,0.352022538265781,0.549603650207148,0.39479454779895,0.559649277468952,0.380506897709236,0.54,0.4
