"","simul_idx","up_dw","low_dw","up_dw_x1_to_xn","low_dw_x1_to_xn","up_dw_x1_to_xn_tails","low_dw_x1_to_xn_tails","up_t_test","low_t_test","up_anderson","low_anderson","up_cheby","low_cheby","up_emp_bern","low_emp_bern","up_hoeffding","low_hoeffding","up_PI_emp_bern","low_PI_emp_bern","up_PI_hedged","low_PI_hedged"
"1",365,0.566609717629212,0.445271638384707,0.566607827091533,0.445272728774391,0.579886650498871,0.445272728774391,0.542729715165839,0.469268987832687,0.56071177448947,0.449287176150593,0.617263518970078,0.374892072204948,0.583790121560534,0.428208581437992,0.560732634550383,0.451266068448143,0.563741552260721,0.444277256750184,0.56,0.46
