"","simul_idx","up_dw","low_dw","up_dw_x1_to_xn","low_dw_x1_to_xn","up_dw_x1_to_xn_tails","low_dw_x1_to_xn_tails","up_t_test","low_t_test","up_anderson","low_anderson","up_cheby","low_cheby","up_emp_bern","low_emp_bern","up_hoeffding","low_hoeffding","up_PI_emp_bern","low_PI_emp_bern","up_PI_hedged","low_PI_hedged"
"1",465,0.818561103288454,0.258687007873326,0.818461822893799,0.258824087468,1.01563923239757,0.258824087468,0.746459336733579,0.353083032146829,0.823159052273898,0.226478288600706,0.882427906618524,-0.149399660698253,1.31175845563565,-0.212216086755241,0.823437599695803,0.276104769184605,0.955960776452791,0.165519386277506,0.79,0.29
