"","simul_idx","up_dw","low_dw","up_dw_x1_to_xn","low_dw_x1_to_xn","up_dw_x1_to_xn_tails","low_dw_x1_to_xn_tails","up_t_test","low_t_test","up_anderson","low_anderson","up_cheby","low_cheby","up_emp_bern","low_emp_bern","up_hoeffding","low_hoeffding","up_PI_emp_bern","low_PI_emp_bern","up_PI_hedged","low_PI_hedged"
"1",264,0.542261667235536,0.371784905373587,0.542258687803619,0.371788731093029,0.567043525426819,0.371788731093029,0.50811532820579,0.404295018096038,0.533572439173826,0.374834036251322,0.614057440728645,0.26326019994619,0.576175075119605,0.336235271182223,0.533609724355013,0.378800621946815,0.549397718191088,0.371317420551113,0.53,0.39
