"","simul_idx","up_dw","low_dw","up_dw_x1_to_xn","low_dw_x1_to_xn","up_dw_x1_to_xn_tails","low_dw_x1_to_xn_tails","up_t_test","low_t_test","up_anderson","low_anderson","up_cheby","low_cheby","up_emp_bern","low_emp_bern","up_hoeffding","low_hoeffding","up_PI_emp_bern","low_PI_emp_bern","up_PI_hedged","low_PI_hedged"
"1",55,0.623801651221394,0.356934718069585,0.623785884616955,0.356944765101572,0.678388120308592,0.356944765101572,0.572969628230622,0.406799575419307,0.612203402448457,0.357569419884647,0.711949452164409,0.178749823880981,0.712745139070106,0.267024064579823,0.612271943359005,0.367497260290924,0.650779852716554,0.334042943425024,0.6,0.37
