"","simul_idx","up_dw","low_dw","up_dw_x1_to_xn","low_dw_x1_to_xn","up_dw_x1_to_xn_tails","low_dw_x1_to_xn_tails","up_t_test","low_t_test","up_anderson","low_anderson","up_cheby","low_cheby","up_emp_bern","low_emp_bern","up_hoeffding","low_hoeffding","up_PI_emp_bern","low_PI_emp_bern","up_PI_hedged","low_PI_hedged"
"1",107,0.755909899975002,0.388867122594688,0.755893749616185,0.388868747450507,0.852198103502484,0.388868747450507,0.697426159547487,0.461894594058507,0.752613759535418,0.386726708811208,0.829459242142469,0.136641385862525,0.946115258508002,0.213205495097991,0.752742215063225,0.406578538542768,0.800842620990412,0.36676155962478,0.73,0.41
