"","simul_idx","up_dw","low_dw","up_dw_x1_to_xn","low_dw_x1_to_xn","up_dw_x1_to_xn_tails","low_dw_x1_to_xn_tails","up_t_test","low_t_test","up_anderson","low_anderson","up_cheby","low_cheby","up_emp_bern","low_emp_bern","up_hoeffding","low_hoeffding","up_PI_emp_bern","low_PI_emp_bern","up_PI_hedged","low_PI_hedged"
"1",74,0.738838703827635,0.369971778073913,0.73881310198606,0.369996210084432,0.835151448785525,0.369996210084432,0.678374287043699,0.441479067092394,0.732863636881827,0.366951241481069,0.817493746061724,0.11571738238502,0.927486196395677,0.192367157740416,0.733008515328275,0.386844838807818,0.771192940612333,0.337647801796704,0.71,0.38
