"","simul_idx","up_dw","low_dw","up_dw_x1_to_xn","low_dw_x1_to_xn","up_dw_x1_to_xn_tails","low_dw_x1_to_xn_tails","up_t_test","low_t_test","up_anderson","low_anderson","up_cheby","low_cheby","up_emp_bern","low_emp_bern","up_hoeffding","low_hoeffding","up_PI_emp_bern","low_PI_emp_bern","up_PI_hedged","low_PI_hedged"
"1",392,0.853797057862636,0.300823048393881,0.853752114787517,0.300833398225246,1.05073651535537,0.300833398225246,0.792853982624554,0.405766405629685,0.872648685724174,0.275909419951599,0.903045020978852,-0.103964762142693,1.35635815099245,-0.157737762738214,0.872976609382718,0.325643778871521,0.976931825020407,0.19248523616511,0.83,0.34
