"","simul_idx","up_dw","low_dw","up_dw_x1_to_xn","low_dw_x1_to_xn","up_dw_x1_to_xn_tails","low_dw_x1_to_xn_tails","up_t_test","low_t_test","up_anderson","low_anderson","up_cheby","low_cheby","up_emp_bern","low_emp_bern","up_hoeffding","low_hoeffding","up_PI_emp_bern","low_PI_emp_bern","up_PI_hedged","low_PI_hedged"
"1",202,0.614415068284433,0.347682781805112,0.614402724207282,0.347688611787921,0.668998733091664,0.347688611787921,0.563156343043315,0.39704383841258,0.602429719253594,0.347803505893471,0.7045214604307,0.168387795438296,0.702913556973589,0.257286624482305,0.602487432261988,0.357712749193906,0.640978067057451,0.324388652462545,0.59,0.36
