"","simul_idx","up_dw","low_dw","up_dw_x1_to_xn","low_dw_x1_to_xn","up_dw_x1_to_xn_tails","low_dw_x1_to_xn_tails","up_t_test","low_t_test","up_anderson","low_anderson","up_cheby","low_cheby","up_emp_bern","low_emp_bern","up_hoeffding","low_hoeffding","up_PI_emp_bern","low_PI_emp_bern","up_PI_hedged","low_PI_hedged"
"1",169,0.585499772832897,0.414450431835902,0.585495242867717,0.414454710196106,0.610280779851893,0.414454710196106,0.552083031449972,0.447866761450249,0.57734602254822,0.418603369714826,0.651674624108759,0.309815561372222,0.62027051312516,0.379679279775061,0.577379447654209,0.422570345246011,0.591037308635308,0.41184661791872,0.57,0.43
