"","simul_idx","up_dw","low_dw","up_dw_x1_to_xn","low_dw_x1_to_xn","up_dw_x1_to_xn_tails","low_dw_x1_to_xn_tails","up_t_test","low_t_test","up_anderson","low_anderson","up_cheby","low_cheby","up_emp_bern","low_emp_bern","up_hoeffding","low_hoeffding","up_PI_emp_bern","low_PI_emp_bern","up_PI_hedged","low_PI_hedged"
"1",486,0.653249675885883,0.112667726244967,0.652986867871366,0.112695274180376,0.849997461084694,0.112695274180376,0.538436803867143,0.161775868115618,0.623591771563313,0.0273121575008521,0.786662362157764,-0.319853914169256,1.09896496397329,-0.398752291990528,0.62377275124698,0.0764399207357821,0.729404631947691,-0.0461977653223444,0.62,0.13
