"","simul_idx","up_dw","low_dw","up_dw_x1_to_xn","low_dw_x1_to_xn","up_dw_x1_to_xn_tails","low_dw_x1_to_xn_tails","up_t_test","low_t_test","up_anderson","low_anderson","up_cheby","low_cheby","up_emp_bern","low_emp_bern","up_hoeffding","low_hoeffding","up_PI_emp_bern","low_PI_emp_bern","up_PI_hedged","low_PI_hedged"
"1",333,0.608869036143471,0.438001535245942,0.608866076103167,0.438003173274224,0.633647739068485,0.438003173274224,0.575924213011904,0.471861546118679,0.60125884483714,0.442521962118153,0.672002631248906,0.335483675607424,0.644062143061658,0.403723616068925,0.601297430769391,0.446488328361193,0.61154513622508,0.432453680568918,0.6,0.45
