"","simul_idx","up_dw","low_dw","up_dw_x1_to_xn","low_dw_x1_to_xn","up_dw_x1_to_xn_tails","low_dw_x1_to_xn_tails","up_t_test","low_t_test","up_anderson","low_anderson","up_cheby","low_cheby","up_emp_bern","low_emp_bern","up_hoeffding","low_hoeffding","up_PI_emp_bern","low_PI_emp_bern","up_PI_hedged","low_PI_hedged"
"1",474,0.614505557952575,0.347768284640985,0.614490845408871,0.347792632789799,0.669114197832673,0.347792632789799,0.563264580603605,0.397118477931803,0.602511211400979,0.347891352070384,0.704591050544508,0.168484457214954,0.703032476718804,0.257350581816604,0.602578870801745,0.357804187733663,0.635504939452509,0.32011988182666,0.59,0.36
