"","simul_idx","up_dw","low_dw","up_dw_x1_to_xn","low_dw_x1_to_xn","up_dw_x1_to_xn_tails","low_dw_x1_to_xn_tails","up_t_test","low_t_test","up_anderson","low_anderson","up_cheby","low_cheby","up_emp_bern","low_emp_bern","up_hoeffding","low_hoeffding","up_PI_emp_bern","low_PI_emp_bern","up_PI_hedged","low_PI_hedged"
"1",153,0.558185042748201,0.387350653034725,0.558179439032455,0.387352726327458,0.582961718028468,0.387352726327458,0.524278073646054,0.420200215269348,0.549613839379904,0.390872461505669,0.627898234421656,0.280253966458538,0.592420904395516,0.352057384519886,0.5496436956618,0.394834593253602,0.558975217052326,0.379662252053087,0.54,0.4
