"","simul_idx","up_dw","low_dw","up_dw_x1_to_xn","low_dw_x1_to_xn","up_dw_x1_to_xn_tails","low_dw_x1_to_xn_tails","up_t_test","low_t_test","up_anderson","low_anderson","up_cheby","low_cheby","up_emp_bern","low_emp_bern","up_hoeffding","low_hoeffding","up_PI_emp_bern","low_PI_emp_bern","up_PI_hedged","low_PI_hedged"
"1",405,0.633494684992995,0.366568883527773,0.633489440801873,0.366585473274464,0.688101337330193,0.366585473274464,0.583162114149359,0.41690596287789,0.622345819983906,0.36770864706871,0.719614359492558,0.189538437804941,0.722964999194121,0.277103077833129,0.622421380047666,0.377646696979584,0.655800780795154,0.339309077746423,0.62,0.39
