"","simul_idx","up_dw","low_dw","up_dw_x1_to_xn","low_dw_x1_to_xn","up_dw_x1_to_xn_tails","low_dw_x1_to_xn_tails","up_t_test","low_t_test","up_anderson","low_anderson","up_cheby","low_cheby","up_emp_bern","low_emp_bern","up_hoeffding","low_hoeffding","up_PI_emp_bern","low_PI_emp_bern","up_PI_hedged","low_PI_hedged"
"1",419,0.546072699481146,0.28297453892814,0.546060568331618,0.282990004852229,0.600670805446819,0.282990004852229,0.492215627688049,0.328709562774878,0.532758589367131,0.278216428221499,0.650609814508546,0.0956858131850228,0.631144148332253,0.189781042130674,0.532849936765504,0.288075253697422,0.568675282302937,0.258065881209138,0.53,0.3
