"","simul_idx","up_dw","low_dw","up_dw_x1_to_xn","low_dw_x1_to_xn","up_dw_x1_to_xn_tails","low_dw_x1_to_xn_tails","up_t_test","low_t_test","up_anderson","low_anderson","up_cheby","low_cheby","up_emp_bern","low_emp_bern","up_hoeffding","low_hoeffding","up_PI_emp_bern","low_PI_emp_bern","up_PI_hedged","low_PI_hedged"
"1",68,0.643079840924855,0.376233555883535,0.643070681202646,0.376247798626206,0.697679112193561,0.376247798626206,0.59322302033039,0.427063867796578,0.632446510613181,0.37783548334292,0.727207708455919,0.200325826204961,0.73299506552794,0.287291822599028,0.632530785597525,0.387756102529443,0.666107404030773,0.349128095232216,0.63,0.39
