"","simul_idx","up_dw","low_dw","up_dw_x1_to_xn","low_dw_x1_to_xn","up_dw_x1_to_xn_tails","low_dw_x1_to_xn_tails","up_t_test","low_t_test","up_anderson","low_anderson","up_cheby","low_cheby","up_emp_bern","low_emp_bern","up_hoeffding","low_hoeffding","up_PI_emp_bern","low_PI_emp_bern","up_PI_hedged","low_PI_hedged"
"1",289,0.772965001058868,0.408379483663922,0.772940511753518,0.408418422588761,0.869300480376716,0.408418422588761,0.716482179652676,0.482888215893685,0.772593206980626,0.406798515571597,0.841379465445097,0.15809586417687,0.964570511946422,0.234799883599938,0.772767036033409,0.426603359512952,0.818920146554979,0.388357471959919,0.75,0.43
