"","simul_idx","up_dw","low_dw","up_dw_x1_to_xn","low_dw_x1_to_xn","up_dw_x1_to_xn_tails","low_dw_x1_to_xn_tails","up_t_test","low_t_test","up_anderson","low_anderson","up_cheby","low_cheby","up_emp_bern","low_emp_bern","up_hoeffding","low_hoeffding","up_PI_emp_bern","low_PI_emp_bern","up_PI_hedged","low_PI_hedged"
"1",118,0.574470811828692,0.453169988218188,0.574470663896696,0.453172223201124,0.587751181062534,0.453172223201124,0.55067487026739,0.477235490031328,0.56866289717488,0.457241444535144,0.624418035201629,0.383337219993193,0.591728357336981,0.436182002961738,0.568688463200479,0.459221897098239,0.572504827583303,0.452839848910448,0.56,0.47
