"","simul_idx","up_dw","low_dw","up_dw_x1_to_xn","low_dw_x1_to_xn","up_dw_x1_to_xn_tails","low_dw_x1_to_xn_tails","up_t_test","low_t_test","up_anderson","low_anderson","up_cheby","low_cheby","up_emp_bern","low_emp_bern","up_hoeffding","low_hoeffding","up_PI_emp_bern","low_PI_emp_bern","up_PI_hedged","low_PI_hedged"
"1",163,0.593455266371099,0.422437389188606,0.593451544879525,0.42244112634046,0.618236277236657,0.42244112634046,0.560201406480534,0.456007936793007,0.58546743061207,0.426737722163557,0.658602821014354,0.318521547517897,0.628381532884364,0.387827810389177,0.585509222840869,0.430700120432672,0.600557440468805,0.42174297500515,0.58,0.44
