"","simul_idx","up_dw","low_dw","up_dw_x1_to_xn","low_dw_x1_to_xn","up_dw_x1_to_xn_tails","low_dw_x1_to_xn_tails","up_t_test","low_t_test","up_anderson","low_anderson","up_cheby","low_cheby","up_emp_bern","low_emp_bern","up_hoeffding","low_hoeffding","up_PI_emp_bern","low_PI_emp_bern","up_PI_hedged","low_PI_hedged"
"1",232,0.561990212480827,0.391114529554095,0.561988379525937,0.391116376708583,0.586770329650505,0.391116376708583,0.528135125271878,0.424055251152711,0.553466000605727,0.39472842390281,0.631216521717503,0.284351147921524,0.59627860629019,0.355911770134399,0.553499739416393,0.398690637008195,0.56309182095293,0.384738269797401,0.55,0.41
