"","simul_idx","up_dw","low_dw","up_dw_x1_to_xn","low_dw_x1_to_xn","up_dw_x1_to_xn_tails","low_dw_x1_to_xn_tails","up_t_test","low_t_test","up_anderson","low_anderson","up_cheby","low_cheby","up_emp_bern","low_emp_bern","up_hoeffding","low_hoeffding","up_PI_emp_bern","low_PI_emp_bern","up_PI_hedged","low_PI_hedged"
"1",379,0.564595285786768,0.443244036029548,0.56459434201187,0.443244395126263,0.577872136232296,0.443244395126263,0.54069508697422,0.467222289350882,0.558671518971116,0.447245594103786,0.615426222830909,0.372728067683896,0.581759405763258,0.426157970561843,0.55869197121367,0.449225405111431,0.565697482915539,0.446261366415766,0.55,0.45
