"","simul_idx","up_dw","low_dw","up_dw_x1_to_xn","low_dw_x1_to_xn","up_dw_x1_to_xn_tails","low_dw_x1_to_xn_tails","up_t_test","low_t_test","up_anderson","low_anderson","up_cheby","low_cheby","up_emp_bern","low_emp_bern","up_hoeffding","low_hoeffding","up_PI_emp_bern","low_PI_emp_bern","up_PI_hedged","low_PI_hedged"
"1",496,0.538319149278527,0.367973584399869,0.538317660731938,0.367976604733484,0.563101325269978,0.367976604733484,0.504096386340558,0.400422065878613,0.529621579835327,0.370891943560773,0.610640771519199,0.259088509460773,0.572109037694198,0.332409414524974,0.529663777313685,0.374854674905487,0.540025447400385,0.361245299641556,0.53,0.38
