"","simul_idx","up_dw","low_dw","up_dw_x1_to_xn","low_dw_x1_to_xn","up_dw_x1_to_xn_tails","low_dw_x1_to_xn_tails","up_t_test","low_t_test","up_anderson","low_anderson","up_cheby","low_cheby","up_emp_bern","low_emp_bern","up_hoeffding","low_hoeffding","up_PI_emp_bern","low_PI_emp_bern","up_PI_hedged","low_PI_hedged"
"1",4,0.586254945023852,0.465055702389359,0.586253312901319,0.465057243071104,0.599532822031592,0.465057243071104,0.562582151380271,0.489218635026447,0.580610749428117,0.469188088858523,0.635134472323918,0.396042769251297,0.603611048368001,0.448189738038718,0.580633676254479,0.47116711015224,0.587481306602519,0.468150679356963,0.57,0.48
