"","simul_idx","up_dw","low_dw","up_dw_x1_to_xn","low_dw_x1_to_xn","up_dw_x1_to_xn_tails","low_dw_x1_to_xn_tails","up_t_test","low_t_test","up_anderson","low_anderson","up_cheby","low_cheby","up_emp_bern","low_emp_bern","up_hoeffding","low_hoeffding","up_PI_emp_bern","low_PI_emp_bern","up_PI_hedged","low_PI_hedged"
"1",35,0.614298043727535,0.347611401439714,0.61428392648556,0.347616757616183,0.668879235757339,0.347616757616183,0.563015955057386,0.396989215912293,0.602308683493261,0.347716693119632,0.70444724960565,0.168284724003149,0.702745900648535,0.257259270321144,0.60238992701888,0.357615243950799,0.64073081802542,0.324392902204409,0.59,0.36
