"","simul_idx","up_dw","low_dw","up_dw_x1_to_xn","low_dw_x1_to_xn","up_dw_x1_to_xn_tails","low_dw_x1_to_xn_tails","up_t_test","low_t_test","up_anderson","low_anderson","up_cheby","low_cheby","up_emp_bern","low_emp_bern","up_hoeffding","low_hoeffding","up_PI_emp_bern","low_PI_emp_bern","up_PI_hedged","low_PI_hedged"
"1",327,0.499229379485735,0.0323624895019685,0.499155880467063,0.032401860938817,0.69618448082703,0.032401860938817,0.359570035320086,0.0432968059624396,0.47491192214596,0.00112171903447,0.703776938782764,-0.435199044594414,0.902862125924829,-0.499995284642304,0.475099835896861,-0.072232994614336,0.558351976712374,-0.165118108250756,0.46,0.03
