"","simul_idx","up_dw","low_dw","up_dw_x1_to_xn","low_dw_x1_to_xn","up_dw_x1_to_xn_tails","low_dw_x1_to_xn_tails","up_t_test","low_t_test","up_anderson","low_anderson","up_cheby","low_cheby","up_emp_bern","low_emp_bern","up_hoeffding","low_hoeffding","up_PI_emp_bern","low_PI_emp_bern","up_PI_hedged","low_PI_hedged"
"1",420,0.544772072346726,0.42347257201494,0.544771428165559,0.423473422486903,0.558049967058766,0.423473422486903,0.520686603918876,0.447249463219566,0.538684106982695,0.427256341720431,0.597381868938903,0.351575059628198,0.561739365077922,0.406196702060521,0.538701316620341,0.429234750518102,0.546060367056779,0.426495733413019,0.53,0.43
