"","simul_idx","up_dw","low_dw","up_dw_x1_to_xn","low_dw_x1_to_xn","up_dw_x1_to_xn_tails","low_dw_x1_to_xn_tails","up_t_test","low_t_test","up_anderson","low_anderson","up_cheby","low_cheby","up_emp_bern","low_emp_bern","up_hoeffding","low_hoeffding","up_PI_emp_bern","low_PI_emp_bern","up_PI_hedged","low_PI_hedged"
"1",266,0.560701489566523,0.439352978655682,0.560701422034007,0.439354748470984,0.573981224497142,0.439354748470984,0.536762393316276,0.463292001477681,0.554742417761177,0.443315864418008,0.61188406093061,0.368561424161506,0.577825932308104,0.422228462485853,0.554760480448098,0.445293914345859,0.558175121166827,0.438340391570359,0.55,0.45
