"","simul_idx","up_dw","low_dw","up_dw_x1_to_xn","low_dw_x1_to_xn","up_dw_x1_to_xn_tails","low_dw_x1_to_xn_tails","up_t_test","low_t_test","up_anderson","low_anderson","up_cheby","low_cheby","up_emp_bern","low_emp_bern","up_hoeffding","low_hoeffding","up_PI_emp_bern","low_PI_emp_bern","up_PI_hedged","low_PI_hedged"
"1",64,0.671252043171695,0.4051181006675,0.671242279677169,0.4051266081406,0.725842242088122,0.4051266081406,0.622866962620081,0.4572677902433,0.662376407767339,0.40774947344398,0.749434852764879,0.232505831656376,0.762460967330703,0.317673785532677,0.662454717965731,0.41768003489765,0.700011769648903,0.384696073914293,0.65,0.42
