"","simul_idx","up_dw","low_dw","up_dw_x1_to_xn","low_dw_x1_to_xn","up_dw_x1_to_xn_tails","low_dw_x1_to_xn_tails","up_t_test","low_t_test","up_anderson","low_anderson","up_cheby","low_cheby","up_emp_bern","low_emp_bern","up_hoeffding","low_hoeffding","up_PI_emp_bern","low_PI_emp_bern","up_PI_hedged","low_PI_hedged"
"1",115,0.585315341707698,0.414284786687235,0.585309883653509,0.414286209157151,0.610091233039711,0.414286209157151,0.551891843234648,0.447700155739279,0.577170738357883,0.418432754216885,0.651521955308727,0.309624197550818,0.620071394711835,0.379520604262091,0.577200550691062,0.422391448282864,0.592212165452419,0.41328229883433,0.57,0.43
