"","simul_idx","up_dw","low_dw","up_dw_x1_to_xn","low_dw_x1_to_xn","up_dw_x1_to_xn_tails","low_dw_x1_to_xn_tails","up_t_test","low_t_test","up_anderson","low_anderson","up_cheby","low_cheby","up_emp_bern","low_emp_bern","up_hoeffding","low_hoeffding","up_PI_emp_bern","low_PI_emp_bern","up_PI_hedged","low_PI_hedged"
"1",4,0.707990922689188,0.4440499822251,0.707974540081597,0.444058517016535,0.762574542830236,0.444058517016535,0.661690432017216,0.497622629107488,0.701960383788704,0.447361746395715,0.778237930413011,0.275683034245811,0.80079755203709,0.358515509087614,0.702043872096393,0.457269189028311,0.732803606136181,0.420769156997343,0.69,0.46
