"","simul_idx","up_dw","low_dw","up_dw_x1_to_xn","low_dw_x1_to_xn","up_dw_x1_to_xn_tails","low_dw_x1_to_xn_tails","up_t_test","low_t_test","up_anderson","low_anderson","up_cheby","low_cheby","up_emp_bern","low_emp_bern","up_hoeffding","low_hoeffding","up_PI_emp_bern","low_PI_emp_bern","up_PI_hedged","low_PI_hedged"
"1",268,0.530964262357386,0.409802483240406,0.530962402624519,0.409803844096826,0.544241596505395,0.409803844096826,0.506776426448656,0.433429038664199,0.524816718819278,0.413391384033667,0.584818654814891,0.33695140902124,0.547800095614801,0.392405369498054,0.524836015607547,0.415369449505307,0.534589207429013,0.414304277248803,0.52,0.42
