"","simul_idx","up_dw","low_dw","up_dw_x1_to_xn","low_dw_x1_to_xn","up_dw_x1_to_xn_tails","low_dw_x1_to_xn_tails","up_t_test","low_t_test","up_anderson","low_anderson","up_cheby","low_cheby","up_emp_bern","low_emp_bern","up_hoeffding","low_hoeffding","up_PI_emp_bern","low_PI_emp_bern","up_PI_hedged","low_PI_hedged"
"1",410,0.536945021218415,0.41571139279569,0.536944181949419,0.415712342811242,0.550222779220285,0.415712342811242,0.512801478077592,0.439401511059448,0.530815200828657,0.419387545814759,0.590258802370051,0.343273539921165,0.553842189973722,0.398360799163318,0.53083477761964,0.4213682115174,0.53380455674363,0.414043545068157,0.53,0.43
