"","simul_idx","up_dw","low_dw","up_dw_x1_to_xn","low_dw_x1_to_xn","up_dw_x1_to_xn_tails","low_dw_x1_to_xn_tails","up_t_test","low_t_test","up_anderson","low_anderson","up_cheby","low_cheby","up_emp_bern","low_emp_bern","up_hoeffding","low_hoeffding","up_PI_emp_bern","low_PI_emp_bern","up_PI_hedged","low_PI_hedged"
"1",340,0.689656636656452,0.42439000635659,0.689643662932407,0.424411240146772,0.744262416758919,0.424411240146772,0.642332556141791,0.477255565917788,0.682092015047912,0.427464559282833,0.763875835719289,0.253931547971237,0.781760537889672,0.337827584169906,0.68218140256383,0.437406719495748,0.719148293707343,0.40480280578355,0.67,0.44
