"","simul_idx","up_dw","low_dw","up_dw_x1_to_xn","low_dw_x1_to_xn","up_dw_x1_to_xn_tails","low_dw_x1_to_xn_tails","up_t_test","low_t_test","up_anderson","low_anderson","up_cheby","low_cheby","up_emp_bern","low_emp_bern","up_hoeffding","low_hoeffding","up_PI_emp_bern","low_PI_emp_bern","up_PI_hedged","low_PI_hedged"
"1",319,0.648887777815958,0.278686766888631,0.648866234040424,0.278708088155264,0.745199944433104,0.278708088155264,0.579013810569603,0.341136274890897,0.633077601220247,0.267127498112472,0.753893086478428,0.0128986514053224,0.828430293630477,0.0917197918300232,0.633156880990479,0.286993204470022,0.683846411337624,0.246955236333185,0.62,0.3
