"","simul_idx","up_dw","low_dw","up_dw_x1_to_xn","low_dw_x1_to_xn","up_dw_x1_to_xn_tails","low_dw_x1_to_xn_tails","up_t_test","low_t_test","up_anderson","low_anderson","up_cheby","low_cheby","up_emp_bern","low_emp_bern","up_hoeffding","low_hoeffding","up_PI_emp_bern","low_PI_emp_bern","up_PI_hedged","low_PI_hedged"
"1",274,0.685462096656607,0.314477811089102,0.68542346765992,0.314512756569626,0.781777484255888,0.314512756569626,0.619145498072551,0.380792261621792,0.672885188029312,0.307062165479694,0.779888261144411,0.0533932052675413,0.868709475410903,0.13122828428344,0.6730507181074,0.326887041586943,0.712135906509329,0.277929175787984,0.64,0.31
