"","simul_idx","up_dw","low_dw","up_dw_x1_to_xn","low_dw_x1_to_xn","up_dw_x1_to_xn_tails","low_dw_x1_to_xn_tails","up_t_test","low_t_test","up_anderson","low_anderson","up_cheby","low_cheby","up_emp_bern","low_emp_bern","up_hoeffding","low_hoeffding","up_PI_emp_bern","low_PI_emp_bern","up_PI_hedged","low_PI_hedged"
"1",268,0.605091915445304,0.434142631577844,0.605091020681694,0.434148333758502,0.629878601805596,0.434148333758502,0.57208373769167,0.467920622281352,0.597369689795595,0.438622590402236,0.668707326100494,0.331296866181258,0.640254071951259,0.399750288021762,0.59740673119061,0.442597628782412,0.606733647740375,0.428426445223649,0.59,0.45
