"","simul_idx","up_dw","low_dw","up_dw_x1_to_xn","low_dw_x1_to_xn","up_dw_x1_to_xn_tails","low_dw_x1_to_xn_tails","up_t_test","low_t_test","up_anderson","low_anderson","up_cheby","low_cheby","up_emp_bern","low_emp_bern","up_hoeffding","low_hoeffding","up_PI_emp_bern","low_PI_emp_bern","up_PI_hedged","low_PI_hedged"
"1",181,0.60603217633516,0.0830124152680205,0.60595959253671,0.0831136788258496,0.803082454355864,0.0831136788258496,0.482170563997993,0.120496314903641,0.574696623268432,0.00186326412218984,0.760491627856557,-0.358713708588802,1.03842117179682,-0.435754292895187,0.574999854706415,0.027667024195218,0.699410113758631,-0.0627284722472155,0.56,0.09
