"","simul_idx","up_dw","low_dw","up_dw_x1_to_xn","low_dw_x1_to_xn","up_dw_x1_to_xn_tails","low_dw_x1_to_xn_tails","up_t_test","low_t_test","up_anderson","low_anderson","up_cheby","low_cheby","up_emp_bern","low_emp_bern","up_hoeffding","low_hoeffding","up_PI_emp_bern","low_PI_emp_bern","up_PI_hedged","low_PI_hedged"
"1",45,0.605785622941485,0.0826047913584607,0.605714408497557,0.0826923114483484,0.802816339068567,0.0826923114483484,0.482105435812334,0.119727589002233,0.574327851747121,0.00123803706539468,0.760263529943206,-0.359041513400162,1.03855686692196,-0.436723842107396,0.574582927662882,0.0272500971516847,0.670919487017243,-0.0836989600739159,0.57,0.11
