"","simul_idx","up_dw","low_dw","up_dw_x1_to_xn","low_dw_x1_to_xn","up_dw_x1_to_xn_tails","low_dw_x1_to_xn_tails","up_t_test","low_t_test","up_anderson","low_anderson","up_cheby","low_cheby","up_emp_bern","low_emp_bern","up_hoeffding","low_hoeffding","up_PI_emp_bern","low_PI_emp_bern","up_PI_hedged","low_PI_hedged"
"1",248,0.780932689123167,0.218906885213858,0.78087267013012,0.21895973543986,0.97792179863347,0.21895973543986,0.697384634804136,0.302414161378175,0.773174743432544,0.176642947920443,0.860333748273162,-0.193801217484955,1.2631387669291,-0.263339970746792,0.773565813346754,0.226232982835557,0.906223446371597,0.117863475088608,0.75,0.25
