"","simul_idx","up_dw","low_dw","up_dw_x1_to_xn","low_dw_x1_to_xn","up_dw_x1_to_xn_tails","low_dw_x1_to_xn_tails","up_t_test","low_t_test","up_anderson","low_anderson","up_cheby","low_cheby","up_emp_bern","low_emp_bern","up_hoeffding","low_hoeffding","up_PI_emp_bern","low_PI_emp_bern","up_PI_hedged","low_PI_hedged"
"1",364,0.591627036094465,0.226983738708512,0.59155275702315,0.22701044388517,0.687894491862034,0.22701044388517,0.517106451242074,0.283464100521775,0.573250277689638,0.207451027789475,0.713587820524835,-0.0464456940549611,0.765209786244071,0.0353607655197782,0.573367114142153,0.227203437621696,0.611031344366304,0.181631683871868,0.58,0.25
