"","simul_idx","up_dw","low_dw","up_dw_x1_to_xn","low_dw_x1_to_xn","up_dw_x1_to_xn_tails","low_dw_x1_to_xn_tails","up_t_test","low_t_test","up_anderson","low_anderson","up_cheby","low_cheby","up_emp_bern","low_emp_bern","up_hoeffding","low_hoeffding","up_PI_emp_bern","low_PI_emp_bern","up_PI_hedged","low_PI_hedged"
"1",274,0.589441516324137,0.418399748125342,0.589439842205083,0.418403447339522,0.614224498818381,0.418403447339522,0.556099214928704,0.451898907357418,0.581366021880165,0.422627313691406,0.655106389653062,0.314122574083594,0.624281547201039,0.383716575085083,0.58140361234716,0.426594509938962,0.598129598061822,0.418218783741408,0.58,0.43
