"","simul_idx","up_dw","low_dw","up_dw_x1_to_xn","low_dw_x1_to_xn","up_dw_x1_to_xn_tails","low_dw_x1_to_xn_tails","up_t_test","low_t_test","up_anderson","low_anderson","up_cheby","low_cheby","up_emp_bern","low_emp_bern","up_hoeffding","low_hoeffding","up_PI_emp_bern","low_PI_emp_bern","up_PI_hedged","low_PI_hedged"
"1",159,0.818748446924654,0.258879684594794,0.81869984829374,0.258928000637444,1.0157420712535,0.258928000637444,0.746581066924971,0.353456921774827,0.823325991648576,0.226657436276818,0.882534413837005,-0.149175754703807,1.31180821360232,-0.211770224902525,0.823685409605498,0.2763525790943,0.92839979019757,0.144819969419352,0.78,0.27
