"","simul_idx","up_dw","low_dw","up_dw_x1_to_xn","low_dw_x1_to_xn","up_dw_x1_to_xn_tails","low_dw_x1_to_xn_tails","up_t_test","low_t_test","up_anderson","low_anderson","up_cheby","low_cheby","up_emp_bern","low_emp_bern","up_hoeffding","low_hoeffding","up_PI_emp_bern","low_PI_emp_bern","up_PI_hedged","low_PI_hedged"
"1",4,0.703313853094535,0.332526208213985,0.703284951246287,0.332569687632242,0.799651687245797,0.332569687632242,0.638910975728293,0.400636418811723,0.692714291492732,0.326868363478461,0.792510567149051,0.0737789283009625,0.888450557939015,0.151096836601002,0.692855535530236,0.34669185900978,0.733386052955747,0.295902549266927,0.68,0.36
