"","simul_idx","up_dw","low_dw","up_dw_x1_to_xn","low_dw_x1_to_xn","up_dw_x1_to_xn_tails","low_dw_x1_to_xn_tails","up_t_test","low_t_test","up_anderson","low_anderson","up_cheby","low_cheby","up_emp_bern","low_emp_bern","up_hoeffding","low_hoeffding","up_PI_emp_bern","low_PI_emp_bern","up_PI_hedged","low_PI_hedged"
"1",124,0.546820175379748,0.425503859327293,0.5468197757692,0.425504632682517,0.560098133082565,0.425504632682517,0.522758726344662,0.449294962905443,0.540742220166302,0.429318565206923,0.599244033138774,0.353749779851525,0.563820116845292,0.408233572404813,0.540760127676172,0.431293561573933,0.544141586446857,0.424395248247054,0.54,0.44
