"","simul_idx","up_dw","low_dw","up_dw_x1_to_xn","low_dw_x1_to_xn","up_dw_x1_to_xn_tails","low_dw_x1_to_xn_tails","up_t_test","low_t_test","up_anderson","low_anderson","up_cheby","low_cheby","up_emp_bern","low_emp_bern","up_hoeffding","low_hoeffding","up_PI_emp_bern","low_PI_emp_bern","up_PI_hedged","low_PI_hedged"
"1",2,0.738766969282215,0.369894646469895,0.738737718512932,0.369910884408887,0.835063852462281,0.369910884408887,0.678328462487141,0.441353574966473,0.732822047690693,0.366915646980163,0.817441346663382,0.115627017881296,0.92746507331381,0.192216964139804,0.732922856987035,0.386759180466578,0.772567911305289,0.336044987404668,0.72,0.39
