"","simul_idx","up_dw","low_dw","up_dw_x1_to_xn","low_dw_x1_to_xn","up_dw_x1_to_xn_tails","low_dw_x1_to_xn_tails","up_t_test","low_t_test","up_anderson","low_anderson","up_cheby","low_cheby","up_emp_bern","low_emp_bern","up_hoeffding","low_hoeffding","up_PI_emp_bern","low_PI_emp_bern","up_PI_hedged","low_PI_hedged"
"1",216,0.572215373899044,0.210244860641385,0.572194367956498,0.210254403431947,0.66851052312497,0.210254403431947,0.496373831672908,0.264662338437865,0.553522325252642,0.187592855665816,0.699925241145401,-0.0657284327197564,0.743878491107337,0.0171576790034359,0.553599923315615,0.207436246795158,0.599085427513297,0.174185252524414,0.57,0.24
