"","simul_idx","up_dw","low_dw","up_dw_x1_to_xn","low_dw_x1_to_xn","up_dw_x1_to_xn_tails","low_dw_x1_to_xn_tails","up_t_test","low_t_test","up_anderson","low_anderson","up_cheby","low_cheby","up_emp_bern","low_emp_bern","up_hoeffding","low_hoeffding","up_PI_emp_bern","low_PI_emp_bern","up_PI_hedged","low_PI_hedged"
"1",66,0.534834867509124,0.413634419388641,0.534834141582558,0.413635146967624,0.548112470604843,0.413635146967624,0.510673837328984,0.437303137958019,0.528704014081984,0.41728026786271,0.588343379755542,0.341045811702304,0.55170506257852,0.396271912708482,0.528721770694621,0.419255204592382,0.531563614349869,0.412215328107574,0.52,0.43
