"","simul_idx","up_dw","low_dw","up_dw_x1_to_xn","low_dw_x1_to_xn","up_dw_x1_to_xn_tails","low_dw_x1_to_xn_tails","up_t_test","low_t_test","up_anderson","low_anderson","up_cheby","low_cheby","up_emp_bern","low_emp_bern","up_hoeffding","low_hoeffding","up_PI_emp_bern","low_PI_emp_bern","up_PI_hedged","low_PI_hedged"
"1",439,0.548847946796346,0.427539506460165,0.548846266271136,0.427540466169327,0.562124887898617,0.427540466169327,0.524797636016634,0.451359613423998,0.542789096604103,0.431366953074843,0.601098978469771,0.355917932746535,0.565850683027503,0.410306566413129,0.542811907771436,0.433345341669196,0.549691245772962,0.430255630888558,0.54,0.44
