"","simul_idx","up_dw","low_dw","up_dw_x1_to_xn","low_dw_x1_to_xn","up_dw_x1_to_xn_tails","low_dw_x1_to_xn_tails","up_t_test","low_t_test","up_anderson","low_anderson","up_cheby","low_cheby","up_emp_bern","low_emp_bern","up_hoeffding","low_hoeffding","up_PI_emp_bern","low_PI_emp_bern","up_PI_hedged","low_PI_hedged"
"1",210,0.573719952483074,0.402711219803125,0.57371705863444,0.402714636281682,0.598501319585813,0.402714636281682,0.540081181569485,0.435883610057655,0.565349609460035,0.406616959295218,0.641420326546823,0.297007357710042,0.608262631202162,0.367702160424978,0.565386947017669,0.410577844609471,0.581487068370027,0.40194813630071,0.56,0.42
