"","simul_idx","up_dw","low_dw","up_dw_x1_to_xn","low_dw_x1_to_xn","up_dw_x1_to_xn_tails","low_dw_x1_to_xn_tails","up_t_test","low_t_test","up_anderson","low_anderson","up_cheby","low_cheby","up_emp_bern","low_emp_bern","up_hoeffding","low_hoeffding","up_PI_emp_bern","low_PI_emp_bern","up_PI_hedged","low_PI_hedged"
"1",101,0.569900472073051,0.398909164464999,0.569896140631149,0.398911775095828,0.594679209140169,0.398911775095828,0.536190386095349,0.43200500134976,0.561469303076391,0.402730710931474,0.638090043682345,0.29286705963026,0.604367904335687,0.363827483109422,0.561502244926653,0.406693142518456,0.576736703275482,0.39794156971601,0.56,0.41
