"","simul_idx","up_dw","low_dw","up_dw_x1_to_xn","low_dw_x1_to_xn","up_dw_x1_to_xn_tails","low_dw_x1_to_xn_tails","up_t_test","low_t_test","up_anderson","low_anderson","up_cheby","low_cheby","up_emp_bern","low_emp_bern","up_hoeffding","low_hoeffding","up_PI_emp_bern","low_PI_emp_bern","up_PI_hedged","low_PI_hedged"
"1",318,0.643024039307256,0.376155912326039,0.643014873536158,0.376166727744675,0.697618243811567,0.376166727744675,0.593178031939216,0.426967197083729,0.632391175342989,0.377763297492635,0.727154652357673,0.20025010129955,0.73296650905065,0.287178719972295,0.632459956045514,0.387685272977432,0.665756525350496,0.349324632583915,0.63,0.4
