"","simul_idx","up_dw","low_dw","up_dw_x1_to_xn","low_dw_x1_to_xn","up_dw_x1_to_xn_tails","low_dw_x1_to_xn_tails","up_t_test","low_t_test","up_anderson","low_anderson","up_cheby","low_cheby","up_emp_bern","low_emp_bern","up_hoeffding","low_hoeffding","up_PI_emp_bern","low_PI_emp_bern","up_PI_hedged","low_PI_hedged"
"1",193,0.54489157339712,0.42359635868693,0.544890602700287,0.42359785272452,0.558170044132917,0.42359785272452,0.520809525370481,0.447372831216815,0.538802663349638,0.427379777726375,0.59749327575467,0.351705113056405,0.561862141788794,0.406320214798502,0.538824461344768,0.429357895242528,0.546277447729258,0.426676014466344,0.53,0.43
