"","simul_idx","up_dw","low_dw","up_dw_x1_to_xn","low_dw_x1_to_xn","up_dw_x1_to_xn_tails","low_dw_x1_to_xn_tails","up_t_test","low_t_test","up_anderson","low_anderson","up_cheby","low_cheby","up_emp_bern","low_emp_bern","up_hoeffding","low_hoeffding","up_PI_emp_bern","low_PI_emp_bern","up_PI_hedged","low_PI_hedged"
"1",334,0.887454093456564,0.347093055684107,0.887444053511846,0.347252205898886,1.08465507648407,0.347252205898886,0.838340858948807,0.462052928133735,0.92310795945665,0.326874433239092,0.92273707138965,-0.0558078800012887,1.39876255468674,-0.0983687676041978,0.92386330879687,0.376530478285672,1.0210351654719,0.247816158970891,0.87,0.39
