"","simul_idx","up_dw","low_dw","up_dw_x1_to_xn","low_dw_x1_to_xn","up_dw_x1_to_xn_tails","low_dw_x1_to_xn_tails","up_t_test","low_t_test","up_anderson","low_anderson","up_cheby","low_cheby","up_emp_bern","low_emp_bern","up_hoeffding","low_hoeffding","up_PI_emp_bern","low_PI_emp_bern","up_PI_hedged","low_PI_hedged"
"1",289,0.601877117861079,0.480907906371906,0.601875463040014,0.480909030913219,0.615154368199089,0.480909030913219,0.578387190780284,0.50516677453414,0.596483235211663,0.485069060836389,0.649329002325714,0.412978806806074,0.619369704123276,0.464184261191147,0.596510265708331,0.487043699606092,0.603029191354711,0.483944825428486,0.59,0.49
