"","simul_idx","up_dw","low_dw","up_dw_x1_to_xn","low_dw_x1_to_xn","up_dw_x1_to_xn_tails","low_dw_x1_to_xn_tails","up_t_test","low_t_test","up_anderson","low_anderson","up_cheby","low_cheby","up_emp_bern","low_emp_bern","up_hoeffding","low_hoeffding","up_PI_emp_bern","low_PI_emp_bern","up_PI_hedged","low_PI_hedged"
"1",369,0.604948854213921,0.43402919029416,0.604947925645758,0.434033671743969,0.629733725371196,0.434033671743969,0.571923012712923,0.467818380869559,0.597239580603905,0.438502893673179,0.668595885269882,0.331155454713274,0.640074480454316,0.399666913128166,0.59727524799534,0.442466145587142,0.614005138652269,0.434912945028221,0.59,0.45
