"","simul_idx","up_dw","low_dw","up_dw_x1_to_xn","low_dw_x1_to_xn","up_dw_x1_to_xn_tails","low_dw_x1_to_xn_tails","up_t_test","low_t_test","up_anderson","low_anderson","up_cheby","low_cheby","up_emp_bern","low_emp_bern","up_hoeffding","low_hoeffding","up_PI_emp_bern","low_PI_emp_bern","up_PI_hedged","low_PI_hedged"
"1",232,0.68579915551638,0.314773966812327,0.68578717292534,0.314817272019851,0.782153649272543,0.314817272019851,0.619512981103622,0.381113406440493,0.67324962298975,0.307372281075786,0.780109340097454,0.0537459828559748,0.869091325921605,0.13153506162251,0.673395032032286,0.327231355511829,0.714026889728623,0.276792825125788,0.66,0.34
