"","simul_idx","up_dw","low_dw","up_dw_x1_to_xn","low_dw_x1_to_xn","up_dw_x1_to_xn_tails","low_dw_x1_to_xn_tails","up_t_test","low_t_test","up_anderson","low_anderson","up_cheby","low_cheby","up_emp_bern","low_emp_bern","up_hoeffding","low_hoeffding","up_PI_emp_bern","low_PI_emp_bern","up_PI_hedged","low_PI_hedged"
"1",184,0.584287119350392,0.463051332760269,0.584286343265098,0.463053183955391,0.597566360968046,0.463053183955391,0.560594174967183,0.487198053977423,0.578608160521686,0.467180554404457,0.633338545608209,0.393908737670816,0.601633640233822,0.446158588710784,0.578629397523423,0.469162831421183,0.58158231397672,0.462183838190745,0.57,0.47
