"","simul_idx","up_dw","low_dw","up_dw_x1_to_xn","low_dw_x1_to_xn","up_dw_x1_to_xn_tails","low_dw_x1_to_xn_tails","up_t_test","low_t_test","up_anderson","low_anderson","up_cheby","low_cheby","up_emp_bern","low_emp_bern","up_hoeffding","low_hoeffding","up_PI_emp_bern","low_PI_emp_bern","up_PI_hedged","low_PI_hedged"
"1",490,0.542893968653705,0.421606173778843,0.542893036968766,0.421607017206744,0.556171572273651,0.421607017206744,0.518793086477505,0.445363523465832,0.536795014431865,0.425365946288817,0.595671879760285,0.349579698615536,0.559843391448523,0.404313218494814,0.536811588022788,0.427345021920549,0.544743336091282,0.425158350602454,0.53,0.43
