"","simul_idx","up_dw","low_dw","up_dw_x1_to_xn","low_dw_x1_to_xn","up_dw_x1_to_xn_tails","low_dw_x1_to_xn_tails","up_t_test","low_t_test","up_anderson","low_anderson","up_cheby","low_cheby","up_emp_bern","low_emp_bern","up_hoeffding","low_hoeffding","up_PI_emp_bern","low_PI_emp_bern","up_PI_hedged","low_PI_hedged"
"1",88,0.703608689707206,0.332783904753198,0.703581577201374,0.332810966051905,0.799923842822201,0.332810966051905,0.63928234719199,0.400881341805092,0.693008509241101,0.327138218497659,0.792705431018209,0.0740976431460258,0.888861135615661,0.151302553381421,0.69316368275877,0.347000006238313,0.744148783253954,0.305486153440906,0.68,0.35
