"","simul_idx","up_dw","low_dw","up_dw_x1_to_xn","low_dw_x1_to_xn","up_dw_x1_to_xn_tails","low_dw_x1_to_xn_tails","up_t_test","low_t_test","up_anderson","low_anderson","up_cheby","low_cheby","up_emp_bern","low_emp_bern","up_hoeffding","low_hoeffding","up_PI_emp_bern","low_PI_emp_bern","up_PI_hedged","low_PI_hedged"
"1",223,0.661721129924599,0.395283856561643,0.661711926192957,0.395301647472771,0.716325596335744,0.395301647472771,0.612850962232538,0.446987946131927,0.652196628168507,0.397614948282498,0.74193963627109,0.221550280423878,0.752528853603203,0.307310054761261,0.652306795716273,0.407532112648192,0.685076550536551,0.36950656626506,0.65,0.41
