"","simul_idx","up_dw","low_dw","up_dw_x1_to_xn","low_dw_x1_to_xn","up_dw_x1_to_xn_tails","low_dw_x1_to_xn_tails","up_t_test","low_t_test","up_anderson","low_anderson","up_cheby","low_cheby","up_emp_bern","low_emp_bern","up_hoeffding","low_hoeffding","up_PI_emp_bern","low_PI_emp_bern","up_PI_hedged","low_PI_hedged"
"1",233,0.616578185209143,0.445836326923354,0.616576282662229,0.445840367548443,0.641361468140669,0.445840367548443,0.583820118876302,0.479800241625004,0.60917457199985,0.450444134823999,0.678694349563782,0.344017535533628,0.651944245192801,0.411676115308505,0.609214731454752,0.454405629046554,0.617107255351205,0.437424143674813,0.6,0.46
