"","simul_idx","up_dw","low_dw","up_dw_x1_to_xn","low_dw_x1_to_xn","up_dw_x1_to_xn_tails","low_dw_x1_to_xn_tails","up_t_test","low_t_test","up_anderson","low_anderson","up_cheby","low_cheby","up_emp_bern","low_emp_bern","up_hoeffding","low_hoeffding","up_PI_emp_bern","low_PI_emp_bern","up_PI_hedged","low_PI_hedged"
"1",89,0.818538785781228,0.258535413285951,0.818425725523034,0.25857917269327,1.01546100874494,0.25857917269327,0.746366452755326,0.352970841725225,0.823108959139243,0.226302292143958,0.882383827052895,-0.149492297399194,1.31167108216971,-0.212333787689154,0.823335062495874,0.276002231984677,0.931115357975004,0.141419669046972,0.8,0.3
