"","simul_idx","up_dw","low_dw","up_dw_x1_to_xn","low_dw_x1_to_xn","up_dw_x1_to_xn_tails","low_dw_x1_to_xn_tails","up_t_test","low_t_test","up_anderson","low_anderson","up_cheby","low_cheby","up_emp_bern","low_emp_bern","up_hoeffding","low_hoeffding","up_PI_emp_bern","low_PI_emp_bern","up_PI_hedged","low_PI_hedged"
"1",225,0.545832581817453,0.282729842465049,0.545813592325066,0.282735123129394,0.600408803636496,0.282735123129394,0.491936677815484,0.328489859203226,0.532510330828763,0.27793787676808,0.650413625627704,0.0954286807529414,0.630846361648899,0.189580175369811,0.532600610043396,0.287825926975314,0.563471334362189,0.252894924233054,0.53,0.3
