"","simul_idx","up_dw","low_dw","up_dw_x1_to_xn","low_dw_x1_to_xn","up_dw_x1_to_xn_tails","low_dw_x1_to_xn_tails","up_t_test","low_t_test","up_anderson","low_anderson","up_cheby","low_cheby","up_emp_bern","low_emp_bern","up_hoeffding","low_hoeffding","up_PI_emp_bern","low_PI_emp_bern","up_PI_hedged","low_PI_hedged"
"1",483,0.611288411807962,0.244190496158911,0.611246859941367,0.244211586110983,0.707580225571366,0.244211586110983,0.538296287231953,0.302666684143411,0.593452230609476,0.22755272996027,0.727376649921161,-0.0265741737750239,0.787015783420647,0.0539471879547169,0.593563323947911,0.247399647427454,0.643081032308955,0.209334184007082,0.59,0.27
