"","simul_idx","up_dw","low_dw","up_dw_x1_to_xn","low_dw_x1_to_xn","up_dw_x1_to_xn_tails","low_dw_x1_to_xn_tails","up_t_test","low_t_test","up_anderson","low_anderson","up_cheby","low_cheby","up_emp_bern","low_emp_bern","up_hoeffding","low_hoeffding","up_PI_emp_bern","low_PI_emp_bern","up_PI_hedged","low_PI_hedged"
"1",272,0.721180961608027,0.35107792572949,0.72117755725009,0.351086042109843,0.817491586426126,0.351086042109843,0.658655217572457,0.421001188459458,0.712830190953892,0.346894046486572,0.805092577453635,0.0946210942396278,0.908002400894173,0.171654005137744,0.712910041276187,0.36674636475573,0.763176463705654,0.325567873553619,0.7,0.37
