"","simul_idx","up_dw","low_dw","up_dw_x1_to_xn","low_dw_x1_to_xn","up_dw_x1_to_xn_tails","low_dw_x1_to_xn_tails","up_t_test","low_t_test","up_anderson","low_anderson","up_cheby","low_cheby","up_emp_bern","low_emp_bern","up_hoeffding","low_hoeffding","up_PI_emp_bern","low_PI_emp_bern","up_PI_hedged","low_PI_hedged"
"1",97,0.698676468083048,0.145863143318765,0.698571081733881,0.145916298948545,0.895620675365995,0.145916298948545,0.593766068151643,0.206547221462555,0.673600047736886,0.0770657906553444,0.812435759457768,-0.278893566381636,1.1573077039729,-0.356994414358707,0.673823060062698,0.1264902295515,0.781421259283525,-0.000528614109791159,0.67,0.18
