"","simul_idx","up_dw","low_dw","up_dw_x1_to_xn","low_dw_x1_to_xn","up_dw_x1_to_xn_tails","low_dw_x1_to_xn_tails","up_t_test","low_t_test","up_anderson","low_anderson","up_cheby","low_cheby","up_emp_bern","low_emp_bern","up_hoeffding","low_hoeffding","up_PI_emp_bern","low_PI_emp_bern","up_PI_hedged","low_PI_hedged"
"1",202,0.66713589180319,0.296322671058135,0.667089256526691,0.29633598287002,0.763411029231249,0.29633598287002,0.599042796941512,0.36063356393526,0.652803165306227,0.286946653858086,0.766864113540056,0.0328661871905866,0.848624136394829,0.111052224481942,0.652920018698614,0.306756342178157,0.693954477098635,0.256262493086965,0.65,0.32
