"","simul_idx","up_dw","low_dw","up_dw_x1_to_xn","low_dw_x1_to_xn","up_dw_x1_to_xn_tails","low_dw_x1_to_xn_tails","up_t_test","low_t_test","up_anderson","low_anderson","up_cheby","low_cheby","up_emp_bern","low_emp_bern","up_hoeffding","low_hoeffding","up_PI_emp_bern","low_PI_emp_bern","up_PI_hedged","low_PI_hedged"
"1",251,0.54290771091944,0.421623630783527,0.542907151972421,0.421624928749775,0.556186308834185,0.421624928749775,0.518805714406417,0.445382678653306,0.536807850172934,0.425378581820289,0.595686262826723,0.349596475467123,0.559853903669438,0.404334489390286,0.536827479580981,0.427360913478742,0.539848372765934,0.420422021170047,0.53,0.43
