"","simul_idx","up_dw","low_dw","up_dw_x1_to_xn","low_dw_x1_to_xn","up_dw_x1_to_xn_tails","low_dw_x1_to_xn_tails","up_t_test","low_t_test","up_anderson","low_anderson","up_cheby","low_cheby","up_emp_bern","low_emp_bern","up_hoeffding","low_hoeffding","up_PI_emp_bern","low_PI_emp_bern","up_PI_hedged","low_PI_hedged"
"1",465,0.55667690890871,0.435324086111928,0.556675845158714,0.435325074303751,0.569954552425064,0.435325074303751,0.532700679907857,0.459221462406725,0.550675528828863,0.439249329905951,0.608217193127065,0.364255495416643,0.573767079599109,0.418155062715473,0.550694354208411,0.441227788106171,0.55693212864543,0.437182582834205,0.54,0.45
