"","simul_idx","up_dw","low_dw","up_dw_x1_to_xn","low_dw_x1_to_xn","up_dw_x1_to_xn_tails","low_dw_x1_to_xn_tails","up_t_test","low_t_test","up_anderson","low_anderson","up_cheby","low_cheby","up_emp_bern","low_emp_bern","up_hoeffding","low_hoeffding","up_PI_emp_bern","low_PI_emp_bern","up_PI_hedged","low_PI_hedged"
"1",185,0.6143473483293,0.347619551085288,0.614331874913369,0.3476257411971,0.66892841555676,0.3476257411971,0.563070597456533,0.396993616399771,0.602360891919186,0.347728670661496,0.704469718641712,0.168315930318564,0.70281651699659,0.257247696859713,0.602419448462193,0.357644765394111,0.635892738765551,0.319403685827695,0.6,0.37
