"","simul_idx","up_dw","low_dw","up_dw_x1_to_xn","low_dw_x1_to_xn","up_dw_x1_to_xn_tails","low_dw_x1_to_xn_tails","up_t_test","low_t_test","up_anderson","low_anderson","up_cheby","low_cheby","up_emp_bern","low_emp_bern","up_hoeffding","low_hoeffding","up_PI_emp_bern","low_PI_emp_bern","up_PI_hedged","low_PI_hedged"
"1",436,0.564579823657871,0.443229602565574,0.564579066252239,0.443230799692071,0.577858076758829,0.443230799692071,0.540679819096743,0.467206960504378,0.558658076654452,0.447230518600026,0.615412445742166,0.372711847984423,0.58174415764793,0.426142621953191,0.55867667285168,0.449210106749441,0.567945846905081,0.447886224635618,0.56,0.46
