"","simul_idx","up_dw","low_dw","up_dw_x1_to_xn","low_dw_x1_to_xn","up_dw_x1_to_xn_tails","low_dw_x1_to_xn_tails","up_t_test","low_t_test","up_anderson","low_anderson","up_cheby","low_cheby","up_emp_bern","low_emp_bern","up_hoeffding","low_hoeffding","up_PI_emp_bern","low_PI_emp_bern","up_PI_hedged","low_PI_hedged"
"1",43,0.538246705675271,0.367896643296147,0.538243451840565,0.367902361359142,0.563031075542335,0.367902361359142,0.504038198752694,0.400325865530432,0.529549550636739,0.370817671549251,0.61057389097958,0.259006940061887,0.572063112840492,0.332300951442634,0.529586583345662,0.374777480937464,0.543543498897508,0.365158913593792,0.52,0.38
