"","simul_idx","up_dw","low_dw","up_dw_x1_to_xn","low_dw_x1_to_xn","up_dw_x1_to_xn_tails","low_dw_x1_to_xn_tails","up_t_test","low_t_test","up_anderson","low_anderson","up_cheby","low_cheby","up_emp_bern","low_emp_bern","up_hoeffding","low_hoeffding","up_PI_emp_bern","low_PI_emp_bern","up_PI_hedged","low_PI_hedged"
"1",10,0.536967614969481,0.415725474680376,0.536965732227764,0.415726046208389,0.550243834763305,0.415726046208389,0.512816416434033,0.439423770484216,0.530838236785425,0.419406929625474,0.590275658142136,0.343293152562029,0.553854755321239,0.39838543159701,0.530853376510244,0.421386810408005,0.537891835851877,0.418538064712371,0.53,0.43
