"","simul_idx","up_dw","low_dw","up_dw_x1_to_xn","low_dw_x1_to_xn","up_dw_x1_to_xn_tails","low_dw_x1_to_xn_tails","up_t_test","low_t_test","up_anderson","low_anderson","up_cheby","low_cheby","up_emp_bern","low_emp_bern","up_hoeffding","low_hoeffding","up_PI_emp_bern","low_PI_emp_bern","up_PI_hedged","low_PI_hedged"
"1",19,0.573849708147864,0.402862170394232,0.573847399996165,0.402867311227321,0.5986341633047,0.402867311227321,0.540202382989118,0.43604899250896,0.565489728213041,0.406758297581374,0.641543087859876,0.297160157811353,0.608369580032882,0.367881795465196,0.565530238953138,0.41072113654494,0.579439207486535,0.400859008029786,0.56,0.42
