"","simul_idx","up_dw","low_dw","up_dw_x1_to_xn","low_dw_x1_to_xn","up_dw_x1_to_xn_tails","low_dw_x1_to_xn_tails","up_t_test","low_t_test","up_anderson","low_anderson","up_cheby","low_cheby","up_emp_bern","low_emp_bern","up_hoeffding","low_hoeffding","up_PI_emp_bern","low_PI_emp_bern","up_PI_hedged","low_PI_hedged"
"1",17,0.780221928547598,0.218424235635611,0.780014817457555,0.218427014492296,0.976987687460459,0.218427014492296,0.696487343131132,0.301807687816675,0.772568594013098,0.176289273040267,0.859990822741741,-0.19446080210987,1.26215846893774,-0.263863437989928,0.772813930729502,0.225481100218305,0.907314631186474,0.115321741431607,0.74,0.25
