"","simul_idx","up_dw","low_dw","up_dw_x1_to_xn","low_dw_x1_to_xn","up_dw_x1_to_xn_tails","low_dw_x1_to_xn_tails","up_t_test","low_t_test","up_anderson","low_anderson","up_cheby","low_cheby","up_emp_bern","low_emp_bern","up_hoeffding","low_hoeffding","up_PI_emp_bern","low_PI_emp_bern","up_PI_hedged","low_PI_hedged"
"1",362,0.642910458320634,0.376033207468196,0.64290947054135,0.376050007331294,0.697521677323194,0.376050007331294,0.593061998592651,0.426831028019889,0.632268493496361,0.377648577810239,0.727060188972201,0.200115289766472,0.732856877668267,0.287036148944273,0.632333854840311,0.387559171772229,0.666080694935609,0.348752618161214,0.63,0.39
