"","simul_idx","up_dw","low_dw","up_dw_x1_to_xn","low_dw_x1_to_xn","up_dw_x1_to_xn_tails","low_dw_x1_to_xn_tails","up_t_test","low_t_test","up_anderson","low_anderson","up_cheby","low_cheby","up_emp_bern","low_emp_bern","up_hoeffding","low_hoeffding","up_PI_emp_bern","low_PI_emp_bern","up_PI_hedged","low_PI_hedged"
"1",250,0.548884509972495,0.42756323874706,0.548883213373593,0.427564959149507,0.562162955146903,0.427564959149507,0.524838662429691,0.451378795959127,0.542820761285365,0.431396327943807,0.60112618850839,0.355949751088489,0.565898789789344,0.410318668599473,0.542842012245528,0.433375446143289,0.546831116084655,0.427143679125715,0.54,0.44
