"","simul_idx","up_dw","low_dw","up_dw_x1_to_xn","low_dw_x1_to_xn","up_dw_x1_to_xn_tails","low_dw_x1_to_xn_tails","up_t_test","low_t_test","up_anderson","low_anderson","up_cheby","low_cheby","up_emp_bern","low_emp_bern","up_hoeffding","low_hoeffding","up_PI_emp_bern","low_PI_emp_bern","up_PI_hedged","low_PI_hedged"
"1",457,0.652490867835229,0.385769689481371,0.652487751205324,0.385790125318113,0.707105326790354,0.385790125318113,0.6031317871214,0.437044440042434,0.642384429439843,0.387760442230748,0.73463634579142,0.210978406175701,0.742881002441883,0.29729522472195,0.642475455115957,0.397700772047876,0.674927556354614,0.360091867451549,0.62,0.39
