"","simul_idx","up_dw","low_dw","up_dw_x1_to_xn","low_dw_x1_to_xn","up_dw_x1_to_xn_tails","low_dw_x1_to_xn_tails","up_t_test","low_t_test","up_anderson","low_anderson","up_cheby","low_cheby","up_emp_bern","low_emp_bern","up_hoeffding","low_hoeffding","up_PI_emp_bern","low_PI_emp_bern","up_PI_hedged","low_PI_hedged"
"1",185,0.577585824259385,0.406563993651987,0.577583030981023,0.406565954865659,0.602365147784826,0.406565954865659,0.544015797390602,0.439819618094132,0.569288603957863,0.410552771604274,0.644789710338253,0.301205881473991,0.612196797901281,0.371638617583453,0.569322258946466,0.414513156538268,0.579657067515824,0.399696312062558,0.56,0.42
