"","simul_idx","up_dw","low_dw","up_dw_x1_to_xn","low_dw_x1_to_xn","up_dw_x1_to_xn_tails","low_dw_x1_to_xn_tails","up_t_test","low_t_test","up_anderson","low_anderson","up_cheby","low_cheby","up_emp_bern","low_emp_bern","up_hoeffding","low_hoeffding","up_PI_emp_bern","low_PI_emp_bern","up_PI_hedged","low_PI_hedged"
"1",197,0.685425512413869,0.314337365755555,0.685404449993471,0.314361884440126,0.781742925976236,0.314361884440126,0.619127298283991,0.380613059090805,0.672826073045708,0.306939111970819,0.779824876007944,0.0532920884710523,0.868741195623658,0.130999161751138,0.672952016947627,0.32678834042717,0.72434284582062,0.285231225574865,0.66,0.34
