"","simul_idx","up_dw","low_dw","up_dw_x1_to_xn","low_dw_x1_to_xn","up_dw_x1_to_xn_tails","low_dw_x1_to_xn_tails","up_t_test","low_t_test","up_anderson","low_anderson","up_cheby","low_cheby","up_emp_bern","low_emp_bern","up_hoeffding","low_hoeffding","up_PI_emp_bern","low_PI_emp_bern","up_PI_hedged","low_PI_hedged"
"1",406,0.573842319341693,0.402824752509224,0.573838955416692,0.402827502488842,0.598622224875649,0.402827502488842,0.540192903551887,0.43601214408531,0.565478265493965,0.406732247617786,0.641523243205192,0.29713545644596,0.608368929699401,0.367836117937796,0.565507075022698,0.4106979726145,0.57541321655847,0.397014236801748,0.56,0.42
