"","simul_idx","up_dw","low_dw","up_dw_x1_to_xn","low_dw_x1_to_xn","up_dw_x1_to_xn_tails","low_dw_x1_to_xn_tails","up_t_test","low_t_test","up_anderson","low_anderson","up_cheby","low_cheby","up_emp_bern","low_emp_bern","up_hoeffding","low_hoeffding","up_PI_emp_bern","low_PI_emp_bern","up_PI_hedged","low_PI_hedged"
"1",182,0.66701118765636,0.296185271050141,0.666982147552887,0.296198276236727,0.763303463247909,0.296198276236727,0.598842041538189,0.360543374742491,0.652681736092746,0.286808003652954,0.766769298321806,0.0327185485787615,0.848389099181812,0.110996317098869,0.652774546400569,0.306610869880112,0.694263933892429,0.255662815472067,0.65,0.32
