"","simul_idx","up_dw","low_dw","up_dw_x1_to_xn","low_dw_x1_to_xn","up_dw_x1_to_xn_tails","low_dw_x1_to_xn_tails","up_t_test","low_t_test","up_anderson","low_anderson","up_cheby","low_cheby","up_emp_bern","low_emp_bern","up_hoeffding","low_hoeffding","up_PI_emp_bern","low_PI_emp_bern","up_PI_hedged","low_PI_hedged"
"1",64,0.741535121652002,0.181828796421556,0.741454081812888,0.181949208224492,0.938606106334759,0.181949208224492,0.647203739970058,0.254027116867845,0.723839327092033,0.127315749588867,0.837262372767375,-0.236441801542106,1.21244586508728,-0.311215008249378,0.72428184367455,0.176949013163353,0.833377255548411,0.0459021815982409,0.72,0.22
