"","simul_idx","up_dw","low_dw","up_dw_x1_to_xn","low_dw_x1_to_xn","up_dw_x1_to_xn_tails","low_dw_x1_to_xn_tails","up_t_test","low_t_test","up_anderson","low_anderson","up_cheby","low_cheby","up_emp_bern","low_emp_bern","up_hoeffding","low_hoeffding","up_PI_emp_bern","low_PI_emp_bern","up_PI_hedged","low_PI_hedged"
"1",209,0.623942344841396,0.357143857867727,0.62393675471266,0.35715554631423,0.67854141408289,0.35715554631423,0.573121350496885,0.407010699149872,0.612365666808839,0.357779359570033,0.712086824411851,0.178942311630655,0.712877975192824,0.267254074453933,0.612453366357419,0.367678683289338,0.65072684320267,0.334461217349249,0.61,0.37
