"","simul_idx","up_dw","low_dw","up_dw_x1_to_xn","low_dw_x1_to_xn","up_dw_x1_to_xn_tails","low_dw_x1_to_xn_tails","up_t_test","low_t_test","up_anderson","low_anderson","up_cheby","low_cheby","up_emp_bern","low_emp_bern","up_hoeffding","low_hoeffding","up_PI_emp_bern","low_PI_emp_bern","up_PI_hedged","low_PI_hedged"
"1",326,0.68955309813656,0.424264599425368,0.689550721705064,0.424275597002474,0.744154360951887,0.424275597002474,0.642173561444062,0.47716875300179,0.681993159827986,0.427353839170985,0.763786402109779,0.253797520113723,0.781578593665241,0.337763720780611,0.682058498756967,0.437283815688885,0.714146551055812,0.399640673489317,0.67,0.44
