"","simul_idx","up_dw","low_dw","up_dw_x1_to_xn","low_dw_x1_to_xn","up_dw_x1_to_xn_tails","low_dw_x1_to_xn_tails","up_t_test","low_t_test","up_anderson","low_anderson","up_cheby","low_cheby","up_emp_bern","low_emp_bern","up_hoeffding","low_hoeffding","up_PI_emp_bern","low_PI_emp_bern","up_PI_hedged","low_PI_hedged"
"1",79,0.781403888761815,0.219024517141543,0.781386964132296,0.219051163972389,0.978396184966883,0.219051163972389,0.698026145101647,0.302520575577467,0.773671157671595,0.176794980176521,0.860504201928386,-0.193473054808976,1.26393300621881,-0.2633862855397,0.773939775595156,0.226606945083958,0.883738745638982,0.0924493450829533,0.76,0.26
