"","simul_idx","up_dw","low_dw","up_dw_x1_to_xn","low_dw_x1_to_xn","up_dw_x1_to_xn_tails","low_dw_x1_to_xn_tails","up_t_test","low_t_test","up_anderson","low_anderson","up_cheby","low_cheby","up_emp_bern","low_emp_bern","up_hoeffding","low_hoeffding","up_PI_emp_bern","low_PI_emp_bern","up_PI_hedged","low_PI_hedged"
"1",357,0.689576795369742,0.424358539037408,0.689557984785559,0.424368962937148,0.744160776952297,0.424368962937148,0.64223877713051,0.477231390123002,0.682037259895079,0.427431490760829,0.763832920392518,0.253867231656129,0.781644629182544,0.337825538070969,0.682122425160797,0.437347742092715,0.718851775202067,0.404993287448154,0.67,0.44
