"","simul_idx","up_dw","low_dw","up_dw_x1_to_xn","low_dw_x1_to_xn","up_dw_x1_to_xn_tails","low_dw_x1_to_xn_tails","up_t_test","low_t_test","up_anderson","low_anderson","up_cheby","low_cheby","up_emp_bern","low_emp_bern","up_hoeffding","low_hoeffding","up_PI_emp_bern","low_PI_emp_bern","up_PI_hedged","low_PI_hedged"
"1",311,0.595316631997292,0.329144703626421,0.595295508362899,0.329157844767604,0.649902312751931,0.329157844767604,0.543220928292454,0.377519219814391,0.582677049099398,0.328070678964041,0.689430298378363,0.147606199900587,0.682847533403591,0.237892614703253,0.582757415587463,0.337982732519381,0.615713042097105,0.300487554308903,0.58,0.35
