"","simul_idx","up_dw","low_dw","up_dw_x1_to_xn","low_dw_x1_to_xn","up_dw_x1_to_xn_tails","low_dw_x1_to_xn_tails","up_t_test","low_t_test","up_anderson","low_anderson","up_cheby","low_cheby","up_emp_bern","low_emp_bern","up_hoeffding","low_hoeffding","up_PI_emp_bern","low_PI_emp_bern","up_PI_hedged","low_PI_hedged"
"1",14,0.585454745900996,0.41438911438971,0.58545334157591,0.414390616782253,0.610234792512505,0.414390616782253,0.552035132986159,0.447805186471804,0.577294815583547,0.418549595892461,0.651627913330282,0.309757009225452,0.620227026639371,0.379613292818592,0.577324710933081,0.422515608524883,0.586339421448347,0.407014133361751,0.57,0.43
