"","simul_idx","up_dw","low_dw","up_dw_x1_to_xn","low_dw_x1_to_xn","up_dw_x1_to_xn_tails","low_dw_x1_to_xn_tails","up_t_test","low_t_test","up_anderson","low_anderson","up_cheby","low_cheby","up_emp_bern","low_emp_bern","up_hoeffding","low_hoeffding","up_PI_emp_bern","low_PI_emp_bern","up_PI_hedged","low_PI_hedged"
"1",128,0.652386881941553,0.385659919800607,0.652382903019732,0.385663279585157,0.706975264460655,0.385663279585157,0.603022251243494,0.436934056548831,0.64228100207438,0.387638343253411,0.734554431163322,0.210860394102428,0.742771736055511,0.297184571736814,0.642365495430203,0.397590812362122,0.680825928163734,0.363875619193299,0.63,0.4
