"","simul_idx","up_dw","low_dw","up_dw_x1_to_xn","low_dw_x1_to_xn","up_dw_x1_to_xn_tails","low_dw_x1_to_xn_tails","up_t_test","low_t_test","up_anderson","low_anderson","up_cheby","low_cheby","up_emp_bern","low_emp_bern","up_hoeffding","low_hoeffding","up_PI_emp_bern","low_PI_emp_bern","up_PI_hedged","low_PI_hedged"
"1",53,0.649252470202606,0.279147971294513,0.649223069400957,0.279185380964181,0.745580758746493,0.279185380964181,0.579450400270293,0.341610405155915,0.633485136295779,0.26756610545513,0.754193970417841,0.0133567007706659,0.828855243622473,0.0922055618037354,0.633612240973333,0.287448564452876,0.673501055771359,0.238562322941518,0.62,0.3
