"","simul_idx","up_dw","low_dw","up_dw_x1_to_xn","low_dw_x1_to_xn","up_dw_x1_to_xn_tails","low_dw_x1_to_xn_tails","up_t_test","low_t_test","up_anderson","low_anderson","up_cheby","low_cheby","up_emp_bern","low_emp_bern","up_hoeffding","low_hoeffding","up_PI_emp_bern","low_PI_emp_bern","up_PI_hedged","low_PI_hedged"
"1",323,0.540850170536542,0.419577415348765,0.540848782328128,0.419578046603534,0.554127012616906,0.419578046603534,0.516730018630511,0.443316436228445,0.534740463270782,0.423308148683973,0.593811448572465,0.347410565995138,0.557775143738769,0.402271311120187,0.534756510480598,0.425289944378358,0.541471688415213,0.42160268690856,0.53,0.43
