"","simul_idx","up_dw","low_dw","up_dw_x1_to_xn","low_dw_x1_to_xn","up_dw_x1_to_xn_tails","low_dw_x1_to_xn_tails","up_t_test","low_t_test","up_anderson","low_anderson","up_cheby","low_cheby","up_emp_bern","low_emp_bern","up_hoeffding","low_hoeffding","up_PI_emp_bern","low_PI_emp_bern","up_PI_hedged","low_PI_hedged"
"1",177,0.72610714457338,0.46390469966747,0.726087415136591,0.463916364536767,0.78069203969321,0.463916364536767,0.680870798027375,0.518094503916865,0.72177292545751,0.467194757831483,0.7923873607461,0.297581095566847,0.819567294826769,0.379398007117472,0.721869992506161,0.47709530943808,0.751016981271301,0.441996464680175,0.71,0.48
