"","simul_idx","up_dw","low_dw","up_dw_x1_to_xn","low_dw_x1_to_xn","up_dw_x1_to_xn_tails","low_dw_x1_to_xn_tails","up_t_test","low_t_test","up_anderson","low_anderson","up_cheby","low_cheby","up_emp_bern","low_emp_bern","up_hoeffding","low_hoeffding","up_PI_emp_bern","low_PI_emp_bern","up_PI_hedged","low_PI_hedged"
"1",324,0.624340482352007,0.453765237195854,0.624338554925821,0.453769329772843,0.649123811592081,0.453769329772843,0.591741182848363,0.487857408883876,0.617171575453006,0.458437707373746,0.68542747645267,0.352648092520637,0.659821402897326,0.419777188834914,0.617203847070219,0.462394744662021,0.629145082878998,0.450015113873355,0.61,0.47
