"","simul_idx","up_dw","low_dw","up_dw_x1_to_xn","low_dw_x1_to_xn","up_dw_x1_to_xn_tails","low_dw_x1_to_xn_tails","up_t_test","low_t_test","up_anderson","low_anderson","up_cheby","low_cheby","up_emp_bern","low_emp_bern","up_hoeffding","low_hoeffding","up_PI_emp_bern","low_PI_emp_bern","up_PI_hedged","low_PI_hedged"
"1",83,0.772464546016079,0.407974338309771,0.772438500546195,0.408010042954274,0.868793648637763,0.408010042954274,0.715890030643145,0.482487354427786,0.772081205458388,0.406360144552572,0.841086683664729,0.157561137227713,0.96391905292586,0.234458332145071,0.772270530795694,0.426106854275237,0.808063869799149,0.378481578717796,0.75,0.43
