"","simul_idx","up_dw","low_dw","up_dw_x1_to_xn","low_dw_x1_to_xn","up_dw_x1_to_xn_tails","low_dw_x1_to_xn_tails","up_t_test","low_t_test","up_anderson","low_anderson","up_cheby","low_cheby","up_emp_bern","low_emp_bern","up_hoeffding","low_hoeffding","up_PI_emp_bern","low_PI_emp_bern","up_PI_hedged","low_PI_hedged"
"1",296,0.853704039207699,0.301004586896672,0.853650931316556,0.301144824699304,1.05083315075874,0.301144824699304,0.792883624975242,0.405831294094678,0.872628553701111,0.276154553267812,0.903064028620597,-0.10392074924065,1.35637773327443,-0.157662814204506,0.873023874790559,0.325691044279362,0.97733158655491,0.192279915601463,0.83,0.34
