"","simul_idx","up_dw","low_dw","up_dw_x1_to_xn","low_dw_x1_to_xn","up_dw_x1_to_xn_tails","low_dw_x1_to_xn_tails","up_t_test","low_t_test","up_anderson","low_anderson","up_cheby","low_cheby","up_emp_bern","low_emp_bern","up_hoeffding","low_hoeffding","up_PI_emp_bern","low_PI_emp_bern","up_PI_hedged","low_PI_hedged"
"1",451,0.655174984395102,0.485670003843148,0.655174165776146,0.485672430550802,0.679956972199551,0.485672430550802,0.623279979838054,0.520156298603018,0.649084840864086,0.490352734433063,0.712128057611327,0.387329902428165,0.691114997618109,0.452321280822963,0.649122690424635,0.494313588016437,0.656902318813992,0.480084317078698,0.64,0.5
