"","simul_idx","up_dw","low_dw","up_dw_x1_to_xn","low_dw_x1_to_xn","up_dw_x1_to_xn_tails","low_dw_x1_to_xn_tails","up_t_test","low_t_test","up_anderson","low_anderson","up_cheby","low_cheby","up_emp_bern","low_emp_bern","up_hoeffding","low_hoeffding","up_PI_emp_bern","low_PI_emp_bern","up_PI_hedged","low_PI_hedged"
"1",317,0.689730092483753,0.424490990260776,0.68972435839378,0.424506483003722,0.744334635109147,0.424506483003722,0.642414621745138,0.477353663310712,0.682181706765305,0.427572113901309,0.763941381118973,0.254029787113618,0.781837506334511,0.337930778721339,0.682271484061966,0.437496800993884,0.718810127646694,0.405319526302264,0.67,0.44
