"","simul_idx","up_dw","low_dw","up_dw_x1_to_xn","low_dw_x1_to_xn","up_dw_x1_to_xn_tails","low_dw_x1_to_xn_tails","up_t_test","low_t_test","up_anderson","low_anderson","up_cheby","low_cheby","up_emp_bern","low_emp_bern","up_hoeffding","low_hoeffding","up_PI_emp_bern","low_PI_emp_bern","up_PI_hedged","low_PI_hedged"
"1",210,0.523040557063968,0.401980460572835,0.523040421729156,0.401980959343683,0.536318418667575,0.401980959343683,0.498797535052773,0.425522021338154,0.516875838353841,0.405448760221343,0.577604409600328,0.328591233920188,0.53979790737187,0.384521649019056,0.516893061246583,0.407426495144343,0.523629838238793,0.404310796014607,0.51,0.41
