"","simul_idx","up_dw","low_dw","up_dw_x1_to_xn","low_dw_x1_to_xn","up_dw_x1_to_xn_tails","low_dw_x1_to_xn_tails","up_t_test","low_t_test","up_anderson","low_anderson","up_cheby","low_cheby","up_emp_bern","low_emp_bern","up_hoeffding","low_hoeffding","up_PI_emp_bern","low_PI_emp_bern","up_PI_hedged","low_PI_hedged"
"1",80,0.818680479125081,0.258695803757655,0.818587613303271,0.25871136466873,1.01557995032523,0.25871136466873,0.746586370534109,0.353139517449765,0.823310656093511,0.226551000388789,0.882467348188259,-0.14931675619901,1.3119056256341,-0.212179737650223,0.823529359247536,0.276196528736339,0.956551715783452,0.165047425252018,0.79,0.29
