"","simul_idx","up_dw","low_dw","up_dw_x1_to_xn","low_dw_x1_to_xn","up_dw_x1_to_xn_tails","low_dw_x1_to_xn_tails","up_t_test","low_t_test","up_anderson","low_anderson","up_cheby","low_cheby","up_emp_bern","low_emp_bern","up_hoeffding","low_hoeffding","up_PI_emp_bern","low_PI_emp_bern","up_PI_hedged","low_PI_hedged"
"1",275,0.534324022669359,0.364059738312139,0.534318619750957,0.364062241200007,0.559101544834397,0.364062241200007,0.500062691471045,0.396403886069535,0.525611651830611,0.36686571262319,0.607150638613662,0.254836455175356,0.568070337740602,0.328396239799977,0.525637839974389,0.370828737566191,0.536116318703955,0.357597248251408,0.52,0.38
