"","simul_idx","up_dw","low_dw","up_dw_x1_to_xn","low_dw_x1_to_xn","up_dw_x1_to_xn_tails","low_dw_x1_to_xn_tails","up_t_test","low_t_test","up_anderson","low_anderson","up_cheby","low_cheby","up_emp_bern","low_emp_bern","up_hoeffding","low_hoeffding","up_PI_emp_bern","low_PI_emp_bern","up_PI_hedged","low_PI_hedged"
"1",433,0.572436094728883,0.45112415902915,0.572435566730682,0.451124834699141,0.585713820414129,0.451124834699141,0.548617247463353,0.475172879581995,0.566608229956144,0.45518703481682,0.622566712022341,0.381149098806432,0.589672351199563,0.434117775845785,0.566628346573794,0.457161780471554,0.573180249797864,0.453614497725016,0.56,0.46
