"","simul_idx","up_dw","low_dw","up_dw_x1_to_xn","low_dw_x1_to_xn","up_dw_x1_to_xn_tails","low_dw_x1_to_xn_tails","up_t_test","low_t_test","up_anderson","low_anderson","up_cheby","low_cheby","up_emp_bern","low_emp_bern","up_hoeffding","low_hoeffding","up_PI_emp_bern","low_PI_emp_bern","up_PI_hedged","low_PI_hedged"
"1",125,0.56854501102657,0.447206722675451,0.56854407697444,0.447208196850986,0.581823489580001,0.447208196850986,0.544688140397934,0.471218350399724,0.562666933277191,0.451243481241135,0.619021866429452,0.376964889254528,0.585751484312686,0.430155006484973,0.562686528449949,0.45321996234771,0.570468293774013,0.450429062483415,0.56,0.46
