"","simul_idx","up_dw","low_dw","up_dw_x1_to_xn","low_dw_x1_to_xn","up_dw_x1_to_xn_tails","low_dw_x1_to_xn_tails","up_t_test","low_t_test","up_anderson","low_anderson","up_cheby","low_cheby","up_emp_bern","low_emp_bern","up_hoeffding","low_hoeffding","up_PI_emp_bern","low_PI_emp_bern","up_PI_hedged","low_PI_hedged"
"1",293,0.560642196108722,0.439290536733494,0.560640494891778,0.439291117196672,0.573918610395495,0.439291117196672,0.536709368724736,0.463222482909567,0.55468101942446,0.443255969803184,0.611828831302969,0.368496513436544,0.577778253979135,0.422153597655168,0.554699208868271,0.445232642766032,0.560868597151454,0.441249845923971,0.55,0.45
