"","simul_idx","up_dw","low_dw","up_dw_x1_to_xn","low_dw_x1_to_xn","up_dw_x1_to_xn_tails","low_dw_x1_to_xn_tails","up_t_test","low_t_test","up_anderson","low_anderson","up_cheby","low_cheby","up_emp_bern","low_emp_bern","up_hoeffding","low_hoeffding","up_PI_emp_bern","low_PI_emp_bern","up_PI_hedged","low_PI_hedged"
"1",434,0.56606235455474,0.395115565837593,0.566060540775506,0.395117663232667,0.590842884883996,0.395117663232667,0.532273000653639,0.428144214242031,0.557582145738592,0.398833163722427,0.634751821484783,0.288726269761053,0.600432260542896,0.359984954352774,0.557613158651934,0.402804056243736,0.57165992010946,0.392778627465004,0.55,0.41
