"","simul_idx","up_dw","low_dw","up_dw_x1_to_xn","low_dw_x1_to_xn","up_dw_x1_to_xn_tails","low_dw_x1_to_xn_tails","up_t_test","low_t_test","up_anderson","low_anderson","up_cheby","low_cheby","up_emp_bern","low_emp_bern","up_hoeffding","low_hoeffding","up_PI_emp_bern","low_PI_emp_bern","up_PI_hedged","low_PI_hedged"
"1",230,0.577702495129939,0.40668734766969,0.577700077469519,0.406690141015216,0.602483410300806,0.406690141015216,0.544140497763587,0.439938089788485,0.56940476078857,0.41068452481222,0.644893742333941,0.301335668773821,0.612323507616119,0.371755079935954,0.569443844980135,0.414634742571937,0.583508281127349,0.405091736151903,0.56,0.42
