"","simul_idx","up_dw","low_dw","up_dw_x1_to_xn","low_dw_x1_to_xn","up_dw_x1_to_xn_tails","low_dw_x1_to_xn_tails","up_t_test","low_t_test","up_anderson","low_anderson","up_cheby","low_cheby","up_emp_bern","low_emp_bern","up_hoeffding","low_hoeffding","up_PI_emp_bern","low_PI_emp_bern","up_PI_hedged","low_PI_hedged"
"1",73,0.558119677906985,0.387280796078858,0.558118680498131,0.387284420764402,0.58290322819976,0.387284420764402,0.524205764460884,0.420135101888667,0.549542292340167,0.390792741916314,0.627839068883291,0.280180994914354,0.592346273878332,0.35199459247122,0.549574984378875,0.394765881970677,0.559913276801968,0.380833880942844,0.55,0.4
