"","simul_idx","up_dw","low_dw","up_dw_x1_to_xn","low_dw_x1_to_xn","up_dw_x1_to_xn_tails","low_dw_x1_to_xn_tails","up_t_test","low_t_test","up_anderson","low_anderson","up_cheby","low_cheby","up_emp_bern","low_emp_bern","up_hoeffding","low_hoeffding","up_PI_emp_bern","low_PI_emp_bern","up_PI_hedged","low_PI_hedged"
"1",339,0.633573779121368,0.366674644387731,0.633571166626489,0.366687631682055,0.688177743848444,0.366687631682055,0.583232821228929,0.417031488570243,0.622430126933672,0.36780398414856,0.719688255806453,0.189642934920066,0.723018277205195,0.277246032593976,0.622519496433626,0.377744813365545,0.656312320202824,0.339003874757514,0.62,0.39
