"","simul_idx","up_dw","low_dw","up_dw_x1_to_xn","low_dw_x1_to_xn","up_dw_x1_to_xn_tails","low_dw_x1_to_xn_tails","up_t_test","low_t_test","up_anderson","low_anderson","up_cheby","low_cheby","up_emp_bern","low_emp_bern","up_hoeffding","low_hoeffding","up_PI_emp_bern","low_PI_emp_bern","up_PI_hedged","low_PI_hedged"
"1",225,0.546237044410073,0.375649892945344,0.54623626510983,0.375650989729704,0.571017118573842,0.375650989729704,0.512131747438148,0.408258833567092,0.537574131211731,0.378826056291025,0.617508181932026,0.267482761342243,0.580208464073058,0.340182116932183,0.537599841706719,0.382790739298521,0.547775624728948,0.36820069904177,0.53,0.39
