"","simul_idx","up_dw","low_dw","up_dw_x1_to_xn","low_dw_x1_to_xn","up_dw_x1_to_xn_tails","low_dw_x1_to_xn_tails","up_t_test","low_t_test","up_anderson","low_anderson","up_cheby","low_cheby","up_emp_bern","low_emp_bern","up_hoeffding","low_hoeffding","up_PI_emp_bern","low_PI_emp_bern","up_PI_hedged","low_PI_hedged"
"1",320,0.75584636909869,0.38874730263306,0.755817468419438,0.388753999463708,0.852129381828274,0.388753999463708,0.697318900249028,0.461799308734918,0.752534905759795,0.386602376422599,0.829398382242259,0.136533458577696,0.94600428659675,0.213113922387196,0.752640942752201,0.406477266231744,0.790565298948676,0.35708830725638,0.74,0.41
