"","simul_idx","up_dw","low_dw","up_dw_x1_to_xn","low_dw_x1_to_xn","up_dw_x1_to_xn_tails","low_dw_x1_to_xn_tails","up_t_test","low_t_test","up_anderson","low_anderson","up_cheby","low_cheby","up_emp_bern","low_emp_bern","up_hoeffding","low_hoeffding","up_PI_emp_bern","low_PI_emp_bern","up_PI_hedged","low_PI_hedged"
"1",1,0.624413724567524,0.453830869372315,0.624412400419836,0.453831930476514,0.649193222206123,0.453831930476514,0.591817655826961,0.487923287349383,0.617244551952674,0.458504341045028,0.685487374391384,0.352725070970484,0.659901293615032,0.419839649561311,0.617275022792271,0.462465920384073,0.625925037572555,0.448012747193184,0.61,0.47
