"","simul_idx","up_dw","low_dw","up_dw_x1_to_xn","low_dw_x1_to_xn","up_dw_x1_to_xn_tails","low_dw_x1_to_xn_tails","up_t_test","low_t_test","up_anderson","low_anderson","up_cheby","low_cheby","up_emp_bern","low_emp_bern","up_hoeffding","low_hoeffding","up_PI_emp_bern","low_PI_emp_bern","up_PI_hedged","low_PI_hedged"
"1",140,0.58031777807544,0.459050206442617,0.580317626301507,0.459051527473155,0.593596816637949,0.459051527473155,0.556579943070531,0.483167297774071,0.574586116119765,0.463160132242793,0.629731545131148,0.38962849491258,0.597624764430775,0.442122476413828,0.574606903473421,0.465140337371182,0.58154936260934,0.462168522142086,0.57,0.47
