"","simul_idx","up_dw","low_dw","up_dw_x1_to_xn","low_dw_x1_to_xn","up_dw_x1_to_xn_tails","low_dw_x1_to_xn_tails","up_t_test","low_t_test","up_anderson","low_anderson","up_cheby","low_cheby","up_emp_bern","low_emp_bern","up_hoeffding","low_hoeffding","up_PI_emp_bern","low_PI_emp_bern","up_PI_hedged","low_PI_hedged"
"1",10,0.631971691747422,0.461614508320993,0.631967368554512,0.461620510656387,0.65675538828447,0.461620510656387,0.5995412086605,0.495819771606141,0.625043052586063,0.466313284531319,0.692050338621659,0.361181373173188,0.667569059600867,0.427791920665773,0.625085041337419,0.470275938929221,0.638322808351771,0.460576642018987,0.62,0.47
