"","simul_idx","up_dw","low_dw","up_dw_x1_to_xn","low_dw_x1_to_xn","up_dw_x1_to_xn_tails","low_dw_x1_to_xn_tails","up_t_test","low_t_test","up_anderson","low_anderson","up_cheby","low_cheby","up_emp_bern","low_emp_bern","up_hoeffding","low_hoeffding","up_PI_emp_bern","low_PI_emp_bern","up_PI_hedged","low_PI_hedged"
"1",490,0.57777780997238,0.406733328859585,0.577776088564112,0.406735012796062,0.602557800171687,0.406735012796062,0.544207581621666,0.439995137156409,0.569474306898308,0.410731391210393,0.644946845597086,0.301401922458755,0.612393829197783,0.371808889580291,0.569505910593136,0.414696808184938,0.579691000374976,0.401211044708563,0.56,0.42
