"","simul_idx","up_dw","low_dw","up_dw_x1_to_xn","low_dw_x1_to_xn","up_dw_x1_to_xn_tails","low_dw_x1_to_xn_tails","up_t_test","low_t_test","up_anderson","low_anderson","up_cheby","low_cheby","up_emp_bern","low_emp_bern","up_hoeffding","low_hoeffding","up_PI_emp_bern","low_PI_emp_bern","up_PI_hedged","low_PI_hedged"
"1",285,0.680432482672653,0.41465740158375,0.680426726300194,0.414668773339508,0.735030918051445,0.414668773339508,0.63257946015607,0.467162093489428,0.672183863427396,0.41755784593429,0.75663305912691,0.243131989641725,0.772115661430707,0.32762589221479,0.67225811835679,0.427483435288708,0.7048868977177,0.389400329597257,0.66,0.43
