"","simul_idx","up_dw","low_dw","up_dw_x1_to_xn","low_dw_x1_to_xn","up_dw_x1_to_xn_tails","low_dw_x1_to_xn_tails","up_t_test","low_t_test","up_anderson","low_anderson","up_cheby","low_cheby","up_emp_bern","low_emp_bern","up_hoeffding","low_hoeffding","up_PI_emp_bern","low_PI_emp_bern","up_PI_hedged","low_PI_hedged"
"1",154,0.780961089516315,0.219039601662338,0.780910212223386,0.21921286235363,0.978142725396381,0.21921286235363,0.697339728195523,0.302639525290483,0.773301932499886,0.176797790065853,0.860374881370767,-0.19372204571343,1.263016718767,-0.263037465280996,0.773656041998602,0.226323211487404,0.906323361686309,0.117882967830375,0.75,0.25
