"","simul_idx","up_dw","low_dw","up_dw_x1_to_xn","low_dw_x1_to_xn","up_dw_x1_to_xn_tails","low_dw_x1_to_xn_tails","up_t_test","low_t_test","up_anderson","low_anderson","up_cheby","low_cheby","up_emp_bern","low_emp_bern","up_hoeffding","low_hoeffding","up_PI_emp_bern","low_PI_emp_bern","up_PI_hedged","low_PI_hedged"
"1",103,0.630160581630278,0.261431156251001,0.630134164898608,0.26147176230103,0.726496618287774,0.26147176230103,0.558661140457266,0.321927726834685,0.613243017246601,0.247399168690124,0.740732545670544,-0.00690848959391827,0.807722880650502,0.0728659866414487,0.613376271906204,0.267212595385747,0.663824044746109,0.227829312445135,0.61,0.28
