"","simul_idx","up_dw","low_dw","up_dw_x1_to_xn","low_dw_x1_to_xn","up_dw_x1_to_xn_tails","low_dw_x1_to_xn_tails","up_t_test","low_t_test","up_anderson","low_anderson","up_cheby","low_cheby","up_emp_bern","low_emp_bern","up_hoeffding","low_hoeffding","up_PI_emp_bern","low_PI_emp_bern","up_PI_hedged","low_PI_hedged"
"1",372,0.703551114669923,0.332895188766333,0.703486843012261,0.332964909745667,0.799892690734332,0.332964909745667,0.639248040525931,0.400980482343961,0.692961193189867,0.327211440484124,0.792725927846844,0.0741311745447326,0.88878545273113,0.151443070138762,0.693196099695174,0.347032423174717,0.743235508835094,0.306452803782151,0.68,0.35
