"","simul_idx","up_dw","low_dw","up_dw_x1_to_xn","low_dw_x1_to_xn","up_dw_x1_to_xn_tails","low_dw_x1_to_xn_tails","up_t_test","low_t_test","up_anderson","low_anderson","up_cheby","low_cheby","up_emp_bern","low_emp_bern","up_hoeffding","low_hoeffding","up_PI_emp_bern","low_PI_emp_bern","up_PI_hedged","low_PI_hedged"
"1",455,0.64741708205281,0.477585739573634,0.647414793131493,0.477587882507647,0.672197198605707,0.477587882507647,0.615342879725204,0.511984313685479,0.641032136744129,0.48229515144152,0.705421256278379,0.3785471989242,0.683253670216679,0.444073523194003,0.64106814790944,0.486259045501242,0.649497088213635,0.471872306293422,0.63,0.49
