"","simul_idx","up_dw","low_dw","up_dw_x1_to_xn","low_dw_x1_to_xn","up_dw_x1_to_xn_tails","low_dw_x1_to_xn_tails","up_t_test","low_t_test","up_anderson","low_anderson","up_cheby","low_cheby","up_emp_bern","low_emp_bern","up_hoeffding","low_hoeffding","up_PI_emp_bern","low_PI_emp_bern","up_PI_hedged","low_PI_hedged"
"1",497,0.853962840194961,0.301417967863259,0.853889441739873,0.301622886142852,1.05117016929655,0.301622886142852,0.793088365324829,0.406482609329433,0.872844340114501,0.276419658760023,0.903236099666822,-0.103522116563981,1.35645501066478,-0.156884036010517,0.873451902582729,0.326119072071532,1.00191398065079,0.216980247646683,0.83,0.33
