"","simul_idx","up_dw","low_dw","up_dw_x1_to_xn","low_dw_x1_to_xn","up_dw_x1_to_xn_tails","low_dw_x1_to_xn_tails","up_t_test","low_t_test","up_anderson","low_anderson","up_cheby","low_cheby","up_emp_bern","low_emp_bern","up_hoeffding","low_hoeffding","up_PI_emp_bern","low_PI_emp_bern","up_PI_hedged","low_PI_hedged"
"1",360,0.620414523803436,0.449767795820632,0.620413107117435,0.449771937711409,0.645198410631708,0.449771937711409,0.587722323943538,0.48380866952962,0.613135584789423,0.454402595835971,0.682030283063825,0.348287979891134,0.655812183282173,0.415718810190985,0.613170047940678,0.45836094553248,0.627187498161263,0.448085289495776,0.61,0.46
