"","simul_idx","up_dw","low_dw","up_dw_x1_to_xn","low_dw_x1_to_xn","up_dw_x1_to_xn_tails","low_dw_x1_to_xn_tails","up_t_test","low_t_test","up_anderson","low_anderson","up_cheby","low_cheby","up_emp_bern","low_emp_bern","up_hoeffding","low_hoeffding","up_PI_emp_bern","low_PI_emp_bern","up_PI_hedged","low_PI_hedged"
"1",365,0.854241641743859,0.301207256719438,0.854205065123636,0.301323685399801,1.05135102336534,0.301323685399801,0.793552732713271,0.40611246095021,0.87318890524706,0.27635523692009,0.903255031615855,-0.103478235840201,1.35715756845041,-0.157492374786932,0.873499012087339,0.326166181576142,1.00035542650895,0.218614659568569,0.82,0.33
