"","simul_idx","up_dw","low_dw","up_dw_x1_to_xn","low_dw_x1_to_xn","up_dw_x1_to_xn_tails","low_dw_x1_to_xn_tails","up_t_test","low_t_test","up_anderson","low_anderson","up_cheby","low_cheby","up_emp_bern","low_emp_bern","up_hoeffding","low_hoeffding","up_PI_emp_bern","low_PI_emp_bern","up_PI_hedged","low_PI_hedged"
"1",417,0.565910143002006,0.301202590735071,0.565899568934604,0.301203727231082,0.62048864683692,0.301203727231082,0.51266363234249,0.348049150982582,0.552683534291649,0.298031023434343,0.66619264101022,0.116273525648936,0.651944563695213,0.208768219629858,0.552743733196577,0.307969050128495,0.584537052902423,0.271909741899184,0.55,0.32
