"","simul_idx","up_dw","low_dw","up_dw_x1_to_xn","low_dw_x1_to_xn","up_dw_x1_to_xn_tails","low_dw_x1_to_xn_tails","up_t_test","low_t_test","up_anderson","low_anderson","up_cheby","low_cheby","up_emp_bern","low_emp_bern","up_hoeffding","low_hoeffding","up_PI_emp_bern","low_PI_emp_bern","up_PI_hedged","low_PI_hedged"
"1",73,0.917389225848437,0.394342913551438,0.917230837977496,0.394445794385671,1.11435616290231,0.394445794385671,0.880232908929108,0.518098293673855,0.972360525890379,0.375847294790932,0.940139809696717,-0.0079190079614081,1.43661491604113,-0.0382837134381655,0.97283201655708,0.425499186045883,1.08542618602287,0.327494672009063,0.9,0.43
