"","simul_idx","up_dw","low_dw","up_dw_x1_to_xn","low_dw_x1_to_xn","up_dw_x1_to_xn_tails","low_dw_x1_to_xn_tails","up_t_test","low_t_test","up_anderson","low_anderson","up_cheby","low_cheby","up_emp_bern","low_emp_bern","up_hoeffding","low_hoeffding","up_PI_emp_bern","low_PI_emp_bern","up_PI_hedged","low_PI_hedged"
"1",334,0.595094549644049,0.328956920012703,0.595091767198636,0.328977140154668,0.649709024293238,0.328977140154668,0.542976403739604,0.377332668449911,0.58245670334524,0.327842708048481,0.689264616333601,0.147379994747776,0.682584576814255,0.23772449537526,0.582541877628798,0.337767194560717,0.61583833133345,0.299921170737818,0.58,0.35
