"","simul_idx","up_dw","low_dw","up_dw_x1_to_xn","low_dw_x1_to_xn","up_dw_x1_to_xn_tails","low_dw_x1_to_xn_tails","up_t_test","low_t_test","up_anderson","low_anderson","up_cheby","low_cheby","up_emp_bern","low_emp_bern","up_hoeffding","low_hoeffding","up_PI_emp_bern","low_PI_emp_bern","up_PI_hedged","low_PI_hedged"
"1",66,0.581698430980083,0.410677205031315,0.58169264424917,0.410677662056094,0.606472578017549,0.410677662056094,0.548206838180725,0.444016402319882,0.573481578191385,0.414750154484186,0.648375722682375,0.305685085491285,0.616385985886618,0.375837254613989,0.573516171454402,0.418707069046204,0.583938560989502,0.404406783596719,0.57,0.43
