"","simul_idx","up_dw","low_dw","up_dw_x1_to_xn","low_dw_x1_to_xn","up_dw_x1_to_xn_tails","low_dw_x1_to_xn_tails","up_t_test","low_t_test","up_anderson","low_anderson","up_cheby","low_cheby","up_emp_bern","low_emp_bern","up_hoeffding","low_hoeffding","up_PI_emp_bern","low_PI_emp_bern","up_PI_hedged","low_PI_hedged"
"1",64,0.561936408747311,0.391050595365681,0.561934872508056,0.391051979351804,0.586716179105912,0.391051979351804,0.528086584228069,0.423982370975102,0.553408443644135,0.394671155970164,0.63116430903349,0.284286609431098,0.596237916934208,0.355831038268963,0.553439028805684,0.398629926397486,0.567246413428312,0.388112407176671,0.55,0.4
