"","simul_idx","up_dw","low_dw","up_dw_x1_to_xn","low_dw_x1_to_xn","up_dw_x1_to_xn_tails","low_dw_x1_to_xn_tails","up_t_test","low_t_test","up_anderson","low_anderson","up_cheby","low_cheby","up_emp_bern","low_emp_bern","up_hoeffding","low_hoeffding","up_PI_emp_bern","low_PI_emp_bern","up_PI_hedged","low_PI_hedged"
"1",31,0.65365174863474,0.112812457577692,0.653540184491619,0.112895721802489,0.850635633396672,0.112895721802489,0.539011708451997,0.161869267119886,0.62386671728349,0.0272551582429663,0.786838115815579,-0.319584132100991,1.09967730155813,-0.398796325986252,0.62410690304154,0.0767740725303427,0.754062632916413,-0.0215983002190558,0.62,0.13
