"","simul_idx","up_dw","low_dw","up_dw_x1_to_xn","low_dw_x1_to_xn","up_dw_x1_to_xn_tails","low_dw_x1_to_xn_tails","up_t_test","low_t_test","up_anderson","low_anderson","up_cheby","low_cheby","up_emp_bern","low_emp_bern","up_hoeffding","low_hoeffding","up_PI_emp_bern","low_PI_emp_bern","up_PI_hedged","low_PI_hedged"
"1",123,0.721001990961094,0.350989891832748,0.720978995197056,0.351003810789616,0.817301672820574,0.351003810789616,0.658587141842299,0.420784043475358,0.71261865998009,0.346796403573725,0.80500382961442,0.094472158150294,0.907980545105616,0.171390640212041,0.712767430919057,0.3666037543986,0.763176994104971,0.325285902825073,0.69,0.37
