"","simul_idx","up_dw","low_dw","up_dw_x1_to_xn","low_dw_x1_to_xn","up_dw_x1_to_xn_tails","low_dw_x1_to_xn_tails","up_t_test","low_t_test","up_anderson","low_anderson","up_cheby","low_cheby","up_emp_bern","low_emp_bern","up_hoeffding","low_hoeffding","up_PI_emp_bern","low_PI_emp_bern","up_PI_hedged","low_PI_hedged"
"1",181,0.708127631857964,0.444221411439479,0.708119832952691,0.444231296836149,0.762721829976976,0.444231296836149,0.661807333633684,0.497830122038222,0.702108772574563,0.447517017083056,0.778354453693077,0.275861415099564,0.800885650987068,0.358751804684837,0.702206069369993,0.457431386301912,0.73261896008331,0.42125572678593,0.69,0.46
