"","simul_idx","up_dw","low_dw","up_dw_x1_to_xn","low_dw_x1_to_xn","up_dw_x1_to_xn_tails","low_dw_x1_to_xn_tails","up_t_test","low_t_test","up_anderson","low_anderson","up_cheby","low_cheby","up_emp_bern","low_emp_bern","up_hoeffding","low_hoeffding","up_PI_emp_bern","low_PI_emp_bern","up_PI_hedged","low_PI_hedged"
"1",109,0.556818127362477,0.435466789434805,0.556817327649281,0.435468377789372,0.570096905970166,0.435468377789372,0.532843303089807,0.459365537642583,0.550814470820561,0.439389160933414,0.608346525232228,0.364407240191684,0.573909232120668,0.418299608611722,0.550837703417315,0.441371137315075,0.559179265140174,0.439010877297222,0.55,0.45
