"","simul_idx","up_dw","low_dw","up_dw_x1_to_xn","low_dw_x1_to_xn","up_dw_x1_to_xn_tails","low_dw_x1_to_xn_tails","up_t_test","low_t_test","up_anderson","low_anderson","up_cheby","low_cheby","up_emp_bern","low_emp_bern","up_hoeffding","low_hoeffding","up_PI_emp_bern","low_PI_emp_bern","up_PI_hedged","low_PI_hedged"
"1",75,0.781040409663462,0.218947554885867,0.780947513977396,0.21911398486077,0.978169623995934,0.21911398486077,0.697530227995478,0.302449345719127,0.773319276957483,0.176708439923954,0.860374954359409,-0.19372190521634,1.2633158733991,-0.263336299684494,0.773656202112901,0.226323371601704,0.906418135089753,0.117906224626282,0.75,0.24
