"","simul_idx","up_dw","low_dw","up_dw_x1_to_xn","low_dw_x1_to_xn","up_dw_x1_to_xn_tails","low_dw_x1_to_xn_tails","up_t_test","low_t_test","up_anderson","low_anderson","up_cheby","low_cheby","up_emp_bern","low_emp_bern","up_hoeffding","low_hoeffding","up_PI_emp_bern","low_PI_emp_bern","up_PI_hedged","low_PI_hedged"
"1",263,0.661806485226351,0.395330261017859,0.661797535395454,0.395342954028929,0.716403678084867,0.395342954028929,0.612968321015674,0.447006589317442,0.652282114057573,0.397678550169269,0.741990008689933,0.221623546158354,0.75267759809322,0.307297312239895,0.652374796700599,0.407600113632517,0.68546932017476,0.369242127509298,0.64,0.41
