"","simul_idx","up_dw","low_dw","up_dw_x1_to_xn","low_dw_x1_to_xn","up_dw_x1_to_xn_tails","low_dw_x1_to_xn_tails","up_t_test","low_t_test","up_anderson","low_anderson","up_cheby","low_cheby","up_emp_bern","low_emp_bern","up_hoeffding","low_hoeffding","up_PI_emp_bern","low_PI_emp_bern","up_PI_hedged","low_PI_hedged"
"1",240,0.698835954941443,0.146344393485529,0.698527021349747,0.146470271461519,0.895687370831889,0.146470271461519,0.594011089870214,0.207142389553091,0.6738940349746,0.0775733472162685,0.812647322143975,-0.278545002528438,1.15745278569436,-0.356299306271054,0.674243154967251,0.126910324456054,0.783331800490072,-0.00162592451111937,0.67,0.18
