"","simul_idx","up_dw","low_dw","up_dw_x1_to_xn","low_dw_x1_to_xn","up_dw_x1_to_xn_tails","low_dw_x1_to_xn_tails","up_t_test","low_t_test","up_anderson","low_anderson","up_cheby","low_cheby","up_emp_bern","low_emp_bern","up_hoeffding","low_hoeffding","up_PI_emp_bern","low_PI_emp_bern","up_PI_hedged","low_PI_hedged"
"1",99,0.853678790795619,0.300882187222309,0.85356968379251,0.300962790064536,1.05066107942227,0.300962790064536,0.792906731632557,0.405638771363484,0.872631593303623,0.276079152557749,0.903029962617788,-0.103999627287093,1.35646238562289,-0.157916882626849,0.872939166753619,0.325606336242422,1.00179390615918,0.216180680377854,0.83,0.33
