"","simul_idx","up_dw","low_dw","up_dw_x1_to_xn","low_dw_x1_to_xn","up_dw_x1_to_xn_tails","low_dw_x1_to_xn_tails","up_t_test","low_t_test","up_anderson","low_anderson","up_cheby","low_cheby","up_emp_bern","low_emp_bern","up_hoeffding","low_hoeffding","up_PI_emp_bern","low_PI_emp_bern","up_PI_hedged","low_PI_hedged"
"1",418,0.698727608916678,0.145878732182504,0.698609592491644,0.145921481924024,0.895643337996468,0.145921481924024,0.593795655352422,0.206608446975378,0.673659379604489,0.0770700756667772,0.812458630290546,-0.278855895405346,1.15732826085646,-0.356924158528657,0.673868466419498,0.126535635908301,0.780712621584435,0.000180016702018948,0.67,0.18
