"","simul_idx","up_dw","low_dw","up_dw_x1_to_xn","low_dw_x1_to_xn","up_dw_x1_to_xn_tails","low_dw_x1_to_xn_tails","up_t_test","low_t_test","up_anderson","low_anderson","up_cheby","low_cheby","up_emp_bern","low_emp_bern","up_hoeffding","low_hoeffding","up_PI_emp_bern","low_PI_emp_bern","up_PI_hedged","low_PI_hedged"
"1",131,0.629340454209837,0.509016895270288,0.629338267936193,0.509018365383569,0.642617674645947,0.509018365383569,0.606165326466645,0.533416461840447,0.624502927183408,0.513077608983026,0.674233185541182,0.443003861818712,0.64699499378339,0.492586794523702,0.624524177204666,0.515057611102426,0.625905455407159,0.507336216932463,0.62,0.52
