"","simul_idx","up_dw","low_dw","up_dw_x1_to_xn","low_dw_x1_to_xn","up_dw_x1_to_xn_tails","low_dw_x1_to_xn_tails","up_t_test","low_t_test","up_anderson","low_anderson","up_cheby","low_cheby","up_emp_bern","low_emp_bern","up_hoeffding","low_hoeffding","up_PI_emp_bern","low_PI_emp_bern","up_PI_hedged","low_PI_hedged"
"1",222,0.565962340675129,0.395050188042028,0.565959433189799,0.395055344271968,0.590746213941749,0.395055344271968,0.53216844366458,0.428079993014459,0.557491641501889,0.398755937564629,0.634679339398698,0.288636465100378,0.600314691430643,0.359933745248396,0.557528769543619,0.402719667135421,0.574858516436748,0.39495119443866,0.55,0.41
