"","simul_idx","up_dw","low_dw","up_dw_x1_to_xn","low_dw_x1_to_xn","up_dw_x1_to_xn_tails","low_dw_x1_to_xn_tails","up_t_test","low_t_test","up_anderson","low_anderson","up_cheby","low_cheby","up_emp_bern","low_emp_bern","up_hoeffding","low_hoeffding","up_PI_emp_bern","low_PI_emp_bern","up_PI_hedged","low_PI_hedged"
"1",38,0.56201061753058,0.391159732400987,0.562006975043011,0.39116530736732,0.586794372457896,0.39116530736732,0.528157409361602,0.424099216409673,0.553494349067151,0.394767009343217,0.631245009363338,0.28438636157058,0.596293896139353,0.355962729631923,0.553532864089737,0.398723761681539,0.568067059358278,0.388417438399251,0.55,0.4
