"","simul_idx","up_dw","low_dw","up_dw_x1_to_xn","low_dw_x1_to_xn","up_dw_x1_to_xn_tails","low_dw_x1_to_xn_tails","up_t_test","low_t_test","up_anderson","low_anderson","up_cheby","low_cheby","up_emp_bern","low_emp_bern","up_hoeffding","low_hoeffding","up_PI_emp_bern","low_PI_emp_bern","up_PI_hedged","low_PI_hedged"
"1",245,0.529032660663501,0.407884713394449,0.529031926678819,0.407885767083139,0.542310729004957,0.407885767083139,0.504831043432901,0.431491069336881,0.522874757475616,0.411444146266818,0.583056260552082,0.334906595104568,0.545852309568775,0.390469803201008,0.522894339436011,0.413427773333772,0.526346978239623,0.406936030883896,0.52,0.42
