"","simul_idx","up_dw","low_dw","up_dw_x1_to_xn","low_dw_x1_to_xn","up_dw_x1_to_xn_tails","low_dw_x1_to_xn_tails","up_t_test","low_t_test","up_anderson","low_anderson","up_cheby","low_cheby","up_emp_bern","low_emp_bern","up_hoeffding","low_hoeffding","up_PI_emp_bern","low_PI_emp_bern","up_PI_hedged","low_PI_hedged"
"1",283,0.538917026525784,0.417676515300477,0.538915929506902,0.417676791011591,0.552193639625176,0.417676791011591,0.514784956428404,0.441391859673129,0.532800295060855,0.421378969631216,0.592059107228081,0.345369143851854,0.555823441437095,0.400353374664438,0.532821691101886,0.423355124999647,0.535912070541908,0.415944196567437,0.53,0.43
