"","simul_idx","up_dw","low_dw","up_dw_x1_to_xn","low_dw_x1_to_xn","up_dw_x1_to_xn_tails","low_dw_x1_to_xn_tails","up_t_test","low_t_test","up_anderson","low_anderson","up_cheby","low_cheby","up_emp_bern","low_emp_bern","up_hoeffding","low_hoeffding","up_PI_emp_bern","low_PI_emp_bern","up_PI_hedged","low_PI_hedged"
"1",442,0.630109017167348,0.261213394366266,0.630052093922783,0.261229230148648,0.726377628477999,0.261229230148648,0.558620019199609,0.321675785482493,0.613156900639913,0.247220492765848,0.740634402041832,-0.00705456480674754,0.807747125604859,0.0725486790772425,0.613229740601279,0.267066064080822,0.652645444014353,0.218946857800338,0.61,0.28
