"","simul_idx","up_dw","low_dw","up_dw_x1_to_xn","low_dw_x1_to_xn","up_dw_x1_to_xn_tails","low_dw_x1_to_xn_tails","up_t_test","low_t_test","up_anderson","low_anderson","up_cheby","low_cheby","up_emp_bern","low_emp_bern","up_hoeffding","low_hoeffding","up_PI_emp_bern","low_PI_emp_bern","up_PI_hedged","low_PI_hedged"
"1",459,0.556666258777704,0.435316899825615,0.556664784458041,0.435317435778757,0.569942835361498,0.435317435778757,0.532687630957977,0.459216394639075,0.55066557474556,0.439237680577375,0.608209020377673,0.36424590667826,0.573751443674787,0.418152581922264,0.550685295849645,0.441218729747406,0.557391344832206,0.437598594285606,0.54,0.45
