"","simul_idx","up_dw","low_dw","up_dw_x1_to_xn","low_dw_x1_to_xn","up_dw_x1_to_xn_tails","low_dw_x1_to_xn_tails","up_t_test","low_t_test","up_anderson","low_anderson","up_cheby","low_cheby","up_emp_bern","low_emp_bern","up_hoeffding","low_hoeffding","up_PI_emp_bern","low_PI_emp_bern","up_PI_hedged","low_PI_hedged"
"1",436,0.591634416751901,0.226847973624908,0.591620292546913,0.226871769508838,0.687957691231797,0.226871769508838,0.51711129975479,0.283317955425314,0.573204098140798,0.207286649811739,0.713539281503842,-0.0465149021870884,0.765261451357889,0.035167803822215,0.573296465850281,0.227132789329824,0.621098191160029,0.1910603436003,0.57,0.25
