"","simul_idx","up_dw","low_dw","up_dw_x1_to_xn","low_dw_x1_to_xn","up_dw_x1_to_xn_tails","low_dw_x1_to_xn_tails","up_t_test","low_t_test","up_anderson","low_anderson","up_cheby","low_cheby","up_emp_bern","low_emp_bern","up_hoeffding","low_hoeffding","up_PI_emp_bern","low_PI_emp_bern","up_PI_hedged","low_PI_hedged"
"1",235,0.623792385831188,0.356956398334287,0.623788694639224,0.356970366760355,0.678396720579939,0.356970366760355,0.572965526047073,0.406811645826024,0.612204877296875,0.357592606630277,0.711952469046481,0.178754050838152,0.712735894961777,0.26704127691132,0.612275927470589,0.367501244402508,0.645720741255086,0.329195560208776,0.61,0.37
