"","simul_idx","up_dw","low_dw","up_dw_x1_to_xn","low_dw_x1_to_xn","up_dw_x1_to_xn_tails","low_dw_x1_to_xn_tails","up_t_test","low_t_test","up_anderson","low_anderson","up_cheby","low_cheby","up_emp_bern","low_emp_bern","up_hoeffding","low_hoeffding","up_PI_emp_bern","low_PI_emp_bern","up_PI_hedged","low_PI_hedged"
"1",119,0.624344460556197,0.453793003045717,0.624342818425327,0.453799847929742,0.649132081692382,0.453799847929742,0.591747728215041,0.48788697840299,0.617172612058422,0.458447330789921,0.685442672844325,0.352667621980704,0.659820520782857,0.419814185835173,0.617221904513114,0.462412802104916,0.621799474115866,0.442370010825052,0.61,0.46
