"","simul_idx","up_dw","low_dw","up_dw_x1_to_xn","low_dw_x1_to_xn","up_dw_x1_to_xn_tails","low_dw_x1_to_xn_tails","up_t_test","low_t_test","up_anderson","low_anderson","up_cheby","low_cheby","up_emp_bern","low_emp_bern","up_hoeffding","low_hoeffding","up_PI_emp_bern","low_PI_emp_bern","up_PI_hedged","low_PI_hedged"
"1",57,0.581695859551067,0.410637955144591,0.581694091609946,0.410638355186373,0.606473931550076,0.410638355186373,0.548195040498956,0.443985028758497,0.573469242846775,0.414721539153092,0.648357278557488,0.305662018805447,0.616380503289721,0.375799565967732,0.573494585832825,0.418685483424627,0.58797384047045,0.408837345529039,0.57,0.42
