"","simul_idx","up_dw","low_dw","up_dw_x1_to_xn","low_dw_x1_to_xn","up_dw_x1_to_xn_tails","low_dw_x1_to_xn_tails","up_t_test","low_t_test","up_anderson","low_anderson","up_cheby","low_cheby","up_emp_bern","low_emp_bern","up_hoeffding","low_hoeffding","up_PI_emp_bern","low_PI_emp_bern","up_PI_hedged","low_PI_hedged"
"1",73,0.595203041152353,0.328999042513128,0.595189291541241,0.329002453822582,0.649781729062769,0.329002453822582,0.54307093197852,0.377395041674231,0.58257234900415,0.327922832267656,0.689324922720366,0.147462326054862,0.682689328441239,0.237776645211512,0.582620328360416,0.337845645292335,0.615578170768398,0.300320113225858,0.58,0.35
