"","simul_idx","up_dw","low_dw","up_dw_x1_to_xn","low_dw_x1_to_xn","up_dw_x1_to_xn_tails","low_dw_x1_to_xn_tails","up_t_test","low_t_test","up_anderson","low_anderson","up_cheby","low_cheby","up_emp_bern","low_emp_bern","up_hoeffding","low_hoeffding","up_PI_emp_bern","low_PI_emp_bern","up_PI_hedged","low_PI_hedged"
"1",100,0.526351515487135,0.356377298683624,0.526346433568124,0.356379262458073,0.551128554114094,0.356379262458073,0.491994729331696,0.388542404190718,0.51764080463348,0.358908654064015,0.600233527050026,0.246436793644603,0.559935766059542,0.320601367462872,0.517673117965306,0.362864015557108,0.532168802612038,0.354448122415493,0.51,0.37
