"","simul_idx","up_dw","low_dw","up_dw_x1_to_xn","low_dw_x1_to_xn","up_dw_x1_to_xn_tails","low_dw_x1_to_xn_tails","up_t_test","low_t_test","up_anderson","low_anderson","up_cheby","low_cheby","up_emp_bern","low_emp_bern","up_hoeffding","low_hoeffding","up_PI_emp_bern","low_PI_emp_bern","up_PI_hedged","low_PI_hedged"
"1",118,0.721199543461527,0.351059268784555,0.721188147589303,0.351085684044616,0.81752945032213,0.351085684044616,0.658750850650402,0.420912184352937,0.71280889326867,0.346878612747401,0.80509463996609,0.0946245558700257,0.908155281993811,0.171507753009529,0.712913355761898,0.366749679241441,0.752711021931081,0.31627929782244,0.71,0.38
