"","simul_idx","up_dw","low_dw","up_dw_x1_to_xn","low_dw_x1_to_xn","up_dw_x1_to_xn_tails","low_dw_x1_to_xn_tails","up_t_test","low_t_test","up_anderson","low_anderson","up_cheby","low_cheby","up_emp_bern","low_emp_bern","up_hoeffding","low_hoeffding","up_PI_emp_bern","low_PI_emp_bern","up_PI_hedged","low_PI_hedged"
"1",307,0.605083774294721,0.434160353569934,0.605081595788792,0.434162268979863,0.629863639872375,0.434162268979863,0.572078622275726,0.467936889277265,0.597368664139422,0.438631925817151,0.668712051843463,0.331302863111336,0.640242058671807,0.399773452881184,0.597412306980595,0.442603204572397,0.605093321727869,0.426025008366304,0.59,0.45
