"","simul_idx","up_dw","low_dw","up_dw_x1_to_xn","low_dw_x1_to_xn","up_dw_x1_to_xn_tails","low_dw_x1_to_xn_tails","up_t_test","low_t_test","up_anderson","low_anderson","up_cheby","low_cheby","up_emp_bern","low_emp_bern","up_hoeffding","low_hoeffding","up_PI_emp_bern","low_PI_emp_bern","up_PI_hedged","low_PI_hedged"
"1",279,0.740964653417045,0.18124473591841,0.740782459349145,0.181334896075454,0.937888410732152,0.181334896075454,0.646454150261046,0.253315574234111,0.723288509274686,0.126731609279865,0.836911470361816,-0.237064987365044,1.21168541584952,-0.311915691354361,0.723551277503177,0.17621844699198,0.833185545056789,0.0446815669558808,0.72,0.22
