"","simul_idx","up_dw","low_dw","up_dw_x1_to_xn","low_dw_x1_to_xn","up_dw_x1_to_xn_tails","low_dw_x1_to_xn_tails","up_t_test","low_t_test","up_anderson","low_anderson","up_cheby","low_cheby","up_emp_bern","low_emp_bern","up_hoeffding","low_hoeffding","up_PI_emp_bern","low_PI_emp_bern","up_PI_hedged","low_PI_hedged"
"1",140,0.738748551710544,0.370106815984842,0.738741184248819,0.370163785194,0.835128026100934,0.370163785194,0.678283822207346,0.441616758520013,0.732814087999132,0.367037823558776,0.817508190227416,0.115742293712049,0.927324990149421,0.192575590577937,0.733032128623908,0.386868452103451,0.772283309136449,0.336540861261011,0.72,0.4
