"","simul_idx","up_dw","low_dw","up_dw_x1_to_xn","low_dw_x1_to_xn","up_dw_x1_to_xn_tails","low_dw_x1_to_xn_tails","up_t_test","low_t_test","up_anderson","low_anderson","up_cheby","low_cheby","up_emp_bern","low_emp_bern","up_hoeffding","low_hoeffding","up_PI_emp_bern","low_PI_emp_bern","up_PI_hedged","low_PI_hedged"
"1",242,0.605106650722754,0.338637812662799,0.605099373142995,0.338647966776405,0.659701766949127,0.338647966776405,0.553438569243253,0.387512802356967,0.592773058539102,0.338172680449484,0.697178580877658,0.158231756940725,0.693136411643069,0.247814959957152,0.592863027334151,0.348088344266069,0.62642415682947,0.309853557081975,0.59,0.36
