"","simul_idx","up_dw","low_dw","up_dw_x1_to_xn","low_dw_x1_to_xn","up_dw_x1_to_xn_tails","low_dw_x1_to_xn_tails","up_t_test","low_t_test","up_anderson","low_anderson","up_cheby","low_cheby","up_emp_bern","low_emp_bern","up_hoeffding","low_hoeffding","up_PI_emp_bern","low_PI_emp_bern","up_PI_hedged","low_PI_hedged"
"1",484,0.572468560947451,0.451146531254776,0.572467976574818,0.451147887576431,0.585747218131513,0.451147887576431,0.548654594749656,0.47519130883942,0.566633693493517,0.455211502500558,0.622591779890995,0.381178713823785,0.589715830466791,0.434130073122285,0.566656234845658,0.457189668743418,0.573486695109433,0.453932192654867,0.56,0.46
