"","simul_idx","up_dw","low_dw","up_dw_x1_to_xn","low_dw_x1_to_xn","up_dw_x1_to_xn_tails","low_dw_x1_to_xn_tails","up_t_test","low_t_test","up_anderson","low_anderson","up_cheby","low_cheby","up_emp_bern","low_emp_bern","up_hoeffding","low_hoeffding","up_PI_emp_bern","low_PI_emp_bern","up_PI_hedged","low_PI_hedged"
"1",209,0.542794027143932,0.421509178991233,0.542793556630995,0.421510505482281,0.556072722593871,0.421510505482281,0.518694961035371,0.445262318401694,0.536695501715775,0.425266531119009,0.595581673975903,0.349474482334945,0.559746264217328,0.404211015219737,0.536711922769652,0.427245356667413,0.543905617567986,0.424499944882379,0.53,0.43
