"","simul_idx","up_dw","low_dw","up_dw_x1_to_xn","low_dw_x1_to_xn","up_dw_x1_to_xn_tails","low_dw_x1_to_xn_tails","up_t_test","low_t_test","up_anderson","low_anderson","up_cheby","low_cheby","up_emp_bern","low_emp_bern","up_hoeffding","low_hoeffding","up_PI_emp_bern","low_PI_emp_bern","up_PI_hedged","low_PI_hedged"
"1",165,0.65348296974359,0.112989929216773,0.653333653379173,0.113071990534785,0.850427270261878,0.113071990534785,0.538839511879246,0.162055477511397,0.623781911401102,0.0275168631843021,0.786841800713428,-0.319578474452999,1.09940280722124,-0.398507817830597,0.62411390995092,0.0767810794397227,0.727698020402975,-0.0438777077662788,0.62,0.14
