"","simul_idx","up_dw","low_dw","up_dw_x1_to_xn","low_dw_x1_to_xn","up_dw_x1_to_xn_tails","low_dw_x1_to_xn_tails","up_t_test","low_t_test","up_anderson","low_anderson","up_cheby","low_cheby","up_emp_bern","low_emp_bern","up_hoeffding","low_hoeffding","up_PI_emp_bern","low_PI_emp_bern","up_PI_hedged","low_PI_hedged"
"1",164,0.726191874749531,0.463979402730014,0.726177530607501,0.464005301071582,0.780803172013737,0.464005301071582,0.68098517770721,0.518148932966227,0.721841060746124,0.46726009807095,0.792447187718666,0.297674731075367,0.819700735252429,0.379433375421007,0.721954396870759,0.477179713802677,0.755761109081711,0.447336991865476,0.71,0.48
