"","simul_idx","up_dw","low_dw","up_dw_x1_to_xn","low_dw_x1_to_xn","up_dw_x1_to_xn_tails","low_dw_x1_to_xn_tails","up_t_test","low_t_test","up_anderson","low_anderson","up_cheby","low_cheby","up_emp_bern","low_emp_bern","up_hoeffding","low_hoeffding","up_PI_emp_bern","low_PI_emp_bern","up_PI_hedged","low_PI_hedged"
"1",347,0.703523018422237,0.33256159521645,0.703513035188652,0.332580681328907,0.799843414196824,0.332580681328907,0.639178602125208,0.40064626291085,0.692886251876511,0.3269156650178,0.792598305383775,0.073922415479607,0.888798111500216,0.151026753535842,0.692994270778258,0.346830594257801,0.734229757805365,0.295341168616435,0.68,0.36
