"","simul_idx","up_dw","low_dw","up_dw_x1_to_xn","low_dw_x1_to_xn","up_dw_x1_to_xn_tails","low_dw_x1_to_xn_tails","up_t_test","low_t_test","up_anderson","low_anderson","up_cheby","low_cheby","up_emp_bern","low_emp_bern","up_hoeffding","low_hoeffding","up_PI_emp_bern","low_PI_emp_bern","up_PI_hedged","low_PI_hedged"
"1",155,0.604763627802343,0.338230874125783,0.604757372966507,0.338240682117896,0.659359255696831,0.338240682117896,0.55305695545673,0.387105434598566,0.592420573627219,0.337763976660214,0.696876844062178,0.157816237806272,0.692762986092568,0.247399403962727,0.592468536561689,0.347693853493607,0.631021808605806,0.314371083163251,0.59,0.36
