"","simul_idx","up_dw","low_dw","up_dw_x1_to_xn","low_dw_x1_to_xn","up_dw_x1_to_xn_tails","low_dw_x1_to_xn_tails","up_t_test","low_t_test","up_anderson","low_anderson","up_cheby","low_cheby","up_emp_bern","low_emp_bern","up_hoeffding","low_hoeffding","up_PI_emp_bern","low_PI_emp_bern","up_PI_hedged","low_PI_hedged"
"1",257,0.854088568540559,0.301171213720494,0.854026897441796,0.301320232818872,1.0512224907632,0.301320232818872,0.79341312095134,0.406008378677975,0.873042667729387,0.276332488651506,0.903206062175307,-0.103591729089096,1.35700781573778,-0.157586316108462,0.873377165070256,0.326044334559059,0.977524936015823,0.19276840543778,0.83,0.34
