"","simul_idx","up_dw","low_dw","up_dw_x1_to_xn","low_dw_x1_to_xn","up_dw_x1_to_xn_tails","low_dw_x1_to_xn_tails","up_t_test","low_t_test","up_anderson","low_anderson","up_cheby","low_cheby","up_emp_bern","low_emp_bern","up_hoeffding","low_hoeffding","up_PI_emp_bern","low_PI_emp_bern","up_PI_hedged","low_PI_hedged"
"1",114,0.582483874902159,0.461232766393166,0.582482803582702,0.461233718166905,0.59576145799316,0.461233718166905,0.558768826913478,0.485367990709971,0.576782370502985,0.465354347741318,0.63170006712241,0.391963479567246,0.599809820542345,0.444326997081105,0.576801691862845,0.467335125760605,0.579466932485225,0.459791546277007,0.57,0.47
