"","simul_idx","up_dw","low_dw","up_dw_x1_to_xn","low_dw_x1_to_xn","up_dw_x1_to_xn_tails","low_dw_x1_to_xn_tails","up_t_test","low_t_test","up_anderson","low_anderson","up_cheby","low_cheby","up_emp_bern","low_emp_bern","up_hoeffding","low_hoeffding","up_PI_emp_bern","low_PI_emp_bern","up_PI_hedged","low_PI_hedged"
"1",171,0.630406556309953,0.261728321197553,0.630374458486727,0.261777622216641,0.726749871288502,0.261777622216641,0.558947667852029,0.322248093171571,0.613474638469783,0.247696015243927,0.740935757831978,-0.00660595697897842,0.80799891604985,0.0731968449737495,0.613679718772028,0.267516042251571,0.6537077582828,0.218786549358971,0.61,0.28
