"","simul_idx","up_dw","low_dw","up_dw_x1_to_xn","low_dw_x1_to_xn","up_dw_x1_to_xn_tails","low_dw_x1_to_xn_tails","up_t_test","low_t_test","up_anderson","low_anderson","up_cheby","low_cheby","up_emp_bern","low_emp_bern","up_hoeffding","low_hoeffding","up_PI_emp_bern","low_PI_emp_bern","up_PI_hedged","low_PI_hedged"
"1",125,0.623703294028563,0.356843628661361,0.623699453821502,0.35685498916387,0.67830362895644,0.35685498916387,0.572887224510149,0.406676041488364,0.612104683180282,0.357495130310788,0.711871479071607,0.178640580927042,0.712675812317822,0.266887453680692,0.612168974533298,0.367394291465216,0.645650244496332,0.329059098531963,0.61,0.38
