"","simul_idx","up_dw","low_dw","up_dw_x1_to_xn","low_dw_x1_to_xn","up_dw_x1_to_xn_tails","low_dw_x1_to_xn_tails","up_t_test","low_t_test","up_anderson","low_anderson","up_cheby","low_cheby","up_emp_bern","low_emp_bern","up_hoeffding","low_hoeffding","up_PI_emp_bern","low_PI_emp_bern","up_PI_hedged","low_PI_hedged"
"1",264,0.698971239786512,0.146034517663661,0.698943253963441,0.146068688364819,0.895963933623208,0.146068688364819,0.594159685435,0.20674255150583,0.673857189591355,0.0771855605239712,0.812584066856542,-0.278649242229321,1.157757917091,-0.356855680150169,0.674117533726014,0.126784703214817,0.807774099284634,0.0223226879529631,0.66,0.17
