"","simul_idx","up_dw","low_dw","up_dw_x1_to_xn","low_dw_x1_to_xn","up_dw_x1_to_xn_tails","low_dw_x1_to_xn_tails","up_t_test","low_t_test","up_anderson","low_anderson","up_cheby","low_cheby","up_emp_bern","low_emp_bern","up_hoeffding","low_hoeffding","up_PI_emp_bern","low_PI_emp_bern","up_PI_hedged","low_PI_hedged"
"1",454,0.648799855379478,0.27875451085277,0.648760681515835,0.278774832301215,0.74509290172996,0.278774832301215,0.578919001727848,0.341209492378058,0.633034139838076,0.267179182676414,0.753885951974608,0.0128877931136473,0.828283387076384,0.0918451070295223,0.633146085313182,0.286982408792724,0.674317907429769,0.236793244174893,0.63,0.3
