"","simul_idx","up_dw","low_dw","up_dw_x1_to_xn","low_dw_x1_to_xn","up_dw_x1_to_xn_tails","low_dw_x1_to_xn_tails","up_t_test","low_t_test","up_anderson","low_anderson","up_cheby","low_cheby","up_emp_bern","low_emp_bern","up_hoeffding","low_hoeffding","up_PI_emp_bern","low_PI_emp_bern","up_PI_hedged","low_PI_hedged"
"1",344,0.604968105369399,0.434039518910003,0.604965002940296,0.43404250137386,0.629748622116529,0.43404250137386,0.571945356691438,0.467826292967851,0.597261405067494,0.438518860685692,0.668608707558207,0.331171724806494,0.640101480088173,0.399670169571117,0.597290376033744,0.442481273625546,0.606405084487615,0.427786074647434,0.59,0.45
