"","simul_idx","up_dw","low_dw","up_dw_x1_to_xn","low_dw_x1_to_xn","up_dw_x1_to_xn_tails","low_dw_x1_to_xn_tails","up_t_test","low_t_test","up_anderson","low_anderson","up_cheby","low_cheby","up_emp_bern","low_emp_bern","up_hoeffding","low_hoeffding","up_PI_emp_bern","low_PI_emp_bern","up_PI_hedged","low_PI_hedged"
"1",281,0.647441878388938,0.47761761756871,0.647433677484803,0.477625083582454,0.672223838672611,0.477625083582454,0.615368093553357,0.512015595151992,0.641056261710442,0.482332728798484,0.705444814506513,0.378577963094785,0.683276926653799,0.44410676205155,0.641096395556774,0.486287293148576,0.646978684843478,0.469360452010079,0.63,0.49
