"","simul_idx","up_dw","low_dw","up_dw_x1_to_xn","low_dw_x1_to_xn","up_dw_x1_to_xn_tails","low_dw_x1_to_xn_tails","up_t_test","low_t_test","up_anderson","low_anderson","up_cheby","low_cheby","up_emp_bern","low_emp_bern","up_hoeffding","low_hoeffding","up_PI_emp_bern","low_PI_emp_bern","up_PI_hedged","low_PI_hedged"
"1",437,0.616578099723313,0.445825691968864,0.616575066508174,0.445826606194803,0.641355675483721,0.445826606194803,0.583806891413574,0.47980377937537,0.609173062773192,0.450433851740787,0.67869026046794,0.344012307598352,0.65192560935274,0.411685061436204,0.609209886598571,0.454400784190373,0.618113969006209,0.438916644460956,0.6,0.46
