"","simul_idx","up_dw","low_dw","up_dw_x1_to_xn","low_dw_x1_to_xn","up_dw_x1_to_xn_tails","low_dw_x1_to_xn_tails","up_t_test","low_t_test","up_anderson","low_anderson","up_cheby","low_cheby","up_emp_bern","low_emp_bern","up_hoeffding","low_hoeffding","up_PI_emp_bern","low_PI_emp_bern","up_PI_hedged","low_PI_hedged"
"1",428,0.552714846477617,0.431376122737259,0.552714389484793,0.431376885478632,0.565992769540501,0.431376885478632,0.528704608658813,0.45522988128579,0.546681175152042,0.435255568360002,0.604612183401225,0.360029473407209,0.5697695529458,0.414164936998803,0.546700528023421,0.437233961921181,0.555229662256105,0.435067321691072,0.54,0.44
