"","simul_idx","up_dw","low_dw","up_dw_x1_to_xn","low_dw_x1_to_xn","up_dw_x1_to_xn_tails","low_dw_x1_to_xn_tails","up_t_test","low_t_test","up_anderson","low_anderson","up_cheby","low_cheby","up_emp_bern","low_emp_bern","up_hoeffding","low_hoeffding","up_PI_emp_bern","low_PI_emp_bern","up_PI_hedged","low_PI_hedged"
"1",303,0.538282479840009,0.367915232194303,0.538279781653522,0.36791933015509,0.563065028639619,0.36791933015509,0.504072834139462,0.400346272910756,0.529579708025654,0.370844628261321,0.610597735573244,0.259036021205812,0.572102338113897,0.332316768936321,0.529614104729208,0.37480500232101,0.543935020814333,0.365575709016055,0.52,0.38
