"","simul_idx","up_dw","low_dw","up_dw_x1_to_xn","low_dw_x1_to_xn","up_dw_x1_to_xn_tails","low_dw_x1_to_xn_tails","up_t_test","low_t_test","up_anderson","low_anderson","up_cheby","low_cheby","up_emp_bern","low_emp_bern","up_hoeffding","low_hoeffding","up_PI_emp_bern","low_PI_emp_bern","up_PI_hedged","low_PI_hedged"
"1",457,0.818064126937998,0.258121178310727,0.817987200312614,0.25820282405115,1.01508018427227,0.25820282405115,0.745675018349853,0.352513936901734,0.822569531346318,0.225857942116756,0.882136893365495,-0.150010923197771,1.31091270751403,-0.212723752262443,0.822760892881392,0.275428062370195,0.930033050328513,0.141413619700381,0.8,0.3
