"","simul_idx","up_dw","low_dw","up_dw_x1_to_xn","low_dw_x1_to_xn","up_dw_x1_to_xn_tails","low_dw_x1_to_xn_tails","up_t_test","low_t_test","up_anderson","low_anderson","up_cheby","low_cheby","up_emp_bern","low_emp_bern","up_hoeffding","low_hoeffding","up_PI_emp_bern","low_PI_emp_bern","up_PI_hedged","low_PI_hedged"
"1",460,0.649247784641962,0.279255386961926,0.649221338311672,0.279282089535473,0.74556306927075,0.279282089535473,0.579438663067828,0.341740285811449,0.633484100815306,0.267671464714264,0.754232995768951,0.0134161282971131,0.828799596834675,0.0923793520446024,0.633671312699867,0.28750763617941,0.683346019591755,0.248478652693893,0.63,0.31
