"","simul_idx","up_dw","low_dw","up_dw_x1_to_xn","low_dw_x1_to_xn","up_dw_x1_to_xn_tails","low_dw_x1_to_xn_tails","up_t_test","low_t_test","up_anderson","low_anderson","up_cheby","low_cheby","up_emp_bern","low_emp_bern","up_hoeffding","low_hoeffding","up_PI_emp_bern","low_PI_emp_bern","up_PI_hedged","low_PI_hedged"
"1",353,0.781038361446773,0.218672435451608,0.780969067367183,0.218754584598653,0.978062818013163,0.218754584598653,0.697565598675787,0.30205867634421,0.773301536421342,0.176423878728857,0.860293964330759,-0.193877780984095,1.26347284591595,-0.263848570895957,0.773478552765597,0.2261457222544,0.908192437476074,0.115761984853828,0.75,0.25
