"","simul_idx","up_dw","low_dw","up_dw_x1_to_xn","low_dw_x1_to_xn","up_dw_x1_to_xn_tails","low_dw_x1_to_xn_tails","up_t_test","low_t_test","up_anderson","low_anderson","up_cheby","low_cheby","up_emp_bern","low_emp_bern","up_hoeffding","low_hoeffding","up_PI_emp_bern","low_PI_emp_bern","up_PI_hedged","low_PI_hedged"
"1",248,0.685249772874913,0.314107480743325,0.685228697881181,0.314124308693578,0.781555711212541,0.314124308693578,0.618967281446249,0.38032573131029,0.672639327584863,0.306694964435786,0.77968121793869,0.0530629593584258,0.868620652414344,0.130672360342195,0.672728344638498,0.326564668118041,0.713650314652522,0.275770401889886,0.66,0.34
