"","simul_idx","up_dw","low_dw","up_dw_x1_to_xn","low_dw_x1_to_xn","up_dw_x1_to_xn_tails","low_dw_x1_to_xn_tails","up_t_test","low_t_test","up_anderson","low_anderson","up_cheby","low_cheby","up_emp_bern","low_emp_bern","up_hoeffding","low_hoeffding","up_PI_emp_bern","low_PI_emp_bern","up_PI_hedged","low_PI_hedged"
"1",172,0.588158608880651,0.466965718684441,0.588157340178216,0.466967609663313,0.60143735771709,0.466967609663313,0.564510334298259,0.491138299453052,0.582538043056978,0.471110996957159,0.636857563527969,0.398092077404688,0.605541992420724,0.450106641330586,0.582557599926775,0.473091033824535,0.590389498018465,0.470394538001754,0.58,0.48
