"","simul_idx","up_dw","low_dw","up_dw_x1_to_xn","low_dw_x1_to_xn","up_dw_x1_to_xn_tails","low_dw_x1_to_xn_tails","up_t_test","low_t_test","up_anderson","low_anderson","up_cheby","low_cheby","up_emp_bern","low_emp_bern","up_hoeffding","low_hoeffding","up_PI_emp_bern","low_PI_emp_bern","up_PI_hedged","low_PI_hedged"
"1",46,0.601102931252408,0.43012960896278,0.601100364926136,0.430131087721943,0.625881796964786,0.430131087721943,0.567996557474138,0.463850007396855,0.593303601503326,0.434557363665778,0.665247808633712,0.326912349896088,0.636161547836743,0.39568501703425,0.593327833639595,0.438518731231397,0.602777813568684,0.423441681877586,0.59,0.44
