"","simul_idx","up_dw","low_dw","up_dw_x1_to_xn","low_dw_x1_to_xn","up_dw_x1_to_xn_tails","low_dw_x1_to_xn_tails","up_t_test","low_t_test","up_anderson","low_anderson","up_cheby","low_cheby","up_emp_bern","low_emp_bern","up_hoeffding","low_hoeffding","up_PI_emp_bern","low_PI_emp_bern","up_PI_hedged","low_PI_hedged"
"1",56,0.789724208881687,0.42784098760218,0.789692680712588,0.42785518382451,0.886015771586285,0.42785518382451,0.735304510351069,0.503679680439053,0.792443402704021,0.426563278129406,0.852940924564536,0.179545901093899,0.982782299229542,0.256201891560579,0.792573933655289,0.446410257134832,0.837243503033066,0.409243849730827,0.76,0.45
