"","simul_idx","up_dw","low_dw","up_dw_x1_to_xn","low_dw_x1_to_xn","up_dw_x1_to_xn_tails","low_dw_x1_to_xn_tails","up_t_test","low_t_test","up_anderson","low_anderson","up_cheby","low_cheby","up_emp_bern","low_emp_bern","up_hoeffding","low_hoeffding","up_PI_emp_bern","low_PI_emp_bern","up_PI_hedged","low_PI_hedged"
"1",430,0.642884290098619,0.376085497569003,0.642864992328683,0.376095458086666,0.697467100275066,0.376095458086666,0.593033254467574,0.426899063522848,0.632252685616689,0.377666313321625,0.727074906138915,0.200136292034196,0.732797363359847,0.287134954630575,0.632353500529252,0.387578817461171,0.670670627482487,0.354130427802308,0.62,0.39
