"","simul_idx","up_dw","low_dw","up_dw_x1_to_xn","low_dw_x1_to_xn","up_dw_x1_to_xn_tails","low_dw_x1_to_xn_tails","up_t_test","low_t_test","up_anderson","low_anderson","up_cheby","low_cheby","up_emp_bern","low_emp_bern","up_hoeffding","low_hoeffding","up_PI_emp_bern","low_PI_emp_bern","up_PI_hedged","low_PI_hedged"
"1",155,0.566623601825613,0.44528664740547,0.566621216231352,0.445287211469558,0.579899307934021,0.445287211469558,0.542747216873117,0.469280241164156,0.560728150789988,0.449305333349031,0.617276460538662,0.374907321850822,0.583809648580361,0.428217809456912,0.560747012069756,0.451280445967517,0.561651701774907,0.441246661800477,0.55,0.45
