"","simul_idx","up_dw","low_dw","up_dw_x1_to_xn","low_dw_x1_to_xn","up_dw_x1_to_xn_tails","low_dw_x1_to_xn_tails","up_t_test","low_t_test","up_anderson","low_anderson","up_cheby","low_cheby","up_emp_bern","low_emp_bern","up_hoeffding","low_hoeffding","up_PI_emp_bern","low_PI_emp_bern","up_PI_hedged","low_PI_hedged"
"1",310,0.671032093635792,0.404833097669261,0.671017606034353,0.404840845629129,0.725616446963837,0.404840845629129,0.622650542436924,0.456953538787892,0.66212239212623,0.407493224190102,0.749239443327827,0.232218812331096,0.762275651691394,0.317328429533422,0.662189382146449,0.417414699078367,0.700137793342029,0.38403890371581,0.65,0.42
