"","simul_idx","up_dw","low_dw","up_dw_x1_to_xn","low_dw_x1_to_xn","up_dw_x1_to_xn_tails","low_dw_x1_to_xn_tails","up_t_test","low_t_test","up_anderson","low_anderson","up_cheby","low_cheby","up_emp_bern","low_emp_bern","up_hoeffding","low_hoeffding","up_PI_emp_bern","low_PI_emp_bern","up_PI_hedged","low_PI_hedged"
"1",227,0.685496164579619,0.314480701529944,0.685462476359003,0.314490849046024,0.781779532840343,0.314490849046024,0.619197486551634,0.380776963834537,0.672931714149272,0.307090425520219,0.77990004186797,0.0534120001205059,0.868782326457004,0.131192123929167,0.673069063453314,0.326905386932857,0.724351898240588,0.285460861619121,0.66,0.34
