"","simul_idx","up_dw","low_dw","up_dw_x1_to_xn","low_dw_x1_to_xn","up_dw_x1_to_xn_tails","low_dw_x1_to_xn_tails","up_t_test","low_t_test","up_anderson","low_anderson","up_cheby","low_cheby","up_emp_bern","low_emp_bern","up_hoeffding","low_hoeffding","up_PI_emp_bern","low_PI_emp_bern","up_PI_hedged","low_PI_hedged"
"1",463,0.616599514465185,0.445853258352189,0.616594710697802,0.445857829770645,0.641380678127423,0.445857829770645,0.583835756796064,0.479822973387152,0.609199088980537,0.45046505571954,0.678710541646981,0.344038237375343,0.651957594673034,0.411701135510182,0.609233916295707,0.454424813887509,0.6158490684326,0.436322536760969,0.6,0.46
