"","simul_idx","up_dw","low_dw","up_dw_x1_to_xn","low_dw_x1_to_xn","up_dw_x1_to_xn_tails","low_dw_x1_to_xn_tails","up_t_test","low_t_test","up_anderson","low_anderson","up_cheby","low_cheby","up_emp_bern","low_emp_bern","up_hoeffding","low_hoeffding","up_PI_emp_bern","low_PI_emp_bern","up_PI_hedged","low_PI_hedged"
"1",2,0.509069973875819,0.388287669003839,0.509069001942636,0.388288790215068,0.522347902268548,0.388288790215068,0.48474705774867,0.411674513612855,0.502922496052165,0.391501108989005,0.564905418633485,0.313939259171932,0.525681640677472,0.370739930684054,0.502944068731882,0.393477502629643,0.506030038643289,0.386549058708056,0.5,0.4
