"","simul_idx","up_dw","low_dw","up_dw_x1_to_xn","low_dw_x1_to_xn","up_dw_x1_to_xn_tails","low_dw_x1_to_xn_tails","up_t_test","low_t_test","up_anderson","low_anderson","up_cheby","low_cheby","up_emp_bern","low_emp_bern","up_hoeffding","low_hoeffding","up_PI_emp_bern","low_PI_emp_bern","up_PI_hedged","low_PI_hedged"
"1",465,0.616815055390452,0.446065436914887,0.616809766244671,0.446067403284625,0.641591918198114,0.446067403284625,0.584041069476437,0.480054841158177,0.609419853917732,0.45067688856783,0.678895024789705,0.344274120051269,0.652154340808528,0.411941569826086,0.609452506521406,0.454643404113208,0.626607760053508,0.447266124747371,0.61,0.46
