"","simul_idx","up_dw","low_dw","up_dw_x1_to_xn","low_dw_x1_to_xn","up_dw_x1_to_xn_tails","low_dw_x1_to_xn_tails","up_t_test","low_t_test","up_anderson","low_anderson","up_cheby","low_cheby","up_emp_bern","low_emp_bern","up_hoeffding","low_hoeffding","up_PI_emp_bern","low_PI_emp_bern","up_PI_hedged","low_PI_hedged"
"1",310,0.698601239428784,0.145739615311256,0.6984031837323,0.14577239152098,0.895421739587046,0.14577239152098,0.593600762525597,0.206478205814787,0.673588015920341,0.0769684832455561,0.812376742204103,-0.278990763310514,1.15711491492586,-0.357035946585477,0.673705899425791,0.126373068914593,0.781704731738179,-0.000913723765696095,0.67,0.18
