"","simul_idx","up_dw","low_dw","up_dw_x1_to_xn","low_dw_x1_to_xn","up_dw_x1_to_xn_tails","low_dw_x1_to_xn_tails","up_t_test","low_t_test","up_anderson","low_anderson","up_cheby","low_cheby","up_emp_bern","low_emp_bern","up_hoeffding","low_hoeffding","up_PI_emp_bern","low_PI_emp_bern","up_PI_hedged","low_PI_hedged"
"1",386,0.78163422479288,0.21958481971846,0.781595257330862,0.219642825974468,0.978652238447827,0.219642825974468,0.698114754784711,0.303440563879287,0.774074356915721,0.177475674856907,0.860733951560901,-0.193030405784902,1.26378432092065,-0.262229002256656,0.774444074587598,0.2271112440764,0.906887109715441,0.118945180969974,0.75,0.25
