"","simul_idx","up_dw","low_dw","up_dw_x1_to_xn","low_dw_x1_to_xn","up_dw_x1_to_xn_tails","low_dw_x1_to_xn_tails","up_t_test","low_t_test","up_anderson","low_anderson","up_cheby","low_cheby","up_emp_bern","low_emp_bern","up_hoeffding","low_hoeffding","up_PI_emp_bern","low_PI_emp_bern","up_PI_hedged","low_PI_hedged"
"1",447,0.562614243816132,0.441275024114627,0.562613152685919,0.441276995494085,0.5758932869153,0.441276995494085,0.538693225245016,0.465234874788335,0.556675641297272,0.445251736613188,0.613629516196062,0.370613719130752,0.57975286121266,0.42417523882069,0.556697333067795,0.447230766965555,0.565526338951704,0.445697705944347,0.55,0.45
