"","simul_idx","up_dw","low_dw","up_dw_x1_to_xn","low_dw_x1_to_xn","up_dw_x1_to_xn_tails","low_dw_x1_to_xn_tails","up_t_test","low_t_test","up_anderson","low_anderson","up_cheby","low_cheby","up_emp_bern","low_emp_bern","up_hoeffding","low_hoeffding","up_PI_emp_bern","low_PI_emp_bern","up_PI_hedged","low_PI_hedged"
"1",313,0.818559688687462,0.258709006588057,0.81842290870071,0.258757581477713,1.01546552588346,0.258757581477713,0.746410379407735,0.353173434369493,0.823245264840179,0.226565016010367,0.882436814272414,-0.149380938420928,1.31166972182205,-0.212085908044824,0.823458322144213,0.276125491633016,0.929801715868209,0.143043979176372,0.79,0.29
