"","simul_idx","up_dw","low_dw","up_dw_x1_to_xn","low_dw_x1_to_xn","up_dw_x1_to_xn_tails","low_dw_x1_to_xn_tails","up_t_test","low_t_test","up_anderson","low_anderson","up_cheby","low_cheby","up_emp_bern","low_emp_bern","up_hoeffding","low_hoeffding","up_PI_emp_bern","low_PI_emp_bern","up_PI_hedged","low_PI_hedged"
"1",402,0.566088736149881,0.301448191596334,0.566077331946685,0.301450743085394,0.620668499875272,0.301450743085394,0.512853642330903,0.348298988090467,0.552889480391636,0.29828226668566,0.666364115156305,0.116501912499487,0.652115552206976,0.209037078214395,0.552963656744726,0.308188973676644,0.589716290388272,0.277087379391118,0.55,0.32
