"","simul_idx","up_dw","low_dw","up_dw_x1_to_xn","low_dw_x1_to_xn","up_dw_x1_to_xn_tails","low_dw_x1_to_xn_tails","up_t_test","low_t_test","up_anderson","low_anderson","up_cheby","low_cheby","up_emp_bern","low_emp_bern","up_hoeffding","low_hoeffding","up_PI_emp_bern","low_PI_emp_bern","up_PI_hedged","low_PI_hedged"
"1",174,0.548830701343276,0.427505019306795,0.548829854913143,0.427506833904076,0.562109761594533,0.427506833904076,0.524783162143044,0.451320626172132,0.542766174845133,0.431342807426576,0.601074817797822,0.355889680550389,0.565844154779165,0.410259633536011,0.542785177208708,0.433318611106468,0.549753803491498,0.430160729199353,0.54,0.44
