"","simul_idx","up_dw","low_dw","up_dw_x1_to_xn","low_dw_x1_to_xn","up_dw_x1_to_xn_tails","low_dw_x1_to_xn_tails","up_t_test","low_t_test","up_anderson","low_anderson","up_cheby","low_cheby","up_emp_bern","low_emp_bern","up_hoeffding","low_hoeffding","up_PI_emp_bern","low_PI_emp_bern","up_PI_hedged","low_PI_hedged"
"1",22,0.597434880891235,0.426447426375901,0.59743181764177,0.426457118862138,0.622225227925493,0.426457118862138,0.564262907747818,0.46009214455826,0.589533744259087,0.430807152288587,0.662066538277735,0.322890242785801,0.63243570914431,0.391919343161768,0.589582077357138,0.43477297494894,0.603357845657668,0.42480641171737,0.58,0.44
