"","simul_idx","up_dw","low_dw","up_dw_x1_to_xn","low_dw_x1_to_xn","up_dw_x1_to_xn_tails","low_dw_x1_to_xn_tails","up_t_test","low_t_test","up_anderson","low_anderson","up_cheby","low_cheby","up_emp_bern","low_emp_bern","up_hoeffding","low_hoeffding","up_PI_emp_bern","low_PI_emp_bern","up_PI_hedged","low_PI_hedged"
"1",398,0.648903013848587,0.278808485622683,0.648875821850944,0.278839291627922,0.745223668767888,0.278839291627922,0.579051815601102,0.341253604168379,0.633107400533885,0.267209261014477,0.753944412552221,0.0129767705890133,0.828443703637045,0.0918617161324365,0.633234548144969,0.287070871624512,0.674438941837114,0.236786626816142,0.63,0.3
