"","simul_idx","up_dw","low_dw","up_dw_x1_to_xn","low_dw_x1_to_xn","up_dw_x1_to_xn_tails","low_dw_x1_to_xn_tails","up_t_test","low_t_test","up_anderson","low_anderson","up_cheby","low_cheby","up_emp_bern","low_emp_bern","up_hoeffding","low_hoeffding","up_PI_emp_bern","low_PI_emp_bern","up_PI_hedged","low_PI_hedged"
"1",47,0.597088561562349,0.426096514969473,0.597084101163637,0.426097594179968,0.621864923040987,0.426097594179968,0.563903950657816,0.45973940011704,0.589195407128871,0.43046012456317,0.661764100961808,0.322508351706323,0.632074747883608,0.391568602891248,0.589226226591527,0.434417124183329,0.599236669659241,0.420335238215498,0.58,0.44
