"","simul_idx","up_dw","low_dw","up_dw_x1_to_xn","low_dw_x1_to_xn","up_dw_x1_to_xn_tails","low_dw_x1_to_xn_tails","up_t_test","low_t_test","up_anderson","low_anderson","up_cheby","low_cheby","up_emp_bern","low_emp_bern","up_hoeffding","low_hoeffding","up_PI_emp_bern","low_PI_emp_bern","up_PI_hedged","low_PI_hedged"
"1",62,0.581703123230124,0.41066068111356,0.581701758836148,0.410666432988394,0.60648941194103,0.410666432988394,0.548213826526256,0.443997463425883,0.573472159373138,0.414735997129089,0.648370617042069,0.305678700219604,0.616401338235268,0.375809951716872,0.573510196180169,0.418701093771971,0.587620006205238,0.40898767180058,0.57,0.42
