"","simul_idx","up_dw","low_dw","up_dw_x1_to_xn","low_dw_x1_to_xn","up_dw_x1_to_xn_tails","low_dw_x1_to_xn_tails","up_t_test","low_t_test","up_anderson","low_anderson","up_cheby","low_cheby","up_emp_bern","low_emp_bern","up_hoeffding","low_hoeffding","up_PI_emp_bern","low_PI_emp_bern","up_PI_hedged","low_PI_hedged"
"1",144,0.538926194773002,0.417667656949764,0.538924568425528,0.417668673234494,0.552203356661746,0.417668673234494,0.514793353932018,0.441383245083396,0.532802362033623,0.421375399454572,0.592059008900892,0.345369029349514,0.555837353142668,0.400339245872746,0.532821582558827,0.423355016456587,0.540007646950889,0.420657641217888,0.53,0.43
