"","simul_idx","up_dw","low_dw","up_dw_x1_to_xn","low_dw_x1_to_xn","up_dw_x1_to_xn_tails","low_dw_x1_to_xn_tails","up_t_test","low_t_test","up_anderson","low_anderson","up_cheby","low_cheby","up_emp_bern","low_emp_bern","up_hoeffding","low_hoeffding","up_PI_emp_bern","low_PI_emp_bern","up_PI_hedged","low_PI_hedged"
"1",201,0.554074220672397,0.383333718947861,0.554069911308501,0.383337660667426,0.578854935746713,0.383337660667426,0.520100093767503,0.416099911699244,0.545465608086749,0.386730568184457,0.624331848738117,0.275860464210679,0.588217866512417,0.34798213895433,0.545504553937473,0.390695451529275,0.555099252500019,0.375727049340895,0.54,0.4
