"","simul_idx","up_dw","low_dw","up_dw_x1_to_xn","low_dw_x1_to_xn","up_dw_x1_to_xn_tails","low_dw_x1_to_xn_tails","up_t_test","low_t_test","up_anderson","low_anderson","up_cheby","low_cheby","up_emp_bern","low_emp_bern","up_hoeffding","low_hoeffding","up_PI_emp_bern","low_PI_emp_bern","up_PI_hedged","low_PI_hedged"
"1",21,0.652153856977393,0.385462411884492,0.652145564128738,0.385472828654704,0.706748345768161,0.385472828654704,0.602747517992051,0.436747397962453,0.642071548530528,0.38745505756636,0.734382557459795,0.210612820680663,0.742469000282805,0.297025915671699,0.642134799511293,0.397360116443211,0.675514377186664,0.358876683609879,0.63,0.4
