"","simul_idx","up_dw","low_dw","up_dw_x1_to_xn","low_dw_x1_to_xn","up_dw_x1_to_xn_tails","low_dw_x1_to_xn_tails","up_t_test","low_t_test","up_anderson","low_anderson","up_cheby","low_cheby","up_emp_bern","low_emp_bern","up_hoeffding","low_hoeffding","up_PI_emp_bern","low_PI_emp_bern","up_PI_hedged","low_PI_hedged"
"1",45,0.64289335905765,0.37602374832481,0.642883453400037,0.376040051550858,0.697494926857924,0.376040051550858,0.593031320775272,0.426838051516798,0.632253400103061,0.37762030141721,0.72705132882016,0.200102645990812,0.732814213068376,0.287055159223694,0.632322027680076,0.387547344611994,0.66598490574449,0.348832130059066,0.63,0.4
