"","simul_idx","up_dw","low_dw","up_dw_x1_to_xn","low_dw_x1_to_xn","up_dw_x1_to_xn_tails","low_dw_x1_to_xn_tails","up_t_test","low_t_test","up_anderson","low_anderson","up_cheby","low_cheby","up_emp_bern","low_emp_bern","up_hoeffding","low_hoeffding","up_PI_emp_bern","low_PI_emp_bern","up_PI_hedged","low_PI_hedged"
"1",7,0.556721718133007,0.435376245947048,0.556721102878055,0.43537815559821,0.57000119900988,0.43537815559821,0.532747094624076,0.459272628688657,0.550721276527593,0.439296722839043,0.608261213227958,0.364307142960996,0.573811954170184,0.418207769142549,0.550743144707486,0.441276578605247,0.553921243855433,0.434325983184779,0.55,0.45
