"","simul_idx","up_dw","low_dw","up_dw_x1_to_xn","low_dw_x1_to_xn","up_dw_x1_to_xn_tails","low_dw_x1_to_xn_tails","up_t_test","low_t_test","up_anderson","low_anderson","up_cheby","low_cheby","up_emp_bern","low_emp_bern","up_hoeffding","low_hoeffding","up_PI_emp_bern","low_PI_emp_bern","up_PI_hedged","low_PI_hedged"
"1",498,0.555943996451154,0.29197405781265,0.555928654306048,0.291978187733966,0.61052215291493,0.291978187733966,0.502369868124305,0.338270023939315,0.54265278143341,0.288042025661438,0.658348718437846,0.105869365256354,0.641487175369882,0.199152716693737,0.542707287565851,0.297932604497769,0.574473047269124,0.262011288088229,0.54,0.31
