"","simul_idx","up_dw","low_dw","up_dw_x1_to_xn","low_dw_x1_to_xn","up_dw_x1_to_xn_tails","low_dw_x1_to_xn_tails","up_t_test","low_t_test","up_anderson","low_anderson","up_cheby","low_cheby","up_emp_bern","low_emp_bern","up_hoeffding","low_hoeffding","up_PI_emp_bern","low_PI_emp_bern","up_PI_hedged","low_PI_hedged"
"1",231,0.643024804792445,0.3761769618253,0.643017676306921,0.376188517402439,0.697622139485008,0.376188517402439,0.593163558223895,0.427009621818805,0.632390903495053,0.37776133705589,0.727165121117767,0.200265042557414,0.732933945001793,0.287239235040907,0.632473931555391,0.387699248487309,0.665569974718489,0.349590981440183,0.62,0.39
