"","simul_idx","up_dw","low_dw","up_dw_x1_to_xn","low_dw_x1_to_xn","up_dw_x1_to_xn_tails","low_dw_x1_to_xn_tails","up_t_test","low_t_test","up_anderson","low_anderson","up_cheby","low_cheby","up_emp_bern","low_emp_bern","up_hoeffding","low_hoeffding","up_PI_emp_bern","low_PI_emp_bern","up_PI_hedged","low_PI_hedged"
"1",126,0.721613564881301,0.351614650571646,0.721595182554194,0.351634847269833,0.817927216834353,0.351634847269833,0.65923412855245,0.421505305891533,0.713254009067061,0.34742609788819,0.80542947144125,0.0951867239287355,0.908604502125176,0.172134932318806,0.71345155548222,0.367287878961763,0.763704989000101,0.326080546247211,0.7,0.37
