"","simul_idx","up_dw","low_dw","up_dw_x1_to_xn","low_dw_x1_to_xn","up_dw_x1_to_xn_tails","low_dw_x1_to_xn_tails","up_t_test","low_t_test","up_anderson","low_anderson","up_cheby","low_cheby","up_emp_bern","low_emp_bern","up_hoeffding","low_hoeffding","up_PI_emp_bern","low_PI_emp_bern","up_PI_hedged","low_PI_hedged"
"1",178,0.581696280082646,0.41065302214529,0.581694615530509,0.410654226172424,0.606475625827411,0.410654226172424,0.548205287035231,0.44399204326717,0.57346448790531,0.414732068576772,0.648364653039385,0.305671241482154,0.616391792462599,0.375805537839801,0.573503216355299,0.418694113947101,0.582899571004058,0.404084811534473,0.57,0.42
