"","simul_idx","up_dw","low_dw","up_dw_x1_to_xn","low_dw_x1_to_xn","up_dw_x1_to_xn_tails","low_dw_x1_to_xn_tails","up_t_test","low_t_test","up_anderson","low_anderson","up_cheby","low_cheby","up_emp_bern","low_emp_bern","up_hoeffding","low_hoeffding","up_PI_emp_bern","low_PI_emp_bern","up_PI_hedged","low_PI_hedged"
"1",258,0.592092258896541,0.470958254935343,0.59209188424432,0.470959770505939,0.605371381422465,0.470959770505939,0.568484650482065,0.495160885645343,0.586536819441643,0.475111415495041,0.640436001838351,0.402353739463029,0.609500662641984,0.454144873485423,0.586556051114823,0.477089485012584,0.594013775997508,0.474350313462459,0.58,0.48
