"","simul_idx","up_dw","low_dw","up_dw_x1_to_xn","low_dw_x1_to_xn","up_dw_x1_to_xn_tails","low_dw_x1_to_xn_tails","up_t_test","low_t_test","up_anderson","low_anderson","up_cheby","low_cheby","up_emp_bern","low_emp_bern","up_hoeffding","low_hoeffding","up_PI_emp_bern","low_PI_emp_bern","up_PI_hedged","low_PI_hedged"
"1",6,0.534981436108765,0.413782012049229,0.534979193480141,0.413783103319508,0.54825805035084,0.413783103319508,0.510824755683301,0.437449445260336,0.528849164967453,0.417431895826828,0.588478125149771,0.341202464010657,0.551857475532676,0.396416725410961,0.528870383522938,0.419403817420699,0.537208715001252,0.417229209110733,0.52,0.43
