"","simul_idx","up_dw","low_dw","up_dw_x1_to_xn","low_dw_x1_to_xn","up_dw_x1_to_xn_tails","low_dw_x1_to_xn_tails","up_t_test","low_t_test","up_anderson","low_anderson","up_cheby","low_cheby","up_emp_bern","low_emp_bern","up_hoeffding","low_hoeffding","up_PI_emp_bern","low_PI_emp_bern","up_PI_hedged","low_PI_hedged"
"1",117,0.557979008873527,0.387187804309757,0.557977243740127,0.387191839572405,0.582762391434461,0.387191839572405,0.524052041391048,0.420050740314883,0.549418089894114,0.390687977209091,0.627736561541069,0.280054574714634,0.592170175122546,0.351932606583385,0.549455942057064,0.394646839648867,0.563117879569215,0.384121022821481,0.54,0.4
