"","simul_idx","up_dw","low_dw","up_dw_x1_to_xn","low_dw_x1_to_xn","up_dw_x1_to_xn_tails","low_dw_x1_to_xn_tails","up_t_test","low_t_test","up_anderson","low_anderson","up_cheby","low_cheby","up_emp_bern","low_emp_bern","up_hoeffding","low_hoeffding","up_PI_emp_bern","low_PI_emp_bern","up_PI_hedged","low_PI_hedged"
"1",324,0.516035522338662,0.255839263305831,0.516024492670048,0.2558503727534,0.570628297102475,0.2558503727534,0.46135156989127,0.299939928781593,0.502942685143459,0.2483604277465,0.626994633868203,0.0650885467434911,0.599614187951023,0.16167731072184,0.503033090870472,0.258258407802391,0.530903010719302,0.226617636937562,0.5,0.27
