"","simul_idx","up_dw","low_dw","up_dw_x1_to_xn","low_dw_x1_to_xn","up_dw_x1_to_xn_tails","low_dw_x1_to_xn_tails","up_t_test","low_t_test","up_anderson","low_anderson","up_cheby","low_cheby","up_emp_bern","low_emp_bern","up_hoeffding","low_hoeffding","up_PI_emp_bern","low_PI_emp_bern","up_PI_hedged","low_PI_hedged"
"1",266,0.689792948932445,0.424530380556717,0.689780053304771,0.424544160690295,0.744387801216705,0.424544160690295,0.642458201779886,0.477419141395531,0.682243099414744,0.427610163915994,0.763981055947688,0.254089256029964,0.781874124087741,0.338003219087676,0.68232601312175,0.437551330053668,0.714338671215645,0.399979611154704,0.67,0.44
