"","simul_idx","up_dw","low_dw","up_dw_x1_to_xn","low_dw_x1_to_xn","up_dw_x1_to_xn_tails","low_dw_x1_to_xn_tails","up_t_test","low_t_test","up_anderson","low_anderson","up_cheby","low_cheby","up_emp_bern","low_emp_bern","up_hoeffding","low_hoeffding","up_PI_emp_bern","low_PI_emp_bern","up_PI_hedged","low_PI_hedged"
"1",379,0.917552102425278,0.394582322476047,0.917457313902939,0.394823229875784,1.11479285274942,0.394823229875784,0.880313276383234,0.518497267768236,0.972429133934697,0.376023271208722,0.940221014603348,-0.00768065183570105,1.43660434567822,-0.0377938015267519,0.973071687331334,0.425738856820136,1.08712080238185,0.32631434462831,0.9,0.43
