"","simul_idx","up_dw","low_dw","up_dw_x1_to_xn","low_dw_x1_to_xn","up_dw_x1_to_xn_tails","low_dw_x1_to_xn_tails","up_t_test","low_t_test","up_anderson","low_anderson","up_cheby","low_cheby","up_emp_bern","low_emp_bern","up_hoeffding","low_hoeffding","up_PI_emp_bern","low_PI_emp_bern","up_PI_hedged","low_PI_hedged"
"1",380,0.72142586300232,0.351255188246764,0.72140355512472,0.351265809075532,0.817721317054736,0.351265809075532,0.659096320645908,0.421039613639224,0.713007575590467,0.347101919821902,0.805241761374897,0.0948715171960463,0.908568357002292,0.17156757728284,0.713149805402794,0.366986128882338,0.763750293150259,0.325444327076885,0.7,0.37
