"","simul_idx","up_dw","low_dw","up_dw_x1_to_xn","low_dw_x1_to_xn","up_dw_x1_to_xn_tails","low_dw_x1_to_xn_tails","up_t_test","low_t_test","up_anderson","low_anderson","up_cheby","low_cheby","up_emp_bern","low_emp_bern","up_hoeffding","low_hoeffding","up_PI_emp_bern","low_PI_emp_bern","up_PI_hedged","low_PI_hedged"
"1",439,0.738668468854523,0.369884910975375,0.738662137624784,0.369936585592724,0.835041088154989,0.369936585592724,0.678188721228479,0.441380730551736,0.732689821026672,0.366836645747144,0.817406908754818,0.115567634395361,0.927273584547357,0.192295867232858,0.732866564150336,0.386702887629879,0.770558878687171,0.337961005292675,0.7,0.37
