"","simul_idx","up_dw","low_dw","up_dw_x1_to_xn","low_dw_x1_to_xn","up_dw_x1_to_xn_tails","low_dw_x1_to_xn_tails","up_t_test","low_t_test","up_anderson","low_anderson","up_cheby","low_cheby","up_emp_bern","low_emp_bern","up_hoeffding","low_hoeffding","up_PI_emp_bern","low_PI_emp_bern","up_PI_hedged","low_PI_hedged"
"1",215,0.605027842546108,0.434088187910458,0.605026098065316,0.434091405153963,0.629810056581896,0.434091405153963,0.572012092906123,0.46787153739793,0.59730977279459,0.438564845423336,0.668656163488533,0.331231942573056,0.640175149449491,0.399708480854562,0.597346366356126,0.442537263947928,0.605142036933536,0.426221807531686,0.59,0.45
