"","simul_idx","up_dw","low_dw","up_dw_x1_to_xn","low_dw_x1_to_xn","up_dw_x1_to_xn_tails","low_dw_x1_to_xn_tails","up_t_test","low_t_test","up_anderson","low_anderson","up_cheby","low_cheby","up_emp_bern","low_emp_bern","up_hoeffding","low_hoeffding","up_PI_emp_bern","low_PI_emp_bern","up_PI_hedged","low_PI_hedged"
"1",1,0.838343448908025,0.488643092427118,0.838327375216666,0.488671707441486,0.934671956572281,0.488671707441486,0.790346512581673,0.567916311516822,0.85199858372311,0.48622361542818,0.88626831266043,0.245617374088316,1.03497344390816,0.323289380190338,0.852213250309476,0.506049573789019,0.88844636346263,0.476148313665333,0.81,0.51
