"","simul_idx","up_dw","low_dw","up_dw_x1_to_xn","low_dw_x1_to_xn","up_dw_x1_to_xn_tails","low_dw_x1_to_xn_tails","up_t_test","low_t_test","up_anderson","low_anderson","up_cheby","low_cheby","up_emp_bern","low_emp_bern","up_hoeffding","low_hoeffding","up_PI_emp_bern","low_PI_emp_bern","up_PI_hedged","low_PI_hedged"
"1",407,0.597210658852195,0.426186349852318,0.597208056865701,0.426188517263178,0.621990483075139,0.426188517263178,0.564037629920544,0.459821228012398,0.589307163709629,0.430564330231126,0.661855684549593,0.322623986539774,0.632225154148757,0.391633703784185,0.58933398017057,0.434524877762372,0.600004812842093,0.42112043839065,0.58,0.44
