"","simul_idx","up_dw","low_dw","up_dw_x1_to_xn","low_dw_x1_to_xn","up_dw_x1_to_xn_tails","low_dw_x1_to_xn_tails","up_t_test","low_t_test","up_anderson","low_anderson","up_cheby","low_cheby","up_emp_bern","low_emp_bern","up_hoeffding","low_hoeffding","up_PI_emp_bern","low_PI_emp_bern","up_PI_hedged","low_PI_hedged"
"1",69,0.703519430630566,0.332646919716083,0.703496758986452,0.332660622492873,0.799819114404472,0.332660622492873,0.639179480630284,0.400738902268157,0.69290388985319,0.326997903086378,0.792627874263999,0.0739707781513677,0.888770538925547,0.151147843972894,0.693041029709449,0.346877353188992,0.743108452777762,0.306273255942246,0.68,0.35
