"","simul_idx","up_dw","low_dw","up_dw_x1_to_xn","low_dw_x1_to_xn","up_dw_x1_to_xn_tails","low_dw_x1_to_xn_tails","up_t_test","low_t_test","up_anderson","low_anderson","up_cheby","low_cheby","up_emp_bern","low_emp_bern","up_hoeffding","low_hoeffding","up_PI_emp_bern","low_PI_emp_bern","up_PI_hedged","low_PI_hedged"
"1",232,0.5488396666736,0.427518729349188,0.548838690204464,0.427519275244948,0.562116755538279,0.427519275244948,0.524793114577239,0.451334528693963,0.542778186964768,0.431352049415896,0.6010855985797,0.355902286980302,0.565852826854705,0.410274816416497,0.54279710468672,0.433330538584481,0.550123677981657,0.430350901936315,0.54,0.44
