"","simul_idx","up_dw","low_dw","up_dw_x1_to_xn","low_dw_x1_to_xn","up_dw_x1_to_xn_tails","low_dw_x1_to_xn_tails","up_t_test","low_t_test","up_anderson","low_anderson","up_cheby","low_cheby","up_emp_bern","low_emp_bern","up_hoeffding","low_hoeffding","up_PI_emp_bern","low_PI_emp_bern","up_PI_hedged","low_PI_hedged"
"1",164,0.530242364860816,0.360117527289393,0.530236310572374,0.360120460848709,0.555019848303668,0.360120460848709,0.495927460437858,0.392371978303156,0.521531295867003,0.362790431909013,0.603606235397782,0.250527840314731,0.563901775117109,0.324397663623905,0.521554270574606,0.366745168166408,0.531842199136926,0.353210459037344,0.52,0.37
