"","simul_idx","up_dw","low_dw","up_dw_x1_to_xn","low_dw_x1_to_xn","up_dw_x1_to_xn_tails","low_dw_x1_to_xn_tails","up_t_test","low_t_test","up_anderson","low_anderson","up_cheby","low_cheby","up_emp_bern","low_emp_bern","up_hoeffding","low_hoeffding","up_PI_emp_bern","low_PI_emp_bern","up_PI_hedged","low_PI_hedged"
"1",235,0.565820206329002,0.394871274841709,0.565818536993094,0.394874155892328,0.590601997991334,0.394874155892328,0.53203258645472,0.427888441746305,0.557338336718131,0.398590196869964,0.634538727706518,0.288462260948314,0.600196800856864,0.359724227344161,0.557365065304611,0.402555962896413,0.567185469817745,0.388722786613592,0.55,0.41
