"","simul_idx","up_dw","low_dw","up_dw_x1_to_xn","low_dw_x1_to_xn","up_dw_x1_to_xn_tails","low_dw_x1_to_xn_tails","up_t_test","low_t_test","up_anderson","low_anderson","up_cheby","low_cheby","up_emp_bern","low_emp_bern","up_hoeffding","low_hoeffding","up_PI_emp_bern","low_PI_emp_bern","up_PI_hedged","low_PI_hedged"
"1",257,0.642870061618805,0.376002832478356,0.642864200887931,0.376007553952699,0.697458572971729,0.376007553952699,0.593015491349908,0.42680749945276,0.632229659145609,0.377607669727422,0.727033955630606,0.200077854190002,0.732803064569158,0.28701992623351,0.632298836935375,0.387524153867293,0.670968770582401,0.353699614340377,0.62,0.39
