"","simul_idx","up_dw","low_dw","up_dw_x1_to_xn","low_dw_x1_to_xn","up_dw_x1_to_xn_tails","low_dw_x1_to_xn_tails","up_t_test","low_t_test","up_anderson","low_anderson","up_cheby","low_cheby","up_emp_bern","low_emp_bern","up_hoeffding","low_hoeffding","up_PI_emp_bern","low_PI_emp_bern","up_PI_hedged","low_PI_hedged"
"1",166,0.577563383609343,0.406554845944274,0.577561239951917,0.406559902727057,0.602347880434385,0.406559902727057,0.543991722542047,0.439809602052447,0.569270007039515,0.41053767555777,0.644775125505397,0.301187686604693,0.612168187749059,0.371633136845434,0.569305213501346,0.414496111093148,0.585407923693338,0.405873546990396,0.56,0.42
