"","simul_idx","up_dw","low_dw","up_dw_x1_to_xn","low_dw_x1_to_xn","up_dw_x1_to_xn_tails","low_dw_x1_to_xn_tails","up_t_test","low_t_test","up_anderson","low_anderson","up_cheby","low_cheby","up_emp_bern","low_emp_bern","up_hoeffding","low_hoeffding","up_PI_emp_bern","low_PI_emp_bern","up_PI_hedged","low_PI_hedged"
"1",128,0.571822639071015,0.209961192747984,0.571787467760674,0.209987668886981,0.668128861230482,0.209987668886981,0.495962131651746,0.26432712512237,0.553151191945469,0.187285936313938,0.69966555465798,-0.0660911740128839,0.743443075860024,0.016846180914091,0.553226466647286,0.207062790126829,0.599387007198705,0.173114726838029,0.56,0.24
