"","simul_idx","up_dw","low_dw","up_dw_x1_to_xn","low_dw_x1_to_xn","up_dw_x1_to_xn_tails","low_dw_x1_to_xn_tails","up_t_test","low_t_test","up_anderson","low_anderson","up_cheby","low_cheby","up_emp_bern","low_emp_bern","up_hoeffding","low_hoeffding","up_PI_emp_bern","low_PI_emp_bern","up_PI_hedged","low_PI_hedged"
"1",58,0.542949830586009,0.42166362341122,0.54294805237233,0.421664981646023,0.556227296705699,0.421664981646023,0.518852977326984,0.445417892295825,0.536850157445327,0.425423903596341,0.59572358636343,0.349640011305991,0.559905072173594,0.404365797449215,0.536868717862524,0.427402151760285,0.544040006043049,0.424647060604889,0.53,0.43
