"","simul_idx","up_dw","low_dw","up_dw_x1_to_xn","low_dw_x1_to_xn","up_dw_x1_to_xn_tails","low_dw_x1_to_xn_tails","up_t_test","low_t_test","up_anderson","low_anderson","up_cheby","low_cheby","up_emp_bern","low_emp_bern","up_hoeffding","low_hoeffding","up_PI_emp_bern","low_PI_emp_bern","up_PI_hedged","low_PI_hedged"
"1",412,0.570553446714957,0.44921971352311,0.570552155344296,0.449220936568371,0.583831203468446,0.449220936568371,0.546717051756537,0.473250153583172,0.564695308095685,0.453271279544246,0.620848164755308,0.379119683616956,0.587779458331839,0.43218774700787,0.564716885720974,0.455250319618735,0.56637803574301,0.445979522812339,0.56,0.46
