"","simul_idx","up_dw","low_dw","up_dw_x1_to_xn","low_dw_x1_to_xn","up_dw_x1_to_xn_tails","low_dw_x1_to_xn_tails","up_t_test","low_t_test","up_anderson","low_anderson","up_cheby","low_cheby","up_emp_bern","low_emp_bern","up_hoeffding","low_hoeffding","up_PI_emp_bern","low_PI_emp_bern","up_PI_hedged","low_PI_hedged"
"1",251,0.597197486317318,0.426195062856772,0.597196316975227,0.426196104869586,0.621977092187073,0.426196104869586,0.564011856167842,0.459841444928624,0.589303025471472,0.430565426160094,0.661853323115915,0.322621004861457,0.632184544026843,0.391668757069624,0.589331201752332,0.434522099344134,0.599229951704323,0.420704313042698,0.58,0.44
