"","simul_idx","up_dw","low_dw","up_dw_x1_to_xn","low_dw_x1_to_xn","up_dw_x1_to_xn_tails","low_dw_x1_to_xn_tails","up_t_test","low_t_test","up_anderson","low_anderson","up_cheby","low_cheby","up_emp_bern","low_emp_bern","up_hoeffding","low_hoeffding","up_PI_emp_bern","low_PI_emp_bern","up_PI_hedged","low_PI_hedged"
"1",492,0.741383836609939,0.181459565346204,0.741252638519865,0.181490003490339,0.938267633509825,0.181490003490339,0.646889068298943,0.253696576668795,0.723747823693415,0.127054121205326,0.837107451562518,-0.236717021584026,1.21213572266668,-0.311550077698944,0.723959237739468,0.176626407228271,0.85815602043087,0.0690800319172611,0.7,0.2
