"","simul_idx","up_dw","low_dw","up_dw_x1_to_xn","low_dw_x1_to_xn","up_dw_x1_to_xn_tails","low_dw_x1_to_xn_tails","up_t_test","low_t_test","up_anderson","low_anderson","up_cheby","low_cheby","up_emp_bern","low_emp_bern","up_hoeffding","low_hoeffding","up_PI_emp_bern","low_PI_emp_bern","up_PI_hedged","low_PI_hedged"
"1",123,0.573779989725666,0.402789266453938,0.57377475245354,0.402791284774797,0.598556949813157,0.402791284774797,0.540146204217655,0.435957442395097,0.565425434038833,0.406699804031162,0.641479807301972,0.297081391364135,0.608324811886826,0.367778834725926,0.565456374510475,0.410647272102277,0.574822833988225,0.396250764160609,0.56,0.42
