"","simul_idx","up_dw","low_dw","up_dw_x1_to_xn","low_dw_x1_to_xn","up_dw_x1_to_xn_tails","low_dw_x1_to_xn_tails","up_t_test","low_t_test","up_anderson","low_anderson","up_cheby","low_cheby","up_emp_bern","low_emp_bern","up_hoeffding","low_hoeffding","up_PI_emp_bern","low_PI_emp_bern","up_PI_hedged","low_PI_hedged"
"1",139,0.527016491551396,0.405911994134806,0.527014805818267,0.405913019048449,0.540293566381339,0.405913019048449,0.502803351394839,0.429493832218531,0.520860663078081,0.409440126770207,0.581228828898646,0.332788017781127,0.543814746048438,0.388482437564931,0.520881874857804,0.411415308755565,0.528991773570241,0.409761657178252,0.52,0.42
