"","simul_idx","up_dw","low_dw","up_dw_x1_to_xn","low_dw_x1_to_xn","up_dw_x1_to_xn_tails","low_dw_x1_to_xn_tails","up_t_test","low_t_test","up_anderson","low_anderson","up_cheby","low_cheby","up_emp_bern","low_emp_bern","up_hoeffding","low_hoeffding","up_PI_emp_bern","low_PI_emp_bern","up_PI_hedged","low_PI_hedged"
"1",373,0.944893396874359,0.445821817240174,0.944861964297322,0.446031158786265,1.14214942847164,0.446031158786265,0.920341440429408,0.57804019014408,0.998913216834368,0.425683512604426,0.956191225726207,0.0427298613227843,1.47106253942813,0.0273190911453544,1.02285723054234,0.475524400031145,1.12645552251437,0.384051163040871,0.93,0.49
