"","simul_idx","up_dw","low_dw","up_dw_x1_to_xn","low_dw_x1_to_xn","up_dw_x1_to_xn_tails","low_dw_x1_to_xn_tails","up_t_test","low_t_test","up_anderson","low_anderson","up_cheby","low_cheby","up_emp_bern","low_emp_bern","up_hoeffding","low_hoeffding","up_PI_emp_bern","low_PI_emp_bern","up_PI_hedged","low_PI_hedged"
"1",71,0.887187054111237,0.346212450063071,0.887113013909601,0.346274774111595,1.08417657100775,0.346274774111595,0.838143955624407,0.460808023669786,0.922842586673879,0.326085548468976,0.922469196340983,-0.0565012101448537,1.39886477549799,-0.0999127962037942,0.923142404902695,0.375809574391498,1.04462030862473,0.27136518303031,0.86,0.38
