"","simul_idx","up_dw","low_dw","up_dw_x1_to_xn","low_dw_x1_to_xn","up_dw_x1_to_xn_tails","low_dw_x1_to_xn_tails","up_t_test","low_t_test","up_anderson","low_anderson","up_cheby","low_cheby","up_emp_bern","low_emp_bern","up_hoeffding","low_hoeffding","up_PI_emp_bern","low_PI_emp_bern","up_PI_hedged","low_PI_hedged"
"1",398,0.54882751906931,0.42750801302329,0.548825966793813,0.427509180972648,0.562104934953758,0.427509180972648,0.524778169540514,0.451325735162624,0.542766081073618,0.431341900209983,0.601074870397161,0.355889742056895,0.565835887904453,0.410268016798685,0.542785235402689,0.433318669300449,0.545880421165212,0.426294028834091,0.54,0.44
