"","simul_idx","up_dw","low_dw","up_dw_x1_to_xn","low_dw_x1_to_xn","up_dw_x1_to_xn_tails","low_dw_x1_to_xn_tails","up_t_test","low_t_test","up_anderson","low_anderson","up_cheby","low_cheby","up_emp_bern","low_emp_bern","up_hoeffding","low_hoeffding","up_PI_emp_bern","low_PI_emp_bern","up_PI_hedged","low_PI_hedged"
"1",344,0.536875001415955,0.415645832125338,0.536873143281537,0.415646824989047,0.550151883101892,0.415646824989047,0.512730063053343,0.439335790231102,0.530747098635861,0.419322425283139,0.590196660144129,0.343201235232778,0.553768929265608,0.398296924018837,0.530766209693342,0.421299643591103,0.533806978907676,0.414452157237084,0.53,0.43
