"","simul_idx","up_dw","low_dw","up_dw_x1_to_xn","low_dw_x1_to_xn","up_dw_x1_to_xn_tails","low_dw_x1_to_xn_tails","up_t_test","low_t_test","up_anderson","low_anderson","up_cheby","low_cheby","up_emp_bern","low_emp_bern","up_hoeffding","low_hoeffding","up_PI_emp_bern","low_PI_emp_bern","up_PI_hedged","low_PI_hedged"
"1",27,0.499137719096531,0.0322251132290905,0.499047375718394,0.0322691582077578,0.696083093864349,0.0322691582077578,0.359511071329439,0.0430681973297578,0.474781597654323,0.000961176423723959,0.703692379009545,-0.435306199903414,0.902851582498817,-0.500272313839621,0.474956049585197,-0.0723767809260005,0.557995799890548,-0.165198227174073,0.46,0.03
