"","simul_idx","up_dw","low_dw","up_dw_x1_to_xn","low_dw_x1_to_xn","up_dw_x1_to_xn_tails","low_dw_x1_to_xn_tails","up_t_test","low_t_test","up_anderson","low_anderson","up_cheby","low_cheby","up_emp_bern","low_emp_bern","up_hoeffding","low_hoeffding","up_PI_emp_bern","low_PI_emp_bern","up_PI_hedged","low_PI_hedged"
"1",305,0.698931004657056,0.146020343107205,0.698886603277723,0.146049193111428,0.895899179536783,0.146049193111428,0.593795080199943,0.207050051873989,0.673902787976157,0.0773407621851249,0.81256968856778,-0.278672933851826,1.15720147713359,-0.356356345059663,0.674088981292564,0.126756150781367,0.778394164411597,0.00298402367039097,0.66,0.17
