"","simul_idx","up_dw","low_dw","up_dw_x1_to_xn","low_dw_x1_to_xn","up_dw_x1_to_xn_tails","low_dw_x1_to_xn_tails","up_t_test","low_t_test","up_anderson","low_anderson","up_cheby","low_cheby","up_emp_bern","low_emp_bern","up_hoeffding","low_hoeffding","up_PI_emp_bern","low_PI_emp_bern","up_PI_hedged","low_PI_hedged"
"1",17,0.586249857874301,0.465031937151638,0.586249670556973,0.465033383526611,0.5995290428138,0.465033383526611,0.562577981078878,0.489193174796578,0.580598773598256,0.469170153714035,0.63512120040545,0.39602699162931,0.603613778861407,0.448157377014048,0.580618860988848,0.471152294886608,0.583522392451973,0.464144168744914,0.58,0.48
