"","simul_idx","up_dw","low_dw","up_dw_x1_to_xn","low_dw_x1_to_xn","up_dw_x1_to_xn_tails","low_dw_x1_to_xn_tails","up_t_test","low_t_test","up_anderson","low_anderson","up_cheby","low_cheby","up_emp_bern","low_emp_bern","up_hoeffding","low_hoeffding","up_PI_emp_bern","low_PI_emp_bern","up_PI_hedged","low_PI_hedged"
"1",351,0.593197219017995,0.422168350207616,0.593193363832061,0.42217111220877,0.617976665314291,0.42217111220877,0.559934136212296,0.455735732107816,0.585210448853677,0.426474596380345,0.658373255686136,0.318232386929356,0.628115854435368,0.387554013884743,0.585239485364155,0.430430382955957,0.599692090815574,0.420570028618158,0.58,0.44
