"","simul_idx","up_dw","low_dw","up_dw_x1_to_xn","low_dw_x1_to_xn","up_dw_x1_to_xn_tails","low_dw_x1_to_xn_tails","up_t_test","low_t_test","up_anderson","low_anderson","up_cheby","low_cheby","up_emp_bern","low_emp_bern","up_hoeffding","low_hoeffding","up_PI_emp_bern","low_PI_emp_bern","up_PI_hedged","low_PI_hedged"
"1",443,0.698793102854371,0.145982771547278,0.698680801645034,0.146046410085758,0.895746360706268,0.146046410085758,0.593894405485444,0.206719670505882,0.673749936152608,0.0771987021655204,0.81251150775089,-0.278768790423339,1.15742345078892,-0.356809374797596,0.673973453251262,0.126640622740064,0.805273493773833,0.0244592729756235,0.67,0.17
