"","simul_idx","up_dw","low_dw","up_dw_x1_to_xn","low_dw_x1_to_xn","up_dw_x1_to_xn_tails","low_dw_x1_to_xn_tails","up_t_test","low_t_test","up_anderson","low_anderson","up_cheby","low_cheby","up_emp_bern","low_emp_bern","up_hoeffding","low_hoeffding","up_PI_emp_bern","low_PI_emp_bern","up_PI_hedged","low_PI_hedged"
"1",327,0.633493093186283,0.366618189700169,0.633482181883786,0.366629125751889,0.688085730283503,0.366629125751889,0.583149632643458,0.4169703597786,0.622357941695462,0.367750456053446,0.719633909899163,0.189566083211798,0.722928074913283,0.277191917508775,0.62244733774507,0.377672654676988,0.655893397561893,0.339285534618678,0.62,0.39
