"","simul_idx","up_dw","low_dw","up_dw_x1_to_xn","low_dw_x1_to_xn","up_dw_x1_to_xn_tails","low_dw_x1_to_xn_tails","up_t_test","low_t_test","up_anderson","low_anderson","up_cheby","low_cheby","up_emp_bern","low_emp_bern","up_hoeffding","low_hoeffding","up_PI_emp_bern","low_PI_emp_bern","up_PI_hedged","low_PI_hedged"
"1",7,0.781200768304493,0.21913291709649,0.781079141502219,0.219239906283914,0.978210723432945,0.219239906283914,0.69777987000608,0.302652637057353,0.773540082396696,0.176912107955751,0.860478176969836,-0.193523172260881,1.26357874498006,-0.263146237916627,0.773882668787315,0.226549838276118,0.905473495262904,0.119308585128755,0.75,0.25
