"","simul_idx","up_dw","low_dw","up_dw_x1_to_xn","low_dw_x1_to_xn","up_dw_x1_to_xn_tails","low_dw_x1_to_xn_tails","up_t_test","low_t_test","up_anderson","low_anderson","up_cheby","low_cheby","up_emp_bern","low_emp_bern","up_hoeffding","low_hoeffding","up_PI_emp_bern","low_PI_emp_bern","up_PI_hedged","low_PI_hedged"
"1",239,0.538844759271924,0.417600233316402,0.538843052119966,0.417601429124515,0.552122026975759,0.417601429124515,0.514713395180559,0.441312861156031,0.532727234502917,0.421304672131335,0.591990911980135,0.34528973148711,0.555754290862873,0.400271965473718,0.532746411219415,0.423279845117176,0.543022011445199,0.422471887972908,0.53,0.43
