"","simul_idx","up_dw","low_dw","up_dw_x1_to_xn","low_dw_x1_to_xn","up_dw_x1_to_xn_tails","low_dw_x1_to_xn_tails","up_t_test","low_t_test","up_anderson","low_anderson","up_cheby","low_cheby","up_emp_bern","low_emp_bern","up_hoeffding","low_hoeffding","up_PI_emp_bern","low_PI_emp_bern","up_PI_hedged","low_PI_hedged"
"1",266,0.605022945834336,0.434105995232671,0.605022866998637,0.434111207251117,0.629809734333176,0.434111207251117,0.572012524026979,0.467884428242441,0.597307757356695,0.438579520967492,0.668661809101138,0.331239106542535,0.640171561123256,0.399725391146165,0.597353027338809,0.442543924930611,0.606824334112835,0.427604280148194,0.59,0.45
