"","simul_idx","up_dw","low_dw","up_dw_x1_to_xn","low_dw_x1_to_xn","up_dw_x1_to_xn_tails","low_dw_x1_to_xn_tails","up_t_test","low_t_test","up_anderson","low_anderson","up_cheby","low_cheby","up_emp_bern","low_emp_bern","up_hoeffding","low_hoeffding","up_PI_emp_bern","low_PI_emp_bern","up_PI_hedged","low_PI_hedged"
"1",180,0.570594170087791,0.449266235529595,0.570593261006288,0.449266929103575,0.583871540674939,0.449266929103575,0.546759436446246,0.473296212949224,0.564736491696992,0.453315204708272,0.620887932514551,0.379166625716302,0.587820651933121,0.432234997462349,0.564761107748855,0.455294541646615,0.567913071597415,0.448347074216503,0.56,0.46
