"","simul_idx","up_dw","low_dw","up_dw_x1_to_xn","low_dw_x1_to_xn","up_dw_x1_to_xn_tails","low_dw_x1_to_xn_tails","up_t_test","low_t_test","up_anderson","low_anderson","up_cheby","low_cheby","up_emp_bern","low_emp_bern","up_hoeffding","low_hoeffding","up_PI_emp_bern","low_PI_emp_bern","up_PI_hedged","low_PI_hedged"
"1",469,0.624489244477842,0.453938972579997,0.624485842070287,0.453944914744738,0.649273808535997,0.453944914744738,0.591910389080153,0.488017442738958,0.61732565084464,0.458608597587305,0.685566010097629,0.352826135882285,0.659993568093849,0.419934263725262,0.617368467113655,0.462559364705457,0.632752458793337,0.452978470707115,0.61,0.47
