"","simul_idx","up_dw","low_dw","up_dw_x1_to_xn","low_dw_x1_to_xn","up_dw_x1_to_xn_tails","low_dw_x1_to_xn_tails","up_t_test","low_t_test","up_anderson","low_anderson","up_cheby","low_cheby","up_emp_bern","low_emp_bern","up_hoeffding","low_hoeffding","up_PI_emp_bern","low_PI_emp_bern","up_PI_hedged","low_PI_hedged"
"1",85,0.527048319701814,0.4059370690071,0.527046826173972,0.40593856773767,0.540326274417823,0.40593856773767,0.502837738216053,0.4295169143199,0.520888210797209,0.409465304367841,0.581254927025751,0.332818261734987,0.543852797116434,0.388501855419518,0.520910609319096,0.411444043216857,0.529335863988808,0.41005477541693,0.52,0.42
