"","simul_idx","up_dw","low_dw","up_dw_x1_to_xn","low_dw_x1_to_xn","up_dw_x1_to_xn_tails","low_dw_x1_to_xn_tails","up_t_test","low_t_test","up_anderson","low_anderson","up_cheby","low_cheby","up_emp_bern","low_emp_bern","up_hoeffding","low_hoeffding","up_PI_emp_bern","low_PI_emp_bern","up_PI_hedged","low_PI_hedged"
"1",407,0.544922056976509,0.423615919081069,0.544920809793247,0.423616672793763,0.558199176745057,0.423616672793763,0.52083913879167,0.447393405136158,0.538830929583968,0.427400249996007,0.597515977168821,0.351731614917285,0.561894685222048,0.406337858705779,0.538849555015033,0.429382988912794,0.541670337580369,0.42159085415098,0.53,0.43
