"","simul_idx","up_dw","low_dw","up_dw_x1_to_xn","low_dw_x1_to_xn","up_dw_x1_to_xn_tails","low_dw_x1_to_xn_tails","up_t_test","low_t_test","up_anderson","low_anderson","up_cheby","low_cheby","up_emp_bern","low_emp_bern","up_hoeffding","low_hoeffding","up_PI_emp_bern","low_PI_emp_bern","up_PI_hedged","low_PI_hedged"
"1",307,0.61427553458968,0.347511056946806,0.614259787560457,0.347518479051871,0.668858147339505,0.347518479051871,0.56300992241854,0.39686661432094,0.602271784642253,0.347618429441514,0.704398296094019,0.168216737305508,0.702776930024842,0.257099606714638,0.602325609903781,0.357550926835699,0.640597957333055,0.324419271251739,0.6,0.37
