"","simul_idx","up_dw","low_dw","up_dw_x1_to_xn","low_dw_x1_to_xn","up_dw_x1_to_xn_tails","low_dw_x1_to_xn_tails","up_t_test","low_t_test","up_anderson","low_anderson","up_cheby","low_cheby","up_emp_bern","low_emp_bern","up_hoeffding","low_hoeffding","up_PI_emp_bern","low_PI_emp_bern","up_PI_hedged","low_PI_hedged"
"1",140,0.605726111255578,0.0825772522363779,0.605570435520872,0.0825923210815011,0.802562023128299,0.0825923210815011,0.481918674397339,0.119828134465732,0.574326256827628,0.00135703725620306,0.760239941676158,-0.359075402434111,1.03828810137696,-0.43654129251389,0.574539819687134,0.0272069891759367,0.67307010575855,-0.0859269426918347,0.57,0.1
