"","simul_idx","up_dw","low_dw","up_dw_x1_to_xn","low_dw_x1_to_xn","up_dw_x1_to_xn_tails","low_dw_x1_to_xn_tails","up_t_test","low_t_test","up_anderson","low_anderson","up_cheby","low_cheby","up_emp_bern","low_emp_bern","up_hoeffding","low_hoeffding","up_PI_emp_bern","low_PI_emp_bern","up_PI_hedged","low_PI_hedged"
"1",286,0.550026683078755,0.379363315744219,0.550024773981369,0.379364314605989,0.574805484461938,0.379364314605989,0.51598503594484,0.412047419843475,0.541384519417215,0.382651634448342,0.620808653230811,0.271530246565646,0.584082625208919,0.343949830579397,0.541420779098257,0.386611676690059,0.551809121993614,0.373777749279478,0.54,0.39
