"","simul_idx","up_dw","low_dw","up_dw_x1_to_xn","low_dw_x1_to_xn","up_dw_x1_to_xn_tails","low_dw_x1_to_xn_tails","up_t_test","low_t_test","up_anderson","low_anderson","up_cheby","low_cheby","up_emp_bern","low_emp_bern","up_hoeffding","low_hoeffding","up_PI_emp_bern","low_PI_emp_bern","up_PI_hedged","low_PI_hedged"
"1",114,0.550058701657219,0.379373825761937,0.550057467958523,0.3793743422536,0.574837475424669,0.3793743422536,0.51602427198924,0.412050126108113,0.541413623315311,0.382672022787238,0.62082675708023,0.271552471859533,0.584133645585062,0.343940752512291,0.541441750252775,0.386632647844577,0.551275567717193,0.373169159255391,0.54,0.39
