"","simul_idx","up_dw","low_dw","up_dw_x1_to_xn","low_dw_x1_to_xn","up_dw_x1_to_xn_tails","low_dw_x1_to_xn_tails","up_t_test","low_t_test","up_anderson","low_anderson","up_cheby","low_cheby","up_emp_bern","low_emp_bern","up_hoeffding","low_hoeffding","up_PI_emp_bern","low_PI_emp_bern","up_PI_hedged","low_PI_hedged"
"1",78,0.585551010909988,0.319824091558979,0.585547970932079,0.319834439066137,0.640150650299116,0.319834439066137,0.5330282441518,0.367719614229428,0.572676238027079,0.318068301709775,0.681727978835831,0.137133710601649,0.672529873589107,0.228217984792121,0.572761270724655,0.327986587656573,0.610275667964949,0.295915906525551,0.57,0.34
