"","simul_idx","up_dw","low_dw","up_dw_x1_to_xn","low_dw_x1_to_xn","up_dw_x1_to_xn_tails","low_dw_x1_to_xn_tails","up_t_test","low_t_test","up_anderson","low_anderson","up_cheby","low_cheby","up_emp_bern","low_emp_bern","up_hoeffding","low_hoeffding","up_PI_emp_bern","low_PI_emp_bern","up_PI_hedged","low_PI_hedged"
"1",75,0.630300608368197,0.261500634554168,0.630269596252021,0.261547133734221,0.726640833054103,0.261547133734221,0.558838511984977,0.321986837838659,0.613339092833784,0.247467635276608,0.740811734281475,-0.00679060942844528,0.807936919662328,0.0728884301613071,0.613494513172046,0.267330836651589,0.653305373556134,0.218827265908511,0.61,0.28
