"","simul_idx","up_dw","low_dw","up_dw_x1_to_xn","low_dw_x1_to_xn","up_dw_x1_to_xn_tails","low_dw_x1_to_xn_tails","up_t_test","low_t_test","up_anderson","low_anderson","up_cheby","low_cheby","up_emp_bern","low_emp_bern","up_hoeffding","low_hoeffding","up_PI_emp_bern","low_PI_emp_bern","up_PI_hedged","low_PI_hedged"
"1",206,0.548772722839939,0.42744133037007,0.548771788705721,0.427441933475489,0.56204997495964,0.427441933475489,0.524723655491778,0.451257747084827,0.542708016389106,0.43127891797788,0.601019507493793,0.355825004836211,0.565785741249894,0.41019566132671,0.542723984339422,0.433257418237183,0.547028912319408,0.427139302164748,0.54,0.44
