"","simul_idx","up_dw","low_dw","up_dw_x1_to_xn","low_dw_x1_to_xn","up_dw_x1_to_xn_tails","low_dw_x1_to_xn_tails","up_t_test","low_t_test","up_anderson","low_anderson","up_cheby","low_cheby","up_emp_bern","low_emp_bern","up_hoeffding","low_hoeffding","up_PI_emp_bern","low_PI_emp_bern","up_PI_hedged","low_PI_hedged"
"1",84,0.630160694477648,0.261499281357772,0.630135219854629,0.261563219668688,0.726532448801234,0.261563219668688,0.558691771415984,0.321984057470846,0.613217437969525,0.247408269008854,0.740761666376356,-0.00686514230399715,0.807745543248481,0.0729302856383489,0.613419752703644,0.267256076183186,0.662802648686205,0.228877822573415,0.61,0.28
