"","simul_idx","up_dw","low_dw","up_dw_x1_to_xn","low_dw_x1_to_xn","up_dw_x1_to_xn_tails","low_dw_x1_to_xn_tails","up_t_test","low_t_test","up_anderson","low_anderson","up_cheby","low_cheby","up_emp_bern","low_emp_bern","up_hoeffding","low_hoeffding","up_PI_emp_bern","low_PI_emp_bern","up_PI_hedged","low_PI_hedged"
"1",196,0.818961885514531,0.258987967964485,0.818904574238368,0.259139239589487,1.01610359814905,0.259139239589487,0.746957002540098,0.353476588145462,0.823554473874845,0.226729921365152,0.882619403741,-0.148997009950627,1.31228583682617,-0.21185224614061,0.823883210598379,0.276550380087182,0.931565782554486,0.142097077773681,0.8,0.3
