"","simul_idx","up_dw","low_dw","up_dw_x1_to_xn","low_dw_x1_to_xn","up_dw_x1_to_xn_tails","low_dw_x1_to_xn_tails","up_t_test","low_t_test","up_anderson","low_anderson","up_cheby","low_cheby","up_emp_bern","low_emp_bern","up_hoeffding","low_hoeffding","up_PI_emp_bern","low_PI_emp_bern","up_PI_hedged","low_PI_hedged"
"1",428,0.667250649894848,0.29639694903084,0.667192314161519,0.296424259757592,0.76353495154226,0.296424259757592,0.599164821973602,0.360718242961311,0.652927116317722,0.287041288399551,0.766931469795396,0.0329710843170317,0.848757740811484,0.111125324123429,0.653023370727685,0.306859694207228,0.694562820346989,0.255862860085253,0.65,0.32
