"","simul_idx","up_dw","low_dw","up_dw_x1_to_xn","low_dw_x1_to_xn","up_dw_x1_to_xn_tails","low_dw_x1_to_xn_tails","up_t_test","low_t_test","up_anderson","low_anderson","up_cheby","low_cheby","up_emp_bern","low_emp_bern","up_hoeffding","low_hoeffding","up_PI_emp_bern","low_PI_emp_bern","up_PI_hedged","low_PI_hedged"
"1",91,0.558724614717692,0.437359841341481,0.558723486735916,0.437360518278665,0.572001742258523,0.437360518278665,0.534765997513429,0.461279372698099,0.552740851840598,0.441305662903044,0.610076805220304,0.366438263614528,0.575834798168843,0.420210572042685,0.552755968156884,0.443289402054644,0.552051296359422,0.430850026451853,0.54,0.44
