"","simul_idx","up_dw","low_dw","up_dw_x1_to_xn","low_dw_x1_to_xn","up_dw_x1_to_xn_tails","low_dw_x1_to_xn_tails","up_t_test","low_t_test","up_anderson","low_anderson","up_cheby","low_cheby","up_emp_bern","low_emp_bern","up_hoeffding","low_hoeffding","up_PI_emp_bern","low_PI_emp_bern","up_PI_hedged","low_PI_hedged"
"1",30,0.530983943006196,0.409799500437249,0.530983809788936,0.409800662422108,0.544262799189589,0.409800662422108,0.506796280065336,0.433425949024368,0.52482815088141,0.41339430390561,0.584826261247877,0.336960237859676,0.547827385926508,0.392394843163196,0.524844397595971,0.415377831493732,0.531910115961086,0.412585336991628,0.52,0.42
