"","simul_idx","up_dw","low_dw","up_dw_x1_to_xn","low_dw_x1_to_xn","up_dw_x1_to_xn_tails","low_dw_x1_to_xn_tails","up_t_test","low_t_test","up_anderson","low_anderson","up_cheby","low_cheby","up_emp_bern","low_emp_bern","up_hoeffding","low_hoeffding","up_PI_emp_bern","low_PI_emp_bern","up_PI_hedged","low_PI_hedged"
"1",460,0.853739061120089,0.300760912154409,0.853584383364784,0.300815003464291,1.05063540203405,0.300815003464291,0.79302498953271,0.405456242640842,0.872705997342142,0.275952331689358,0.903017038020159,-0.104029549904458,1.35666649508862,-0.158185262915069,0.872907031342375,0.325574200831177,1.00026663003495,0.217675962644676,0.82,0.32
