"","simul_idx","up_dw","low_dw","up_dw_x1_to_xn","low_dw_x1_to_xn","up_dw_x1_to_xn_tails","low_dw_x1_to_xn_tails","up_t_test","low_t_test","up_anderson","low_anderson","up_cheby","low_cheby","up_emp_bern","low_emp_bern","up_hoeffding","low_hoeffding","up_PI_emp_bern","low_PI_emp_bern","up_PI_hedged","low_PI_hedged"
"1",125,0.647571258777951,0.47776372430335,0.647568179471047,0.477766577667541,0.672351611856577,0.477766577667541,0.615495997328942,0.512169893918644,0.641192163169831,0.482465757815301,0.705562487526104,0.378731638673497,0.683396315531864,0.444269575715722,0.641237496827892,0.486428394419694,0.648829032845959,0.471940775059092,0.63,0.49
