"","simul_idx","up_dw","low_dw","up_dw_x1_to_xn","low_dw_x1_to_xn","up_dw_x1_to_xn_tails","low_dw_x1_to_xn_tails","up_t_test","low_t_test","up_anderson","low_anderson","up_cheby","low_cheby","up_emp_bern","low_emp_bern","up_hoeffding","low_hoeffding","up_PI_emp_bern","low_PI_emp_bern","up_PI_hedged","low_PI_hedged"
"1",102,0.542317721840197,0.371842043571927,0.542315248187493,0.371844870399246,0.567098624888247,0.371844870399246,0.508168188406765,0.404356853982711,0.533630730534369,0.374895695187439,0.61410706636943,0.263320859005066,0.576225039807424,0.336300002582051,0.533667072398837,0.378857969990639,0.543327500405548,0.363831378827482,0.53,0.39
