"","simul_idx","up_dw","low_dw","up_dw_x1_to_xn","low_dw_x1_to_xn","up_dw_x1_to_xn_tails","low_dw_x1_to_xn_tails","up_t_test","low_t_test","up_anderson","low_anderson","up_cheby","low_cheby","up_emp_bern","low_emp_bern","up_hoeffding","low_hoeffding","up_PI_emp_bern","low_PI_emp_bern","up_PI_hedged","low_PI_hedged"
"1",365,0.667534997662705,0.296674719108197,0.66751711461677,0.296704258713289,0.763863074028201,0.296704258713289,0.599447862927451,0.36105610857952,0.653199181281496,0.28730838979215,0.76713376733443,0.0332862089213786,0.849023783003227,0.111480188503744,0.653333824013714,0.307170147493257,0.704731219820596,0.265977324073819,0.64,0.32
