"","simul_idx","up_dw","low_dw","up_dw_x1_to_xn","low_dw_x1_to_xn","up_dw_x1_to_xn_tails","low_dw_x1_to_xn_tails","up_t_test","low_t_test","up_anderson","low_anderson","up_cheby","low_cheby","up_emp_bern","low_emp_bern","up_hoeffding","low_hoeffding","up_PI_emp_bern","low_PI_emp_bern","up_PI_hedged","low_PI_hedged"
"1",162,0.542780260969454,0.421501781925927,0.542778734908542,0.421502721513466,0.556057371632388,0.421502721513466,0.518675738247285,0.445260036709296,0.536684542330558,0.425258142419796,0.595571942136539,0.349463131350306,0.559721550240056,0.404214224716525,0.53670117052941,0.427234604427171,0.539785156960535,0.420227068857337,0.53,0.43
