"","simul_idx","up_dw","low_dw","up_dw_x1_to_xn","low_dw_x1_to_xn","up_dw_x1_to_xn_tails","low_dw_x1_to_xn_tails","up_t_test","low_t_test","up_anderson","low_anderson","up_cheby","low_cheby","up_emp_bern","low_emp_bern","up_hoeffding","low_hoeffding","up_PI_emp_bern","low_PI_emp_bern","up_PI_hedged","low_PI_hedged"
"1",365,0.614542828006268,0.347826196007779,0.614532691252328,0.347836800141497,0.669135749548814,0.347836800141497,0.563276493099841,0.397212516972101,0.602551955785404,0.347930023006117,0.70463136673191,0.16854046060622,0.703018277843573,0.25747073222837,0.602631846570012,0.357857163501931,0.640805056862221,0.32481169834687,0.59,0.36
