"","simul_idx","up_dw","low_dw","up_dw_x1_to_xn","low_dw_x1_to_xn","up_dw_x1_to_xn_tails","low_dw_x1_to_xn_tails","up_t_test","low_t_test","up_anderson","low_anderson","up_cheby","low_cheby","up_emp_bern","low_emp_bern","up_hoeffding","low_hoeffding","up_PI_emp_bern","low_PI_emp_bern","up_PI_hedged","low_PI_hedged"
"1",60,0.531503568016859,0.177228114189619,0.53148599442442,0.177277161125963,0.627861028528686,0.177277161125963,0.453262775117825,0.227331627114319,0.513246955986812,0.147506426770864,0.671631293867674,-0.104469292007554,0.698975198984039,-0.018380796751895,0.513379039376301,0.167215362855844,0.546260695702351,0.12761059238229,0.51,0.2
