"","simul_idx","up_dw","low_dw","up_dw_x1_to_xn","low_dw_x1_to_xn","up_dw_x1_to_xn_tails","low_dw_x1_to_xn_tails","up_t_test","low_t_test","up_anderson","low_anderson","up_cheby","low_cheby","up_emp_bern","low_emp_bern","up_hoeffding","low_hoeffding","up_PI_emp_bern","low_PI_emp_bern","up_PI_hedged","low_PI_hedged"
"1",405,0.605078191661305,0.434128984125676,0.605076112233274,0.434130528357622,0.629857641223582,0.434130528357622,0.572060680554457,0.467915469522996,0.597361398509139,0.438613098007847,0.668695371455995,0.331281695926172,0.640225238947302,0.399750911130151,0.597392626242826,0.442583523834628,0.60265447796506,0.422350427290336,0.59,0.44
