"","simul_idx","up_dw","low_dw","up_dw_x1_to_xn","low_dw_x1_to_xn","up_dw_x1_to_xn_tails","low_dw_x1_to_xn_tails","up_t_test","low_t_test","up_anderson","low_anderson","up_cheby","low_cheby","up_emp_bern","low_emp_bern","up_hoeffding","low_hoeffding","up_PI_emp_bern","low_PI_emp_bern","up_PI_hedged","low_PI_hedged"
"1",345,0.652457469981552,0.38571136075718,0.652446804616107,0.385726479155288,0.707056528581659,0.385726479155288,0.603107514981447,0.436965629670286,0.642364126822865,0.387734330361732,0.734597950687723,0.210923089904762,0.742874070226023,0.297199074425711,0.642423913859908,0.397649230791826,0.675769684470567,0.35913234145337,0.64,0.4
