"","simul_idx","up_dw","low_dw","up_dw_x1_to_xn","low_dw_x1_to_xn","up_dw_x1_to_xn_tails","low_dw_x1_to_xn_tails","up_t_test","low_t_test","up_anderson","low_anderson","up_cheby","low_cheby","up_emp_bern","low_emp_bern","up_hoeffding","low_hoeffding","up_PI_emp_bern","low_PI_emp_bern","up_PI_hedged","low_PI_hedged"
"1",468,0.642875866837239,0.376003418616591,0.642860671569423,0.376014059902248,0.69746378472369,0.376014059902248,0.59301649298714,0.426810784675472,0.632248099214514,0.377612894135935,0.727035561375939,0.200080145590072,0.732803340161608,0.287023937501004,0.632300980365347,0.387526297297265,0.665096615494672,0.349684491299708,0.62,0.39
