"","simul_idx","up_dw","low_dw","up_dw_x1_to_xn","low_dw_x1_to_xn","up_dw_x1_to_xn_tails","low_dw_x1_to_xn_tails","up_t_test","low_t_test","up_anderson","low_anderson","up_cheby","low_cheby","up_emp_bern","low_emp_bern","up_hoeffding","low_hoeffding","up_PI_emp_bern","low_PI_emp_bern","up_PI_hedged","low_PI_hedged"
"1",44,0.680590153647751,0.41485375953461,0.680584392461295,0.414873602908131,0.735201093227435,0.414873602908131,0.632741319577504,0.467372034945387,0.672351275600104,0.41773566894996,0.756769148185378,0.243333901380887,0.7722622336161,0.327851120906791,0.672444018795486,0.427669335727405,0.709912324217777,0.394641426963984,0.66,0.43
