"","simul_idx","up_dw","low_dw","up_dw_x1_to_xn","low_dw_x1_to_xn","up_dw_x1_to_xn_tails","low_dw_x1_to_xn_tails","up_t_test","low_t_test","up_anderson","low_anderson","up_cheby","low_cheby","up_emp_bern","low_emp_bern","up_hoeffding","low_hoeffding","up_PI_emp_bern","low_PI_emp_bern","up_PI_hedged","low_PI_hedged"
"1",68,0.781127463467552,0.218933714221928,0.781094412287401,0.218978091423179,0.978130636407055,0.218978091423179,0.697690069775456,0.302385319411731,0.773406141248458,0.17671780851407,0.86039679267958,-0.193679866554789,1.26353961238835,-0.263464223201166,0.773704109849192,0.226371279337994,0.906860053360067,0.117526223204979,0.75,0.25
