"","simul_idx","up_dw","low_dw","up_dw_x1_to_xn","low_dw_x1_to_xn","up_dw_x1_to_xn_tails","low_dw_x1_to_xn_tails","up_t_test","low_t_test","up_anderson","low_anderson","up_cheby","low_cheby","up_emp_bern","low_emp_bern","up_hoeffding","low_hoeffding","up_PI_emp_bern","low_PI_emp_bern","up_PI_hedged","low_PI_hedged"
"1",278,0.63048182065837,0.261689645428166,0.630464974151576,0.261725569895415,0.726820449877853,0.261725569895415,0.559015663235428,0.322211534879725,0.613550504474344,0.247684754205186,0.740946283108843,-0.00659028467954897,0.808099329015255,0.073127869099898,0.613695437317805,0.267531760797348,0.654024327654524,0.21854198632935,0.61,0.29
