"","simul_idx","up_dw","low_dw","up_dw_x1_to_xn","low_dw_x1_to_xn","up_dw_x1_to_xn_tails","low_dw_x1_to_xn_tails","up_t_test","low_t_test","up_anderson","low_anderson","up_cheby","low_cheby","up_emp_bern","low_emp_bern","up_hoeffding","low_hoeffding","up_PI_emp_bern","low_PI_emp_bern","up_PI_hedged","low_PI_hedged"
"1",283,0.741458914730269,0.181968619481972,0.741342631071837,0.182027725441656,0.938401287033218,0.182027725441656,0.64686714389248,0.254459959502897,0.723848177722838,0.127590338858999,0.83728547816606,-0.236400742569143,1.21188965313223,-0.310562549736858,0.724329966953287,0.176997136442089,0.832258452560389,0.0472528353633164,0.71,0.22
