"","simul_idx","up_dw","low_dw","up_dw_x1_to_xn","low_dw_x1_to_xn","up_dw_x1_to_xn_tails","low_dw_x1_to_xn_tails","up_t_test","low_t_test","up_anderson","low_anderson","up_cheby","low_cheby","up_emp_bern","low_emp_bern","up_hoeffding","low_hoeffding","up_PI_emp_bern","low_PI_emp_bern","up_PI_hedged","low_PI_hedged"
"1",486,0.806052713340696,0.447692466354352,0.806039239703747,0.44769754768692,0.902348745294216,0.44769754768692,0.753684941172298,0.524802481785816,0.812142337688364,0.446329863831284,0.864233106065125,0.201173079733304,1.00031243931549,0.278174983642623,0.812325549739286,0.466161873218829,0.844068153854007,0.421822569264585,0.79,0.47
