"","simul_idx","up_dw","low_dw","up_dw_x1_to_xn","low_dw_x1_to_xn","up_dw_x1_to_xn_tails","low_dw_x1_to_xn_tails","up_t_test","low_t_test","up_anderson","low_anderson","up_cheby","low_cheby","up_emp_bern","low_emp_bern","up_hoeffding","low_hoeffding","up_PI_emp_bern","low_PI_emp_bern","up_PI_hedged","low_PI_hedged"
"1",468,0.540950711349174,0.419677695801542,0.540949073213665,0.419678707071578,0.554227813974899,0.419678707071578,0.516833545590622,0.443415479055084,0.534839086535329,0.423409618729625,0.59390316025307,0.347517452144681,0.557880124160077,0.402368900485628,0.534857795373972,0.425391229271733,0.541810224745635,0.422337611520906,0.53,0.43
