"","simul_idx","up_dw","low_dw","up_dw_x1_to_xn","low_dw_x1_to_xn","up_dw_x1_to_xn_tails","low_dw_x1_to_xn_tails","up_t_test","low_t_test","up_anderson","low_anderson","up_cheby","low_cheby","up_emp_bern","low_emp_bern","up_hoeffding","low_hoeffding","up_PI_emp_bern","low_PI_emp_bern","up_PI_hedged","low_PI_hedged"
"1",366,0.608891444232375,0.438033656509192,0.60888430095933,0.43803785813182,0.633669708459009,0.43803785813182,0.575966094012346,0.471874318506884,0.60128330169728,0.442560574374032,0.67202576019176,0.335513097999808,0.644113414360795,0.403726998158435,0.601324757463714,0.446515655055516,0.614572671097225,0.436227856533372,0.59,0.45
