"","simul_idx","up_dw","low_dw","up_dw_x1_to_xn","low_dw_x1_to_xn","up_dw_x1_to_xn_tails","low_dw_x1_to_xn_tails","up_t_test","low_t_test","up_anderson","low_anderson","up_cheby","low_cheby","up_emp_bern","low_emp_bern","up_hoeffding","low_hoeffding","up_PI_emp_bern","low_PI_emp_bern","up_PI_hedged","low_PI_hedged"
"1",422,0.607869160983914,0.487003740285343,0.607868801293114,0.48700487880396,0.621147726738344,0.48700487880396,0.584433273935067,0.511311402949675,0.602585439474267,0.491156116202484,0.654763394830628,0.419496092311276,0.625383845384799,0.470360831499943,0.602605621493491,0.493139055391251,0.609084233853078,0.490129247777098,0.6,0.5
