"","simul_idx","up_dw","low_dw","up_dw_x1_to_xn","low_dw_x1_to_xn","up_dw_x1_to_xn_tails","low_dw_x1_to_xn_tails","up_t_test","low_t_test","up_anderson","low_anderson","up_cheby","low_cheby","up_emp_bern","low_emp_bern","up_hoeffding","low_hoeffding","up_PI_emp_bern","low_PI_emp_bern","up_PI_hedged","low_PI_hedged"
"1",424,0.562021535434839,0.391172430085861,0.562017451928822,0.391177101766785,0.586803529646578,0.391177101766785,0.52816126021985,0.424120104442524,0.553503796604701,0.39477901277869,0.63125564716915,0.284399511160056,0.596292250886789,0.355989113775586,0.553545233535286,0.398736131127088,0.563425287515552,0.385272386875836,0.55,0.41
