"","simul_idx","up_dw","low_dw","up_dw_x1_to_xn","low_dw_x1_to_xn","up_dw_x1_to_xn_tails","low_dw_x1_to_xn_tails","up_t_test","low_t_test","up_anderson","low_anderson","up_cheby","low_cheby","up_emp_bern","low_emp_bern","up_hoeffding","low_hoeffding","up_PI_emp_bern","low_PI_emp_bern","up_PI_hedged","low_PI_hedged"
"1",220,0.604980559620277,0.338482482452719,0.604975111244909,0.338484607739158,0.659565649851555,0.338484607739158,0.553311607391039,0.387346491411776,0.59263854491542,0.338014082996023,0.697066429082448,0.158077297101929,0.693021960469288,0.247636138333526,0.592716390935448,0.347941707867367,0.625665280726636,0.310328058889394,0.59,0.36
