"","simul_idx","up_dw","low_dw","up_dw_x1_to_xn","low_dw_x1_to_xn","up_dw_x1_to_xn_tails","low_dw_x1_to_xn_tails","up_t_test","low_t_test","up_anderson","low_anderson","up_cheby","low_cheby","up_emp_bern","low_emp_bern","up_hoeffding","low_hoeffding","up_PI_emp_bern","low_PI_emp_bern","up_PI_hedged","low_PI_hedged"
"1",100,0.667278304750592,0.296380809747447,0.667263565623698,0.296400560087099,0.763594934628985,0.296400560087099,0.599181106642111,0.360713675714691,0.652927917297121,0.287014950336106,0.766935287866008,0.0329770307646604,0.848780490758876,0.111114291597927,0.65302922943863,0.306865552918173,0.70452139598155,0.265646690375742,0.64,0.32
