"","simul_idx","up_dw","low_dw","up_dw_x1_to_xn","low_dw_x1_to_xn","up_dw_x1_to_xn_tails","low_dw_x1_to_xn_tails","up_t_test","low_t_test","up_anderson","low_anderson","up_cheby","low_cheby","up_emp_bern","low_emp_bern","up_hoeffding","low_hoeffding","up_PI_emp_bern","low_PI_emp_bern","up_PI_hedged","low_PI_hedged"
"1",24,0.593193584577162,0.422172576091427,0.593187055005154,0.422175676442174,0.617970871097347,0.422175676442174,0.559934980829098,0.455736753828046,0.585207763838195,0.426472423887068,0.658374049913632,0.318233387256699,0.628116641919454,0.38755509273769,0.585240418532671,0.430431316124473,0.599849190436457,0.421201587945884,0.58,0.44
