"","simul_idx","up_dw","low_dw","up_dw_x1_to_xn","low_dw_x1_to_xn","up_dw_x1_to_xn_tails","low_dw_x1_to_xn_tails","up_t_test","low_t_test","up_anderson","low_anderson","up_cheby","low_cheby","up_emp_bern","low_emp_bern","up_hoeffding","low_hoeffding","up_PI_emp_bern","low_PI_emp_bern","up_PI_hedged","low_PI_hedged"
"1",37,0.60129376898095,0.430335855107576,0.60129061234179,0.430341927991063,0.626078737692765,0.430341927991063,0.568195006293958,0.464057722256828,0.593490129123279,0.434753572078298,0.665420168483748,0.327130532045855,0.636357007476452,0.395895721074335,0.593530915479492,0.438721813071294,0.60761852530176,0.429250562437157,0.59,0.44
