"","simul_idx","up_dw","low_dw","up_dw_x1_to_xn","low_dw_x1_to_xn","up_dw_x1_to_xn_tails","low_dw_x1_to_xn_tails","up_t_test","low_t_test","up_anderson","low_anderson","up_cheby","low_cheby","up_emp_bern","low_emp_bern","up_hoeffding","low_hoeffding","up_PI_emp_bern","low_PI_emp_bern","up_PI_hedged","low_PI_hedged"
"1",389,0.741639646995694,0.181917434857629,0.741590385862586,0.182046553517613,0.938755670893828,0.182046553517613,0.64722944854789,0.254239838196506,0.723986944428594,0.127406920420482,0.837319609336913,-0.236340084840649,1.21241819583437,-0.310948909089972,0.724401058627797,0.177068228116599,0.835186935686772,0.0444323691888196,0.71,0.21
