"","simul_idx","up_dw","low_dw","up_dw_x1_to_xn","low_dw_x1_to_xn","up_dw_x1_to_xn_tails","low_dw_x1_to_xn_tails","up_t_test","low_t_test","up_anderson","low_anderson","up_cheby","low_cheby","up_emp_bern","low_emp_bern","up_hoeffding","low_hoeffding","up_PI_emp_bern","low_PI_emp_bern","up_PI_hedged","low_PI_hedged"
"1",331,0.781502033118364,0.219179534224959,0.781470051290276,0.219270148996808,0.97857669504986,0.219270148996808,0.69802745700301,0.302835401009325,0.773856351814428,0.176965072008045,0.860576229049006,-0.193334323707449,1.26384483399627,-0.262981975983938,0.774097844261766,0.226765013750569,0.884458559502403,0.0920175161123547,0.75,0.26
