"","simul_idx","up_dw","low_dw","up_dw_x1_to_xn","low_dw_x1_to_xn","up_dw_x1_to_xn_tails","low_dw_x1_to_xn_tails","up_t_test","low_t_test","up_anderson","low_anderson","up_cheby","low_cheby","up_emp_bern","low_emp_bern","up_hoeffding","low_hoeffding","up_PI_emp_bern","low_PI_emp_bern","up_PI_hedged","low_PI_hedged"
"1",401,0.522961256629679,0.401905941514386,0.522959882167068,0.401907274874558,0.536239090398296,0.401907274874558,0.498716519740603,0.425447940186805,0.516797346590801,0.405370955250023,0.577533914853449,0.328509673310677,0.539714644460749,0.38444981546666,0.516815513014824,0.407348946912585,0.519042492179114,0.399509026931542,0.51,0.41
