"","simul_idx","up_dw","low_dw","up_dw_x1_to_xn","low_dw_x1_to_xn","up_dw_x1_to_xn_tails","low_dw_x1_to_xn_tails","up_t_test","low_t_test","up_anderson","low_anderson","up_cheby","low_cheby","up_emp_bern","low_emp_bern","up_hoeffding","low_hoeffding","up_PI_emp_bern","low_PI_emp_bern","up_PI_hedged","low_PI_hedged"
"1",335,0.917863234550934,0.394687022883632,0.917814729214582,0.394816072176707,1.11497990860029,0.394816072176707,0.880904205543258,0.518454083061324,0.972865475307963,0.376211544824319,0.940313758667223,-0.00740823293083526,1.43737626582689,-0.0380179772223106,0.97334555955789,0.426012729046692,1.08440793659093,0.329562831187116,0.89,0.43
