"","simul_idx","up_dw","low_dw","up_dw_x1_to_xn","low_dw_x1_to_xn","up_dw_x1_to_xn_tails","low_dw_x1_to_xn_tails","up_t_test","low_t_test","up_anderson","low_anderson","up_cheby","low_cheby","up_emp_bern","low_emp_bern","up_hoeffding","low_hoeffding","up_PI_emp_bern","low_PI_emp_bern","up_PI_hedged","low_PI_hedged"
"1",261,0.738534390482181,0.369653605246361,0.738515910755417,0.3696817886045,0.834859848749205,0.3696817886045,0.678015451715977,0.44114844014104,0.732560765896766,0.366628133464343,0.817282841285815,0.1153537352617,0.927118614867958,0.19204527698906,0.732663784188737,0.38650010766828,0.772237204015466,0.335929076607856,0.72,0.39
