"","simul_idx","up_dw","low_dw","up_dw_x1_to_xn","low_dw_x1_to_xn","up_dw_x1_to_xn_tails","low_dw_x1_to_xn_tails","up_t_test","low_t_test","up_anderson","low_anderson","up_cheby","low_cheby","up_emp_bern","low_emp_bern","up_hoeffding","low_hoeffding","up_PI_emp_bern","low_PI_emp_bern","up_PI_hedged","low_PI_hedged"
"1",258,0.630407164680413,0.261653014894236,0.630389574558038,0.261680631332652,0.726732667586587,0.261680631332652,0.558891483579381,0.322209747254466,0.613512691027375,0.247650790193606,0.740904108047814,-0.00665308235294171,0.807937200873079,0.0731640299607685,0.613632453677152,0.267468777156695,0.654040128647084,0.218343006224207,0.61,0.29
