"","simul_idx","up_dw","low_dw","up_dw_x1_to_xn","low_dw_x1_to_xn","up_dw_x1_to_xn_tails","low_dw_x1_to_xn_tails","up_t_test","low_t_test","up_anderson","low_anderson","up_cheby","low_cheby","up_emp_bern","low_emp_bern","up_hoeffding","low_hoeffding","up_PI_emp_bern","low_PI_emp_bern","up_PI_hedged","low_PI_hedged"
"1",122,0.582290047421855,0.461049668185834,0.58228972812142,0.461050735332418,0.595568549979859,0.461050735332418,0.558571772633125,0.485184401992509,0.576588403235509,0.465163600292604,0.631529408033447,0.391760959246586,0.599608401611989,0.444147773013645,0.576611370363937,0.467144804261697,0.579155828939014,0.459520269473573,0.57,0.47
