"","simul_idx","up_dw","low_dw","up_dw_x1_to_xn","low_dw_x1_to_xn","up_dw_x1_to_xn_tails","low_dw_x1_to_xn_tails","up_t_test","low_t_test","up_anderson","low_anderson","up_cheby","low_cheby","up_emp_bern","low_emp_bern","up_hoeffding","low_hoeffding","up_PI_emp_bern","low_PI_emp_bern","up_PI_hedged","low_PI_hedged"
"1",127,0.738937858411747,0.37028574681694,0.738906691320623,0.370333926708318,0.83528043313812,0.370333926708318,0.678515179824801,0.441786407438416,0.733036070215405,0.367253756317868,0.817630825295121,0.115953830757559,0.927575480971015,0.192726106292201,0.733232631891837,0.38706895537138,0.782420331201109,0.346567878912097,0.71,0.39
