"","simul_idx","up_dw","low_dw","up_dw_x1_to_xn","low_dw_x1_to_xn","up_dw_x1_to_xn_tails","low_dw_x1_to_xn_tails","up_t_test","low_t_test","up_anderson","low_anderson","up_cheby","low_cheby","up_emp_bern","low_emp_bern","up_hoeffding","low_hoeffding","up_PI_emp_bern","low_PI_emp_bern","up_PI_hedged","low_PI_hedged"
"1",166,0.7386880263427,0.369839078411849,0.73865928833732,0.369847441905826,0.834973685823742,0.369847441905826,0.678171207253594,0.441367165655773,0.732737460862892,0.366822256896087,0.817397401994854,0.115551242096285,0.927254846133546,0.192283526775821,0.732851024714912,0.386687348194455,0.771275231539646,0.337194045456671,0.73,0.4
