"","simul_idx","up_dw","low_dw","up_dw_x1_to_xn","low_dw_x1_to_xn","up_dw_x1_to_xn_tails","low_dw_x1_to_xn_tails","up_t_test","low_t_test","up_anderson","low_anderson","up_cheby","low_cheby","up_emp_bern","low_emp_bern","up_hoeffding","low_hoeffding","up_PI_emp_bern","low_PI_emp_bern","up_PI_hedged","low_PI_hedged"
"1",37,0.698541309604894,0.433905583278288,0.698530581824104,0.433916322049531,0.753133848516803,0.433916322049531,0.651665796604064,0.487161049483174,0.691734062861121,0.437120574205077,0.770854188535092,0.264442944271488,0.790911838975272,0.347915007111965,0.69180076457766,0.447026081509578,0.722986787760436,0.410187801769221,0.68,0.46
