"","simul_idx","up_dw","low_dw","up_dw_x1_to_xn","low_dw_x1_to_xn","up_dw_x1_to_xn_tails","low_dw_x1_to_xn_tails","up_t_test","low_t_test","up_anderson","low_anderson","up_cheby","low_cheby","up_emp_bern","low_emp_bern","up_hoeffding","low_hoeffding","up_PI_emp_bern","low_PI_emp_bern","up_PI_hedged","low_PI_hedged"
"1",83,0.653932122674534,0.113314069322019,0.653775889820677,0.113367340742553,0.850825659801658,0.113367340742553,0.539183758085615,0.162705803921973,0.624309954932284,0.0279847738819257,0.787103266175893,-0.319176891504168,1.09965969094959,-0.397770128941998,0.624611196259393,0.0772783657481955,0.729664456567627,-0.0448279442188734,0.63,0.14
