"","simul_idx","up_dw","low_dw","up_dw_x1_to_xn","low_dw_x1_to_xn","up_dw_x1_to_xn_tails","low_dw_x1_to_xn_tails","up_t_test","low_t_test","up_anderson","low_anderson","up_cheby","low_cheby","up_emp_bern","low_emp_bern","up_hoeffding","low_hoeffding","up_PI_emp_bern","low_PI_emp_bern","up_PI_hedged","low_PI_hedged"
"1",50,0.685305595902026,0.31429134050695,0.685257843759184,0.314325667923651,0.781610939162212,0.314325667923651,0.619035683467766,0.380514879004692,0.672749894139955,0.306916096150329,0.779763929148542,0.0531948729118394,0.868651616414258,0.130898946058201,0.672857119496458,0.326693442976001,0.724171116853302,0.285218918962866,0.66,0.33
