"","simul_idx","up_dw","low_dw","up_dw_x1_to_xn","low_dw_x1_to_xn","up_dw_x1_to_xn_tails","low_dw_x1_to_xn_tails","up_t_test","low_t_test","up_anderson","low_anderson","up_cheby","low_cheby","up_emp_bern","low_emp_bern","up_hoeffding","low_hoeffding","up_PI_emp_bern","low_PI_emp_bern","up_PI_hedged","low_PI_hedged"
"1",289,0.605675450271719,0.0825622521829934,0.605570213200825,0.0827060397843184,0.802757838972595,0.0827060397843184,0.481938678238597,0.119693975932816,0.574232517007031,0.00123733055573396,0.760208708296834,-0.359120272182559,1.03835210678003,-0.436719452608621,0.574482742341305,0.0271499118301075,0.672076702216624,-0.085064350524773,0.57,0.11
