"","simul_idx","up_dw","low_dw","up_dw_x1_to_xn","low_dw_x1_to_xn","up_dw_x1_to_xn_tails","low_dw_x1_to_xn_tails","up_t_test","low_t_test","up_anderson","low_anderson","up_cheby","low_cheby","up_emp_bern","low_emp_bern","up_hoeffding","low_hoeffding","up_PI_emp_bern","low_PI_emp_bern","up_PI_hedged","low_PI_hedged"
"1",120,0.594070334405793,0.472961376261209,0.594069835916498,0.472962657027149,0.607348967814356,0.472962657027149,0.570484300673848,0.497179258769363,0.588540826485285,0.477115922075567,0.642232632631795,0.40449634721449,0.611494244090345,0.456169315352866,0.588565062772725,0.479098496670486,0.590057552990829,0.470451141394276,0.58,0.48
