"","simul_idx","up_dw","low_dw","up_dw_x1_to_xn","low_dw_x1_to_xn","up_dw_x1_to_xn_tails","low_dw_x1_to_xn_tails","up_t_test","low_t_test","up_anderson","low_anderson","up_cheby","low_cheby","up_emp_bern","low_emp_bern","up_hoeffding","low_hoeffding","up_PI_emp_bern","low_PI_emp_bern","up_PI_hedged","low_PI_hedged"
"1",249,0.540857883966465,0.41959248313098,0.540856686658349,0.419592870959478,0.554134522579047,0.419592870959478,0.516743472280105,0.443325383180587,0.534750462427978,0.423323955960054,0.593821590348617,0.347422385593239,0.55779005816332,0.402278797297373,0.534767710781466,0.425301144679227,0.537739806689193,0.417727982014066,0.53,0.43
