"","simul_idx","up_dw","low_dw","up_dw_x1_to_xn","low_dw_x1_to_xn","up_dw_x1_to_xn_tails","low_dw_x1_to_xn_tails","up_t_test","low_t_test","up_anderson","low_anderson","up_cheby","low_cheby","up_emp_bern","low_emp_bern","up_hoeffding","low_hoeffding","up_PI_emp_bern","low_PI_emp_bern","up_PI_hedged","low_PI_hedged"
"1",119,0.614407881103547,0.347660172304431,0.61440425656041,0.347666051058902,0.669000337460017,0.347666051058902,0.563135452188245,0.397039283518962,0.602404249132093,0.347753602806896,0.704511777315593,0.168374346054596,0.702887472251389,0.257287263455818,0.602474709387644,0.357700026319563,0.640902393774181,0.324443743277405,0.59,0.36
