"","simul_idx","up_dw","low_dw","up_dw_x1_to_xn","low_dw_x1_to_xn","up_dw_x1_to_xn_tails","low_dw_x1_to_xn_tails","up_t_test","low_t_test","up_anderson","low_anderson","up_cheby","low_cheby","up_emp_bern","low_emp_bern","up_hoeffding","low_hoeffding","up_PI_emp_bern","low_PI_emp_bern","up_PI_hedged","low_PI_hedged"
"1",27,0.561990912644809,0.39109117682094,0.561988450172094,0.391095448415564,0.586773948766014,0.391095448415564,0.528144358414812,0.424020883622526,0.553459364156198,0.394714264171428,0.631205713690791,0.284337788268187,0.596301904801152,0.355863337236186,0.553487172222768,0.39867806981457,0.563843317495625,0.38475559633081,0.55,0.41
