"","simul_idx","up_dw","low_dw","up_dw_x1_to_xn","low_dw_x1_to_xn","up_dw_x1_to_xn_tails","low_dw_x1_to_xn_tails","up_t_test","low_t_test","up_anderson","low_anderson","up_cheby","low_cheby","up_emp_bern","low_emp_bern","up_hoeffding","low_hoeffding","up_PI_emp_bern","low_PI_emp_bern","up_PI_hedged","low_PI_hedged"
"1",102,0.661704411404057,0.395211965471983,0.661691504354534,0.395223915669875,0.71629655022143,0.395223915669875,0.612827743105373,0.446914496988969,0.652183639910807,0.397559796404834,0.74190383107118,0.221498205378222,0.752521604642762,0.30722063545158,0.652258461581212,0.40748377851313,0.690451002914587,0.373945683299517,0.64,0.41
