"","simul_idx","up_dw","low_dw","up_dw_x1_to_xn","low_dw_x1_to_xn","up_dw_x1_to_xn_tails","low_dw_x1_to_xn_tails","up_t_test","low_t_test","up_anderson","low_anderson","up_cheby","low_cheby","up_emp_bern","low_emp_bern","up_hoeffding","low_hoeffding","up_PI_emp_bern","low_PI_emp_bern","up_PI_hedged","low_PI_hedged"
"1",460,0.593288475463717,0.422264729201101,0.59328492795827,0.422266310666036,0.618066489820093,0.422266310666036,0.560018844675624,0.455841746472106,0.585309961774299,0.426569447991409,0.658454417277667,0.318334612672073,0.628193689717235,0.387666901430495,0.585334846777964,0.430525744369766,0.593910538640521,0.414207370560251,0.58,0.44
