"","simul_idx","up_dw","low_dw","up_dw_x1_to_xn","low_dw_x1_to_xn","up_dw_x1_to_xn_tails","low_dw_x1_to_xn_tails","up_t_test","low_t_test","up_anderson","low_anderson","up_cheby","low_cheby","up_emp_bern","low_emp_bern","up_hoeffding","low_hoeffding","up_PI_emp_bern","low_PI_emp_bern","up_PI_hedged","low_PI_hedged"
"1",275,0.652098182668375,0.385409383336662,0.652092170417779,0.385420579388915,0.706696102728884,0.385420579388915,0.602711113045185,0.436671170858803,0.642010911249134,0.387392058609988,0.7343405973599,0.210552388007362,0.742445256420614,0.296937027483374,0.642078483486035,0.397303800417954,0.675542381101328,0.358672625983501,0.64,0.41
