"","simul_idx","up_dw","low_dw","up_dw_x1_to_xn","low_dw_x1_to_xn","up_dw_x1_to_xn_tails","low_dw_x1_to_xn_tails","up_t_test","low_t_test","up_anderson","low_anderson","up_cheby","low_cheby","up_emp_bern","low_emp_bern","up_hoeffding","low_hoeffding","up_PI_emp_bern","low_PI_emp_bern","up_PI_hedged","low_PI_hedged"
"1",290,0.630282147609518,0.261532495257705,0.630257389774242,0.261560015125921,0.726600338869781,0.261560015125921,0.558743680047387,0.322084611994633,0.613383622324968,0.247556418110412,0.740812719474575,-0.00678914277289161,0.807782368888283,0.0730459231537372,0.613495984281239,0.267332307760782,0.663366740858766,0.228517075788647,0.6,0.28
