"","simul_idx","up_dw","low_dw","up_dw_x1_to_xn","low_dw_x1_to_xn","up_dw_x1_to_xn_tails","low_dw_x1_to_xn_tails","up_t_test","low_t_test","up_anderson","low_anderson","up_cheby","low_cheby","up_emp_bern","low_emp_bern","up_hoeffding","low_hoeffding","up_PI_emp_bern","low_PI_emp_bern","up_PI_hedged","low_PI_hedged"
"1",247,0.667279171460115,0.296421290603824,0.667232626070294,0.296441104494928,0.763564089795815,0.296441104494928,0.599215419657476,0.360716813642853,0.652971391883252,0.287085625995479,0.76694749098415,0.0329960367661238,0.84882446982322,0.111107763477109,0.653047954910393,0.306884278389936,0.70447121177,0.265709359664129,0.64,0.32
