"","simul_idx","up_dw","low_dw","up_dw_x1_to_xn","low_dw_x1_to_xn","up_dw_x1_to_xn_tails","low_dw_x1_to_xn_tails","up_t_test","low_t_test","up_anderson","low_anderson","up_cheby","low_cheby","up_emp_bern","low_emp_bern","up_hoeffding","low_hoeffding","up_PI_emp_bern","low_PI_emp_bern","up_PI_hedged","low_PI_hedged"
"1",273,0.580266525298094,0.458998497885893,0.580265943993864,0.459000127712684,0.59354552153102,0.459000127712684,0.55653286036334,0.483109904619173,0.574537048660285,0.463112654284488,0.629684679738566,0.389572932989387,0.597581023692722,0.442061741289791,0.574554665542376,0.465088099440137,0.577289482793624,0.457904973245728,0.57,0.47
