"","simul_idx","up_dw","low_dw","up_dw_x1_to_xn","low_dw_x1_to_xn","up_dw_x1_to_xn_tails","low_dw_x1_to_xn_tails","up_t_test","low_t_test","up_anderson","low_anderson","up_cheby","low_cheby","up_emp_bern","low_emp_bern","up_hoeffding","low_hoeffding","up_PI_emp_bern","low_PI_emp_bern","up_PI_hedged","low_PI_hedged"
"1",457,0.773120190800315,0.408327940234923,0.773096380248604,0.408344882045545,0.869423563283098,0.408344882045545,0.7166951232629,0.482805781337345,0.772670546383205,0.406767509116986,0.841417934435996,0.158166152730875,0.964875039577148,0.234625865023097,0.772832290560351,0.426668614039894,0.817758961614091,0.389652678666799,0.75,0.43
