"","simul_idx","up_dw","low_dw","up_dw_x1_to_xn","low_dw_x1_to_xn","up_dw_x1_to_xn_tails","low_dw_x1_to_xn_tails","up_t_test","low_t_test","up_anderson","low_anderson","up_cheby","low_cheby","up_emp_bern","low_emp_bern","up_hoeffding","low_hoeffding","up_PI_emp_bern","low_PI_emp_bern","up_PI_hedged","low_PI_hedged"
"1",343,0.614626877850378,0.347984726396411,0.614615475210043,0.348004079768434,0.669231452450145,0.348004079768434,0.563360542754791,0.397381363424695,0.602654544227313,0.348078176018495,0.704727593160469,0.168674139729973,0.703075367144745,0.257666539034742,0.602758294623784,0.357983611555702,0.636012307145989,0.319978275769376,0.6,0.37
