"","simul_idx","up_dw","low_dw","up_dw_x1_to_xn","low_dw_x1_to_xn","up_dw_x1_to_xn_tails","low_dw_x1_to_xn_tails","up_t_test","low_t_test","up_anderson","low_anderson","up_cheby","low_cheby","up_emp_bern","low_emp_bern","up_hoeffding","low_hoeffding","up_PI_emp_bern","low_PI_emp_bern","up_PI_hedged","low_PI_hedged"
"1",9,0.741301511661092,0.18133020988255,0.741178555312622,0.181437809575155,0.938311067040363,0.181437809575155,0.646979410921406,0.253319059219635,0.723590730696845,0.126842058557922,0.837038482270613,-0.236839502176586,1.21235960354044,-0.312061133399397,0.723815650326119,0.176482819814922,0.834356964295973,0.0441200605359985,0.72,0.22
