"","simul_idx","up_dw","low_dw","up_dw_x1_to_xn","low_dw_x1_to_xn","up_dw_x1_to_xn_tails","low_dw_x1_to_xn_tails","up_t_test","low_t_test","up_anderson","low_anderson","up_cheby","low_cheby","up_emp_bern","low_emp_bern","up_hoeffding","low_hoeffding","up_PI_emp_bern","low_PI_emp_bern","up_PI_hedged","low_PI_hedged"
"1",363,0.574521435982175,0.45321363316394,0.574521204698753,0.453214721659586,0.587800033344585,0.453214721659586,0.55071823340016,0.477286766646245,0.568718709162476,0.457287263286323,0.624460548475758,0.383387490785423,0.591769155439224,0.436235844607181,0.568735783074322,0.459269216972083,0.57601393685298,0.45617722566309,0.56,0.46
