"","simul_idx","up_dw","low_dw","up_dw_x1_to_xn","low_dw_x1_to_xn","up_dw_x1_to_xn_tails","low_dw_x1_to_xn_tails","up_t_test","low_t_test","up_anderson","low_anderson","up_cheby","low_cheby","up_emp_bern","low_emp_bern","up_hoeffding","low_hoeffding","up_PI_emp_bern","low_PI_emp_bern","up_PI_hedged","low_PI_hedged"
"1",371,0.738682517581613,0.369836244133543,0.738656536959135,0.369867181665097,0.835004579909414,0.369867181665097,0.67818030247925,0.441350285715952,0.732713554165305,0.366803641408615,0.81739502069732,0.115547136132016,0.927271995136891,0.192258593058311,0.73284713235783,0.386683455837373,0.771892642294382,0.336657237533507,0.72,0.4
