"","simul_idx","up_dw","low_dw","up_dw_x1_to_xn","low_dw_x1_to_xn","up_dw_x1_to_xn_tails","low_dw_x1_to_xn_tails","up_t_test","low_t_test","up_anderson","low_anderson","up_cheby","low_cheby","up_emp_bern","low_emp_bern","up_hoeffding","low_hoeffding","up_PI_emp_bern","low_PI_emp_bern","up_PI_hedged","low_PI_hedged"
"1",488,0.63980024707606,0.469665701957856,0.639799196234765,0.469667046888862,0.664580412440117,0.469667046888862,0.607548466991103,0.503973831218602,0.633126180427117,0.474387317019901,0.698820554009741,0.369950886576514,0.675528960542042,0.435993337667663,0.633165700308951,0.478356597900753,0.640258010499364,0.461555992711308,0.62,0.48
