"","simul_idx","up_dw","low_dw","up_dw_x1_to_xn","low_dw_x1_to_xn","up_dw_x1_to_xn_tails","low_dw_x1_to_xn_tails","up_t_test","low_t_test","up_anderson","low_anderson","up_cheby","low_cheby","up_emp_bern","low_emp_bern","up_hoeffding","low_hoeffding","up_PI_emp_bern","low_PI_emp_bern","up_PI_hedged","low_PI_hedged"
"1",43,0.55083482564953,0.429508534966623,0.550834294734723,0.429510071783609,0.564113798255824,0.429510071783609,0.526802237210783,0.453348863351712,0.544785818763915,0.433361768890112,0.602903504628291,0.358028946903567,0.567860260092741,0.412290840469755,0.544808833332367,0.435342267230128,0.551759612602146,0.432327277747572,0.54,0.44
