"","simul_idx","up_dw","low_dw","up_dw_x1_to_xn","low_dw_x1_to_xn","up_dw_x1_to_xn_tails","low_dw_x1_to_xn_tails","up_t_test","low_t_test","up_anderson","low_anderson","up_cheby","low_cheby","up_emp_bern","low_emp_bern","up_hoeffding","low_hoeffding","up_PI_emp_bern","low_PI_emp_bern","up_PI_hedged","low_PI_hedged"
"1",274,0.582241726524709,0.460991541889485,0.582240855885199,0.460992292131433,0.595519176723936,0.460992292131433,0.558523863997727,0.485124718019251,0.576538292897466,0.46511150791162,0.631481168072354,0.391703716258017,0.599564309766787,0.444084272250191,0.576557574059609,0.467091007957369,0.583763434100561,0.464283415321984,0.57,0.47
