"","simul_idx","up_dw","low_dw","up_dw_x1_to_xn","low_dw_x1_to_xn","up_dw_x1_to_xn_tails","low_dw_x1_to_xn_tails","up_t_test","low_t_test","up_anderson","low_anderson","up_cheby","low_cheby","up_emp_bern","low_emp_bern","up_hoeffding","low_hoeffding","up_PI_emp_bern","low_PI_emp_bern","up_PI_hedged","low_PI_hedged"
"1",81,0.632166124512733,0.461831569283306,0.632165289794535,0.461832908140371,0.656946528786317,0.461832908140371,0.599739206736304,0.496041547980183,0.62524700994099,0.466524146593486,0.692226449451154,0.361408891622391,0.667759386911708,0.428021367804779,0.625294928562342,0.470485826154145,0.633246138540541,0.455509273853346,0.62,0.48
