"","simul_idx","up_dw","low_dw","up_dw_x1_to_xn","low_dw_x1_to_xn","up_dw_x1_to_xn_tails","low_dw_x1_to_xn_tails","up_t_test","low_t_test","up_anderson","low_anderson","up_cheby","low_cheby","up_emp_bern","low_emp_bern","up_hoeffding","low_hoeffding","up_PI_emp_bern","low_PI_emp_bern","up_PI_hedged","low_PI_hedged"
"1",363,0.642695620455101,0.375829712010991,0.642686136323286,0.375836644513614,0.697283773165535,0.375836644513614,0.592825985986253,0.426635913032474,0.632051099427036,0.377418411758604,0.72689869334271,0.199884851219769,0.732607862043983,0.286854036974744,0.632118291043404,0.387343607975323,0.665781597214048,0.348636221147152,0.63,0.4
