"","simul_idx","up_dw","low_dw","up_dw_x1_to_xn","low_dw_x1_to_xn","up_dw_x1_to_xn_tails","low_dw_x1_to_xn_tails","up_t_test","low_t_test","up_anderson","low_anderson","up_cheby","low_cheby","up_emp_bern","low_emp_bern","up_hoeffding","low_hoeffding","up_PI_emp_bern","low_PI_emp_bern","up_PI_hedged","low_PI_hedged"
"1",97,0.536889458083584,0.415641628483557,0.536888852437492,0.415642474015499,0.550167408630544,0.415642474015499,0.51274430741615,0.439331648759872,0.530754909692236,0.419324495858138,0.590201238236303,0.343206561936267,0.553789133106768,0.398286823069253,0.53077126113913,0.421304695036891,0.534167122350069,0.414668839202229,0.53,0.43
