"","simul_idx","up_dw","low_dw","up_dw_x1_to_xn","low_dw_x1_to_xn","up_dw_x1_to_xn_tails","low_dw_x1_to_xn_tails","up_t_test","low_t_test","up_anderson","low_anderson","up_cheby","low_cheby","up_emp_bern","low_emp_bern","up_hoeffding","low_hoeffding","up_PI_emp_bern","low_PI_emp_bern","up_PI_hedged","low_PI_hedged"
"1",79,0.585717639840336,0.319960263672738,0.585714969526838,0.319973302060363,0.640321622192099,0.319973302060363,0.533239059848803,0.367825397476805,0.572828072194439,0.31822424816424,0.681850244427666,0.137299262231977,0.672774083377383,0.228290373948224,0.572919570196845,0.328144887128763,0.605833139266227,0.290785719891623,0.57,0.34
