"","simul_idx","up_dw","low_dw","up_dw_x1_to_xn","low_dw_x1_to_xn","up_dw_x1_to_xn_tails","low_dw_x1_to_xn_tails","up_t_test","low_t_test","up_anderson","low_anderson","up_cheby","low_cheby","up_emp_bern","low_emp_bern","up_hoeffding","low_hoeffding","up_PI_emp_bern","low_PI_emp_bern","up_PI_hedged","low_PI_hedged"
"1",207,0.55405894938231,0.383315081806432,0.554056757605819,0.383322766101739,0.578847262179357,0.383322766101739,0.520081851421953,0.416082788782624,0.545448460266687,0.386706526407028,0.624316603044644,0.275841704844373,0.588199263044464,0.347965377160113,0.545486871306388,0.39067776889819,0.555955502520015,0.37787629236294,0.54,0.4
