"","simul_idx","up_dw","low_dw","up_dw_x1_to_xn","low_dw_x1_to_xn","up_dw_x1_to_xn_tails","low_dw_x1_to_xn_tails","up_t_test","low_t_test","up_anderson","low_anderson","up_cheby","low_cheby","up_emp_bern","low_emp_bern","up_hoeffding","low_hoeffding","up_PI_emp_bern","low_PI_emp_bern","up_PI_hedged","low_PI_hedged"
"1",245,0.854228229342449,0.301396107260937,0.854204229456012,0.301654956125833,1.05156709308405,0.301654956125833,0.793578338437031,0.406290492712293,0.873179477320021,0.27649064598536,0.903295945223837,-0.103383391124288,1.35713966820338,-0.157270837054061,0.873600830830261,0.326268000319063,0.999378055120209,0.219957057398679,0.82,0.33
