"","simul_idx","up_dw","low_dw","up_dw_x1_to_xn","low_dw_x1_to_xn","up_dw_x1_to_xn_tails","low_dw_x1_to_xn_tails","up_t_test","low_t_test","up_anderson","low_anderson","up_cheby","low_cheby","up_emp_bern","low_emp_bern","up_hoeffding","low_hoeffding","up_PI_emp_bern","low_PI_emp_bern","up_PI_hedged","low_PI_hedged"
"1",256,0.548792178892141,0.427464769059771,0.548790498338506,0.427465782668667,0.562069242494278,0.427465782668667,0.524744117769838,0.451280808699212,0.542727574386292,0.431300388093865,0.601039177518205,0.355848005294588,0.565805360994049,0.410219565475001,0.542745746285645,0.433279180183405,0.549737032768932,0.430146599074853,0.54,0.44
