"","simul_idx","up_dw","low_dw","up_dw_x1_to_xn","low_dw_x1_to_xn","up_dw_x1_to_xn_tails","low_dw_x1_to_xn_tails","up_t_test","low_t_test","up_anderson","low_anderson","up_cheby","low_cheby","up_emp_bern","low_emp_bern","up_hoeffding","low_hoeffding","up_PI_emp_bern","low_PI_emp_bern","up_PI_hedged","low_PI_hedged"
"1",203,0.605661561636554,0.484773117891953,0.605659868538377,0.484775618010229,0.618940770160185,0.484775618010229,0.582206338887676,0.509061461580624,0.600342486694966,0.488928336722795,0.652768679886613,0.417101712729368,0.623164367474009,0.468103432994292,0.60036718328527,0.490900617183031,0.602329971721784,0.48339139987795,0.59,0.5
