"","simul_idx","up_dw","low_dw","up_dw_x1_to_xn","low_dw_x1_to_xn","up_dw_x1_to_xn_tails","low_dw_x1_to_xn_tails","up_t_test","low_t_test","up_anderson","low_anderson","up_cheby","low_cheby","up_emp_bern","low_emp_bern","up_hoeffding","low_hoeffding","up_PI_emp_bern","low_PI_emp_bern","up_PI_hedged","low_PI_hedged"
"1",342,0.624353321282878,0.453779578141271,0.624348988086985,0.45378169643145,0.649131360275048,0.45378169643145,0.591759158499992,0.487870007347772,0.617179670879786,0.458448289433406,0.685440341410152,0.35266462575116,0.659841113203926,0.419788052643838,0.617219134127981,0.462410031719783,0.626911617146215,0.448449145583726,0.61,0.47
