"","simul_idx","up_dw","low_dw","up_dw_x1_to_xn","low_dw_x1_to_xn","up_dw_x1_to_xn_tails","low_dw_x1_to_xn_tails","up_t_test","low_t_test","up_anderson","low_anderson","up_cheby","low_cheby","up_emp_bern","low_emp_bern","up_hoeffding","low_hoeffding","up_PI_emp_bern","low_PI_emp_bern","up_PI_hedged","low_PI_hedged"
"1",246,0.593284666808632,0.422269238300028,0.593280978452481,0.422270877163904,0.618062656460105,0.422270877163904,0.560024334980818,0.455838194250849,0.585302673370516,0.426569479365943,0.658455242010629,0.318335651481358,0.628202097098091,0.387660432133576,0.585335815819933,0.430526713411735,0.59678250459161,0.417341576046582,0.58,0.44
