"","simul_idx","up_dw","low_dw","up_dw_x1_to_xn","low_dw_x1_to_xn","up_dw_x1_to_xn_tails","low_dw_x1_to_xn_tails","up_t_test","low_t_test","up_anderson","low_anderson","up_cheby","low_cheby","up_emp_bern","low_emp_bern","up_hoeffding","low_hoeffding","up_PI_emp_bern","low_PI_emp_bern","up_PI_hedged","low_PI_hedged"
"1",346,0.818415114711799,0.258884382785728,0.818334033481658,0.259181765726291,1.01575558435684,0.259181765726291,0.746223794414186,0.353357845733257,0.822966190281307,0.226571276386359,0.882436347105048,-0.149381920340086,1.31137724575595,-0.211795605608502,0.82345723532932,0.276124404818123,0.930745842585924,0.142210019700582,0.79,0.29
