"","simul_idx","up_dw","low_dw","up_dw_x1_to_xn","low_dw_x1_to_xn","up_dw_x1_to_xn_tails","low_dw_x1_to_xn_tails","up_t_test","low_t_test","up_anderson","low_anderson","up_cheby","low_cheby","up_emp_bern","low_emp_bern","up_hoeffding","low_hoeffding","up_PI_emp_bern","low_PI_emp_bern","up_PI_hedged","low_PI_hedged"
"1",413,0.818420971779874,0.258858015500058,0.81825735091244,0.258972971016408,1.01540106553109,0.258972971016408,0.746258243568651,0.353339707906801,0.822993132474553,0.226596978225769,0.882439852801549,-0.149374551817915,1.31142670446967,-0.211828752994223,0.823465390993324,0.276132560482127,0.952545595067354,0.168927766427727,0.79,0.3
