"","simul_idx","up_dw","low_dw","up_dw_x1_to_xn","low_dw_x1_to_xn","up_dw_x1_to_xn_tails","low_dw_x1_to_xn_tails","up_t_test","low_t_test","up_anderson","low_anderson","up_cheby","low_cheby","up_emp_bern","low_emp_bern","up_hoeffding","low_hoeffding","up_PI_emp_bern","low_PI_emp_bern","up_PI_hedged","low_PI_hedged"
"1",165,0.612660622347246,0.441837345607773,0.612659076505826,0.441838356897413,0.637439813916257,0.441838356897413,0.579804260056576,0.475751782932332,0.605149215370631,0.446405324301437,0.675288718888498,0.339669014754683,0.64793890293573,0.407617140053179,0.605182572698553,0.450373470290355,0.618768756589515,0.438856012933204,0.6,0.46
