"","simul_idx","up_dw","low_dw","up_dw_x1_to_xn","low_dw_x1_to_xn","up_dw_x1_to_xn_tails","low_dw_x1_to_xn_tails","up_t_test","low_t_test","up_anderson","low_anderson","up_cheby","low_cheby","up_emp_bern","low_emp_bern","up_hoeffding","low_hoeffding","up_PI_emp_bern","low_PI_emp_bern","up_PI_hedged","low_PI_hedged"
"1",397,0.854201071382202,0.301166564254639,0.854092551915743,0.301194342417251,1.0511034957642,0.301194342417251,0.793548660765215,0.406036186999515,0.873253312351066,0.276420436371514,0.903238887348909,-0.103515655505755,1.35717410464944,-0.157589256884715,0.873458839137964,0.326126008626766,1.00041122593509,0.218668046590091,0.82,0.33
