"","simul_idx","up_dw","low_dw","up_dw_x1_to_xn","low_dw_x1_to_xn","up_dw_x1_to_xn_tails","low_dw_x1_to_xn_tails","up_t_test","low_t_test","up_anderson","low_anderson","up_cheby","low_cheby","up_emp_bern","low_emp_bern","up_hoeffding","low_hoeffding","up_PI_emp_bern","low_PI_emp_bern","up_PI_hedged","low_PI_hedged"
"1",22,0.698753030350195,0.434050163945407,0.69874711052569,0.43405692032739,0.753344488092205,0.43405692032739,0.651922145465026,0.487281715183551,0.691920596934042,0.437286414532122,0.770990515970092,0.264649357346796,0.791211327036214,0.347992533612363,0.691989271858329,0.447214588790248,0.728346602300434,0.415127498255283,0.68,0.45
