"","simul_idx","up_dw","low_dw","up_dw_x1_to_xn","low_dw_x1_to_xn","up_dw_x1_to_xn_tails","low_dw_x1_to_xn_tails","up_t_test","low_t_test","up_anderson","low_anderson","up_cheby","low_cheby","up_emp_bern","low_emp_bern","up_hoeffding","low_hoeffding","up_PI_emp_bern","low_PI_emp_bern","up_PI_hedged","low_PI_hedged"
"1",265,0.568591652342088,0.447254806904497,0.568589606265942,0.447255579677676,0.58186800088145,0.447255579677676,0.544731938927018,0.471270734228559,0.562714534069927,0.451290808315371,0.619065134402888,0.377015917710422,0.585792500052153,0.430210173103424,0.562734619628908,0.453268053526669,0.565053966646882,0.445146050461671,0.56,0.46
