"","simul_idx","up_dw","low_dw","up_dw_x1_to_xn","low_dw_x1_to_xn","up_dw_x1_to_xn_tails","low_dw_x1_to_xn_tails","up_t_test","low_t_test","up_anderson","low_anderson","up_cheby","low_cheby","up_emp_bern","low_emp_bern","up_hoeffding","low_hoeffding","up_PI_emp_bern","low_PI_emp_bern","up_PI_hedged","low_PI_hedged"
"1",127,0.553930018459985,0.0549543646071562,0.553817687687274,0.0550002606710154,0.750856225028765,0.0550002606710154,0.421804614121498,0.0792908924401878,0.524079052947728,0.000774014550200052,0.732172098017094,-0.39810842697597,0.972586357446145,-0.47149085088446,0.524214168536441,-0.023118661974756,0.613286049147161,-0.124399493516022,0.51,0.07
