"","simul_idx","up_dw","low_dw","up_dw_x1_to_xn","low_dw_x1_to_xn","up_dw_x1_to_xn_tails","low_dw_x1_to_xn_tails","up_t_test","low_t_test","up_anderson","low_anderson","up_cheby","low_cheby","up_emp_bern","low_emp_bern","up_hoeffding","low_hoeffding","up_PI_emp_bern","low_PI_emp_bern","up_PI_hedged","low_PI_hedged"
"1",492,0.65903187532999,0.489711166032628,0.659028064090005,0.489714820902417,0.683812678587369,0.489714820902417,0.627224878194737,0.524243682376401,0.653097084084879,0.494362237409908,0.71546416637134,0.391717141870139,0.695013930862763,0.456454629708375,0.653138831489668,0.49832972908147,0.661772285760496,0.484311436231181,0.65,0.5
