"","simul_idx","up_dw","low_dw","up_dw_x1_to_xn","low_dw_x1_to_xn","up_dw_x1_to_xn_tails","low_dw_x1_to_xn_tails","up_t_test","low_t_test","up_anderson","low_anderson","up_cheby","low_cheby","up_emp_bern","low_emp_bern","up_hoeffding","low_hoeffding","up_PI_emp_bern","low_PI_emp_bern","up_PI_hedged","low_PI_hedged"
"1",260,0.536118161773518,0.273811409965983,0.536107544240665,0.273818213344479,0.590704990420909,0.273818213344479,0.48190604074846,0.31906845799822,0.522820014757195,0.268176688690685,0.64274348100204,0.0854151542222152,0.620622023701289,0.180352475045392,0.522874590907381,0.278099907839299,0.558075843292262,0.248843953320807,0.52,0.29
