"","simul_idx","up_dw","low_dw","up_dw_x1_to_xn","low_dw_x1_to_xn","up_dw_x1_to_xn_tails","low_dw_x1_to_xn_tails","up_t_test","low_t_test","up_anderson","low_anderson","up_cheby","low_cheby","up_emp_bern","low_emp_bern","up_hoeffding","low_hoeffding","up_PI_emp_bern","low_PI_emp_bern","up_PI_hedged","low_PI_hedged"
"1",168,0.689377240365743,0.424145864380499,0.689362827622023,0.424154180312097,0.743962507206771,0.424154180312097,0.641995648002053,0.477041560214749,0.681829445122853,0.427210128089381,0.763675384020566,0.2536311689038,0.781384554062342,0.33765265415446,0.681905945642442,0.43713126257436,0.713857526467529,0.399644802232425,0.67,0.44
