"","simul_idx","up_dw","low_dw","up_dw_x1_to_xn","low_dw_x1_to_xn","up_dw_x1_to_xn_tails","low_dw_x1_to_xn_tails","up_t_test","low_t_test","up_anderson","low_anderson","up_cheby","low_cheby","up_emp_bern","low_emp_bern","up_hoeffding","low_hoeffding","up_PI_emp_bern","low_PI_emp_bern","up_PI_hedged","low_PI_hedged"
"1",449,0.781081260466144,0.218939974742356,0.780944681609553,0.219038336005213,0.97806312324477,0.219038336005213,0.697612775419771,0.302420427039897,0.773432500312928,0.176728121987294,0.860387177598348,-0.193698375958569,1.26343023586692,-0.26339703340725,0.773683016485433,0.226350185974235,0.908764173239832,0.115594079073499,0.74,0.24
