"","simul_idx","up_dw","low_dw","up_dw_x1_to_xn","low_dw_x1_to_xn","up_dw_x1_to_xn_tails","low_dw_x1_to_xn_tails","up_t_test","low_t_test","up_anderson","low_anderson","up_cheby","low_cheby","up_emp_bern","low_emp_bern","up_hoeffding","low_hoeffding","up_PI_emp_bern","low_PI_emp_bern","up_PI_hedged","low_PI_hedged"
"1",392,0.726224322048199,0.463977057143156,0.726221453721568,0.463998032041985,0.780839825274483,0.463998032041985,0.680992262296512,0.518165669750677,0.721883445322211,0.467286881812553,0.792455629892444,0.29768794469591,0.819704751015985,0.379453181031205,0.721966307557636,0.477191624489554,0.75131382129123,0.441923191081556,0.71,0.48
