"","simul_idx","up_dw","low_dw","up_dw_x1_to_xn","low_dw_x1_to_xn","up_dw_x1_to_xn_tails","low_dw_x1_to_xn_tails","up_t_test","low_t_test","up_anderson","low_anderson","up_cheby","low_cheby","up_emp_bern","low_emp_bern","up_hoeffding","low_hoeffding","up_PI_emp_bern","low_PI_emp_bern","up_PI_hedged","low_PI_hedged"
"1",218,0.61271022169668,0.441901991333482,0.612702501240451,0.44190489492945,0.637486021425907,0.44190489492945,0.579865053200027,0.475806900573076,0.605205248987695,0.446479555142724,0.675337703773057,0.339731482547234,0.648001526969132,0.407670426803971,0.605240528090651,0.450431425682453,0.615390059386886,0.43592905113919,0.6,0.46
