"","simul_idx","up_dw","low_dw","up_dw_x1_to_xn","low_dw_x1_to_xn","up_dw_x1_to_xn_tails","low_dw_x1_to_xn_tails","up_t_test","low_t_test","up_anderson","low_anderson","up_cheby","low_cheby","up_emp_bern","low_emp_bern","up_hoeffding","low_hoeffding","up_PI_emp_bern","low_PI_emp_bern","up_PI_hedged","low_PI_hedged"
"1",83,0.577665630078849,0.406665686144644,0.577659303332865,0.406673453193409,0.602449931984452,0.406673453193409,0.544099944375473,0.439919387594567,0.569373111906926,0.41065107631539,0.644868392450735,0.301304042135842,0.612275905137561,0.371743426832479,0.569414217189119,0.414605114780921,0.579701485005563,0.400707348195166,0.56,0.42
