"","simul_idx","up_dw","low_dw","up_dw_x1_to_xn","low_dw_x1_to_xn","up_dw_x1_to_xn_tails","low_dw_x1_to_xn_tails","up_t_test","low_t_test","up_anderson","low_anderson","up_cheby","low_cheby","up_emp_bern","low_emp_bern","up_hoeffding","low_hoeffding","up_PI_emp_bern","low_PI_emp_bern","up_PI_hedged","low_PI_hedged"
"1",403,0.595248893439074,0.329100744162867,0.595235639258864,0.329114497217905,0.649843347187189,0.329114497217905,0.543124933125715,0.377495199812658,0.58262852945852,0.328015828074871,0.689384172863798,0.147543220716541,0.682728654402017,0.237891478536356,0.582697408003228,0.337922724935146,0.620867714444857,0.305105350477397,0.58,0.35
