"","simul_idx","up_dw","low_dw","up_dw_x1_to_xn","low_dw_x1_to_xn","up_dw_x1_to_xn_tails","low_dw_x1_to_xn_tails","up_t_test","low_t_test","up_anderson","low_anderson","up_cheby","low_cheby","up_emp_bern","low_emp_bern","up_hoeffding","low_hoeffding","up_PI_emp_bern","low_PI_emp_bern","up_PI_hedged","low_PI_hedged"
"1",272,0.564541817577437,0.443197873856089,0.564541473180707,0.443198182638486,0.577819194376749,0.443198182638486,0.540642552219936,0.467174810546644,0.558618870690786,0.447192439319384,0.615381188556235,0.372675049450216,0.581705232202446,0.426112130564135,0.55864196443441,0.449175398332171,0.565744097743254,0.446300133145587,0.55,0.45
