"","simul_idx","up_dw","low_dw","up_dw_x1_to_xn","low_dw_x1_to_xn","up_dw_x1_to_xn_tails","low_dw_x1_to_xn_tails","up_t_test","low_t_test","up_anderson","low_anderson","up_cheby","low_cheby","up_emp_bern","low_emp_bern","up_hoeffding","low_hoeffding","up_PI_emp_bern","low_PI_emp_bern","up_PI_hedged","low_PI_hedged"
"1",41,0.721206065750949,0.351129635973239,0.721176264598624,0.351146901762604,0.817503930507087,0.351146901762604,0.658803517241141,0.420950597224139,0.712812845808584,0.346936088651187,0.805122977502145,0.0946721178855894,0.908212368047768,0.171541746417513,0.712958895492869,0.366795218972412,0.753453495175846,0.315650745366124,0.7,0.38
