"","simul_idx","up_dw","low_dw","up_dw_x1_to_xn","low_dw_x1_to_xn","up_dw_x1_to_xn_tails","low_dw_x1_to_xn_tails","up_t_test","low_t_test","up_anderson","low_anderson","up_cheby","low_cheby","up_emp_bern","low_emp_bern","up_hoeffding","low_hoeffding","up_PI_emp_bern","low_PI_emp_bern","up_PI_hedged","low_PI_hedged"
"1",470,0.588230329520513,0.467035361371545,0.588229672684756,0.467035846916915,0.601507650428194,0.467035846916915,0.564576803187583,0.491213966524294,0.582611675533606,0.471183313969838,0.636921197256929,0.398167792656676,0.605605479864337,0.45018528984754,0.582628667907058,0.473162101804819,0.589978204995229,0.470525546588336,0.58,0.48
