"","simul_idx","up_dw","low_dw","up_dw_x1_to_xn","low_dw_x1_to_xn","up_dw_x1_to_xn_tails","low_dw_x1_to_xn_tails","up_t_test","low_t_test","up_anderson","low_anderson","up_cheby","low_cheby","up_emp_bern","low_emp_bern","up_hoeffding","low_hoeffding","up_PI_emp_bern","low_PI_emp_bern","up_PI_hedged","low_PI_hedged"
"1",90,0.570549587811441,0.449223109789644,0.570549005916096,0.449224313650093,0.583828026196102,0.449224313650093,0.546711466497347,0.473255166914503,0.564696744022775,0.453270002015632,0.620847907593768,0.379119380064909,0.587770437706558,0.432196195705292,0.564716599757045,0.455250033654805,0.567283412235724,0.447853029293103,0.56,0.46
