"","simul_idx","up_dw","low_dw","up_dw_x1_to_xn","low_dw_x1_to_xn","up_dw_x1_to_xn_tails","low_dw_x1_to_xn_tails","up_t_test","low_t_test","up_anderson","low_anderson","up_cheby","low_cheby","up_emp_bern","low_emp_bern","up_hoeffding","low_hoeffding","up_PI_emp_bern","low_PI_emp_bern","up_PI_hedged","low_PI_hedged"
"1",497,0.544828506553584,0.423522599620909,0.544827721499727,0.423523479329644,0.55810627131764,0.423523479329644,0.520750922425542,0.447293100678086,0.538734911175815,0.427308502595649,0.597430702227283,0.351632065521371,0.561810387020423,0.406233636083205,0.538755294602934,0.429288728500694,0.54603576304281,0.42646992777599,0.53,0.43
