"","simul_idx","up_dw","low_dw","up_dw_x1_to_xn","low_dw_x1_to_xn","up_dw_x1_to_xn_tails","low_dw_x1_to_xn_tails","up_t_test","low_t_test","up_anderson","low_anderson","up_cheby","low_cheby","up_emp_bern","low_emp_bern","up_hoeffding","low_hoeffding","up_PI_emp_bern","low_PI_emp_bern","up_PI_hedged","low_PI_hedged"
"1",297,0.584250737638257,0.463031376887187,0.584249471575144,0.463032352582733,0.597528208809781,0.463032352582733,0.560561976169639,0.487173402203982,0.578576110300057,0.467157461941239,0.633313068878074,0.393878478547045,0.601598995187352,0.446136383186269,0.57860097223793,0.469134406135691,0.589848967955739,0.46915003605161,0.58,0.48
