"","simul_idx","up_dw","low_dw","up_dw_x1_to_xn","low_dw_x1_to_xn","up_dw_x1_to_xn_tails","low_dw_x1_to_xn_tails","up_t_test","low_t_test","up_anderson","low_anderson","up_cheby","low_cheby","up_emp_bern","low_emp_bern","up_hoeffding","low_hoeffding","up_PI_emp_bern","low_PI_emp_bern","up_PI_hedged","low_PI_hedged"
"1",16,0.698903021352397,0.14609367358927,0.698831385556794,0.146198996656756,0.895960429993346,0.146198996656756,0.593996151356994,0.206894206244823,0.673801869708955,0.0771929928372856,0.812581075818702,-0.278654170750823,1.15750442072298,-0.356614063121163,0.674111594056507,0.12677876354531,0.807624367324235,0.0223610075793051,0.66,0.17
