"","simul_idx","up_dw","low_dw","up_dw_x1_to_xn","low_dw_x1_to_xn","up_dw_x1_to_xn_tails","low_dw_x1_to_xn_tails","up_t_test","low_t_test","up_anderson","low_anderson","up_cheby","low_cheby","up_emp_bern","low_emp_bern","up_hoeffding","low_hoeffding","up_PI_emp_bern","low_PI_emp_bern","up_PI_hedged","low_PI_hedged"
"1",136,0.585500177921865,0.319731638793129,0.585492598360135,0.319732730361084,0.640081610599531,0.319732730361084,0.532977276953576,0.367620463776184,0.572617108322962,0.317982956134314,0.681670002472755,0.137055216372482,0.672494225809042,0.228103514920719,0.572686211898921,0.327911528830839,0.609652149085866,0.296402353074992,0.58,0.35
