"","simul_idx","up_dw","low_dw","up_dw_x1_to_xn","low_dw_x1_to_xn","up_dw_x1_to_xn_tails","low_dw_x1_to_xn_tails","up_t_test","low_t_test","up_anderson","low_anderson","up_cheby","low_cheby","up_emp_bern","low_emp_bern","up_hoeffding","low_hoeffding","up_PI_emp_bern","low_PI_emp_bern","up_PI_hedged","low_PI_hedged"
"1",80,0.614263880572773,0.347525528309331,0.614257022355541,0.347538210374856,0.66886314888299,0.347538210374856,0.562989464739837,0.396886533486678,0.602267708896189,0.347636762705952,0.704398091152171,0.168216452690115,0.702743634903679,0.257132363322836,0.602325340647298,0.357550657579217,0.640648131879659,0.324385345276572,0.59,0.36
