"","simul_idx","up_dw","low_dw","up_dw_x1_to_xn","low_dw_x1_to_xn","up_dw_x1_to_xn_tails","low_dw_x1_to_xn_tails","up_t_test","low_t_test","up_anderson","low_anderson","up_cheby","low_cheby","up_emp_bern","low_emp_bern","up_hoeffding","low_hoeffding","up_PI_emp_bern","low_PI_emp_bern","up_PI_hedged","low_PI_hedged"
"1",383,0.558605795776586,0.43724794726764,0.558604207899741,0.437248739675933,0.571882631012945,0.437248739675933,0.534646039021701,0.461166897335742,0.552619682735428,0.441193138796641,0.609971999042103,0.366315193465194,0.57571241413866,0.420100522218783,0.552639751229841,0.443173185127602,0.554933734401562,0.435196288803182,0.55,0.45
