"","simul_idx","up_dw","low_dw","up_dw_x1_to_xn","low_dw_x1_to_xn","up_dw_x1_to_xn_tails","low_dw_x1_to_xn_tails","up_t_test","low_t_test","up_anderson","low_anderson","up_cheby","low_cheby","up_emp_bern","low_emp_bern","up_hoeffding","low_hoeffding","up_PI_emp_bern","low_PI_emp_bern","up_PI_hedged","low_PI_hedged"
"1",122,0.581523732797566,0.410496100699523,0.581520149144029,0.410497597382609,0.606301587110751,0.410497597382609,0.548026717342818,0.443834111074186,0.57329846260077,0.414567783210151,0.648220884652385,0.305491450363965,0.616206565211854,0.37565426320515,0.573334965412601,0.418525863004403,0.582808620535283,0.404466976345734,0.57,0.42
