"","simul_idx","up_dw","low_dw","up_dw_x1_to_xn","low_dw_x1_to_xn","up_dw_x1_to_xn_tails","low_dw_x1_to_xn_tails","up_t_test","low_t_test","up_anderson","low_anderson","up_cheby","low_cheby","up_emp_bern","low_emp_bern","up_hoeffding","low_hoeffding","up_PI_emp_bern","low_PI_emp_bern","up_PI_hedged","low_PI_hedged"
"1",13,0.578429741559936,0.457139236769139,0.578428961142363,0.457140475066618,0.59170803140303,0.457140475066618,0.554672993753989,0.48123998744805,0.572669886210654,0.46124220504355,0.62801119833869,0.387589763624094,0.595724414814578,0.440188566387461,0.572689773652139,0.4632232075499,0.575086599961831,0.455366589437408,0.57,0.47
