"","simul_idx","up_dw","low_dw","up_dw_x1_to_xn","low_dw_x1_to_xn","up_dw_x1_to_xn_tails","low_dw_x1_to_xn_tails","up_t_test","low_t_test","up_anderson","low_anderson","up_cheby","low_cheby","up_emp_bern","low_emp_bern","up_hoeffding","low_hoeffding","up_PI_emp_bern","low_PI_emp_bern","up_PI_hedged","low_PI_hedged"
"1",389,0.560549203937539,0.43919198158396,0.560548514710493,0.439192716650863,0.573826854600474,0.439192716650863,0.536607416965009,0.463131734136736,0.554583747582503,0.443153346101447,0.611741980487016,0.368394442161753,0.577672670947758,0.422066480153987,0.554602858601992,0.445136292499752,0.557518389505725,0.437599391317133,0.55,0.45
