"","simul_idx","up_dw","low_dw","up_dw_x1_to_xn","low_dw_x1_to_xn","up_dw_x1_to_xn_tails","low_dw_x1_to_xn_tails","up_t_test","low_t_test","up_anderson","low_anderson","up_cheby","low_cheby","up_emp_bern","low_emp_bern","up_hoeffding","low_hoeffding","up_PI_emp_bern","low_PI_emp_bern","up_PI_hedged","low_PI_hedged"
"1",404,0.653909790293117,0.113270231270279,0.653816889103977,0.113329249041997,0.85087541075543,0.113329249041997,0.539226477470423,0.16257309868925,0.624216574299325,0.0278713319593658,0.787079614044027,-0.319213229937579,1.09975248063977,-0.397952904480097,0.624566203335435,0.0772333728242377,0.753704278013389,-0.0204433730806723,0.61,0.13
