"","simul_idx","up_dw","low_dw","up_dw_x1_to_xn","low_dw_x1_to_xn","up_dw_x1_to_xn_tails","low_dw_x1_to_xn_tails","up_t_test","low_t_test","up_anderson","low_anderson","up_cheby","low_cheby","up_emp_bern","low_emp_bern","up_hoeffding","low_hoeffding","up_PI_emp_bern","low_PI_emp_bern","up_PI_hedged","low_PI_hedged"
"1",408,0.597243743197228,0.426264824290055,0.597240427004674,0.42627056485634,0.622028081799845,0.42627056485634,0.564065949186522,0.459908108472005,0.589351883451888,0.430618924379173,0.66190463932741,0.322685800728866,0.632234581854545,0.391739475803982,0.589391580033363,0.434582477625165,0.606179575393944,0.425721048878946,0.58,0.44
