"","simul_idx","up_dw","low_dw","up_dw_x1_to_xn","low_dw_x1_to_xn","up_dw_x1_to_xn_tails","low_dw_x1_to_xn_tails","up_t_test","low_t_test","up_anderson","low_anderson","up_cheby","low_cheby","up_emp_bern","low_emp_bern","up_hoeffding","low_hoeffding","up_PI_emp_bern","low_PI_emp_bern","up_PI_hedged","low_PI_hedged"
"1",70,0.886818499521743,0.346054464953339,0.886751139260047,0.346258561374048,1.08403061512884,0.346258561374048,0.837565728107284,0.460691216099825,0.922374812139274,0.325808791392706,0.922339947727774,-0.0568353182563679,1.39815484789233,-0.0998979036852189,0.922794887359153,0.375462056847956,1.02094087882667,0.245739924037439,0.87,0.38
