"","simul_idx","up_dw","low_dw","up_dw_x1_to_xn","low_dw_x1_to_xn","up_dw_x1_to_xn_tails","low_dw_x1_to_xn_tails","up_t_test","low_t_test","up_anderson","low_anderson","up_cheby","low_cheby","up_emp_bern","low_emp_bern","up_hoeffding","low_hoeffding","up_PI_emp_bern","low_PI_emp_bern","up_PI_hedged","low_PI_hedged"
"1",147,0.780911620245938,0.218598539407777,0.780858590903074,0.218668369133843,0.977933579118885,0.218668369133843,0.697423661620917,0.301943622041229,0.773187654681024,0.176386552212398,0.860235373424239,-0.193990517649475,1.2633232358924,-0.263955952230255,0.773350057086672,0.226017226575474,0.905389928151681,0.118261526667174,0.75,0.25
