"","simul_idx","up_dw","low_dw","up_dw_x1_to_xn","low_dw_x1_to_xn","up_dw_x1_to_xn_tails","low_dw_x1_to_xn_tails","up_t_test","low_t_test","up_anderson","low_anderson","up_cheby","low_cheby","up_emp_bern","low_emp_bern","up_hoeffding","low_hoeffding","up_PI_emp_bern","low_PI_emp_bern","up_PI_hedged","low_PI_hedged"
"1",486,0.589447339350191,0.418407400844245,0.589443873516035,0.41841021370407,0.614227234864347,0.41841021370407,0.55611152699228,0.451900529294291,0.581374494907158,0.422640296862885,0.655112327017853,0.314130034796158,0.624297307848216,0.383714748438355,0.581410579347384,0.426601476939187,0.591323799601201,0.412731251639783,0.58,0.43
