"","simul_idx","up_dw","low_dw","up_dw_x1_to_xn","low_dw_x1_to_xn","up_dw_x1_to_xn_tails","low_dw_x1_to_xn_tails","up_t_test","low_t_test","up_anderson","low_anderson","up_cheby","low_cheby","up_emp_bern","low_emp_bern","up_hoeffding","low_hoeffding","up_PI_emp_bern","low_PI_emp_bern","up_PI_hedged","low_PI_hedged"
"1",304,0.739122245045902,0.370321748988606,0.739115410196756,0.370342738498429,0.835448626122652,0.370342738498429,0.678672308238818,0.441874715102498,0.733195972900023,0.367296057958646,0.817705873466372,0.116083312651391,0.927753947729183,0.192793075612133,0.733355349930886,0.387191673410429,0.78281586328044,0.346437209866886,0.71,0.39
