"","simul_idx","up_dw","low_dw","up_dw_x1_to_xn","low_dw_x1_to_xn","up_dw_x1_to_xn_tails","low_dw_x1_to_xn_tails","up_t_test","low_t_test","up_anderson","low_anderson","up_cheby","low_cheby","up_emp_bern","low_emp_bern","up_hoeffding","low_hoeffding","up_PI_emp_bern","low_PI_emp_bern","up_PI_hedged","low_PI_hedged"
"1",476,0.652221614660546,0.385473746947199,0.652212879368121,0.385482328262348,0.706812950812709,0.385482328262348,0.60284338752063,0.436738495631419,0.642112245403056,0.387476393211954,0.734414955432228,0.210659483796907,0.742598181050483,0.296983702101565,0.642178283110065,0.397403600041983,0.675291417752222,0.359134299098071,0.64,0.4
