"","simul_idx","up_dw","low_dw","up_dw_x1_to_xn","low_dw_x1_to_xn","up_dw_x1_to_xn_tails","low_dw_x1_to_xn_tails","up_t_test","low_t_test","up_anderson","low_anderson","up_cheby","low_cheby","up_emp_bern","low_emp_bern","up_hoeffding","low_hoeffding","up_PI_emp_bern","low_PI_emp_bern","up_PI_hedged","low_PI_hedged"
"1",489,0.721286979955303,0.351384759690632,0.721240601170144,0.351465378127815,0.817662691003222,0.351465378127815,0.65887311846147,0.421244753358562,0.712943466008204,0.347155279245998,0.805236142579157,0.0948620839375369,0.908212344481352,0.17190552733868,0.713140774170245,0.366977097649788,0.761897991702724,0.327265512813227,0.7,0.38
