"","simul_idx","up_dw","low_dw","up_dw_x1_to_xn","low_dw_x1_to_xn","up_dw_x1_to_xn_tails","low_dw_x1_to_xn_tails","up_t_test","low_t_test","up_anderson","low_anderson","up_cheby","low_cheby","up_emp_bern","low_emp_bern","up_hoeffding","low_hoeffding","up_PI_emp_bern","low_PI_emp_bern","up_PI_hedged","low_PI_hedged"
"1",63,0.68597684479775,0.314966498659935,0.685966351344318,0.314990291038143,0.782303744804101,0.314990291038143,0.619736235547673,0.381309799729584,0.673411042628845,0.307558475777203,0.780244036853849,0.0539609925438649,0.869322908850442,0.131723126426814,0.673604855898857,0.3274411793784,0.724657756331733,0.286273539592284,0.66,0.34
