"","simul_idx","up_dw","low_dw","up_dw_x1_to_xn","low_dw_x1_to_xn","up_dw_x1_to_xn_tails","low_dw_x1_to_xn_tails","up_t_test","low_t_test","up_anderson","low_anderson","up_cheby","low_cheby","up_emp_bern","low_emp_bern","up_hoeffding","low_hoeffding","up_PI_emp_bern","low_PI_emp_bern","up_PI_hedged","low_PI_hedged"
"1",30,0.670852178534074,0.404601148143962,0.670837659593154,0.404607772864328,0.725434841970512,0.404607772864328,0.622459033094503,0.456711621383586,0.661930207630634,0.407270873753533,0.749079819700612,0.231984411643105,0.762100169123797,0.317070485354291,0.661972668773085,0.417197985705004,0.699768948452608,0.383977399078319,0.65,0.42
