"","simul_idx","up_dw","low_dw","up_dw_x1_to_xn","low_dw_x1_to_xn","up_dw_x1_to_xn_tails","low_dw_x1_to_xn_tails","up_t_test","low_t_test","up_anderson","low_anderson","up_cheby","low_cheby","up_emp_bern","low_emp_bern","up_hoeffding","low_hoeffding","up_PI_emp_bern","low_PI_emp_bern","up_PI_hedged","low_PI_hedged"
"1",337,0.598055628313343,0.47700267381529,0.59805490172676,0.477003381401179,0.61133320173179,0.477003381401179,0.574511162569548,0.501249151905026,0.592592196442504,0.481164827902099,0.645850283751777,0.408816691223296,0.615507158087756,0.460253156386818,0.592613440288407,0.483146874186167,0.594809947751608,0.475721416131743,0.59,0.49
