"","simul_idx","up_dw","low_dw","up_dw_x1_to_xn","low_dw_x1_to_xn","up_dw_x1_to_xn_tails","low_dw_x1_to_xn_tails","up_t_test","low_t_test","up_anderson","low_anderson","up_cheby","low_cheby","up_emp_bern","low_emp_bern","up_hoeffding","low_hoeffding","up_PI_emp_bern","low_PI_emp_bern","up_PI_hedged","low_PI_hedged"
"1",121,0.667014757103319,0.296210816860604,0.666983970946496,0.296226852581727,0.763309803500317,0.296226852581727,0.598909996041752,0.360509731337011,0.652666673003118,0.286820149052112,0.766780480396474,0.0327359590858287,0.848488554811856,0.110931172566907,0.65279170194961,0.306628025429153,0.704072824444553,0.265618450212818,0.64,0.32
