"","simul_idx","up_dw","low_dw","up_dw_x1_to_xn","low_dw_x1_to_xn","up_dw_x1_to_xn_tails","low_dw_x1_to_xn_tails","up_t_test","low_t_test","up_anderson","low_anderson","up_cheby","low_cheby","up_emp_bern","low_emp_bern","up_hoeffding","low_hoeffding","up_PI_emp_bern","low_PI_emp_bern","up_PI_hedged","low_PI_hedged"
"1",193,0.629995058447331,0.26125940094074,0.629956225023042,0.261297015546392,0.72631421981532,0.261297015546392,0.558492596996129,0.321722500728357,0.613068057016745,0.247256254298613,0.74060737244807,-0.00709479101099803,0.807565710894363,0.0726493868301235,0.613189387122472,0.267025710602015,0.663253260489961,0.228006461341362,0.6,0.28
