"","simul_idx","up_dw","low_dw","up_dw_x1_to_xn","low_dw_x1_to_xn","up_dw_x1_to_xn_tails","low_dw_x1_to_xn_tails","up_t_test","low_t_test","up_anderson","low_anderson","up_cheby","low_cheby","up_emp_bern","low_emp_bern","up_hoeffding","low_hoeffding","up_PI_emp_bern","low_PI_emp_bern","up_PI_hedged","low_PI_hedged"
"1",418,0.581494629036536,0.410461567407487,0.581491071424183,0.410464439144135,0.606274523040368,0.410464439144135,0.547999682843402,0.443796564952831,0.573266652321535,0.41453310379804,0.648193292059103,0.305456946206505,0.616182921711259,0.375613326084974,0.573302675102215,0.418493572694017,0.590756203478664,0.411152356734074,0.57,0.43
