"","simul_idx","up_dw","low_dw","up_dw_x1_to_xn","low_dw_x1_to_xn","up_dw_x1_to_xn_tails","low_dw_x1_to_xn_tails","up_t_test","low_t_test","up_anderson","low_anderson","up_cheby","low_cheby","up_emp_bern","low_emp_bern","up_hoeffding","low_hoeffding","up_PI_emp_bern","low_PI_emp_bern","up_PI_hedged","low_PI_hedged"
"1",482,0.577665055002595,0.406636171115848,0.577661388146229,0.40663750874404,0.602442622869217,0.40663750874404,0.5440900283838,0.439898966157516,0.569363993381598,0.410630426436291,0.644855413826651,0.301287850155383,0.61226937815218,0.371719616389136,0.569399048474757,0.414589946066559,0.582548272708515,0.403659079184944,0.56,0.42
