"","simul_idx","up_dw","low_dw","up_dw_x1_to_xn","low_dw_x1_to_xn","up_dw_x1_to_xn_tails","low_dw_x1_to_xn_tails","up_t_test","low_t_test","up_anderson","low_anderson","up_cheby","low_cheby","up_emp_bern","low_emp_bern","up_hoeffding","low_hoeffding","up_PI_emp_bern","low_PI_emp_bern","up_PI_hedged","low_PI_hedged"
"1",138,0.703472412287242,0.332604764313608,0.703447378062235,0.332644959196391,0.799809218627368,0.332644959196391,0.639143893900291,0.400671008716675,0.692852559984257,0.326959407412411,0.792595155358937,0.0739172634885338,0.888744969146488,0.151069933470477,0.692989289568711,0.346825613048254,0.743472784355088,0.305802247857791,0.68,0.35
