"","simul_idx","up_dw","low_dw","up_dw_x1_to_xn","low_dw_x1_to_xn","up_dw_x1_to_xn_tails","low_dw_x1_to_xn_tails","up_t_test","low_t_test","up_anderson","low_anderson","up_cheby","low_cheby","up_emp_bern","low_emp_bern","up_hoeffding","low_hoeffding","up_PI_emp_bern","low_PI_emp_bern","up_PI_hedged","low_PI_hedged"
"1",106,0.553910046635241,0.0552157152040561,0.553751220422151,0.0552774435097618,0.750813870206309,0.0552774435097618,0.421660600838578,0.0797374355951603,0.524150451094391,0.00105079567259917,0.732258034082111,-0.397992676459619,0.972273785487696,-0.470875749053958,0.524365433472468,-0.0229673970387295,0.614256836792619,-0.125059665449611,0.51,0.07
