"","simul_idx","up_dw","low_dw","up_dw_x1_to_xn","low_dw_x1_to_xn","up_dw_x1_to_xn_tails","low_dw_x1_to_xn_tails","up_t_test","low_t_test","up_anderson","low_anderson","up_cheby","low_cheby","up_emp_bern","low_emp_bern","up_hoeffding","low_hoeffding","up_PI_emp_bern","low_PI_emp_bern","up_PI_hedged","low_PI_hedged"
"1",476,0.917658606438228,0.394549053605455,0.91761924383984,0.394691877813218,1.11480540236697,0.394691877813218,0.880572077615492,0.518342005619221,0.972605100862664,0.376067962586876,0.940238549836776,-0.0076291610136342,1.43698133032303,-0.0380672470883157,0.973123456872955,0.425790626361758,1.08199943904619,0.331498655945217,0.91,0.43
