"","simul_idx","up_dw","low_dw","up_dw_x1_to_xn","low_dw_x1_to_xn","up_dw_x1_to_xn_tails","low_dw_x1_to_xn_tails","up_t_test","low_t_test","up_anderson","low_anderson","up_cheby","low_cheby","up_emp_bern","low_emp_bern","up_hoeffding","low_hoeffding","up_PI_emp_bern","low_PI_emp_bern","up_PI_hedged","low_PI_hedged"
"1",5,0.853979677246371,0.301197942060658,0.853841711543797,0.301366723204891,1.05106740238407,0.301366723204891,0.793235799005746,0.406085445988835,0.873018059648445,0.27636411419021,0.903185913863721,-0.103638417200668,1.35675788512452,-0.157436640129936,0.873327037752889,0.325994207241692,1.00171783108358,0.217088360755717,0.83,0.33
