"","simul_idx","up_dw","low_dw","up_dw_x1_to_xn","low_dw_x1_to_xn","up_dw_x1_to_xn_tails","low_dw_x1_to_xn_tails","up_t_test","low_t_test","up_anderson","low_anderson","up_cheby","low_cheby","up_emp_bern","low_emp_bern","up_hoeffding","low_hoeffding","up_PI_emp_bern","low_PI_emp_bern","up_PI_hedged","low_PI_hedged"
"1",413,0.773141451122172,0.408577799478279,0.773085247056108,0.408594049907605,0.869411399621669,0.408594049907605,0.716670407925352,0.483130104547544,0.772778000335269,0.406969902622809,0.841506237826165,0.158327522567915,0.964742102450954,0.235058410021943,0.772982094496677,0.42681841797622,0.809556133819006,0.37836887957325,0.75,0.43
