"","simul_idx","up_dw","low_dw","up_dw_x1_to_xn","low_dw_x1_to_xn","up_dw_x1_to_xn_tails","low_dw_x1_to_xn_tails","up_t_test","low_t_test","up_anderson","low_anderson","up_cheby","low_cheby","up_emp_bern","low_emp_bern","up_hoeffding","low_hoeffding","up_PI_emp_bern","low_PI_emp_bern","up_PI_hedged","low_PI_hedged"
"1",53,0.536918487121615,0.415693588474104,0.536917261559223,0.415694151163381,0.550195286091729,0.415694151163381,0.512769706821173,0.439388377413581,0.530790316700611,0.419370733763087,0.590238454107203,0.343249863770007,0.553804377629559,0.398353706605195,0.530812325168497,0.421345759066257,0.538216206183086,0.41893161208833,0.53,0.43
