"","simul_idx","up_dw","low_dw","up_dw_x1_to_xn","low_dw_x1_to_xn","up_dw_x1_to_xn_tails","low_dw_x1_to_xn_tails","up_t_test","low_t_test","up_anderson","low_anderson","up_cheby","low_cheby","up_emp_bern","low_emp_bern","up_hoeffding","low_hoeffding","up_PI_emp_bern","low_PI_emp_bern","up_PI_hedged","low_PI_hedged"
"1",25,0.585616938101531,0.414576440072921,0.585610883589014,0.414580010753174,0.610395375736734,0.414580010753174,0.552214254850672,0.447984804747211,0.57746012834996,0.418732020367317,0.651780979519876,0.309948885478088,0.62040598836411,0.379793071233772,0.57750408100304,0.422694978594842,0.591678076152455,0.413276906605455,0.57,0.43
