"","simul_idx","up_dw","low_dw","up_dw_x1_to_xn","low_dw_x1_to_xn","up_dw_x1_to_xn_tails","low_dw_x1_to_xn_tails","up_t_test","low_t_test","up_anderson","low_anderson","up_cheby","low_cheby","up_emp_bern","low_emp_bern","up_hoeffding","low_hoeffding","up_PI_emp_bern","low_PI_emp_bern","up_PI_hedged","low_PI_hedged"
"1",433,0.60472141852049,0.338252981784529,0.604708738540895,0.338255245600729,0.65929948169771,0.338255245600729,0.553000526761227,0.387140260523481,0.592395007168446,0.337788059598775,0.69686858149377,0.157804861492329,0.692677543838549,0.247463243446159,0.592457735176395,0.347683052108314,0.625657225152395,0.309839518647708,0.58,0.35
