"","simul_idx","up_dw","low_dw","up_dw_x1_to_xn","low_dw_x1_to_xn","up_dw_x1_to_xn_tails","low_dw_x1_to_xn_tails","up_t_test","low_t_test","up_anderson","low_anderson","up_cheby","low_cheby","up_emp_bern","low_emp_bern","up_hoeffding","low_hoeffding","up_PI_emp_bern","low_PI_emp_bern","up_PI_hedged","low_PI_hedged"
"1",145,0.581526768044013,0.410512784301945,0.581521751520675,0.410514467884037,0.606303470874203,0.410514467884037,0.548027680765525,0.443851970372692,0.57330896103769,0.41458329407247,0.648228926757008,0.305501507029739,0.616202078106066,0.375677573032151,0.573344376773207,0.418535274365009,0.588243099314319,0.409596483608156,0.57,0.42
