"","simul_idx","up_dw","low_dw","up_dw_x1_to_xn","low_dw_x1_to_xn","up_dw_x1_to_xn_tails","low_dw_x1_to_xn_tails","up_t_test","low_t_test","up_anderson","low_anderson","up_cheby","low_cheby","up_emp_bern","low_emp_bern","up_hoeffding","low_hoeffding","up_PI_emp_bern","low_PI_emp_bern","up_PI_hedged","low_PI_hedged"
"1",453,0.685645472573407,0.314521126851907,0.685633475232661,0.314537487109351,0.781959791491491,0.314537487109351,0.619356266113626,0.380830960528545,0.673037342054309,0.307115945887245,0.779968357305604,0.0535209982295389,0.868973594663778,0.131213631978394,0.673175451581314,0.327011775060857,0.713809851196005,0.27649740343462,0.66,0.33
