"","simul_idx","up_dw","low_dw","up_dw_x1_to_xn","low_dw_x1_to_xn","up_dw_x1_to_xn_tails","low_dw_x1_to_xn_tails","up_t_test","low_t_test","up_anderson","low_anderson","up_cheby","low_cheby","up_emp_bern","low_emp_bern","up_hoeffding","low_hoeffding","up_PI_emp_bern","low_PI_emp_bern","up_PI_hedged","low_PI_hedged"
"1",327,0.703330141951033,0.33242369774848,0.703310892462988,0.332452259416654,0.799655394308793,0.332452259416654,0.638990145459552,0.400466037255678,0.692713963189141,0.326799366855209,0.792481723194876,0.0737317624011491,0.888607102753472,0.150849079961758,0.692809929617843,0.346646253097386,0.734103382324588,0.295073113026885,0.68,0.36
