"","simul_idx","up_dw","low_dw","up_dw_x1_to_xn","low_dw_x1_to_xn","up_dw_x1_to_xn_tails","low_dw_x1_to_xn_tails","up_t_test","low_t_test","up_anderson","low_anderson","up_cheby","low_cheby","up_emp_bern","low_emp_bern","up_hoeffding","low_hoeffding","up_PI_emp_bern","low_PI_emp_bern","up_PI_hedged","low_PI_hedged"
"1",52,0.630287103196203,0.261540433482136,0.630268962895564,0.261556840988161,0.726595349576021,0.261556840988161,0.558764235735772,0.322079521733677,0.613396476075689,0.247552460919353,0.740817898011312,-0.00678143345343812,0.807810876278642,0.0730328811908072,0.613503716994953,0.267340040474496,0.663227186162995,0.228669912232583,0.61,0.28
