"","simul_idx","up_dw","low_dw","up_dw_x1_to_xn","low_dw_x1_to_xn","up_dw_x1_to_xn_tails","low_dw_x1_to_xn_tails","up_t_test","low_t_test","up_anderson","low_anderson","up_cheby","low_cheby","up_emp_bern","low_emp_bern","up_hoeffding","low_hoeffding","up_PI_emp_bern","low_PI_emp_bern","up_PI_hedged","low_PI_hedged"
"1",98,0.818637501677932,0.258736603761637,0.818587954785134,0.25875322168644,1.01558190163488,0.25875322168644,0.746400765696626,0.353315218313935,0.823244783888399,0.226575822337652,0.882465219761478,-0.149321230421104,1.31161689566475,-0.211900911654187,0.823524407260879,0.276191576749681,0.931855675837451,0.141155836446957,0.79,0.3
