"","simul_idx","up_dw","low_dw","up_dw_x1_to_xn","low_dw_x1_to_xn","up_dw_x1_to_xn_tails","low_dw_x1_to_xn_tails","up_t_test","low_t_test","up_anderson","low_anderson","up_cheby","low_cheby","up_emp_bern","low_emp_bern","up_hoeffding","low_hoeffding","up_PI_emp_bern","low_PI_emp_bern","up_PI_hedged","low_PI_hedged"
"1",223,0.546828650152465,0.425521708845292,0.546827912243864,0.425523485583778,0.560107730118092,0.425523485583778,0.522765767309266,0.449314721668024,0.540753292856558,0.429330632547595,0.599256150291481,0.353763936941156,0.563823035536106,0.408257453441184,0.540773527539765,0.431306961437525,0.544058864594699,0.424456242268123,0.54,0.44
