"","simul_idx","up_dw","low_dw","up_dw_x1_to_xn","low_dw_x1_to_xn","up_dw_x1_to_xn_tails","low_dw_x1_to_xn_tails","up_t_test","low_t_test","up_anderson","low_anderson","up_cheby","low_cheby","up_emp_bern","low_emp_bern","up_hoeffding","low_hoeffding","up_PI_emp_bern","low_PI_emp_bern","up_PI_hedged","low_PI_hedged"
"1",474,0.601170654560154,0.4301906755485,0.601166970205155,0.430192583196408,0.625949028672677,0.430192583196408,0.568077508494103,0.463901541566548,0.593360134498037,0.434620837676889,0.66530403145598,0.326983516679261,0.636251988591514,0.395727061469137,0.593394076234424,0.438584973826226,0.607174532816632,0.42777543004897,0.59,0.44
