"","simul_idx","up_dw","low_dw","up_dw_x1_to_xn","low_dw_x1_to_xn","up_dw_x1_to_xn_tails","low_dw_x1_to_xn_tails","up_t_test","low_t_test","up_anderson","low_anderson","up_cheby","low_cheby","up_emp_bern","low_emp_bern","up_hoeffding","low_hoeffding","up_PI_emp_bern","low_PI_emp_bern","up_PI_hedged","low_PI_hedged"
"1",405,0.667096424104808,0.296234726536685,0.667055590337592,0.296265082434467,0.763402766392085,0.296265082434467,0.59897885033127,0.360561051810225,0.652730869092573,0.286832047173887,0.766819644572603,0.0327969405453096,0.848562845581025,0.110977056560471,0.652851789330976,0.306688112810519,0.703944981100542,0.265793537883481,0.64,0.32
