"","simul_idx","up_dw","low_dw","up_dw_x1_to_xn","low_dw_x1_to_xn","up_dw_x1_to_xn_tails","low_dw_x1_to_xn_tails","up_t_test","low_t_test","up_anderson","low_anderson","up_cheby","low_cheby","up_emp_bern","low_emp_bern","up_hoeffding","low_hoeffding","up_PI_emp_bern","low_PI_emp_bern","up_PI_hedged","low_PI_hedged"
"1",128,0.643603229247319,0.473622571836846,0.643601717766636,0.473625210152543,0.668384836865288,0.473625210152543,0.611442320832201,0.507973136177248,0.637073769556113,0.478341223715361,0.702119545890562,0.374241470464677,0.679388796358392,0.440026660651057,0.637112279708823,0.482303177300625,0.645356358802596,0.46800389552566,0.63,0.49
