"","simul_idx","up_dw","low_dw","up_dw_x1_to_xn","low_dw_x1_to_xn","up_dw_x1_to_xn_tails","low_dw_x1_to_xn_tails","up_t_test","low_t_test","up_anderson","low_anderson","up_cheby","low_cheby","up_emp_bern","low_emp_bern","up_hoeffding","low_hoeffding","up_PI_emp_bern","low_PI_emp_bern","up_PI_hedged","low_PI_hedged"
"1",177,0.531795237555136,0.177552244923359,0.531722300971102,0.177593720300173,0.628086050047972,0.177593720300173,0.453587993173604,0.227700946745955,0.513555857650895,0.147813288055661,0.67187836425417,-0.104137580987872,0.699286743044632,-0.0179978031250735,0.513726308220008,0.167562631699551,0.556431985434134,0.137895816891971,0.51,0.2
