"","simul_idx","up_dw","low_dw","up_dw_x1_to_xn","low_dw_x1_to_xn","up_dw_x1_to_xn_tails","low_dw_x1_to_xn_tails","up_t_test","low_t_test","up_anderson","low_anderson","up_cheby","low_cheby","up_emp_bern","low_emp_bern","up_hoeffding","low_hoeffding","up_PI_emp_bern","low_PI_emp_bern","up_PI_hedged","low_PI_hedged"
"1",414,0.568578524648327,0.4472353987536,0.568578247587211,0.447236378958454,0.581856943261562,0.447236378958454,0.544718829602644,0.471250774300654,0.562697049419945,0.451270453023043,0.619050258138418,0.376998373139325,0.585781611242954,0.430187992660345,0.562718085002769,0.453251518900529,0.565939737382817,0.446388001661681,0.56,0.46
