"","simul_idx","up_dw","low_dw","up_dw_x1_to_xn","low_dw_x1_to_xn","up_dw_x1_to_xn_tails","low_dw_x1_to_xn_tails","up_t_test","low_t_test","up_anderson","low_anderson","up_cheby","low_cheby","up_emp_bern","low_emp_bern","up_hoeffding","low_hoeffding","up_PI_emp_bern","low_PI_emp_bern","up_PI_hedged","low_PI_hedged"
"1",266,0.853860540687985,0.301047588153198,0.853721680861084,0.301113141161092,1.05079015565178,0.301113141161092,0.793060764017658,0.405937012412198,0.872786920697102,0.276181749843899,0.903120895995127,-0.10378904504189,1.35657525746891,-0.15757748103906,0.873165303470526,0.325832472959329,0.977255856080524,0.192604863961775,0.83,0.34
