"","simul_idx","up_dw","low_dw","up_dw_x1_to_xn","low_dw_x1_to_xn","up_dw_x1_to_xn_tails","low_dw_x1_to_xn_tails","up_t_test","low_t_test","up_anderson","low_anderson","up_cheby","low_cheby","up_emp_bern","low_emp_bern","up_hoeffding","low_hoeffding","up_PI_emp_bern","low_PI_emp_bern","up_PI_hedged","low_PI_hedged"
"1",192,0.548785784948171,0.4274738093669,0.548784496959346,0.427474392307486,0.562062616058683,0.427474392307486,0.52473304195064,0.451294683499187,0.542725787996285,0.431303633907711,0.601040442475746,0.35584948443585,0.565786197824852,0.410241527624976,0.542747145776034,0.433280579673794,0.549738114361282,0.430181952637851,0.54,0.44
