"","simul_idx","up_dw","low_dw","up_dw_x1_to_xn","low_dw_x1_to_xn","up_dw_x1_to_xn_tails","low_dw_x1_to_xn_tails","up_t_test","low_t_test","up_anderson","low_anderson","up_cheby","low_cheby","up_emp_bern","low_emp_bern","up_hoeffding","low_hoeffding","up_PI_emp_bern","low_PI_emp_bern","up_PI_hedged","low_PI_hedged"
"1",102,0.818531982249485,0.258694825106566,0.818463049746735,0.258845356230718,1.01566094587751,0.258845356230718,0.746351650323253,0.353159031542454,0.823040892068513,0.226405984628003,0.882421096046961,-0.149413974803157,1.31159834098277,-0.212087659117067,0.823421756188452,0.276088925677255,0.93109147562105,0.14170690346705,0.8,0.3
