"","simul_idx","up_dw","low_dw","up_dw_x1_to_xn","low_dw_x1_to_xn","up_dw_x1_to_xn_tails","low_dw_x1_to_xn_tails","up_t_test","low_t_test","up_anderson","low_anderson","up_cheby","low_cheby","up_emp_bern","low_emp_bern","up_hoeffding","low_hoeffding","up_PI_emp_bern","low_PI_emp_bern","up_PI_hedged","low_PI_hedged"
"1",240,0.585468256204126,0.414438242962335,0.585466006409067,0.414442717419823,0.610251832829362,0.414442717419823,0.552057658600106,0.447847144081341,0.577316213086256,0.418588427451039,0.651655427518309,0.309791498136929,0.620243283584742,0.379661519096705,0.577356952544823,0.422547850136625,0.585470020428631,0.40460558334243,0.57,0.43
