"","simul_idx","up_dw","low_dw","up_dw_x1_to_xn","low_dw_x1_to_xn","up_dw_x1_to_xn_tails","low_dw_x1_to_xn_tails","up_t_test","low_t_test","up_anderson","low_anderson","up_cheby","low_cheby","up_emp_bern","low_emp_bern","up_hoeffding","low_hoeffding","up_PI_emp_bern","low_PI_emp_bern","up_PI_hedged","low_PI_hedged"
"1",339,0.611147949724499,0.243954908717005,0.611130174556263,0.243957907594006,0.707436576351796,0.243957907594006,0.538118806219866,0.302422219821802,0.59330883621079,0.22733991413941,0.727233513174318,-0.0267826581395949,0.786859071041746,0.0536819549999214,0.593352351281062,0.247188674760605,0.633335758644525,0.198931387188977,0.59,0.27
