"","simul_idx","up_dw","low_dw","up_dw_x1_to_xn","low_dw_x1_to_xn","up_dw_x1_to_xn_tails","low_dw_x1_to_xn_tails","up_t_test","low_t_test","up_anderson","low_anderson","up_cheby","low_cheby","up_emp_bern","low_emp_bern","up_hoeffding","low_hoeffding","up_PI_emp_bern","low_PI_emp_bern","up_PI_hedged","low_PI_hedged"
"1",419,0.61271688850739,0.441918360468433,0.612713922421658,0.441921565042371,0.637497855424814,0.441921565042371,0.579858573430631,0.475836465281187,0.605219461538073,0.446485001556691,0.675347459544023,0.339743923832725,0.647983419424172,0.407711619287646,0.605252070560008,0.45044296815181,0.618387396881359,0.440252874489081,0.6,0.45
