"","simul_idx","up_dw","low_dw","up_dw_x1_to_xn","low_dw_x1_to_xn","up_dw_x1_to_xn_tails","low_dw_x1_to_xn_tails","up_t_test","low_t_test","up_anderson","low_anderson","up_cheby","low_cheby","up_emp_bern","low_emp_bern","up_hoeffding","low_hoeffding","up_PI_emp_bern","low_PI_emp_bern","up_PI_hedged","low_PI_hedged"
"1",6,0.611252936931342,0.244194075091295,0.611216121225301,0.244217529567113,0.707553011058623,0.244217529567113,0.538233363623645,0.302699812887567,0.593409128006447,0.227524523217916,0.727366543224079,-0.0265888961314023,0.786923078123599,0.0540100983876131,0.593548426515835,0.247384749995378,0.632176067083491,0.200459948645832,0.59,0.27
