"","simul_idx","up_dw","low_dw","up_dw_x1_to_xn","low_dw_x1_to_xn","up_dw_x1_to_xn_tails","low_dw_x1_to_xn_tails","up_t_test","low_t_test","up_anderson","low_anderson","up_cheby","low_cheby","up_emp_bern","low_emp_bern","up_hoeffding","low_hoeffding","up_PI_emp_bern","low_PI_emp_bern","up_PI_hedged","low_PI_hedged"
"1",132,0.630032439026563,0.26131323618938,0.629973753684912,0.261344357265152,0.726322070198587,0.261344357265152,0.558480662207414,0.321839871125151,0.613129739544775,0.247299654934943,0.740642683777915,-0.00704223933411158,0.80751368414862,0.0728068491839441,0.613242104926511,0.267078428406054,0.653459212597403,0.218187239428304,0.61,0.29
