"","simul_idx","up_dw","low_dw","up_dw_x1_to_xn","low_dw_x1_to_xn","up_dw_x1_to_xn_tails","low_dw_x1_to_xn_tails","up_t_test","low_t_test","up_anderson","low_anderson","up_cheby","low_cheby","up_emp_bern","low_emp_bern","up_hoeffding","low_hoeffding","up_PI_emp_bern","low_PI_emp_bern","up_PI_hedged","low_PI_hedged"
"1",399,0.854160185195867,0.301466122662532,0.85409800037372,0.30161910998054,1.05129963727817,0.30161910998054,0.793346704579018,0.406541844313769,0.873090020242378,0.276538510590999,0.903299906473445,-0.103374207211587,1.35677017895319,-0.156881630060403,0.873610689701992,0.326277859190795,1.00200222095502,0.217253236862428,0.83,0.33
