"","simul_idx","up_dw","low_dw","up_dw_x1_to_xn","low_dw_x1_to_xn","up_dw_x1_to_xn_tails","low_dw_x1_to_xn_tails","up_t_test","low_t_test","up_anderson","low_anderson","up_cheby","low_cheby","up_emp_bern","low_emp_bern","up_hoeffding","low_hoeffding","up_PI_emp_bern","low_PI_emp_bern","up_PI_hedged","low_PI_hedged"
"1",324,0.917547250127563,0.39463733885934,0.917425647915578,0.39473309253466,1.11454011820513,0.39473309253466,0.880490199160683,0.51841482072626,0.972541538836258,0.376151636965582,0.940237014955428,-0.00763366836413287,1.43685529869297,-0.0379502788060251,0.97311892519907,0.425786094687873,1.08682400828177,0.326569689746696,0.9,0.43
