"","simul_idx","up_dw","low_dw","up_dw_x1_to_xn","low_dw_x1_to_xn","up_dw_x1_to_xn_tails","low_dw_x1_to_xn_tails","up_t_test","low_t_test","up_anderson","low_anderson","up_cheby","low_cheby","up_emp_bern","low_emp_bern","up_hoeffding","low_hoeffding","up_PI_emp_bern","low_PI_emp_bern","up_PI_hedged","low_PI_hedged"
"1",445,0.652359434805506,0.38559347963218,0.652345998026799,0.385599159525474,0.70694178529212,0.385599159525474,0.603015923139324,0.436835818391585,0.642252056700779,0.387614413670343,0.734515480993959,0.21080428403414,0.74279462989858,0.297057111632329,0.642313212299495,0.397538529231414,0.675875770726066,0.358810017577474,0.64,0.41
