"","simul_idx","up_dw","low_dw","up_dw_x1_to_xn","low_dw_x1_to_xn","up_dw_x1_to_xn_tails","low_dw_x1_to_xn_tails","up_t_test","low_t_test","up_anderson","low_anderson","up_cheby","low_cheby","up_emp_bern","low_emp_bern","up_hoeffding","low_hoeffding","up_PI_emp_bern","low_PI_emp_bern","up_PI_hedged","low_PI_hedged"
"1",321,0.780721917733763,0.219132828481623,0.780486987884659,0.2191603520398,0.977497543971558,0.2191603520398,0.697192465777589,0.302656687839529,0.773115615883883,0.176966579531525,0.86034522706624,-0.193779124654828,1.26282252560227,-0.26297337198515,0.773590992064157,0.22625816155296,0.882753430942813,0.0928154178427803,0.76,0.26
