"","simul_idx","up_dw","low_dw","up_dw_x1_to_xn","low_dw_x1_to_xn","up_dw_x1_to_xn_tails","low_dw_x1_to_xn_tails","up_t_test","low_t_test","up_anderson","low_anderson","up_cheby","low_cheby","up_emp_bern","low_emp_bern","up_hoeffding","low_hoeffding","up_PI_emp_bern","low_PI_emp_bern","up_PI_hedged","low_PI_hedged"
"1",361,0.685026408667341,0.313915001460276,0.685016865891397,0.313924339176433,0.781332715406816,0.313924339176433,0.618646652715608,0.380192988060112,0.672398306021442,0.306463067981673,0.779535599631684,0.052830767681417,0.868241768505622,0.130597872270099,0.672501658648089,0.326337982127632,0.722792020034968,0.285904878588927,0.66,0.34
