"","simul_idx","up_dw","low_dw","up_dw_x1_to_xn","low_dw_x1_to_xn","up_dw_x1_to_xn_tails","low_dw_x1_to_xn_tails","up_t_test","low_t_test","up_anderson","low_anderson","up_cheby","low_cheby","up_emp_bern","low_emp_bern","up_hoeffding","low_hoeffding","up_PI_emp_bern","low_PI_emp_bern","up_PI_hedged","low_PI_hedged"
"1",402,0.780994879272118,0.218893637203514,0.78090142554248,0.218938327352653,0.977938126280549,0.218938327352653,0.697430629299814,0.302433709287948,0.773344595654479,0.176711778337649,0.860348688361819,-0.193772462636644,1.26319230990145,-0.263327971313686,0.77359858454948,0.226265754038282,0.907515399050085,0.116669603020498,0.74,0.24
