"","simul_idx","up_dw","low_dw","up_dw_x1_to_xn","low_dw_x1_to_xn","up_dw_x1_to_xn_tails","low_dw_x1_to_xn_tails","up_t_test","low_t_test","up_anderson","low_anderson","up_cheby","low_cheby","up_emp_bern","low_emp_bern","up_hoeffding","low_hoeffding","up_PI_emp_bern","low_PI_emp_bern","up_PI_hedged","low_PI_hedged"
"1",266,0.629989369773076,0.261205789946069,0.629957319587896,0.261234670915827,0.726302297336599,0.261234670915827,0.558512361273914,0.321645538728649,0.613019738812349,0.247164279511755,0.74058821590337,-0.00712329923456845,0.807615465815951,0.0725424341866111,0.61316078826151,0.266997111741053,0.663566730255843,0.227594051567207,0.61,0.28
