"","simul_idx","up_dw","low_dw","up_dw_x1_to_xn","low_dw_x1_to_xn","up_dw_x1_to_xn_tails","low_dw_x1_to_xn_tails","up_t_test","low_t_test","up_anderson","low_anderson","up_cheby","low_cheby","up_emp_bern","low_emp_bern","up_hoeffding","low_hoeffding","up_PI_emp_bern","low_PI_emp_bern","up_PI_hedged","low_PI_hedged"
"1",470,0.661594120153116,0.395086140254028,0.661578805893036,0.395102344152268,0.716190132685545,0.395102344152268,0.612734650237255,0.446762204334116,0.652050190744049,0.397442769888684,0.741812937645548,0.221366021055698,0.752447333796683,0.307049520774688,0.652135768819726,0.407361085751645,0.685481626022693,0.368761188835939,0.64,0.41
