"","simul_idx","up_dw","low_dw","up_dw_x1_to_xn","low_dw_x1_to_xn","up_dw_x1_to_xn_tails","low_dw_x1_to_xn_tails","up_t_test","low_t_test","up_anderson","low_anderson","up_cheby","low_cheby","up_emp_bern","low_emp_bern","up_hoeffding","low_hoeffding","up_PI_emp_bern","low_PI_emp_bern","up_PI_hedged","low_PI_hedged"
"1",237,0.566051847269044,0.395117113965265,0.56604877357352,0.39512191582427,0.590835055719612,0.39512191582427,0.532261565981871,0.428146063369073,0.557577967453877,0.398831470895594,0.63474770500903,0.288721169366878,0.600416540581345,0.359991088769599,0.557608365879571,0.402799263471373,0.56811366963112,0.389325409980568,0.55,0.41
