"","simul_idx","up_dw","low_dw","up_dw_x1_to_xn","low_dw_x1_to_xn","up_dw_x1_to_xn_tails","low_dw_x1_to_xn_tails","up_t_test","low_t_test","up_anderson","low_anderson","up_cheby","low_cheby","up_emp_bern","low_emp_bern","up_hoeffding","low_hoeffding","up_PI_emp_bern","low_PI_emp_bern","up_PI_hedged","low_PI_hedged"
"1",496,0.661537390813724,0.395105988046457,0.661510803111258,0.395109267237155,0.716103045548974,0.395109267237155,0.612645570811243,0.446809092110392,0.652042500772076,0.397450764737939,0.741797308759941,0.22134329389609,0.752315024862271,0.307139638059364,0.652114672994858,0.407339989926776,0.689958295319998,0.37416480211066,0.64,0.41
