"","simul_idx","up_dw","low_dw","up_dw_x1_to_xn","low_dw_x1_to_xn","up_dw_x1_to_xn_tails","low_dw_x1_to_xn_tails","up_t_test","low_t_test","up_anderson","low_anderson","up_cheby","low_cheby","up_emp_bern","low_emp_bern","up_hoeffding","low_hoeffding","up_PI_emp_bern","low_PI_emp_bern","up_PI_hedged","low_PI_hedged"
"1",340,0.685120959641321,0.314064753787657,0.685087120423367,0.31408764175598,0.781423165905855,0.31408764175598,0.618807736729258,0.380297168969011,0.672509648100199,0.306662680500463,0.779620802942315,0.0529666184729096,0.868420495716035,0.130684409982234,0.672634291109363,0.326470614588906,0.713193844455039,0.276053225169516,0.67,0.34
