"","simul_idx","up_dw","low_dw","up_dw_x1_to_xn","low_dw_x1_to_xn","up_dw_x1_to_xn_tails","low_dw_x1_to_xn_tails","up_t_test","low_t_test","up_anderson","low_anderson","up_cheby","low_cheby","up_emp_bern","low_emp_bern","up_hoeffding","low_hoeffding","up_PI_emp_bern","low_PI_emp_bern","up_PI_hedged","low_PI_hedged"
"1",292,0.564621493969858,0.443275184163919,0.564620044493646,0.443276004461378,0.577898550984621,0.443276004461378,0.54072215823508,0.467252207259924,0.558702732546166,0.447276723267399,0.615451883775026,0.372758278474977,0.581785554327972,0.426188811167032,0.558720465798622,0.449253899696382,0.567556163519318,0.447447496992927,0.55,0.46
