"","simul_idx","up_dw","low_dw","up_dw_x1_to_xn","low_dw_x1_to_xn","up_dw_x1_to_xn_tails","low_dw_x1_to_xn_tails","up_t_test","low_t_test","up_anderson","low_anderson","up_cheby","low_cheby","up_emp_bern","low_emp_bern","up_hoeffding","low_hoeffding","up_PI_emp_bern","low_PI_emp_bern","up_PI_hedged","low_PI_hedged"
"1",425,0.717243651464739,0.454031923304453,0.717235606757375,0.454043175370479,0.771839621777254,0.454043175370479,0.671472559075895,0.507932811018611,0.71203506461063,0.45737124652981,0.785431439618262,0.286755260467652,0.810411788962746,0.36899358113176,0.712090026581294,0.467315343513212,0.746995236459854,0.436467130000897,0.7,0.47
