"","simul_idx","up_dw","low_dw","up_dw_x1_to_xn","low_dw_x1_to_xn","up_dw_x1_to_xn_tails","low_dw_x1_to_xn_tails","up_t_test","low_t_test","up_anderson","low_anderson","up_cheby","low_cheby","up_emp_bern","low_emp_bern","up_hoeffding","low_hoeffding","up_PI_emp_bern","low_PI_emp_bern","up_PI_hedged","low_PI_hedged"
"1",378,0.514424357784991,0.344924846041856,0.514422679042958,0.344930383560486,0.539210018364351,0.344930383560486,0.479927654963008,0.376833919974566,0.505748376630136,0.34701201286382,0.589879102552489,0.233930104118255,0.547753012227542,0.309008562710032,0.505785338672886,0.350976236264688,0.515980065999911,0.337368769354057,0.5,0.36
