"","simul_idx","up_dw","low_dw","up_dw_x1_to_xn","low_dw_x1_to_xn","up_dw_x1_to_xn_tails","low_dw_x1_to_xn_tails","up_t_test","low_t_test","up_anderson","low_anderson","up_cheby","low_cheby","up_emp_bern","low_emp_bern","up_hoeffding","low_hoeffding","up_PI_emp_bern","low_PI_emp_bern","up_PI_hedged","low_PI_hedged"
"1",27,0.570572417975337,0.449248180973348,0.570571091176471,0.449248601830858,0.58384900091105,0.449248601830858,0.546733471292155,0.473281706902194,0.564720714218179,0.453296036310211,0.620869735198903,0.379145145383793,0.587790972490065,0.432224205704284,0.564740872148294,0.455274306046055,0.571959376861525,0.452504602651549,0.56,0.46
