"","simul_idx","up_dw","low_dw","up_dw_x1_to_xn","low_dw_x1_to_xn","up_dw_x1_to_xn_tails","low_dw_x1_to_xn_tails","up_t_test","low_t_test","up_anderson","low_anderson","up_cheby","low_cheby","up_emp_bern","low_emp_bern","up_hoeffding","low_hoeffding","up_PI_emp_bern","low_PI_emp_bern","up_PI_hedged","low_PI_hedged"
"1",287,0.55685405121586,0.435500389986052,0.556853203895263,0.435503180713538,0.570134576940696,0.435503180713538,0.532880186057686,0.459398801856027,0.550850506222648,0.439423807398236,0.608378168574956,0.364444368595351,0.573947288050769,0.418331699862944,0.550872777007976,0.441406210905737,0.558710025532785,0.439133220821415,0.55,0.45
