"","simul_idx","up_dw","low_dw","up_dw_x1_to_xn","low_dw_x1_to_xn","up_dw_x1_to_xn_tails","low_dw_x1_to_xn_tails","up_t_test","low_t_test","up_anderson","low_anderson","up_cheby","low_cheby","up_emp_bern","low_emp_bern","up_hoeffding","low_hoeffding","up_PI_emp_bern","low_PI_emp_bern","up_PI_hedged","low_PI_hedged"
"1",298,0.698549071776321,0.145817599060748,0.698391330040932,0.145921996474548,0.895518964710524,0.145921996474548,0.593567471752232,0.206531539406976,0.673447047851047,0.0768867528713926,0.812381790527081,-0.278982449754275,1.15705689952435,-0.356957888365142,0.673715920835203,0.126383090324005,0.782218643106106,-0.00157781075246161,0.67,0.18
