"","simul_idx","up_dw","low_dw","up_dw_x1_to_xn","low_dw_x1_to_xn","up_dw_x1_to_xn_tails","low_dw_x1_to_xn_tails","up_t_test","low_t_test","up_anderson","low_anderson","up_cheby","low_cheby","up_emp_bern","low_emp_bern","up_hoeffding","low_hoeffding","up_PI_emp_bern","low_PI_emp_bern","up_PI_hedged","low_PI_hedged"
"1",227,0.698663938779743,0.145789769965354,0.698491917147759,0.145823154570434,0.895511399586262,0.145823154570434,0.593668313166344,0.206550621721091,0.673600766790366,0.076936931645527,0.812411995586897,-0.278932705661941,1.15718107690557,-0.356962142018131,0.673775882699316,0.126443052188119,0.780652146684125,5.75211076820348e-05,0.67,0.18
