"","simul_idx","up_dw","low_dw","up_dw_x1_to_xn","low_dw_x1_to_xn","up_dw_x1_to_xn_tails","low_dw_x1_to_xn_tails","up_t_test","low_t_test","up_anderson","low_anderson","up_cheby","low_cheby","up_emp_bern","low_emp_bern","up_hoeffding","low_hoeffding","up_PI_emp_bern","low_PI_emp_bern","up_PI_hedged","low_PI_hedged"
"1",255,0.667386119343117,0.296478609117091,0.667356998977338,0.296498846503057,0.763689166403421,0.296498846503057,0.59926995884117,0.360848066839338,0.653059181506553,0.287128759154604,0.767008027654323,0.0330903270794333,0.848855223302636,0.111262802377872,0.653140851100482,0.306977174580025,0.70379081264239,0.266581270913711,0.64,0.32
