"","simul_idx","up_dw","low_dw","up_dw_x1_to_xn","low_dw_x1_to_xn","up_dw_x1_to_xn_tails","low_dw_x1_to_xn_tails","up_t_test","low_t_test","up_anderson","low_anderson","up_cheby","low_cheby","up_emp_bern","low_emp_bern","up_hoeffding","low_hoeffding","up_PI_emp_bern","low_PI_emp_bern","up_PI_hedged","low_PI_hedged"
"1",286,0.540971152483118,0.419698268876459,0.540970617270792,0.419698898662674,0.554248804360184,0.419698898662674,0.516855425806571,0.443435111049011,0.534857921836775,0.423431366958401,0.593921954283869,0.347539356358859,0.557902733101765,0.402387803753818,0.534878551478911,0.425411985376671,0.53826405690228,0.418573239234434,0.53,0.43
