"","simul_idx","up_dw","low_dw","up_dw_x1_to_xn","low_dw_x1_to_xn","up_dw_x1_to_xn_tails","low_dw_x1_to_xn_tails","up_t_test","low_t_test","up_anderson","low_anderson","up_cheby","low_cheby","up_emp_bern","low_emp_bern","up_hoeffding","low_hoeffding","up_PI_emp_bern","low_PI_emp_bern","up_PI_hedged","low_PI_hedged"
"1",181,0.562000562363843,0.391143758335697,0.561996298306971,0.39114675044858,0.586779946899878,0.39114675044858,0.528151476196747,0.424079512955242,0.55347899482426,0.394755497832064,0.631233985487389,0.284372734851062,0.596292405203868,0.355938583948121,0.553520045780094,0.398710943371895,0.567653057196062,0.389263051092454,0.55,0.4
