"","simul_idx","up_dw","low_dw","up_dw_x1_to_xn","low_dw_x1_to_xn","up_dw_x1_to_xn_tails","low_dw_x1_to_xn_tails","up_t_test","low_t_test","up_anderson","low_anderson","up_cheby","low_cheby","up_emp_bern","low_emp_bern","up_hoeffding","low_hoeffding","up_PI_emp_bern","low_PI_emp_bern","up_PI_hedged","low_PI_hedged"
"1",305,0.581651252702013,0.410614455638834,0.581646795955685,0.410614981010844,0.606426832399405,0.410614981010844,0.548154908160702,0.443957738061803,0.57342494815429,0.414688090372715,0.648328473034113,0.305625994487526,0.616336228299492,0.375776417923012,0.573460874315351,0.418651771907153,0.583470157288385,0.405040502048048,0.57,0.43
