"","simul_idx","up_dw","low_dw","up_dw_x1_to_xn","low_dw_x1_to_xn","up_dw_x1_to_xn_tails","low_dw_x1_to_xn_tails","up_t_test","low_t_test","up_anderson","low_anderson","up_cheby","low_cheby","up_emp_bern","low_emp_bern","up_hoeffding","low_hoeffding","up_PI_emp_bern","low_PI_emp_bern","up_PI_hedged","low_PI_hedged"
"1",441,0.544846495976355,0.423541021719821,0.544845917557407,0.423542728975666,0.558125668447314,0.423542728975666,0.52076150344121,0.447319046113503,0.538756117929609,0.427325624091017,0.597447224633024,0.351651353361792,0.561815987901564,0.406264561653149,0.538773557828476,0.429306991726237,0.54591535564148,0.426518848024958,0.53,0.43
