"","simul_idx","up_dw","low_dw","up_dw_x1_to_xn","low_dw_x1_to_xn","up_dw_x1_to_xn_tails","low_dw_x1_to_xn_tails","up_t_test","low_t_test","up_anderson","low_anderson","up_cheby","low_cheby","up_emp_bern","low_emp_bern","up_hoeffding","low_hoeffding","up_PI_emp_bern","low_PI_emp_bern","up_PI_hedged","low_PI_hedged"
"1",257,0.570498730807619,0.449161758077791,0.570498048718478,0.44916234721795,0.583776176815651,0.44916234721795,0.546665225666816,0.473188582012838,0.564639202673916,0.453212701641137,0.620797176310407,0.379059497885333,0.587730791086076,0.432123016593579,0.564660186890947,0.455193620788708,0.567452309293191,0.447399005355462,0.56,0.46
