"","simul_idx","up_dw","low_dw","up_dw_x1_to_xn","low_dw_x1_to_xn","up_dw_x1_to_xn_tails","low_dw_x1_to_xn_tails","up_t_test","low_t_test","up_anderson","low_anderson","up_cheby","low_cheby","up_emp_bern","low_emp_bern","up_hoeffding","low_hoeffding","up_PI_emp_bern","low_PI_emp_bern","up_PI_hedged","low_PI_hedged"
"1",105,0.64300946426027,0.376163604843095,0.643002553366843,0.37617546104608,0.697607460442812,0.37617546104608,0.593153286395913,0.426984357678248,0.632381617388425,0.3777622049837,0.72715181148114,0.200246046768097,0.732928439840268,0.287209204233893,0.632456163571121,0.38768148050304,0.670624655427784,0.354375046974872,0.62,0.39
