"","simul_idx","up_dw","low_dw","up_dw_x1_to_xn","low_dw_x1_to_xn","up_dw_x1_to_xn_tails","low_dw_x1_to_xn_tails","up_t_test","low_t_test","up_anderson","low_anderson","up_cheby","low_cheby","up_emp_bern","low_emp_bern","up_hoeffding","low_hoeffding","up_PI_emp_bern","low_PI_emp_bern","up_PI_hedged","low_PI_hedged"
"1",258,0.573622273489235,0.40263539585936,0.57361774741126,0.402636086833342,0.598398019998658,0.402636086833342,0.539980814319233,0.435807256641375,0.565263720918676,0.406534466394076,0.641344623479663,0.296913137059383,0.608154517204247,0.367633553756361,0.565298586684403,0.410489484276205,0.58115758546788,0.402358224740838,0.56,0.42
