"","simul_idx","up_dw","low_dw","up_dw_x1_to_xn","low_dw_x1_to_xn","up_dw_x1_to_xn_tails","low_dw_x1_to_xn_tails","up_t_test","low_t_test","up_anderson","low_anderson","up_cheby","low_cheby","up_emp_bern","low_emp_bern","up_hoeffding","low_hoeffding","up_PI_emp_bern","low_PI_emp_bern","up_PI_hedged","low_PI_hedged"
"1",214,0.85408236062986,0.301134844569773,0.854065331912381,0.301216269652414,1.05115797981109,0.301216269652414,0.793316557672261,0.40605577466319,0.873032154976326,0.276283464860335,0.903196181139066,-0.103614626248766,1.35687016310404,-0.157497830768594,0.873352581423324,0.326019750912127,0.976719909924744,0.193500630101229,0.83,0.34
