"","simul_idx","up_dw","low_dw","up_dw_x1_to_xn","low_dw_x1_to_xn","up_dw_x1_to_xn_tails","low_dw_x1_to_xn_tails","up_t_test","low_t_test","up_anderson","low_anderson","up_cheby","low_cheby","up_emp_bern","low_emp_bern","up_hoeffding","low_hoeffding","up_PI_emp_bern","low_PI_emp_bern","up_PI_hedged","low_PI_hedged"
"1",172,0.853627304273057,0.30069512402088,0.853441259653284,0.300780033693061,1.0505392145683,0.300780033693061,0.792773765445729,0.405474994451415,0.872591890539546,0.275840629781815,0.902970283799856,-0.10413777720176,1.35633821354058,-0.158089453643437,0.872790795204171,0.325457964692973,0.97732793447894,0.191870404946276,0.83,0.34
