"","simul_idx","up_dw","low_dw","up_dw_x1_to_xn","low_dw_x1_to_xn","up_dw_x1_to_xn_tails","low_dw_x1_to_xn_tails","up_t_test","low_t_test","up_anderson","low_anderson","up_cheby","low_cheby","up_emp_bern","low_emp_bern","up_hoeffding","low_hoeffding","up_PI_emp_bern","low_PI_emp_bern","up_PI_hedged","low_PI_hedged"
"1",18,0.601038011254821,0.430042811157816,0.601037775981651,0.430043845596684,0.625818538452452,0.430043845596684,0.567919654241817,0.46377280546679,0.59322599667164,0.434469508228638,0.665182409308175,0.32682957118087,0.636084740962881,0.395607718745725,0.593250781058402,0.438441678650204,0.602932128155508,0.424097699904424,0.59,0.44
