"","simul_idx","up_dw","low_dw","up_dw_x1_to_xn","low_dw_x1_to_xn","up_dw_x1_to_xn_tails","low_dw_x1_to_xn_tails","up_t_test","low_t_test","up_anderson","low_anderson","up_cheby","low_cheby","up_emp_bern","low_emp_bern","up_hoeffding","low_hoeffding","up_PI_emp_bern","low_PI_emp_bern","up_PI_hedged","low_PI_hedged"
"1",246,0.721061969535365,0.351014057285232,0.72102466390219,0.351049349677194,0.817379197552148,0.351049349677194,0.658585202932768,0.420880398615671,0.712670794296705,0.346805196525066,0.805033208855347,0.094521459101686,0.907948129453743,0.171517472094697,0.712814639034448,0.366650962513991,0.762763723221979,0.325751133486184,0.7,0.37
