"","simul_idx","up_dw","low_dw","up_dw_x1_to_xn","low_dw_x1_to_xn","up_dw_x1_to_xn_tails","low_dw_x1_to_xn_tails","up_t_test","low_t_test","up_anderson","low_anderson","up_cheby","low_cheby","up_emp_bern","low_emp_bern","up_hoeffding","low_hoeffding","up_PI_emp_bern","low_PI_emp_bern","up_PI_hedged","low_PI_hedged"
"1",181,0.685370531097606,0.31445652446954,0.685311306197651,0.314515917187999,0.781701760168082,0.314515917187999,0.619070722700063,0.380737983171526,0.67283176783993,0.307046368529669,0.779846822983612,0.0533270985760456,0.86862834482751,0.131180361044079,0.672986191196023,0.326822514675566,0.724167985232134,0.285516596283328,0.66,0.34
