"","simul_idx","up_dw","low_dw","up_dw_x1_to_xn","low_dw_x1_to_xn","up_dw_x1_to_xn_tails","low_dw_x1_to_xn_tails","up_t_test","low_t_test","up_anderson","low_anderson","up_cheby","low_cheby","up_emp_bern","low_emp_bern","up_hoeffding","low_hoeffding","up_PI_emp_bern","low_PI_emp_bern","up_PI_hedged","low_PI_hedged"
"1",234,0.81846006218698,0.258463146098751,0.81841840891291,0.258558468476682,1.01553222233822,0.258558468476682,0.746282946674215,0.352842798008856,0.823014628446911,0.226248702128515,0.882338349695598,-0.149587853240218,1.31160028817558,-0.212474543492512,0.823229287597134,0.275896457085937,0.955145914866808,0.165771490688013,0.78,0.28
