"","simul_idx","up_dw","low_dw","up_dw_x1_to_xn","low_dw_x1_to_xn","up_dw_x1_to_xn_tails","low_dw_x1_to_xn_tails","up_t_test","low_t_test","up_anderson","low_anderson","up_cheby","low_cheby","up_emp_bern","low_emp_bern","up_hoeffding","low_hoeffding","up_PI_emp_bern","low_PI_emp_bern","up_PI_hedged","low_PI_hedged"
"1",42,0.652317365462261,0.385612759153032,0.652314928994864,0.38563804742447,0.706939669584213,0.38563804742447,0.60294402046306,0.436882011577232,0.642215032003844,0.38760608000564,0.734505904221113,0.210790488542789,0.742685179740507,0.297140852299784,0.642300357554187,0.397525674486105,0.675698101522269,0.358974494185837,0.64,0.41
