"","simul_idx","up_dw","low_dw","up_dw_x1_to_xn","low_dw_x1_to_xn","up_dw_x1_to_xn_tails","low_dw_x1_to_xn_tails","up_t_test","low_t_test","up_anderson","low_anderson","up_cheby","low_cheby","up_emp_bern","low_emp_bern","up_hoeffding","low_hoeffding","up_PI_emp_bern","low_PI_emp_bern","up_PI_hedged","low_PI_hedged"
"1",162,0.854066128123767,0.301473111352751,0.854004540775032,0.301746368953256,1.05138934885128,0.301746368953256,0.793395903994207,0.406363753553939,0.873033167388603,0.27659931881385,0.903274011475111,-0.103434239776347,1.35688425232183,-0.157124594773684,0.873546244029672,0.326213413518474,0.97773056720596,0.192834333586274,0.83,0.34
