"","simul_idx","up_dw","low_dw","up_dw_x1_to_xn","low_dw_x1_to_xn","up_dw_x1_to_xn_tails","low_dw_x1_to_xn_tails","up_t_test","low_t_test","up_anderson","low_anderson","up_cheby","low_cheby","up_emp_bern","low_emp_bern","up_hoeffding","low_hoeffding","up_PI_emp_bern","low_PI_emp_bern","up_PI_hedged","low_PI_hedged"
"1",212,0.818588841023813,0.258738707985236,0.81856569577219,0.258877658847096,1.01574595520859,0.258877658847096,0.746399906995668,0.353234055539518,0.823120129038786,0.226457812698264,0.882447592316911,-0.14935828396012,1.31163895763215,-0.212004995096966,0.823483396523192,0.276150566011995,0.954334779799886,0.167181239107628,0.79,0.28
