"","simul_idx","up_dw","low_dw","up_dw_x1_to_xn","low_dw_x1_to_xn","up_dw_x1_to_xn_tails","low_dw_x1_to_xn_tails","up_t_test","low_t_test","up_anderson","low_anderson","up_cheby","low_cheby","up_emp_bern","low_emp_bern","up_hoeffding","low_hoeffding","up_PI_emp_bern","low_PI_emp_bern","up_PI_hedged","low_PI_hedged"
"1",236,0.653965821270709,0.112951745395906,0.653882085422942,0.11298792927349,0.850905831142565,0.11298792927349,0.539327628600791,0.162136047405553,0.624254004604809,0.0274790679100385,0.786991317282444,-0.319348866611548,1.10000724737783,-0.398543571371482,0.624398253258771,0.0770654227475736,0.752755833410615,-0.019695371262477,0.61,0.13
