"","simul_idx","up_dw","low_dw","up_dw_x1_to_xn","low_dw_x1_to_xn","up_dw_x1_to_xn_tails","low_dw_x1_to_xn_tails","up_t_test","low_t_test","up_anderson","low_anderson","up_cheby","low_cheby","up_emp_bern","low_emp_bern","up_hoeffding","low_hoeffding","up_PI_emp_bern","low_PI_emp_bern","up_PI_hedged","low_PI_hedged"
"1",206,0.698801456395119,0.434161635945492,0.698798653948256,0.434170837789575,0.753399641652985,0.434170837789575,0.651960821896091,0.487409273095815,0.691990492391314,0.437381663464443,0.771050620628215,0.264740374818972,0.791221744426324,0.348148350565582,0.692072389029994,0.447297705961912,0.728163841613136,0.415434997116344,0.68,0.45
