"","simul_idx","up_dw","low_dw","up_dw_x1_to_xn","low_dw_x1_to_xn","up_dw_x1_to_xn_tails","low_dw_x1_to_xn_tails","up_t_test","low_t_test","up_anderson","low_anderson","up_cheby","low_cheby","up_emp_bern","low_emp_bern","up_hoeffding","low_hoeffding","up_PI_emp_bern","low_PI_emp_bern","up_PI_hedged","low_PI_hedged"
"1",167,0.623859780784777,0.357042016325171,0.623851394121526,0.357058799343253,0.678463576030368,0.357058799343253,0.573055493905114,0.406883811558316,0.6122736941585,0.35766796740675,0.712013853751635,0.178840060306029,0.712831522840262,0.267107782623168,0.612356994265756,0.367582311197674,0.650624682987558,0.334381908841179,0.61,0.38
