"","simul_idx","up_dw","low_dw","up_dw_x1_to_xn","low_dw_x1_to_xn","up_dw_x1_to_xn_tails","low_dw_x1_to_xn_tails","up_t_test","low_t_test","up_anderson","low_anderson","up_cheby","low_cheby","up_emp_bern","low_emp_bern","up_hoeffding","low_hoeffding","up_PI_emp_bern","low_PI_emp_bern","up_PI_hedged","low_PI_hedged"
"1",54,0.818394809522788,0.258531514642909,0.818331525725787,0.258613343290185,1.01542478825187,0.258613343290185,0.746147043362532,0.352990671372835,0.822896530534611,0.226241663646277,0.882340923086928,-0.149582446596684,1.31138338833668,-0.212245673601314,0.823235272623282,0.275902442112085,0.93185979920474,0.140583131976868,0.79,0.3
