"","simul_idx","up_dw","low_dw","up_dw_x1_to_xn","low_dw_x1_to_xn","up_dw_x1_to_xn_tails","low_dw_x1_to_xn_tails","up_t_test","low_t_test","up_anderson","low_anderson","up_cheby","low_cheby","up_emp_bern","low_emp_bern","up_hoeffding","low_hoeffding","up_PI_emp_bern","low_PI_emp_bern","up_PI_hedged","low_PI_hedged"
"1",427,0.586243575463292,0.4650293339136,0.586241976083298,0.465029356149324,0.599519333875119,0.465029356149324,0.562572991559582,0.489189566462297,0.580593890469503,0.4691692072398,0.635117349300682,0.396022413465866,0.603608341652756,0.448154216369123,0.580614562062059,0.47114799595982,0.583975449571204,0.46452311192126,0.58,0.48
