"","simul_idx","up_dw","low_dw","up_dw_x1_to_xn","low_dw_x1_to_xn","up_dw_x1_to_xn_tails","low_dw_x1_to_xn_tails","up_t_test","low_t_test","up_anderson","low_anderson","up_cheby","low_cheby","up_emp_bern","low_emp_bern","up_hoeffding","low_hoeffding","up_PI_emp_bern","low_PI_emp_bern","up_PI_hedged","low_PI_hedged"
"1",96,0.582312012198033,0.461050088394959,0.582310593374552,0.461051023140801,0.595589223071335,0.461051023140801,0.558590776881506,0.485188048319768,0.576608789377214,0.465175013690756,0.631539563509942,0.391773010216797,0.599632383888471,0.444146441312803,0.576622695651757,0.467156129549517,0.578499614637702,0.458979667394857,0.57,0.47
