"","simul_idx","up_dw","low_dw","up_dw_x1_to_xn","low_dw_x1_to_xn","up_dw_x1_to_xn_tails","low_dw_x1_to_xn_tails","up_t_test","low_t_test","up_anderson","low_anderson","up_cheby","low_cheby","up_emp_bern","low_emp_bern","up_hoeffding","low_hoeffding","up_PI_emp_bern","low_PI_emp_bern","up_PI_hedged","low_PI_hedged"
"1",421,0.534939643670462,0.413745814980678,0.534938450416403,0.413747158741925,0.548217624011315,0.413747158741925,0.510777184532263,0.437418548419966,0.528808478626182,0.417389619770018,0.588442552604052,0.341161107153035,0.551804499666611,0.396391233285618,0.528831149527234,0.419364583424995,0.537421205371361,0.417958281466801,0.52,0.43
