"","simul_idx","up_dw","low_dw","up_dw_x1_to_xn","low_dw_x1_to_xn","up_dw_x1_to_xn_tails","low_dw_x1_to_xn_tails","up_t_test","low_t_test","up_anderson","low_anderson","up_cheby","low_cheby","up_emp_bern","low_emp_bern","up_hoeffding","low_hoeffding","up_PI_emp_bern","low_PI_emp_bern","up_PI_hedged","low_PI_hedged"
"1",449,0.569714723589978,0.398759777928462,0.569712202618815,0.398761669758039,0.594494219392502,0.398761669758039,0.535996489097073,0.431855491605403,0.561298639835872,0.402566352271746,0.637942749042504,0.292684155479107,0.60415968822219,0.363692292480286,0.561330541555337,0.406521439147139,0.570310017094581,0.391534578971152,0.56,0.41
