"","simul_idx","up_dw","low_dw","up_dw_x1_to_xn","low_dw_x1_to_xn","up_dw_x1_to_xn_tails","low_dw_x1_to_xn_tails","up_t_test","low_t_test","up_anderson","low_anderson","up_cheby","low_cheby","up_emp_bern","low_emp_bern","up_hoeffding","low_hoeffding","up_PI_emp_bern","low_PI_emp_bern","up_PI_hedged","low_PI_hedged"
"1",123,0.585249502455986,0.319521559815171,0.58523060068883,0.319544943042456,0.639852528329537,0.319544943042456,0.532764614447834,0.367347571530947,0.572358579657638,0.317772426470561,0.681482463878008,0.136801341557248,0.672300712789246,0.227811473189535,0.572443434523431,0.32766875145535,0.609540973851402,0.29603151994922,0.58,0.35
