"","simul_idx","up_dw","low_dw","up_dw_x1_to_xn","low_dw_x1_to_xn","up_dw_x1_to_xn_tails","low_dw_x1_to_xn_tails","up_t_test","low_t_test","up_anderson","low_anderson","up_cheby","low_cheby","up_emp_bern","low_emp_bern","up_hoeffding","low_hoeffding","up_PI_emp_bern","low_PI_emp_bern","up_PI_hedged","low_PI_hedged"
"1",128,0.570517565853028,0.44917930808216,0.570516598061358,0.449180225258347,0.583795202258178,0.449180225258347,0.546677156131265,0.473212804230373,0.564659820034523,0.453230983958166,0.620813432179201,0.379078685822404,0.587738737372472,0.432151222989166,0.564678263231938,0.455211697129699,0.567372973986016,0.447766053299482,0.56,0.46
