"","simul_idx","up_dw","low_dw","up_dw_x1_to_xn","low_dw_x1_to_xn","up_dw_x1_to_xn_tails","low_dw_x1_to_xn_tails","up_t_test","low_t_test","up_anderson","low_anderson","up_cheby","low_cheby","up_emp_bern","low_emp_bern","up_hoeffding","low_hoeffding","up_PI_emp_bern","low_PI_emp_bern","up_PI_hedged","low_PI_hedged"
"1",110,0.60786173152984,0.486986455324062,0.607859941648302,0.486986959206716,0.621137946005812,0.486986959206716,0.584432208053482,0.511287691730593,0.602573424379437,0.491145734836209,0.654752358344826,0.419482837521914,0.625390119632487,0.470329780151589,0.602593232943157,0.493126666840918,0.604816222784379,0.48575651957895,0.6,0.5
