"","simul_idx","up_dw","low_dw","up_dw_x1_to_xn","low_dw_x1_to_xn","up_dw_x1_to_xn_tails","low_dw_x1_to_xn_tails","up_t_test","low_t_test","up_anderson","low_anderson","up_cheby","low_cheby","up_emp_bern","low_emp_bern","up_hoeffding","low_hoeffding","up_PI_emp_bern","low_PI_emp_bern","up_PI_hedged","low_PI_hedged"
"1",478,0.542306788201431,0.371814910361336,0.542303689672118,0.371818745826774,0.567088545394817,0.371818745826774,0.508152687256002,0.404333934995704,0.533615985576294,0.374868936697192,0.614090443196667,0.263300539737666,0.576211931615055,0.336274690636651,0.533647862329952,0.378838759921754,0.543567016350689,0.365587845033949,0.53,0.39
