"","simul_idx","up_dw","low_dw","up_dw_x1_to_xn","low_dw_x1_to_xn","up_dw_x1_to_xn_tails","low_dw_x1_to_xn_tails","up_t_test","low_t_test","up_anderson","low_anderson","up_cheby","low_cheby","up_emp_bern","low_emp_bern","up_hoeffding","low_hoeffding","up_PI_emp_bern","low_PI_emp_bern","up_PI_hedged","low_PI_hedged"
"1",149,0.652446563343455,0.385669777709783,0.652436752758982,0.385678296633618,0.707036732077852,0.385678296633618,0.603098335373338,0.436928629436424,0.642323530501333,0.387678499678915,0.7345807497391,0.210898309178865,0.74287373592733,0.297153228882432,0.642400823938922,0.39762614087084,0.675598102519442,0.359289005118891,0.64,0.41
