"","simul_idx","up_dw","low_dw","up_dw_x1_to_xn","low_dw_x1_to_xn","up_dw_x1_to_xn_tails","low_dw_x1_to_xn_tails","up_t_test","low_t_test","up_anderson","low_anderson","up_cheby","low_cheby","up_emp_bern","low_emp_bern","up_hoeffding","low_hoeffding","up_PI_emp_bern","low_PI_emp_bern","up_PI_hedged","low_PI_hedged"
"1",40,0.531672161409405,0.177299747878142,0.531628044988716,0.177319639733514,0.627959624916044,0.177319639733514,0.453457995149697,0.227411429797123,0.51339808347313,0.147581394633179,0.67172913439997,-0.104337946944287,0.699206204954276,-0.0183367800074564,0.513516550733638,0.167352874213181,0.556716617136746,0.137151905174655,0.51,0.2
