"","simul_idx","up_dw","low_dw","up_dw_x1_to_xn","low_dw_x1_to_xn","up_dw_x1_to_xn_tails","low_dw_x1_to_xn_tails","up_t_test","low_t_test","up_anderson","low_anderson","up_cheby","low_cheby","up_emp_bern","low_emp_bern","up_hoeffding","low_hoeffding","up_PI_emp_bern","low_PI_emp_bern","up_PI_hedged","low_PI_hedged"
"1",340,0.699038272643395,0.146220778516074,0.698964585897939,0.146292435640824,0.896042357234831,0.146292435640824,0.594057837449549,0.207173411752933,0.674011462207366,0.0774550515445173,0.812666900772528,-0.278512734637541,1.15750402166628,-0.356272772463802,0.67428203985684,0.126949209345642,0.807531744550841,0.0228535372504497,0.66,0.17
