"","simul_idx","up_dw","low_dw","up_dw_x1_to_xn","low_dw_x1_to_xn","up_dw_x1_to_xn_tails","low_dw_x1_to_xn_tails","up_t_test","low_t_test","up_anderson","low_anderson","up_cheby","low_cheby","up_emp_bern","low_emp_bern","up_hoeffding","low_hoeffding","up_PI_emp_bern","low_PI_emp_bern","up_PI_hedged","low_PI_hedged"
"1",227,0.60909565139409,0.438221746804317,0.60909464389063,0.438223589458456,0.633876587438658,0.438223589458456,0.576154945808546,0.472086753500343,0.60148606781323,0.44274689731868,0.672195575205344,0.335729135668588,0.64429465833067,0.403947040978219,0.601525400858544,0.446716298450346,0.616626558626103,0.437161598990793,0.6,0.45
