"","simul_idx","up_dw","low_dw","up_dw_x1_to_xn","low_dw_x1_to_xn","up_dw_x1_to_xn_tails","low_dw_x1_to_xn_tails","up_t_test","low_t_test","up_anderson","low_anderson","up_cheby","low_cheby","up_emp_bern","low_emp_bern","up_hoeffding","low_hoeffding","up_PI_emp_bern","low_PI_emp_bern","up_PI_hedged","low_PI_hedged"
"1",437,0.818406267815598,0.258413994063582,0.818309633904666,0.258443508184298,1.01532322161056,0.258443508184298,0.746228456836375,0.352782997228331,0.823009512814052,0.226254515329545,0.882313777862267,-0.149639475152463,1.3115473142055,-0.212535860140797,0.823172142287952,0.275839311776754,0.95469606233858,0.166169657009075,0.78,0.28
