"","simul_idx","up_dw","low_dw","up_dw_x1_to_xn","low_dw_x1_to_xn","up_dw_x1_to_xn_tails","low_dw_x1_to_xn_tails","up_t_test","low_t_test","up_anderson","low_anderson","up_cheby","low_cheby","up_emp_bern","low_emp_bern","up_hoeffding","low_hoeffding","up_PI_emp_bern","low_PI_emp_bern","up_PI_hedged","low_PI_hedged"
"1",478,0.717163873128563,0.453980335249843,0.717151256291881,0.453985244493736,0.771745905632297,0.453985244493736,0.671388432182309,0.507880850470904,0.711963878137029,0.457313931625169,0.785382880431219,0.286680103798976,0.810317435078415,0.368951847574798,0.712021982860648,0.467247299792566,0.74722154487918,0.436114141673453,0.7,0.47
