"","simul_idx","up_dw","low_dw","up_dw_x1_to_xn","low_dw_x1_to_xn","up_dw_x1_to_xn_tails","low_dw_x1_to_xn_tails","up_t_test","low_t_test","up_anderson","low_anderson","up_cheby","low_cheby","up_emp_bern","low_emp_bern","up_hoeffding","low_hoeffding","up_PI_emp_bern","low_PI_emp_bern","up_PI_hedged","low_PI_hedged"
"1",272,0.741160803456045,0.18114942159343,0.741153840441588,0.181178608149321,0.938166929267528,0.181178608149321,0.646583212454393,0.25329632964466,0.723458802743469,0.126690572939967,0.836937852797962,-0.23701815806526,1.21185680828139,-0.31197726618234,0.723606186305125,0.176273355793928,0.8336560201559,0.0443665816606894,0.72,0.22
