"","simul_idx","up_dw","low_dw","up_dw_x1_to_xn","low_dw_x1_to_xn","up_dw_x1_to_xn_tails","low_dw_x1_to_xn_tails","up_t_test","low_t_test","up_anderson","low_anderson","up_cheby","low_cheby","up_emp_bern","low_emp_bern","up_hoeffding","low_hoeffding","up_PI_emp_bern","low_PI_emp_bern","up_PI_hedged","low_PI_hedged"
"1",108,0.853790476801069,0.301040028574294,0.853608591011614,0.301119787241741,1.05069870096648,0.301119787241741,0.793078462900315,0.405823597578195,0.872800175715572,0.276244221089156,0.903101653974141,-0.103833613655134,1.35663037928528,-0.157728318806767,0.873117445494854,0.325784614983656,0.997707517190781,0.220645760360063,0.83,0.34
