"","simul_idx","up_dw","low_dw","up_dw_x1_to_xn","low_dw_x1_to_xn","up_dw_x1_to_xn_tails","low_dw_x1_to_xn_tails","up_t_test","low_t_test","up_anderson","low_anderson","up_cheby","low_cheby","up_emp_bern","low_emp_bern","up_hoeffding","low_hoeffding","up_PI_emp_bern","low_PI_emp_bern","up_PI_hedged","low_PI_hedged"
"1",131,0.526341146371498,0.356369866725513,0.52633844497054,0.356372377131777,0.551121364331393,0.356372377131777,0.491990806521992,0.3885292486902,0.51762635453989,0.358898637341388,0.600226102277535,0.246427796964956,0.559934821671611,0.32058523354058,0.517664578810195,0.362855476401997,0.534113743773524,0.35587842112673,0.51,0.37
