"","simul_idx","up_dw","low_dw","up_dw_x1_to_xn","low_dw_x1_to_xn","up_dw_x1_to_xn_tails","low_dw_x1_to_xn_tails","up_t_test","low_t_test","up_anderson","low_anderson","up_cheby","low_cheby","up_emp_bern","low_emp_bern","up_hoeffding","low_hoeffding","up_PI_emp_bern","low_PI_emp_bern","up_PI_hedged","low_PI_hedged"
"1",239,0.818402504475516,0.258598081884573,0.818244042671602,0.258661028177308,1.01530854744526,0.258661028177308,0.74611941170161,0.353125927789915,0.823042676474079,0.226365852290945,0.882364060014107,-0.149533833686424,1.31130926459316,-0.212063925101639,0.823289085001361,0.275956254490164,0.931880802850693,0.140761225579572,0.79,0.3
