"","simul_idx","up_dw","low_dw","up_dw_x1_to_xn","low_dw_x1_to_xn","up_dw_x1_to_xn_tails","low_dw_x1_to_xn_tails","up_t_test","low_t_test","up_anderson","low_anderson","up_cheby","low_cheby","up_emp_bern","low_emp_bern","up_hoeffding","low_hoeffding","up_PI_emp_bern","low_PI_emp_bern","up_PI_hedged","low_PI_hedged"
"1",435,0.703572216468481,0.332743354656335,0.70352633611209,0.332773086159719,0.799872581538243,0.332773086159719,0.639232684243245,0.400842290143641,0.692989411745568,0.327112196926225,0.792677383592153,0.0740517617302513,0.888808182564725,0.15126679182216,0.693119325453671,0.346955648933214,0.734076220880043,0.295707094991302,0.68,0.36
