"","simul_idx","up_dw","low_dw","up_dw_x1_to_xn","low_dw_x1_to_xn","up_dw_x1_to_xn_tails","low_dw_x1_to_xn_tails","up_t_test","low_t_test","up_anderson","low_anderson","up_cheby","low_cheby","up_emp_bern","low_emp_bern","up_hoeffding","low_hoeffding","up_PI_emp_bern","low_PI_emp_bern","up_PI_hedged","low_PI_hedged"
"1",224,0.545949192647953,0.282768353251265,0.545933093110728,0.282776666976579,0.600532774600601,0.282776666976579,0.492053336687233,0.328529815554403,0.532618594207795,0.278011970187183,0.650475246257988,0.0955094375980444,0.630987407374254,0.189595744867382,0.532678917654859,0.287904234586777,0.568671421035268,0.257741643100058,0.53,0.3
