"","simul_idx","up_dw","low_dw","up_dw_x1_to_xn","low_dw_x1_to_xn","up_dw_x1_to_xn_tails","low_dw_x1_to_xn_tails","up_t_test","low_t_test","up_anderson","low_anderson","up_cheby","low_cheby","up_emp_bern","low_emp_bern","up_hoeffding","low_hoeffding","up_PI_emp_bern","low_PI_emp_bern","up_PI_hedged","low_PI_hedged"
"1",389,0.608791141660045,0.437921574880862,0.608788391637323,0.437921849953853,0.633568055763768,0.437921849953853,0.575849510256777,0.471774568837997,0.601183526864971,0.44243974559898,0.671934208050492,0.335396637232944,0.643991400009603,0.40363267908517,0.601216590751486,0.446407488343288,0.61470966594617,0.435852574587167,0.59,0.45
