"","simul_idx","up_dw","low_dw","up_dw_x1_to_xn","low_dw_x1_to_xn","up_dw_x1_to_xn_tails","low_dw_x1_to_xn_tails","up_t_test","low_t_test","up_anderson","low_anderson","up_cheby","low_cheby","up_emp_bern","low_emp_bern","up_hoeffding","low_hoeffding","up_PI_emp_bern","low_PI_emp_bern","up_PI_hedged","low_PI_hedged"
"1",498,0.544928851584172,0.423627158988027,0.544927822139305,0.423627907239191,0.558206181164446,0.423627907239191,0.520843902844164,0.447407183161728,0.53884021397699,0.4274114283137,0.597524364339076,0.351741406254935,0.561896527537225,0.406354558468667,0.538858826054065,0.429392259951826,0.545648974062518,0.426023494823657,0.53,0.43
