"","simul_idx","up_dw","low_dw","up_dw_x1_to_xn","low_dw_x1_to_xn","up_dw_x1_to_xn_tails","low_dw_x1_to_xn_tails","up_t_test","low_t_test","up_anderson","low_anderson","up_cheby","low_cheby","up_emp_bern","low_emp_bern","up_hoeffding","low_hoeffding","up_PI_emp_bern","low_PI_emp_bern","up_PI_hedged","low_PI_hedged"
"1",453,0.505814064373372,0.246723325198236,0.505807263848925,0.246730282755837,0.560404937686833,0.246730282755837,0.450834845596545,0.290308591502378,0.492910907726007,0.238259220156499,0.618947291171211,0.0548194698278097,0.588815963082782,0.152327474016141,0.492959060083502,0.248184377015421,0.525678404231223,0.221724742710392,0.49,0.26
