"","simul_idx","up_dw","low_dw","up_dw_x1_to_xn","low_dw_x1_to_xn","up_dw_x1_to_xn_tails","low_dw_x1_to_xn_tails","up_t_test","low_t_test","up_anderson","low_anderson","up_cheby","low_cheby","up_emp_bern","low_emp_bern","up_hoeffding","low_hoeffding","up_PI_emp_bern","low_PI_emp_bern","up_PI_hedged","low_PI_hedged"
"1",482,0.780966659259392,0.2187396412832,0.780909328662718,0.218821593931779,0.978002780042299,0.218821593931779,0.697475131478488,0.302140220917334,0.773225874329483,0.176492891426137,0.860291930220829,-0.193881695290282,1.26333328251999,-0.263717930124167,0.773474091453509,0.226141260942312,0.908607646507024,0.11533179412335,0.75,0.25
