"","simul_idx","up_dw","low_dw","up_dw_x1_to_xn","low_dw_x1_to_xn","up_dw_x1_to_xn_tails","low_dw_x1_to_xn_tails","up_t_test","low_t_test","up_anderson","low_anderson","up_cheby","low_cheby","up_emp_bern","low_emp_bern","up_hoeffding","low_hoeffding","up_PI_emp_bern","low_PI_emp_bern","up_PI_hedged","low_PI_hedged"
"1",188,0.592090167593281,0.227268416798066,0.592075069609853,0.227294065956849,0.688415230507384,0.227294065956849,0.517583021343943,0.283805929123234,0.57369041648803,0.207752978900032,0.713868920172011,-0.0460447947826972,0.765728133869579,0.0356608165975982,0.573776313493817,0.22761263697336,0.621587262729614,0.191661821955241,0.57,0.25
