"","simul_idx","up_dw","low_dw","up_dw_x1_to_xn","low_dw_x1_to_xn","up_dw_x1_to_xn_tails","low_dw_x1_to_xn_tails","up_t_test","low_t_test","up_anderson","low_anderson","up_cheby","low_cheby","up_emp_bern","low_emp_bern","up_hoeffding","low_hoeffding","up_PI_emp_bern","low_PI_emp_bern","up_PI_hedged","low_PI_hedged"
"1",170,0.661606905453338,0.395165343848691,0.661585879514895,0.395169354750233,0.716179202381648,0.395169354750233,0.612726487310211,0.446867159744054,0.652103235940073,0.397494458962456,0.741848791384419,0.221418160483095,0.752403205945625,0.307190441108641,0.652184165061174,0.407409481993092,0.689634818280029,0.374597841406896,0.64,0.41
