"","simul_idx","up_dw","low_dw","up_dw_x1_to_xn","low_dw_x1_to_xn","up_dw_x1_to_xn_tails","low_dw_x1_to_xn_tails","up_t_test","low_t_test","up_anderson","low_anderson","up_cheby","low_cheby","up_emp_bern","low_emp_bern","up_hoeffding","low_hoeffding","up_PI_emp_bern","low_PI_emp_bern","up_PI_hedged","low_PI_hedged"
"1",438,0.572440335239451,0.451124568826622,0.57243933362965,0.45112612939925,0.585718904554093,0.45112612939925,0.548620158493333,0.475175039305986,0.566610475826292,0.455187140417676,0.622568990997878,0.381151791158317,0.58967550575354,0.434119692045779,0.566630881950779,0.45716431584854,0.569914759360631,0.450215394922902,0.56,0.46
