"","simul_idx","up_dw","low_dw","up_dw_x1_to_xn","low_dw_x1_to_xn","up_dw_x1_to_xn_tails","low_dw_x1_to_xn_tails","up_t_test","low_t_test","up_anderson","low_anderson","up_cheby","low_cheby","up_emp_bern","low_emp_bern","up_hoeffding","low_hoeffding","up_PI_emp_bern","low_PI_emp_bern","up_PI_hedged","low_PI_hedged"
"1",222,0.698796033863643,0.434084781750259,0.698792392847134,0.434094229892833,0.753393744231098,0.434094229892833,0.651948430325087,0.487333363227871,0.69197893154697,0.437318101780899,0.771018694243565,0.264692027168215,0.791229547907545,0.348052245645413,0.69202823831052,0.447253555242438,0.7279165685945,0.415558288000515,0.68,0.45
