"","simul_idx","up_dw","low_dw","up_dw_x1_to_xn","low_dw_x1_to_xn","up_dw_x1_to_xn_tails","low_dw_x1_to_xn_tails","up_t_test","low_t_test","up_anderson","low_anderson","up_cheby","low_cheby","up_emp_bern","low_emp_bern","up_hoeffding","low_hoeffding","up_PI_emp_bern","low_PI_emp_bern","up_PI_hedged","low_PI_hedged"
"1",270,0.58810115032187,0.466915051340328,0.58810089692129,0.466915451166968,0.601378796685368,0.466915451166968,0.564442292399357,0.491097544781397,0.582484173015034,0.471054856989566,0.636808854961116,0.398034122667073,0.605465105797139,0.450074731383615,0.582503201641496,0.473036635539257,0.588870556577896,0.469497262281816,0.58,0.48
