"","simul_idx","up_dw","low_dw","up_dw_x1_to_xn","low_dw_x1_to_xn","up_dw_x1_to_xn_tails","low_dw_x1_to_xn_tails","up_t_test","low_t_test","up_anderson","low_anderson","up_cheby","low_cheby","up_emp_bern","low_emp_bern","up_hoeffding","low_hoeffding","up_PI_emp_bern","low_PI_emp_bern","up_PI_hedged","low_PI_hedged"
"1",39,0.515923687502702,0.255734487332443,0.515912882514424,0.255741557529381,0.570510734253262,0.255741557529381,0.461196000563285,0.299865365686261,0.502852848326632,0.24824723731906,0.62690290994806,0.0649710593697085,0.59943286344417,0.161628502805375,0.502918024658814,0.258143341590732,0.531351861495251,0.225935022863234,0.5,0.28
