"","simul_idx","up_dw","low_dw","up_dw_x1_to_xn","low_dw_x1_to_xn","up_dw_x1_to_xn_tails","low_dw_x1_to_xn_tails","up_t_test","low_t_test","up_anderson","low_anderson","up_cheby","low_cheby","up_emp_bern","low_emp_bern","up_hoeffding","low_hoeffding","up_PI_emp_bern","low_PI_emp_bern","up_PI_hedged","low_PI_hedged"
"1",42,0.586239889538557,0.465014726904847,0.586238879713644,0.465015844601332,0.599517817894546,0.465015844601332,0.562564443063579,0.489179013462212,0.580589931521574,0.469155433242411,0.635108793445727,0.396012242363872,0.603600442885161,0.44814301364063,0.580605011314015,0.471138445211776,0.587383204479408,0.468065762315315,0.57,0.48
