"","simul_idx","up_dw","low_dw","up_dw_x1_to_xn","low_dw_x1_to_xn","up_dw_x1_to_xn_tails","low_dw_x1_to_xn_tails","up_t_test","low_t_test","up_anderson","low_anderson","up_cheby","low_cheby","up_emp_bern","low_emp_bern","up_hoeffding","low_hoeffding","up_PI_emp_bern","low_PI_emp_bern","up_PI_hedged","low_PI_hedged"
"1",358,0.917703734495721,0.394771296328385,0.917672150855151,0.394797297513738,1.11468038837417,0.394797297513738,0.880522370711638,0.518748021690368,0.972597299718662,0.376287980091277,0.940298879603038,-0.00745195133503462,1.43680154938028,-0.0375311569782693,0.973301611456602,0.425968780945404,1.08616617000184,0.32768149273415,0.9,0.43
