"","simul_idx","up_dw","low_dw","up_dw_x1_to_xn","low_dw_x1_to_xn","up_dw_x1_to_xn_tails","low_dw_x1_to_xn_tails","up_t_test","low_t_test","up_anderson","low_anderson","up_cheby","low_cheby","up_emp_bern","low_emp_bern","up_hoeffding","low_hoeffding","up_PI_emp_bern","low_PI_emp_bern","up_PI_hedged","low_PI_hedged"
"1",67,0.630154858989321,0.261214000967667,0.630131208415578,0.26123705169263,0.726467496478625,0.26123705169263,0.558702326497127,0.321644053741543,0.613170711166658,0.247219374268192,0.74065133995044,-0.00702935641821439,0.807864791486116,0.0724815887525542,0.613255028379564,0.267091351859107,0.653974474174446,0.217675704405425,0.61,0.28
