"","simul_idx","up_dw","low_dw","up_dw_x1_to_xn","low_dw_x1_to_xn","up_dw_x1_to_xn_tails","low_dw_x1_to_xn_tails","up_t_test","low_t_test","up_anderson","low_anderson","up_cheby","low_cheby","up_emp_bern","low_emp_bern","up_hoeffding","low_hoeffding","up_PI_emp_bern","low_PI_emp_bern","up_PI_hedged","low_PI_hedged"
"1",195,0.572444590089962,0.451106086435246,0.572443757096076,0.451107007004117,0.585722410362562,0.451107007004117,0.548628875785459,0.475152111131095,0.566605202087815,0.455174364888319,0.622562604122866,0.381144245795324,0.589694480425086,0.434086506491468,0.566623776509397,0.457157210407157,0.57322033521568,0.453445887251197,0.56,0.46
