"","simul_idx","up_dw","low_dw","up_dw_x1_to_xn","low_dw_x1_to_xn","up_dw_x1_to_xn_tails","low_dw_x1_to_xn_tails","up_t_test","low_t_test","up_anderson","low_anderson","up_cheby","low_cheby","up_emp_bern","low_emp_bern","up_hoeffding","low_hoeffding","up_PI_emp_bern","low_PI_emp_bern","up_PI_hedged","low_PI_hedged"
"1",442,0.616704389029768,0.445946664629861,0.616702364275231,0.445948900221846,0.641484884253401,0.445948900221846,0.583924993261919,0.47993601712004,0.609307375145261,0.450559928051384,0.678795902451821,0.344147376761601,0.65203915102873,0.411821859353229,0.609335056395078,0.454525953986881,0.622886151073694,0.444738329282557,0.6,0.46
