"","simul_idx","up_dw","low_dw","up_dw_x1_to_xn","low_dw_x1_to_xn","up_dw_x1_to_xn_tails","low_dw_x1_to_xn_tails","up_t_test","low_t_test","up_anderson","low_anderson","up_cheby","low_cheby","up_emp_bern","low_emp_bern","up_hoeffding","low_hoeffding","up_PI_emp_bern","low_PI_emp_bern","up_PI_hedged","low_PI_hedged"
"1",468,0.585426340658253,0.414362758231368,0.585422205490365,0.414367184550168,0.610207924650659,0.414367184550168,0.552014516596446,0.447770584891372,0.577265153406314,0.418521126358708,0.651604352275118,0.309727476078553,0.620210921805107,0.379574179682711,0.577297101948008,0.42248799953981,0.591170136608479,0.412687423774465,0.57,0.43
