"","simul_idx","up_dw","low_dw","up_dw_x1_to_xn","low_dw_x1_to_xn","up_dw_x1_to_xn_tails","low_dw_x1_to_xn_tails","up_t_test","low_t_test","up_anderson","low_anderson","up_cheby","low_cheby","up_emp_bern","low_emp_bern","up_hoeffding","low_hoeffding","up_PI_emp_bern","low_PI_emp_bern","up_PI_hedged","low_PI_hedged"
"1",42,0.597066068231338,0.4260602224695,0.597064183604524,0.426063037073572,0.621847547501773,0.426063037073572,0.563889047178368,0.459693860830088,0.589166253695619,0.430428794787039,0.661738414128948,0.322475920494568,0.632069727368723,0.391513180639733,0.589196005208327,0.434386902800129,0.596778072008456,0.417268179889799,0.58,0.44
