"","simul_idx","up_dw","low_dw","up_dw_x1_to_xn","low_dw_x1_to_xn","up_dw_x1_to_xn_tails","low_dw_x1_to_xn_tails","up_t_test","low_t_test","up_anderson","low_anderson","up_cheby","low_cheby","up_emp_bern","low_emp_bern","up_hoeffding","low_hoeffding","up_PI_emp_bern","low_PI_emp_bern","up_PI_hedged","low_PI_hedged"
"1",351,0.60496464012565,0.0825313358395931,0.604759057464555,0.0826663532355071,0.801933326247644,0.0826663532355071,0.481024931786001,0.119665709917362,0.573702027807296,0.00143503843239411,0.759950915728281,-0.359490487926039,1.03718562341676,-0.436494981713401,0.57401173610728,0.0266789055960829,0.697553554980731,-0.0630368018755676,0.56,0.09
