"","simul_idx","up_dw","low_dw","up_dw_x1_to_xn","low_dw_x1_to_xn","up_dw_x1_to_xn_tails","low_dw_x1_to_xn_tails","up_t_test","low_t_test","up_anderson","low_anderson","up_cheby","low_cheby","up_emp_bern","low_emp_bern","up_hoeffding","low_hoeffding","up_PI_emp_bern","low_PI_emp_bern","up_PI_hedged","low_PI_hedged"
"1",158,0.624038754716025,0.357172971545017,0.62402879340235,0.357183372270802,0.678631551350905,0.357183372270802,0.573227083390257,0.407038336062071,0.612452698942681,0.357814738773626,0.712137314481048,0.17901306683925,0.713008537977649,0.267256881474679,0.612520051260205,0.367745368192123,0.65095368419722,0.334359190007087,0.6,0.37
