"","simul_idx","up_dw","low_dw","up_dw_x1_to_xn","low_dw_x1_to_xn","up_dw_x1_to_xn_tails","low_dw_x1_to_xn_tails","up_t_test","low_t_test","up_anderson","low_anderson","up_cheby","low_cheby","up_emp_bern","low_emp_bern","up_hoeffding","low_hoeffding","up_PI_emp_bern","low_PI_emp_bern","up_PI_hedged","low_PI_hedged"
"1",160,0.576466568663828,0.455167727492525,0.576465997682382,0.455168480742286,0.589744363962307,0.455168480742286,0.552685615650876,0.479255609479591,0.57068460502374,0.459255081758704,0.62622831908712,0.385478764374122,0.593736064265098,0.438205160865369,0.570703895616353,0.461237329514114,0.57976838849404,0.459319828585373,0.57,0.47
