"","simul_idx","up_dw","low_dw","up_dw_x1_to_xn","low_dw_x1_to_xn","up_dw_x1_to_xn_tails","low_dw_x1_to_xn_tails","up_t_test","low_t_test","up_anderson","low_anderson","up_cheby","low_cheby","up_emp_bern","low_emp_bern","up_hoeffding","low_hoeffding","up_PI_emp_bern","low_PI_emp_bern","up_PI_hedged","low_PI_hedged"
"1",492,0.629796428298834,0.26105800054465,0.629742334631478,0.261080219648539,0.72607738320528,0.261080219648539,0.558318297770271,0.321464600804094,0.61283849766984,0.247028326535688,0.740462612213403,-0.00731019673476546,0.807417332636753,0.0723655659376121,0.612973287547411,0.266809611026954,0.653688259566571,0.217407887900248,0.61,0.29
