"","simul_idx","up_dw","low_dw","up_dw_x1_to_xn","low_dw_x1_to_xn","up_dw_x1_to_xn_tails","low_dw_x1_to_xn_tails","up_t_test","low_t_test","up_anderson","low_anderson","up_cheby","low_cheby","up_emp_bern","low_emp_bern","up_hoeffding","low_hoeffding","up_PI_emp_bern","low_PI_emp_bern","up_PI_hedged","low_PI_hedged"
"1",465,0.633603452895326,0.366743679385697,0.633580303339176,0.366756683930385,0.688186906032659,0.366756683930385,0.583289624780613,0.417074896979324,0.622485136180316,0.367897386650313,0.719725991605266,0.189696300903768,0.723079339617987,0.277285182141951,0.62256960241401,0.377794919345928,0.661305940377874,0.344026876879407,0.61,0.38
