"","simul_idx","up_dw","low_dw","up_dw_x1_to_xn","low_dw_x1_to_xn","up_dw_x1_to_xn_tails","low_dw_x1_to_xn_tails","up_t_test","low_t_test","up_anderson","low_anderson","up_cheby","low_cheby","up_emp_bern","low_emp_bern","up_hoeffding","low_hoeffding","up_PI_emp_bern","low_PI_emp_bern","up_PI_hedged","low_PI_hedged"
"1",45,0.544831222531331,0.423538967591653,0.544829334149854,0.423540992612584,0.558109546232532,0.423540992612584,0.520747682089737,0.447315594729774,0.538745542233671,0.427319910721468,0.597439411477832,0.351642232462864,0.56179880528847,0.40626447153104,0.538764921460875,0.429298355358635,0.541783801556038,0.422013416246281,0.53,0.43
