"","simul_idx","up_dw","low_dw","up_dw_x1_to_xn","low_dw_x1_to_xn","up_dw_x1_to_xn_tails","low_dw_x1_to_xn_tails","up_t_test","low_t_test","up_anderson","low_anderson","up_cheby","low_cheby","up_emp_bern","low_emp_bern","up_hoeffding","low_hoeffding","up_PI_emp_bern","low_PI_emp_bern","up_PI_hedged","low_PI_hedged"
"1",196,0.56265803928131,0.441296485973279,0.562656560792678,0.441297494425759,0.575935297464613,0.441297494425759,0.53873879621564,0.465254596161467,0.556714063599726,0.445284112612424,0.613658929567771,0.370648317860766,0.579806810922939,0.424186581454169,0.556729979239673,0.447263413137434,0.559614787937941,0.439975055060043,0.55,0.45
