"","simul_idx","up_dw","low_dw","up_dw_x1_to_xn","low_dw_x1_to_xn","up_dw_x1_to_xn_tails","low_dw_x1_to_xn_tails","up_t_test","low_t_test","up_anderson","low_anderson","up_cheby","low_cheby","up_emp_bern","low_emp_bern","up_hoeffding","low_hoeffding","up_PI_emp_bern","low_PI_emp_bern","up_PI_hedged","low_PI_hedged"
"1",377,0.721036694785371,0.35092057420116,0.721020734580337,0.350938713033913,0.817349701715913,0.350938713033913,0.658595103229508,0.420732107822739,0.712649792921209,0.346750989057349,0.804990145869518,0.0944491966740222,0.908007077979633,0.171320133072615,0.712745443786352,0.366581767265895,0.751447039854981,0.317210956721074,0.68,0.35
