"","simul_idx","up_dw","low_dw","up_dw_x1_to_xn","low_dw_x1_to_xn","up_dw_x1_to_xn_tails","low_dw_x1_to_xn_tails","up_t_test","low_t_test","up_anderson","low_anderson","up_cheby","low_cheby","up_emp_bern","low_emp_bern","up_hoeffding","low_hoeffding","up_PI_emp_bern","low_PI_emp_bern","up_PI_hedged","low_PI_hedged"
"1",175,0.57250981676978,0.451192074420617,0.572507566699218,0.451193572806097,0.585787053322496,0.451193572806097,0.548695280249482,0.475239078716135,0.566676466871066,0.455257324364214,0.622631534392592,0.381225680279582,0.589754219677494,0.434180139288124,0.566700462533928,0.457233896431689,0.570180630910627,0.450555293967653,0.56,0.46
