"","simul_idx","up_dw","low_dw","up_dw_x1_to_xn","low_dw_x1_to_xn","up_dw_x1_to_xn_tails","low_dw_x1_to_xn_tails","up_t_test","low_t_test","up_anderson","low_anderson","up_cheby","low_cheby","up_emp_bern","low_emp_bern","up_hoeffding","low_hoeffding","up_PI_emp_bern","low_PI_emp_bern","up_PI_hedged","low_PI_hedged"
"1",250,0.649117917321042,0.279099943910302,0.649098549575055,0.279117807633158,0.745427106673213,0.279117807633158,0.579314271245228,0.341549207506506,0.633339953852122,0.267511698828544,0.754128785583255,0.0132574467098562,0.828695881611964,0.0921675971397697,0.633513577636096,0.287349901115638,0.673638464835756,0.238173652924241,0.65,0.33
