"","simul_idx","up_dw","low_dw","up_dw_x1_to_xn","low_dw_x1_to_xn","up_dw_x1_to_xn_tails","low_dw_x1_to_xn_tails","up_t_test","low_t_test","up_anderson","low_anderson","up_cheby","low_cheby","up_emp_bern","low_emp_bern","up_hoeffding","low_hoeffding","up_PI_emp_bern","low_PI_emp_bern","up_PI_hedged","low_PI_hedged"
"1",273,0.741517005883485,0.181542003961516,0.741463890290151,0.181614735695755,0.938543298253108,0.181614735695755,0.64711759567741,0.253721843457768,0.723807646695445,0.127025507140389,0.837168395780943,-0.236608769690824,1.2124222653906,-0.311582826255422,0.724086134823188,0.17675330431199,0.833110792635579,0.0458737554216674,0.72,0.22
