"","simul_idx","up_dw","low_dw","up_dw_x1_to_xn","low_dw_x1_to_xn","up_dw_x1_to_xn_tails","low_dw_x1_to_xn_tails","up_t_test","low_t_test","up_anderson","low_anderson","up_cheby","low_cheby","up_emp_bern","low_emp_bern","up_hoeffding","low_hoeffding","up_PI_emp_bern","low_PI_emp_bern","up_PI_hedged","low_PI_hedged"
"1",499,0.554077213103428,0.383349337207832,0.554073081958982,0.383350504162878,0.578854038080961,0.383350504162878,0.520097757737377,0.416118275876648,0.545482832971927,0.386752082638232,0.624338758321875,0.275868966306995,0.588208852694626,0.348007180919399,0.545512568011111,0.390703465602913,0.555964346463338,0.377352983542288,0.54,0.4
