"","simul_idx","up_dw","low_dw","up_dw_x1_to_xn","low_dw_x1_to_xn","up_dw_x1_to_xn_tails","low_dw_x1_to_xn_tails","up_t_test","low_t_test","up_anderson","low_anderson","up_cheby","low_cheby","up_emp_bern","low_emp_bern","up_hoeffding","low_hoeffding","up_PI_emp_bern","low_PI_emp_bern","up_PI_hedged","low_PI_hedged"
"1",95,0.577728987678957,0.40667789879246,0.577725093676607,0.40667917271862,0.602506222147241,0.40667917271862,0.544163324906573,0.439933406892619,0.569425503279012,0.410678380809913,0.644901504499303,0.301345352999919,0.612355209365692,0.3717415224335,0.569452917103695,0.414643814695497,0.586217313922744,0.406785882750746,0.57,0.42
