"","simul_idx","up_dw","low_dw","up_dw_x1_to_xn","low_dw_x1_to_xn","up_dw_x1_to_xn_tails","low_dw_x1_to_xn_tails","up_t_test","low_t_test","up_anderson","low_anderson","up_cheby","low_cheby","up_emp_bern","low_emp_bern","up_hoeffding","low_hoeffding","up_PI_emp_bern","low_PI_emp_bern","up_PI_hedged","low_PI_hedged"
"1",54,0.685621209381789,0.314576768829902,0.685596233661991,0.314601408302576,0.781934889673328,0.314601408302576,0.61932886116814,0.380889847549282,0.673058999307903,0.307192506450195,0.779978464697272,0.0535371259005804,0.868919434304052,0.131299274413371,0.67319119261894,0.327027516098483,0.714086542611353,0.276234077039022,0.67,0.34
