"","simul_idx","up_dw","low_dw","up_dw_x1_to_xn","low_dw_x1_to_xn","up_dw_x1_to_xn_tails","low_dw_x1_to_xn_tails","up_t_test","low_t_test","up_anderson","low_anderson","up_cheby","low_cheby","up_emp_bern","low_emp_bern","up_hoeffding","low_hoeffding","up_PI_emp_bern","low_PI_emp_bern","up_PI_hedged","low_PI_hedged"
"1",35,0.580402024854163,0.459145467601795,0.580401007851621,0.459147475410385,0.59368115035431,0.459147475410385,0.556667035178225,0.483261507481746,0.574676497448817,0.463253582060589,0.629812871412396,0.389724915509144,0.597709549480604,0.442218993179367,0.574697554381105,0.465230988278866,0.577192113819764,0.457866781568277,0.57,0.47
