"","simul_idx","up_dw","low_dw","up_dw_x1_to_xn","low_dw_x1_to_xn","up_dw_x1_to_xn_tails","low_dw_x1_to_xn_tails","up_t_test","low_t_test","up_anderson","low_anderson","up_cheby","low_cheby","up_emp_bern","low_emp_bern","up_hoeffding","low_hoeffding","up_PI_emp_bern","low_PI_emp_bern","up_PI_hedged","low_PI_hedged"
"1",440,0.56197993232018,0.391111820559868,0.561973618451065,0.391112952621509,0.58675454028948,0.391112952621509,0.528125051725063,0.424052214581113,0.553462648955679,0.394723162976067,0.631210884246673,0.284344179509265,0.596266262648921,0.355911003657255,0.553493184357187,0.398684081948989,0.567865786490924,0.389636306575985,0.55,0.4
