"","simul_idx","up_dw","low_dw","up_dw_x1_to_xn","low_dw_x1_to_xn","up_dw_x1_to_xn_tails","low_dw_x1_to_xn_tails","up_t_test","low_t_test","up_anderson","low_anderson","up_cheby","low_cheby","up_emp_bern","low_emp_bern","up_hoeffding","low_hoeffding","up_PI_emp_bern","low_PI_emp_bern","up_PI_hedged","low_PI_hedged"
"1",343,0.818969974674201,0.259167986104147,0.818872965619381,0.259328040155405,1.01608536513104,0.259328040155405,0.74694587534226,0.353731070829102,0.823609224661688,0.226933541474513,0.882671674988188,-0.148887044207281,1.31219889833079,-0.211521952159426,0.82400488834128,0.276672057830082,0.953085887767353,0.169501742148248,0.79,0.3
