"","simul_idx","up_dw","low_dw","up_dw_x1_to_xn","low_dw_x1_to_xn","up_dw_x1_to_xn_tails","low_dw_x1_to_xn_tails","up_t_test","low_t_test","up_anderson","low_anderson","up_cheby","low_cheby","up_emp_bern","low_emp_bern","up_hoeffding","low_hoeffding","up_PI_emp_bern","low_PI_emp_bern","up_PI_hedged","low_PI_hedged"
"1",403,0.818914164323473,0.259072873901903,0.818805350982984,0.259132633243373,1.01586500204228,0.259132633243373,0.746821853915076,0.353675568989621,0.823536097879757,0.226882939229946,0.882633115278512,-0.148968166675381,1.31205531980422,-0.211557896899518,0.823915126707947,0.27658229619675,0.952714608261562,0.169637986321029,0.8,0.3
