"","simul_idx","up_dw","low_dw","up_dw_x1_to_xn","low_dw_x1_to_xn","up_dw_x1_to_xn_tails","low_dw_x1_to_xn_tails","up_t_test","low_t_test","up_anderson","low_anderson","up_cheby","low_cheby","up_emp_bern","low_emp_bern","up_hoeffding","low_hoeffding","up_PI_emp_bern","low_PI_emp_bern","up_PI_hedged","low_PI_hedged"
"1",138,0.573677236714266,0.402668774873658,0.573670705770786,0.402671845869275,0.598454461818689,0.402671845869275,0.540038951911726,0.435839679011567,0.565311799667529,0.406578476473914,0.641383417555512,0.296961419870732,0.608220950404118,0.367657680519176,0.565343866665746,0.410534764257548,0.574814338968687,0.396364945518824,0.56,0.42
