"","simul_idx","up_dw","low_dw","up_dw_x1_to_xn","low_dw_x1_to_xn","up_dw_x1_to_xn_tails","low_dw_x1_to_xn_tails","up_t_test","low_t_test","up_anderson","low_anderson","up_cheby","low_cheby","up_emp_bern","low_emp_bern","up_hoeffding","low_hoeffding","up_PI_emp_bern","low_PI_emp_bern","up_PI_hedged","low_PI_hedged"
"1",130,0.605834960319697,0.0825507070431343,0.605719538303535,0.0826295582559206,0.802808266208484,0.0826295582559206,0.482176611774671,0.119660697578379,0.574354136054439,0.00116292083951704,0.760264702151716,-0.359039829249683,1.03866745055858,-0.436830141205533,0.574585069932124,0.0272522394209265,0.672867202636294,-0.0855797429620327,0.57,0.11
