"","simul_idx","up_dw","low_dw","up_dw_x1_to_xn","low_dw_x1_to_xn","up_dw_x1_to_xn_tails","low_dw_x1_to_xn_tails","up_t_test","low_t_test","up_anderson","low_anderson","up_cheby","low_cheby","up_emp_bern","low_emp_bern","up_hoeffding","low_hoeffding","up_PI_emp_bern","low_PI_emp_bern","up_PI_hedged","low_PI_hedged"
"1",90,0.738433719444008,0.369659439029307,0.738426295173309,0.369692338448037,0.834777262217423,0.369692338448037,0.67791373367237,0.441133505137719,0.732499272749334,0.36665004034607,0.817247151117173,0.115292214557901,0.926989989149239,0.19205724966085,0.732605457665273,0.386441781144816,0.771369130277941,0.336608539417454,0.72,0.39
