"","simul_idx","up_dw","low_dw","up_dw_x1_to_xn","low_dw_x1_to_xn","up_dw_x1_to_xn_tails","low_dw_x1_to_xn_tails","up_t_test","low_t_test","up_anderson","low_anderson","up_cheby","low_cheby","up_emp_bern","low_emp_bern","up_hoeffding","low_hoeffding","up_PI_emp_bern","low_PI_emp_bern","up_PI_hedged","low_PI_hedged"
"1",374,0.721210854246473,0.351178303684559,0.721182242307894,0.351228391641812,0.817558828001292,0.351228391641812,0.658814413074471,0.420989348701745,0.712827652369615,0.347003841240027,0.805138423809757,0.0946980443370892,0.908214627048097,0.171589134728118,0.712983719148336,0.366820042627879,0.762333693895335,0.326534757709336,0.7,0.37
