"","simul_idx","up_dw","low_dw","up_dw_x1_to_xn","low_dw_x1_to_xn","up_dw_x1_to_xn_tails","low_dw_x1_to_xn_tails","up_t_test","low_t_test","up_anderson","low_anderson","up_cheby","low_cheby","up_emp_bern","low_emp_bern","up_hoeffding","low_hoeffding","up_PI_emp_bern","low_PI_emp_bern","up_PI_hedged","low_PI_hedged"
"1",299,0.526113003056927,0.264808834502706,0.526107388912157,0.264815631318095,0.580704825401452,0.264815631318095,0.471645062623954,0.309501319363199,0.512888296134056,0.258275431592198,0.63489124368221,0.0752418308515657,0.61014044575908,0.171005936228073,0.512960532527617,0.268185849459535,0.546919548039581,0.240279433921125,0.51,0.29
