"","simul_idx","up_dw","low_dw","up_dw_x1_to_xn","low_dw_x1_to_xn","up_dw_x1_to_xn_tails","low_dw_x1_to_xn_tails","up_t_test","low_t_test","up_anderson","low_anderson","up_cheby","low_cheby","up_emp_bern","low_emp_bern","up_hoeffding","low_hoeffding","up_PI_emp_bern","low_PI_emp_bern","up_PI_hedged","low_PI_hedged"
"1",316,0.643024291357654,0.376137085951216,0.643005590410273,0.376147929692501,0.697609002506318,0.376147929692501,0.593203273305832,0.426925318466585,0.632376804897364,0.377754454269532,0.727148421012596,0.20024120787142,0.733013090592344,0.287115501180073,0.632451637420249,0.387676954352168,0.665999596071227,0.349084908083366,0.63,0.4
