"","simul_idx","up_dw","low_dw","up_dw_x1_to_xn","low_dw_x1_to_xn","up_dw_x1_to_xn_tails","low_dw_x1_to_xn_tails","up_t_test","low_t_test","up_anderson","low_anderson","up_cheby","low_cheby","up_emp_bern","low_emp_bern","up_hoeffding","low_hoeffding","up_PI_emp_bern","low_PI_emp_bern","up_PI_hedged","low_PI_hedged"
"1",169,0.540921711485483,0.419646168306633,0.540919846398962,0.419646672944965,0.554197803854549,0.419646672944965,0.516812102099645,0.443375401122402,0.534810018947466,0.423383122710129,0.593875307190907,0.34748499008561,0.557864720729712,0.402322782492335,0.534827034662143,0.425360468559904,0.541896074941719,0.422438226979578,0.53,0.43
