"","simul_idx","up_dw","low_dw","up_dw_x1_to_xn","low_dw_x1_to_xn","up_dw_x1_to_xn_tails","low_dw_x1_to_xn_tails","up_t_test","low_t_test","up_anderson","low_anderson","up_cheby","low_cheby","up_emp_bern","low_emp_bern","up_hoeffding","low_hoeffding","up_PI_emp_bern","low_PI_emp_bern","up_PI_hedged","low_PI_hedged"
"1",29,0.614422433953227,0.347718569754288,0.61441472182724,0.347733172635921,0.669023684591869,0.347733172635921,0.563153512654024,0.397095903792135,0.602426280167733,0.34780744979297,0.704540196115093,0.16841381883596,0.702893272984751,0.257356143461408,0.60251204975712,0.357737366689039,0.641172443252222,0.324244281925756,0.6,0.37
