"","simul_idx","up_dw","low_dw","up_dw_x1_to_xn","low_dw_x1_to_xn","up_dw_x1_to_xn_tails","low_dw_x1_to_xn_tails","up_t_test","low_t_test","up_anderson","low_anderson","up_cheby","low_cheby","up_emp_bern","low_emp_bern","up_hoeffding","low_hoeffding","up_PI_emp_bern","low_PI_emp_bern","up_PI_hedged","low_PI_hedged"
"1",87,0.685903769629879,0.314813582158227,0.685891931628179,0.314838418809955,0.782230881524946,0.314838418809955,0.619678699414978,0.381107977999845,0.673338692596161,0.307447291791029,0.780160791774398,0.053828106071287,0.869310109453815,0.131476567961007,0.67347517696764,0.327311500447183,0.713576568540398,0.277412276064561,0.66,0.33
