"","simul_idx","up_dw","low_dw","up_dw_x1_to_xn","low_dw_x1_to_xn","up_dw_x1_to_xn_tails","low_dw_x1_to_xn_tails","up_t_test","low_t_test","up_anderson","low_anderson","up_cheby","low_cheby","up_emp_bern","low_emp_bern","up_hoeffding","low_hoeffding","up_PI_emp_bern","low_PI_emp_bern","up_PI_hedged","low_PI_hedged"
"1",325,0.623785612313209,0.35697334065165,0.623784972252016,0.356988317684839,0.678394487481065,0.356988317684839,0.572971369832947,0.406815902049971,0.612197247380012,0.357608260908545,0.711956293044109,0.178759408667635,0.712742243498213,0.267045028384705,0.6122809774755,0.367506294407418,0.650969655754899,0.333881595105355,0.6,0.37
