"","simul_idx","up_dw","low_dw","up_dw_x1_to_xn","low_dw_x1_to_xn","up_dw_x1_to_xn_tails","low_dw_x1_to_xn_tails","up_t_test","low_t_test","up_anderson","low_anderson","up_cheby","low_cheby","up_emp_bern","low_emp_bern","up_hoeffding","low_hoeffding","up_PI_emp_bern","low_PI_emp_bern","up_PI_hedged","low_PI_hedged"
"1",40,0.534986672144222,0.413768579183122,0.5349862632945,0.413768820206562,0.548263886147639,0.413768820206562,0.510825179956426,0.437440694203223,0.528848729751808,0.417420160444632,0.588474350314245,0.341198075332469,0.5518608738445,0.396405000315149,0.528866220130944,0.419399654028705,0.535926819431328,0.416179271854795,0.52,0.42
