"","simul_idx","up_dw","low_dw","up_dw_x1_to_xn","low_dw_x1_to_xn","up_dw_x1_to_xn_tails","low_dw_x1_to_xn_tails","up_t_test","low_t_test","up_anderson","low_anderson","up_cheby","low_cheby","up_emp_bern","low_emp_bern","up_hoeffding","low_hoeffding","up_PI_emp_bern","low_PI_emp_bern","up_PI_hedged","low_PI_hedged"
"1",207,0.685536455669951,0.314480197855705,0.685527864920211,0.314528029737263,0.781901088046634,0.314528029737263,0.619233597734114,0.380790743505946,0.672934556058655,0.307040082180089,0.779916060666205,0.0534375570338442,0.868825361677206,0.131198979562853,0.673094008880258,0.326930332359801,0.724168892575233,0.28572662851819,0.66,0.33
