"","simul_idx","up_dw","low_dw","up_dw_x1_to_xn","low_dw_x1_to_xn","up_dw_x1_to_xn_tails","low_dw_x1_to_xn_tails","up_t_test","low_t_test","up_anderson","low_anderson","up_cheby","low_cheby","up_emp_bern","low_emp_bern","up_hoeffding","low_hoeffding","up_PI_emp_bern","low_PI_emp_bern","up_PI_hedged","low_PI_hedged"
"1",428,0.56595972487441,0.395039367368885,0.565957643335053,0.39504022025033,0.590738140488748,0.39504022025033,0.532175578468808,0.428058992694738,0.557487304584657,0.398754260945695,0.634673384743054,0.288629087529586,0.600330902490913,0.359903668672633,0.557521836785872,0.402712734377674,0.567120948570044,0.388016467259999,0.55,0.41
