"","simul_idx","up_dw","low_dw","up_dw_x1_to_xn","low_dw_x1_to_xn","up_dw_x1_to_xn_tails","low_dw_x1_to_xn_tails","up_t_test","low_t_test","up_anderson","low_anderson","up_cheby","low_cheby","up_emp_bern","low_emp_bern","up_hoeffding","low_hoeffding","up_PI_emp_bern","low_PI_emp_bern","up_PI_hedged","low_PI_hedged"
"1",436,0.781209685050817,0.21906283866138,0.781116342193348,0.21910163550902,0.978144067456189,0.21910163550902,0.697819418871861,0.302535414647525,0.7735195596798,0.1768679779577,0.860460477167199,-0.193557254820941,1.26366304004939,-0.263308206530004,0.773843832015292,0.226511001504095,0.884659041088109,0.0914382297383602,0.75,0.25
