"","simul_idx","up_dw","low_dw","up_dw_x1_to_xn","low_dw_x1_to_xn","up_dw_x1_to_xn_tails","low_dw_x1_to_xn_tails","up_t_test","low_t_test","up_anderson","low_anderson","up_cheby","low_cheby","up_emp_bern","low_emp_bern","up_hoeffding","low_hoeffding","up_PI_emp_bern","low_PI_emp_bern","up_PI_hedged","low_PI_hedged"
"1",238,0.755942669922649,0.388912301795507,0.755921496044102,0.38892001495826,0.852234924244651,0.38892001495826,0.697409219000903,0.461996647908189,0.752658221464496,0.386755596333527,0.829484814986162,0.136686740771414,0.946061422935106,0.213344443973986,0.752784771714774,0.406621095194317,0.790677011423084,0.357265862305713,0.74,0.41
