"","simul_idx","up_dw","low_dw","up_dw_x1_to_xn","low_dw_x1_to_xn","up_dw_x1_to_xn_tails","low_dw_x1_to_xn_tails","up_t_test","low_t_test","up_anderson","low_anderson","up_cheby","low_cheby","up_emp_bern","low_emp_bern","up_hoeffding","low_hoeffding","up_PI_emp_bern","low_PI_emp_bern","up_PI_hedged","low_PI_hedged"
"1",176,0.575724063305423,0.310452579206163,0.575705646700528,0.310466527740907,0.630313632136921,0.310466527740907,0.522849330603661,0.357801687366234,0.562647527554426,0.308013774043721,0.673947902034716,0.12664393248337,0.662267981749888,0.218383036220007,0.562712850518988,0.317938167450907,0.60015752865473,0.286058081827148,0.55,0.33
