"","simul_idx","up_dw","low_dw","up_dw_x1_to_xn","low_dw_x1_to_xn","up_dw_x1_to_xn_tails","low_dw_x1_to_xn_tails","up_t_test","low_t_test","up_anderson","low_anderson","up_cheby","low_cheby","up_emp_bern","low_emp_bern","up_hoeffding","low_hoeffding","up_PI_emp_bern","low_PI_emp_bern","up_PI_hedged","low_PI_hedged"
"1",461,0.572549452395191,0.451214254563789,0.572547950031943,0.451215220435274,0.585826662140098,0.451215220435274,0.548729998503052,0.475265728512569,0.566716304611058,0.455283327109202,0.622659114790157,0.381258264636922,0.589791553194291,0.43420417382133,0.56673114655893,0.457264580456691,0.576559949911599,0.45575959465432,0.56,0.46
