"","simul_idx","up_dw","low_dw","up_dw_x1_to_xn","low_dw_x1_to_xn","up_dw_x1_to_xn_tails","low_dw_x1_to_xn_tails","up_t_test","low_t_test","up_anderson","low_anderson","up_cheby","low_cheby","up_emp_bern","low_emp_bern","up_hoeffding","low_hoeffding","up_PI_emp_bern","low_PI_emp_bern","up_PI_hedged","low_PI_hedged"
"1",62,0.648770792799924,0.278672938412269,0.648747212378597,0.278687803048617,0.745071299489657,0.278687803048617,0.578944266305393,0.341064904173202,0.632962475989281,0.267095593918382,0.75384652251103,0.0128277862211315,0.828361315670659,0.091647854807935,0.633086423499526,0.286922746979069,0.67451629091192,0.236416052283992,0.63,0.3
