"","simul_idx","up_dw","low_dw","up_dw_x1_to_xn","low_dw_x1_to_xn","up_dw_x1_to_xn_tails","low_dw_x1_to_xn_tails","up_t_test","low_t_test","up_anderson","low_anderson","up_cheby","low_cheby","up_emp_bern","low_emp_bern","up_hoeffding","low_hoeffding","up_PI_emp_bern","low_PI_emp_bern","up_PI_hedged","low_PI_hedged"
"1",500,0.55172512429209,0.193337072737283,0.551700876413883,0.193356102074672,0.648031170801682,0.193356102074672,0.474532926888219,0.245661635348439,0.533108375476262,0.16728201060707,0.685641616981506,-0.0854794817842912,0.721156962364171,-0.00096240012751328,0.533179119378557,0.1870154428581,0.567480417783016,0.145590680376074,0.54,0.22
