"","simul_idx","up_dw","low_dw","up_dw_x1_to_xn","low_dw_x1_to_xn","up_dw_x1_to_xn_tails","low_dw_x1_to_xn_tails","up_t_test","low_t_test","up_anderson","low_anderson","up_cheby","low_cheby","up_emp_bern","low_emp_bern","up_hoeffding","low_hoeffding","up_PI_emp_bern","low_PI_emp_bern","up_PI_hedged","low_PI_hedged"
"1",384,0.600053394661512,0.479038223400602,0.600052724853044,0.479040368070464,0.613333175974822,0.479040368070464,0.576531092474562,0.503297709200611,0.594626141017697,0.483198638761453,0.647666695606816,0.41098899231002,0.617517808875266,0.462310992799907,0.594647683888706,0.485181117786467,0.602297888357978,0.482749412614179,0.59,0.49
