"","simul_idx","up_dw","low_dw","up_dw_x1_to_xn","low_dw_x1_to_xn","up_dw_x1_to_xn_tails","low_dw_x1_to_xn_tails","up_t_test","low_t_test","up_anderson","low_anderson","up_cheby","low_cheby","up_emp_bern","low_emp_bern","up_hoeffding","low_hoeffding","up_PI_emp_bern","low_PI_emp_bern","up_PI_hedged","low_PI_hedged"
"1",272,0.680330991327996,0.414624712897092,0.680318990585918,0.414640178746448,0.734929227590768,0.414640178746448,0.632460630471756,0.467143575218507,0.67208582590377,0.417497219613129,0.756582782223704,0.243057404767444,0.771964938664718,0.327639267025545,0.672189444379172,0.427414761311091,0.709580567644066,0.394490967669603,0.66,0.43
