"","simul_idx","up_dw","low_dw","up_dw_x1_to_xn","low_dw_x1_to_xn","up_dw_x1_to_xn_tails","low_dw_x1_to_xn_tails","up_t_test","low_t_test","up_anderson","low_anderson","up_cheby","low_cheby","up_emp_bern","low_emp_bern","up_hoeffding","low_hoeffding","up_PI_emp_bern","low_PI_emp_bern","up_PI_hedged","low_PI_hedged"
"1",498,0.781530495103361,0.219226295354426,0.781475135782389,0.21931963542373,0.978585930159382,0.21931963542373,0.698067656536633,0.302897600285664,0.773944940133925,0.177098122903066,0.860599556360738,-0.193289385145874,1.2638787542867,-0.262913497464403,0.774149043666747,0.22681621315555,0.908994584781585,0.116243706021305,0.75,0.25
