"","simul_idx","up_dw","low_dw","up_dw_x1_to_xn","low_dw_x1_to_xn","up_dw_x1_to_xn_tails","low_dw_x1_to_xn_tails","up_t_test","low_t_test","up_anderson","low_anderson","up_cheby","low_cheby","up_emp_bern","low_emp_bern","up_hoeffding","low_hoeffding","up_PI_emp_bern","low_PI_emp_bern","up_PI_hedged","low_PI_hedged"
"1",204,0.887223064392023,0.346692576200494,0.887132742343977,0.346974458975311,1.0845306865271,0.346974458975311,0.838134016235488,0.461447303620788,0.922801718272622,0.326397100777209,0.922586162607839,-0.0561986160369883,1.39866953366371,-0.0990882138074312,0.923457075183737,0.376124244672539,1.04516285386024,0.271420917862132,0.86,0.38
