"","simul_idx","up_dw","low_dw","up_dw_x1_to_xn","low_dw_x1_to_xn","up_dw_x1_to_xn_tails","low_dw_x1_to_xn_tails","up_t_test","low_t_test","up_anderson","low_anderson","up_cheby","low_cheby","up_emp_bern","low_emp_bern","up_hoeffding","low_hoeffding","up_PI_emp_bern","low_PI_emp_bern","up_PI_hedged","low_PI_hedged"
"1",82,0.630354449511821,0.261625381031921,0.630299293611005,0.261670119802587,0.72666790661173,0.261670119802587,0.558898312235831,0.322121848236496,0.613437520855654,0.247621887481811,0.740876963978631,-0.00669349691835902,0.807973400492782,0.0730467599795447,0.613591918496392,0.267428241975935,0.65271506797856,0.21962090875835,0.61,0.28
