"","simul_idx","up_dw","low_dw","up_dw_x1_to_xn","low_dw_x1_to_xn","up_dw_x1_to_xn_tails","low_dw_x1_to_xn_tails","up_t_test","low_t_test","up_anderson","low_anderson","up_cheby","low_cheby","up_emp_bern","low_emp_bern","up_hoeffding","low_hoeffding","up_PI_emp_bern","low_PI_emp_bern","up_PI_hedged","low_PI_hedged"
"1",137,0.569824414514452,0.398874760460993,0.56982108163419,0.398880813753658,0.594609191858073,0.398880813753658,0.53611293344435,0.431970345423704,0.561404116954765,0.402674761267408,0.638041958765477,0.292807347838421,0.604276645666486,0.363806633201567,0.561446190638126,0.406637088229928,0.571261767263097,0.392903668355267,0.56,0.41
