"","simul_idx","up_dw","low_dw","up_dw_x1_to_xn","low_dw_x1_to_xn","up_dw_x1_to_xn_tails","low_dw_x1_to_xn_tails","up_t_test","low_t_test","up_anderson","low_anderson","up_cheby","low_cheby","up_emp_bern","low_emp_bern","up_hoeffding","low_hoeffding","up_PI_emp_bern","low_PI_emp_bern","up_PI_hedged","low_PI_hedged"
"1",331,0.671084313538298,0.404889911972638,0.671075450173671,0.404900178509649,0.72567800998187,0.404900178509649,0.622700886509412,0.457017337194777,0.66218410761839,0.407533729462744,0.74928147664538,0.232280544903883,0.762321718083295,0.317396505620895,0.662246453386136,0.417471770318054,0.69515500540426,0.379208260767975,0.65,0.42
