"","simul_idx","up_dw","low_dw","up_dw_x1_to_xn","low_dw_x1_to_xn","up_dw_x1_to_xn_tails","low_dw_x1_to_xn_tails","up_t_test","low_t_test","up_anderson","low_anderson","up_cheby","low_cheby","up_emp_bern","low_emp_bern","up_hoeffding","low_hoeffding","up_PI_emp_bern","low_PI_emp_bern","up_PI_hedged","low_PI_hedged"
"1",53,0.589423686533263,0.41839565236918,0.589421399277605,0.418401522285744,0.614209222285666,0.418401522285744,0.556094160823166,0.451881619851185,0.581349105845321,0.422619417490627,0.655096869723393,0.314110611694252,0.624280439531889,0.383695341142462,0.581392441541274,0.426583339133077,0.596302421365365,0.416640972620043,0.58,0.43
