"","simul_idx","up_dw","low_dw","up_dw_x1_to_xn","low_dw_x1_to_xn","up_dw_x1_to_xn_tails","low_dw_x1_to_xn_tails","up_t_test","low_t_test","up_anderson","low_anderson","up_cheby","low_cheby","up_emp_bern","low_emp_bern","up_hoeffding","low_hoeffding","up_PI_emp_bern","low_PI_emp_bern","up_PI_hedged","low_PI_hedged"
"1",153,0.536869256460952,0.415632633730001,0.53686814612889,0.415634388823346,0.550147968673546,0.415634388823346,0.512723172466686,0.439323961245109,0.530738261372401,0.419310377011224,0.590188177417698,0.343191365437003,0.553763639383269,0.398283494328526,0.530756849907017,0.421290283804778,0.533898097139932,0.414598094243869,0.53,0.43
