"","simul_idx","up_dw","low_dw","up_dw_x1_to_xn","low_dw_x1_to_xn","up_dw_x1_to_xn_tails","low_dw_x1_to_xn_tails","up_t_test","low_t_test","up_anderson","low_anderson","up_cheby","low_cheby","up_emp_bern","low_emp_bern","up_hoeffding","low_hoeffding","up_PI_emp_bern","low_PI_emp_bern","up_PI_hedged","low_PI_hedged"
"1",394,0.703743979016519,0.332923013158395,0.703740787504225,0.332938715082881,0.800066122551004,0.332938715082881,0.639368930000862,0.401093569092562,0.693155853533969,0.327277405505704,0.792799893623796,0.0742521889540583,0.888908761494719,0.151553737598706,0.693313087806941,0.347149411286484,0.744233978346539,0.305662106954387,0.68,0.35
