"","simul_idx","up_dw","low_dw","up_dw_x1_to_xn","low_dw_x1_to_xn","up_dw_x1_to_xn_tails","low_dw_x1_to_xn_tails","up_t_test","low_t_test","up_anderson","low_anderson","up_cheby","low_cheby","up_emp_bern","low_emp_bern","up_hoeffding","low_hoeffding","up_PI_emp_bern","low_PI_emp_bern","up_PI_hedged","low_PI_hedged"
"1",388,0.612625562597047,0.441825495281783,0.61262210733755,0.441830590035969,0.637408838892418,0.441830590035969,0.579771109557397,0.475738435233635,0.605113550864797,0.446385735658689,0.675269068069931,0.3396439557676,0.647899364148095,0.407610180642937,0.605159323599615,0.450350221191417,0.619022018863276,0.44071663888567,0.6,0.46
