"","simul_idx","up_dw","low_dw","up_dw_x1_to_xn","low_dw_x1_to_xn","up_dw_x1_to_xn_tails","low_dw_x1_to_xn_tails","up_t_test","low_t_test","up_anderson","low_anderson","up_cheby","low_cheby","up_emp_bern","low_emp_bern","up_hoeffding","low_hoeffding","up_PI_emp_bern","low_PI_emp_bern","up_PI_hedged","low_PI_hedged"
"1",51,0.614710748605023,0.34799529693304,0.614706046633575,0.348017762744818,0.669326619637594,0.348017762744818,0.563482782127917,0.397357952548988,0.602707209999569,0.348112232820204,0.704765195497202,0.168726381481802,0.703243914660932,0.257596820015973,0.602807708872493,0.358033025804411,0.636564413927609,0.319542132988041,0.6,0.37
