"","simul_idx","up_dw","low_dw","up_dw_x1_to_xn","low_dw_x1_to_xn","up_dw_x1_to_xn_tails","low_dw_x1_to_xn_tails","up_t_test","low_t_test","up_anderson","low_anderson","up_cheby","low_cheby","up_emp_bern","low_emp_bern","up_hoeffding","low_hoeffding","up_PI_emp_bern","low_PI_emp_bern","up_PI_hedged","low_PI_hedged"
"1",406,0.667791342230015,0.29694262493793,0.667778268692011,0.296965930911849,0.764114937190748,0.296965930911849,0.599681644716184,0.361402268092888,0.653468964670358,0.287547232662625,0.767322677189732,0.0335805834844951,0.849222721309937,0.111861191499136,0.653623794664765,0.307460118144308,0.695052835116728,0.256521307119231,0.65,0.32
