"","simul_idx","up_dw","low_dw","up_dw_x1_to_xn","low_dw_x1_to_xn","up_dw_x1_to_xn_tails","low_dw_x1_to_xn_tails","up_t_test","low_t_test","up_anderson","low_anderson","up_cheby","low_cheby","up_emp_bern","low_emp_bern","up_hoeffding","low_hoeffding","up_PI_emp_bern","low_PI_emp_bern","up_PI_hedged","low_PI_hedged"
"1",301,0.698747871484385,0.14603249734413,0.698659329914738,0.146099354807797,0.895729791386493,0.146099354807797,0.593851213665567,0.206767759323356,0.673657975363579,0.0772259699059677,0.812512740896987,-0.278766758904371,1.15735420533158,-0.356735232342661,0.673975901750061,0.126643071238863,0.807231111019122,0.0225189151934106,0.66,0.17
