"","simul_idx","up_dw","low_dw","up_dw_x1_to_xn","low_dw_x1_to_xn","up_dw_x1_to_xn_tails","low_dw_x1_to_xn_tails","up_t_test","low_t_test","up_anderson","low_anderson","up_cheby","low_cheby","up_emp_bern","low_emp_bern","up_hoeffding","low_hoeffding","up_PI_emp_bern","low_PI_emp_bern","up_PI_hedged","low_PI_hedged"
"1",231,0.532981509338668,0.411798014051855,0.532980749471906,0.411799460822735,0.54626012230334,0.411799460822735,0.508805844792277,0.435447942649458,0.526842599527368,0.415418391680932,0.586655123124122,0.339083884171697,0.549832922021986,0.394420865419749,0.526860176771987,0.417393610669748,0.530223925490559,0.410847683977447,0.52,0.42
