"","simul_idx","up_dw","low_dw","up_dw_x1_to_xn","low_dw_x1_to_xn","up_dw_x1_to_xn_tails","low_dw_x1_to_xn_tails","up_t_test","low_t_test","up_anderson","low_anderson","up_cheby","low_cheby","up_emp_bern","low_emp_bern","up_hoeffding","low_hoeffding","up_PI_emp_bern","low_PI_emp_bern","up_PI_hedged","low_PI_hedged"
"1",200,0.608977217161039,0.438104430752026,0.608975394664967,0.438107525938203,0.633759181735184,0.438107525938203,0.576044004756132,0.471955662085045,0.601369293913396,0.442631938421457,0.672093154267512,0.335598833079774,0.644190217688676,0.403809449152501,0.601404384624688,0.44659528221649,0.6112447636101,0.432807489905841,0.6,0.45
