"","simul_idx","up_dw","low_dw","up_dw_x1_to_xn","low_dw_x1_to_xn","up_dw_x1_to_xn_tails","low_dw_x1_to_xn_tails","up_t_test","low_t_test","up_anderson","low_anderson","up_cheby","low_cheby","up_emp_bern","low_emp_bern","up_hoeffding","low_hoeffding","up_PI_emp_bern","low_PI_emp_bern","up_PI_hedged","low_PI_hedged"
"1",385,0.589476634511102,0.418416780523189,0.589475285364514,0.418420574664911,0.614260077051342,0.418420574664911,0.556140808726031,0.45190936423846,0.58139699606639,0.422655790524666,0.65512856870167,0.314150443764187,0.624333185618217,0.383716987346274,0.581429637686345,0.426620535278147,0.599864363018045,0.420506465686137,0.58,0.44
