"","simul_idx","up_dw","low_dw","up_dw_x1_to_xn","low_dw_x1_to_xn","up_dw_x1_to_xn_tails","low_dw_x1_to_xn_tails","up_t_test","low_t_test","up_anderson","low_anderson","up_cheby","low_cheby","up_emp_bern","low_emp_bern","up_hoeffding","low_hoeffding","up_PI_emp_bern","low_PI_emp_bern","up_PI_hedged","low_PI_hedged"
"1",270,0.595216249506471,0.328976741672304,0.595206967292744,0.328987224562458,0.6498098465635,0.328987224562458,0.543096866781893,0.377360307900454,0.582563342014706,0.327902203762243,0.689321540824198,0.147457708887026,0.682734552254913,0.237722622427434,0.582615928875214,0.337841245807133,0.61604365381263,0.299843251458605,0.58,0.35
