"","simul_idx","up_dw","low_dw","up_dw_x1_to_xn","low_dw_x1_to_xn","up_dw_x1_to_xn_tails","low_dw_x1_to_xn_tails","up_t_test","low_t_test","up_anderson","low_anderson","up_cheby","low_cheby","up_emp_bern","low_emp_bern","up_hoeffding","low_hoeffding","up_PI_emp_bern","low_PI_emp_bern","up_PI_hedged","low_PI_hedged"
"1",252,0.595172889032724,0.328998106495088,0.59517009883972,0.329009894103319,0.6497749046301,0.329009894103319,0.543058984204307,0.377374734622848,0.582527236819499,0.327910878718313,0.689312525498825,0.14744540070768,0.682680038421519,0.237753680405637,0.582604200947618,0.337829517879537,0.615275911874623,0.300620979290515,0.58,0.35
