"","simul_idx","up_dw","low_dw","up_dw_x1_to_xn","low_dw_x1_to_xn","up_dw_x1_to_xn_tails","low_dw_x1_to_xn_tails","up_t_test","low_t_test","up_anderson","low_anderson","up_cheby","low_cheby","up_emp_bern","low_emp_bern","up_hoeffding","low_hoeffding","up_PI_emp_bern","low_PI_emp_bern","up_PI_hedged","low_PI_hedged"
"1",432,0.633655411661349,0.366821309085197,0.633633974642813,0.36683364586846,0.688239591333642,0.36683364586846,0.583311421046262,0.417194882464648,0.622530002738955,0.36794542939182,0.719779379185956,0.189771805823962,0.72306991753373,0.27743638597718,0.622640493289496,0.377865810221414,0.656320155924055,0.33924189955476,0.62,0.39
