"","simul_idx","up_dw","low_dw","up_dw_x1_to_xn","low_dw_x1_to_xn","up_dw_x1_to_xn_tails","low_dw_x1_to_xn_tails","up_t_test","low_t_test","up_anderson","low_anderson","up_cheby","low_cheby","up_emp_bern","low_emp_bern","up_hoeffding","low_hoeffding","up_PI_emp_bern","low_PI_emp_bern","up_PI_hedged","low_PI_hedged"
"1",333,0.540821590657773,0.419557663388118,0.540820706202615,0.419558079220311,0.554098582766866,0.419558079220311,0.516703107849337,0.443293548424927,0.534713916808979,0.423287297615703,0.593788902386706,0.347384290039043,0.557746928972787,0.402249727301476,0.534731611188251,0.425265045086012,0.537655481178545,0.418278774737744,0.53,0.43
