"","simul_idx","up_dw","low_dw","up_dw_x1_to_xn","low_dw_x1_to_xn","up_dw_x1_to_xn_tails","low_dw_x1_to_xn_tails","up_t_test","low_t_test","up_anderson","low_anderson","up_cheby","low_cheby","up_emp_bern","low_emp_bern","up_hoeffding","low_hoeffding","up_PI_emp_bern","low_PI_emp_bern","up_PI_hedged","low_PI_hedged"
"1",390,0.574479853759083,0.453166143988258,0.574479475168631,0.453166195227946,0.587756822576485,0.453166195227946,0.5506797647771,0.47723629659363,0.568670746891358,0.457243352267795,0.624420596203049,0.383340248278059,0.591734576890419,0.436181484480311,0.568691313736485,0.459224747634245,0.569653925930857,0.449131781683453,0.56,0.46
