"","simul_idx","up_dw","low_dw","up_dw_x1_to_xn","low_dw_x1_to_xn","up_dw_x1_to_xn_tails","low_dw_x1_to_xn_tails","up_t_test","low_t_test","up_anderson","low_anderson","up_cheby","low_cheby","up_emp_bern","low_emp_bern","up_hoeffding","low_hoeffding","up_PI_emp_bern","low_PI_emp_bern","up_PI_hedged","low_PI_hedged"
"1",158,0.659027543814655,0.489661813796009,0.659022898326891,0.48966462306846,0.683806274214063,0.48966462306846,0.627226289411553,0.524185908558022,0.653082783639331,0.494331703732466,0.715440775646322,0.391686337785961,0.695034434888065,0.45637776308151,0.653110650188886,0.498301547780688,0.665119906802071,0.488430412147083,0.64,0.5
