"","simul_idx","up_dw","low_dw","up_dw_x1_to_xn","low_dw_x1_to_xn","up_dw_x1_to_xn_tails","low_dw_x1_to_xn_tails","up_t_test","low_t_test","up_anderson","low_anderson","up_cheby","low_cheby","up_emp_bern","low_emp_bern","up_hoeffding","low_hoeffding","up_PI_emp_bern","low_PI_emp_bern","up_PI_hedged","low_PI_hedged"
"1",357,0.886956882289099,0.346155179534946,0.886841078714043,0.346204528078363,1.08388487416846,0.346204528078363,0.837845461937516,0.460745342783592,0.922646571566331,0.326009515224093,0.922402041892392,-0.0566748387449865,1.39849897530014,-0.0999081705790302,0.922961817616153,0.375628987104955,1.04349449601842,0.272175170587338,0.86,0.38
