"","simul_idx","up_dw","low_dw","up_dw_x1_to_xn","low_dw_x1_to_xn","up_dw_x1_to_xn_tails","low_dw_x1_to_xn_tails","up_t_test","low_t_test","up_anderson","low_anderson","up_cheby","low_cheby","up_emp_bern","low_emp_bern","up_hoeffding","low_hoeffding","up_PI_emp_bern","low_PI_emp_bern","up_PI_hedged","low_PI_hedged"
"1",449,0.642981047652473,0.376156629782158,0.642975456630421,0.37616787234979,0.697579457625169,0.37616787234979,0.593134519362328,0.426962661387455,0.632360709812079,0.377763598091125,0.727136656195413,0.20022441721348,0.732910604136789,0.287186576612993,0.632435931908932,0.38766124884085,0.670997273556742,0.35396191249508,0.62,0.39
