"","simul_idx","up_dw","low_dw","up_dw_x1_to_xn","low_dw_x1_to_xn","up_dw_x1_to_xn_tails","low_dw_x1_to_xn_tails","up_t_test","low_t_test","up_anderson","low_anderson","up_cheby","low_cheby","up_emp_bern","low_emp_bern","up_hoeffding","low_hoeffding","up_PI_emp_bern","low_PI_emp_bern","up_PI_hedged","low_PI_hedged"
"1",221,0.755699194056384,0.388632626748165,0.755658109517989,0.388654314247489,0.851992365762014,0.388654314247489,0.697194261517991,0.461630238704614,0.752407462909368,0.386499670517006,0.829310119516799,0.136376964002038,0.945893424093896,0.212931076128708,0.752494088371531,0.406330411851074,0.800670410778214,0.366431967959887,0.73,0.41
