"","simul_idx","up_dw","low_dw","up_dw_x1_to_xn","low_dw_x1_to_xn","up_dw_x1_to_xn_tails","low_dw_x1_to_xn_tails","up_t_test","low_t_test","up_anderson","low_anderson","up_cheby","low_cheby","up_emp_bern","low_emp_bern","up_hoeffding","low_hoeffding","up_PI_emp_bern","low_PI_emp_bern","up_PI_hedged","low_PI_hedged"
"1",146,0.680440770161494,0.414707153732976,0.680426035368851,0.414723749719411,0.735037941110647,0.414723749719411,0.632587015913493,0.467215033121196,0.672202709742248,0.417597386552299,0.756655203101383,0.243164841475607,0.772108787807043,0.327693261227645,0.672288366051385,0.427513682983303,0.709610894959137,0.394660899391146,0.66,0.43
