"","simul_idx","up_dw","low_dw","up_dw_x1_to_xn","low_dw_x1_to_xn","up_dw_x1_to_xn_tails","low_dw_x1_to_xn_tails","up_t_test","low_t_test","up_anderson","low_anderson","up_cheby","low_cheby","up_emp_bern","low_emp_bern","up_hoeffding","low_hoeffding","up_PI_emp_bern","low_PI_emp_bern","up_PI_hedged","low_PI_hedged"
"1",428,0.604844374963275,0.338364238037262,0.604824626076341,0.338372785016508,0.659424646821248,0.338372785016508,0.553148794749789,0.387242437030706,0.59250790914772,0.337889632634127,0.696964368068173,0.157936751732277,0.692840466185266,0.247550765595229,0.592582957424288,0.347808274356207,0.630905060238732,0.314742293791526,0.59,0.36
