"","simul_idx","up_dw","low_dw","up_dw_x1_to_xn","low_dw_x1_to_xn","up_dw_x1_to_xn_tails","low_dw_x1_to_xn_tails","up_t_test","low_t_test","up_anderson","low_anderson","up_cheby","low_cheby","up_emp_bern","low_emp_bern","up_hoeffding","low_hoeffding","up_PI_emp_bern","low_PI_emp_bern","up_PI_hedged","low_PI_hedged"
"1",276,0.680430364312027,0.414725195435288,0.680415396670131,0.414738312231671,0.735022165112137,0.414738312231671,0.632579523522834,0.467231213121253,0.672200840062341,0.417611722994975,0.756658383115359,0.243169559288357,0.772093768999749,0.327716967644339,0.672292709856085,0.427518026788003,0.704834715756112,0.389520867879985,0.66,0.43
