"","simul_idx","up_dw","low_dw","up_dw_x1_to_xn","low_dw_x1_to_xn","up_dw_x1_to_xn_tails","low_dw_x1_to_xn_tails","up_t_test","low_t_test","up_anderson","low_anderson","up_cheby","low_cheby","up_emp_bern","low_emp_bern","up_hoeffding","low_hoeffding","up_PI_emp_bern","low_PI_emp_bern","up_PI_hedged","low_PI_hedged"
"1",351,0.70765663074911,0.443737156021522,0.707636242527223,0.44375169851417,0.762245116122733,0.44375169851417,0.66132380900387,0.497311591706621,0.701625238309655,0.447028326332934,0.777994473017379,0.275310436719431,0.800413256094823,0.358222144615668,0.701705041889286,0.456930358821205,0.732579812063952,0.420307772799247,0.69,0.46
