"","simul_idx","up_dw","low_dw","up_dw_x1_to_xn","low_dw_x1_to_xn","up_dw_x1_to_xn_tails","low_dw_x1_to_xn_tails","up_t_test","low_t_test","up_anderson","low_anderson","up_cheby","low_cheby","up_emp_bern","low_emp_bern","up_hoeffding","low_hoeffding","up_PI_emp_bern","low_PI_emp_bern","up_PI_hedged","low_PI_hedged"
"1",293,0.887210205740248,0.346276600895573,0.887173138688665,0.346391303994514,1.08431646887659,0.346391303994514,0.838117874768015,0.460930643556501,0.922864505717883,0.32607193037687,0.922487142691389,-0.0564547971417118,1.39879625195754,-0.099747733633028,0.923190674417857,0.375857843906659,1.04588116316102,0.270034858387786,0.86,0.37
