"","simul_idx","up_dw","low_dw","up_dw_x1_to_xn","low_dw_x1_to_xn","up_dw_x1_to_xn_tails","low_dw_x1_to_xn_tails","up_t_test","low_t_test","up_anderson","low_anderson","up_cheby","low_cheby","up_emp_bern","low_emp_bern","up_hoeffding","low_hoeffding","up_PI_emp_bern","low_PI_emp_bern","up_PI_hedged","low_PI_hedged"
"1",238,0.741474435075933,0.181618234025961,0.741402538254765,0.181701348503647,0.938497759095552,0.181701348503647,0.647043229938138,0.253841809358572,0.723744074642838,0.127073724639424,0.837179345043222,-0.236589318845416,1.21229243283772,-0.311407393541012,0.724108934903953,0.176776104392756,0.832736964652389,0.0463164912542974,0.72,0.22
