"","simul_idx","up_dw","low_dw","up_dw_x1_to_xn","low_dw_x1_to_xn","up_dw_x1_to_xn_tails","low_dw_x1_to_xn_tails","up_t_test","low_t_test","up_anderson","low_anderson","up_cheby","low_cheby","up_emp_bern","low_emp_bern","up_hoeffding","low_hoeffding","up_PI_emp_bern","low_PI_emp_bern","up_PI_hedged","low_PI_hedged"
"1",62,0.780392892484701,0.218338961998574,0.780311818115945,0.218387191596521,0.977353909420764,0.218387191596521,0.69659144319405,0.301792141946269,0.772641996998472,0.176095324198494,0.860011024967101,-0.194421968206888,1.26229671875969,-0.263913133619374,0.772858207825758,0.225525377314561,0.882838025185629,0.0912480124511023,0.75,0.25
