"","simul_idx","up_dw","low_dw","up_dw_x1_to_xn","low_dw_x1_to_xn","up_dw_x1_to_xn_tails","low_dw_x1_to_xn_tails","up_t_test","low_t_test","up_anderson","low_anderson","up_cheby","low_cheby","up_emp_bern","low_emp_bern","up_hoeffding","low_hoeffding","up_PI_emp_bern","low_PI_emp_bern","up_PI_hedged","low_PI_hedged"
"1",49,0.652478161439133,0.385745532023371,0.652473751687693,0.385755749582414,0.707076239176042,0.385755749582414,0.603118145148677,0.437020059101923,0.642375184874894,0.387742660328045,0.734622183540954,0.21095800214141,0.742870774824169,0.29726742942643,0.642456443659341,0.397681760591259,0.675786395515541,0.35921099466587,0.64,0.41
