"","simul_idx","up_dw","low_dw","up_dw_x1_to_xn","low_dw_x1_to_xn","up_dw_x1_to_xn_tails","low_dw_x1_to_xn_tails","up_t_test","low_t_test","up_anderson","low_anderson","up_cheby","low_cheby","up_emp_bern","low_emp_bern","up_hoeffding","low_hoeffding","up_PI_emp_bern","low_PI_emp_bern","up_PI_hedged","low_PI_hedged"
"1",314,0.699253610387431,0.14641426260793,0.69922533737039,0.146589827170928,0.896461359331018,0.146589827170928,0.594528185932663,0.207201620963129,0.674158186289772,0.0775281771482996,0.812792396844425,-0.278305858913897,1.15810056708073,-0.356370760184942,0.674531318703494,0.127198488192297,0.782732628096098,-0.000473008504476069,0.67,0.18
