"","simul_idx","up_dw","low_dw","up_dw_x1_to_xn","low_dw_x1_to_xn","up_dw_x1_to_xn_tails","low_dw_x1_to_xn_tails","up_t_test","low_t_test","up_anderson","low_anderson","up_cheby","low_cheby","up_emp_bern","low_emp_bern","up_hoeffding","low_hoeffding","up_PI_emp_bern","low_PI_emp_bern","up_PI_hedged","low_PI_hedged"
"1",368,0.65204470646765,0.385328199634623,0.652034668426485,0.385338039527924,0.706636598261441,0.385338039527924,0.602662723752731,0.436583101985363,0.641927657156142,0.387315443832776,0.734289759268942,0.210479173220235,0.742409482882184,0.29683634285591,0.642010254403088,0.397235571335006,0.679620285713028,0.364389646596035,0.64,0.41
