"","simul_idx","up_dw","low_dw","up_dw_x1_to_xn","low_dw_x1_to_xn","up_dw_x1_to_xn_tails","low_dw_x1_to_xn_tails","up_t_test","low_t_test","up_anderson","low_anderson","up_cheby","low_cheby","up_emp_bern","low_emp_bern","up_hoeffding","low_hoeffding","up_PI_emp_bern","low_PI_emp_bern","up_PI_hedged","low_PI_hedged"
"1",261,0.818679581545781,0.258872722190311,0.818625092620115,0.259044320251004,1.01585507361318,0.259044320251004,0.746470635724541,0.353453212762075,0.823222163033749,0.226535904647038,0.882509888382779,-0.149227322725036,1.31166732138335,-0.211743472896735,0.823628339498906,0.276295508987709,0.931038752939344,0.142352849109115,0.8,0.3
