"","simul_idx","up_dw","low_dw","up_dw_x1_to_xn","low_dw_x1_to_xn","up_dw_x1_to_xn_tails","low_dw_x1_to_xn_tails","up_t_test","low_t_test","up_anderson","low_anderson","up_cheby","low_cheby","up_emp_bern","low_emp_bern","up_hoeffding","low_hoeffding","up_PI_emp_bern","low_PI_emp_bern","up_PI_hedged","low_PI_hedged"
"1",251,0.755982780326216,0.388849248160283,0.755971470737852,0.388853792684388,0.852280176242396,0.388853792684388,0.697517773583615,0.46186153896119,0.75266942285536,0.386731282848065,0.829476836663509,0.136672590457161,0.946245527061511,0.213133785483294,0.752771494532631,0.406607818012174,0.800329945074998,0.367354886308564,0.73,0.41
