"","simul_idx","up_dw","low_dw","up_dw_x1_to_xn","low_dw_x1_to_xn","up_dw_x1_to_xn_tails","low_dw_x1_to_xn_tails","up_t_test","low_t_test","up_anderson","low_anderson","up_cheby","low_cheby","up_emp_bern","low_emp_bern","up_hoeffding","low_hoeffding","up_PI_emp_bern","low_PI_emp_bern","up_PI_hedged","low_PI_hedged"
"1",414,0.581637039693529,0.410619284623682,0.58163178599831,0.410623473617421,0.606417182473881,0.410623473617421,0.548145428481839,0.443955706094262,0.573414534679863,0.414691571996633,0.6483235548164,0.305619843814465,0.616324346024678,0.375776788551422,0.573455118492149,0.418646016083951,0.583758213724764,0.404360282114651,0.57,0.43
