"","simul_idx","up_dw","low_dw","up_dw_x1_to_xn","low_dw_x1_to_xn","up_dw_x1_to_xn_tails","low_dw_x1_to_xn_tails","up_t_test","low_t_test","up_anderson","low_anderson","up_cheby","low_cheby","up_emp_bern","low_emp_bern","up_hoeffding","low_hoeffding","up_PI_emp_bern","low_PI_emp_bern","up_PI_hedged","low_PI_hedged"
"1",188,0.818721287210052,0.258993097722983,0.818684546617972,0.25916713691971,1.01591824545171,0.25916713691971,0.746549315106902,0.353574960116486,0.82327272867643,0.226721739591065,0.882552953166658,-0.149136769684399,1.31173370815512,-0.211609432931727,0.823728552867293,0.276395722356096,0.9310103104172,0.142529417185224,0.8,0.3
