"","simul_idx","up_dw","low_dw","up_dw_x1_to_xn","low_dw_x1_to_xn","up_dw_x1_to_xn_tails","low_dw_x1_to_xn_tails","up_t_test","low_t_test","up_anderson","low_anderson","up_cheby","low_cheby","up_emp_bern","low_emp_bern","up_hoeffding","low_hoeffding","up_PI_emp_bern","low_PI_emp_bern","up_PI_hedged","low_PI_hedged"
"1",480,0.590208209152884,0.469044598472196,0.590206715876472,0.469045606642757,0.603485414209066,0.469045606642757,0.566572686942965,0.493241698658781,0.584621525292076,0.47319386188419,0.638722089927889,0.400311621446373,0.607591040469543,0.452223345132204,0.584640475851993,0.475173909749754,0.587160952996291,0.467929549020784,0.58,0.48
