"","simul_idx","up_dw","low_dw","up_dw_x1_to_xn","low_dw_x1_to_xn","up_dw_x1_to_xn_tails","low_dw_x1_to_xn_tails","up_t_test","low_t_test","up_anderson","low_anderson","up_cheby","low_cheby","up_emp_bern","low_emp_bern","up_hoeffding","low_hoeffding","up_PI_emp_bern","low_PI_emp_bern","up_PI_hedged","low_PI_hedged"
"1",318,0.721047241010018,0.351029014346375,0.721020909325125,0.351090214625898,0.817414057374105,0.351090214625898,0.658611359555587,0.420858465198688,0.71262660337382,0.346775172367172,0.805034522951901,0.0945236643433282,0.907989196722268,0.171480628032007,0.712816750637366,0.366653074116909,0.763025168608271,0.325547566785129,0.7,0.37
