"","simul_idx","up_dw","low_dw","up_dw_x1_to_xn","low_dw_x1_to_xn","up_dw_x1_to_xn_tails","low_dw_x1_to_xn_tails","up_t_test","low_t_test","up_anderson","low_anderson","up_cheby","low_cheby","up_emp_bern","low_emp_bern","up_hoeffding","low_hoeffding","up_PI_emp_bern","low_PI_emp_bern","up_PI_hedged","low_PI_hedged"
"1",138,0.818813310776687,0.259035387377759,0.818757256780249,0.259127101845925,1.01586557537304,0.259127101845925,0.746673153128793,0.353641087550041,0.823396771908772,0.226775543673386,0.882593765179891,-0.149050938060669,1.31187401813415,-0.211559777455313,0.823823535595015,0.276490705083818,0.956538635937166,0.165604232817896,0.79,0.29
