"","simul_idx","up_dw","low_dw","up_dw_x1_to_xn","low_dw_x1_to_xn","up_dw_x1_to_xn_tails","low_dw_x1_to_xn_tails","up_t_test","low_t_test","up_anderson","low_anderson","up_cheby","low_cheby","up_emp_bern","low_emp_bern","up_hoeffding","low_hoeffding","up_PI_emp_bern","low_PI_emp_bern","up_PI_hedged","low_PI_hedged"
"1",96,0.703688575625975,0.332880095867606,0.703683397260967,0.332887371029567,0.79999617264344,0.332887371029567,0.639274864217839,0.401076849872688,0.69312361328545,0.32723160503631,0.792764872545726,0.0741948891963793,0.888790713880852,0.151561000209675,0.693257695305492,0.347094018785035,0.742806704826957,0.307004332729183,0.68,0.36
