"","simul_idx","up_dw","low_dw","up_dw_x1_to_xn","low_dw_x1_to_xn","up_dw_x1_to_xn_tails","low_dw_x1_to_xn_tails","up_t_test","low_t_test","up_anderson","low_anderson","up_cheby","low_cheby","up_emp_bern","low_emp_bern","up_hoeffding","low_hoeffding","up_PI_emp_bern","low_PI_emp_bern","up_PI_hedged","low_PI_hedged"
"1",256,0.781115486994705,0.218909793410645,0.781028481384125,0.218984560196176,0.978110988722273,0.218984560196176,0.697697787386182,0.302337185398279,0.773402121766206,0.176669067390738,0.860387581090361,-0.193697599234053,1.26356327136419,-0.263528298579733,0.773683901647829,0.226351071136632,0.884483507242872,0.0912998235538592,0.75,0.25
