"","simul_idx","up_dw","low_dw","up_dw_x1_to_xn","low_dw_x1_to_xn","up_dw_x1_to_xn_tails","low_dw_x1_to_xn_tails","up_t_test","low_t_test","up_anderson","low_anderson","up_cheby","low_cheby","up_emp_bern","low_emp_bern","up_hoeffding","low_hoeffding","up_PI_emp_bern","low_PI_emp_bern","up_PI_hedged","low_PI_hedged"
"1",496,0.576251874416167,0.454963758262683,0.57625109997528,0.454965395162046,0.58953074875233,0.454965395162046,0.552468458073656,0.47904988239201,0.570472890931801,0.459049010803028,0.626038440376497,0.385254050276117,0.593515201674799,0.438003138790867,0.570492453283953,0.461025887181714,0.573332488893695,0.453965797840206,0.57,0.47
