"","simul_idx","up_dw","low_dw","up_dw_x1_to_xn","low_dw_x1_to_xn","up_dw_x1_to_xn_tails","low_dw_x1_to_xn_tails","up_t_test","low_t_test","up_anderson","low_anderson","up_cheby","low_cheby","up_emp_bern","low_emp_bern","up_hoeffding","low_hoeffding","up_PI_emp_bern","low_PI_emp_bern","up_PI_hedged","low_PI_hedged"
"1",396,0.560715708313003,0.439361865652713,0.56071497915669,0.439363410913358,0.573994494932612,0.439363410913358,0.53678052006288,0.463298551849191,0.554749305071419,0.443323727778369,0.611895182697019,0.368574495648149,0.577847811354258,0.422231260557814,0.554772819007155,0.445306252904916,0.562084207916443,0.442592515865023,0.55,0.45
