"","simul_idx","up_dw","low_dw","up_dw_x1_to_xn","low_dw_x1_to_xn","up_dw_x1_to_xn_tails","low_dw_x1_to_xn_tails","up_t_test","low_t_test","up_anderson","low_anderson","up_cheby","low_cheby","up_emp_bern","low_emp_bern","up_hoeffding","low_hoeffding","up_PI_emp_bern","low_PI_emp_bern","up_PI_hedged","low_PI_hedged"
"1",94,0.573751296474627,0.402766870107767,0.573747348937255,0.402768465704816,0.598528946459733,0.402768465704816,0.540100635063044,0.435951341646218,0.565402110125004,0.406667472969581,0.641457673828804,0.297053842237794,0.608266510413827,0.367785466295434,0.56543053955873,0.410621437150532,0.575045141092526,0.396592245089564,0.56,0.42
