"","simul_idx","up_dw","low_dw","up_dw_x1_to_xn","low_dw_x1_to_xn","up_dw_x1_to_xn_tails","low_dw_x1_to_xn_tails","up_t_test","low_t_test","up_anderson","low_anderson","up_cheby","low_cheby","up_emp_bern","low_emp_bern","up_hoeffding","low_hoeffding","up_PI_emp_bern","low_PI_emp_bern","up_PI_hedged","low_PI_hedged"
"1",164,0.667016541088843,0.296322482843194,0.666962706825646,0.296325457342936,0.763269072288105,0.296325457342936,0.598918680661552,0.360619146790483,0.652725852113712,0.286972993588224,0.766818968459098,0.0327958877509308,0.848466007147823,0.111071820304213,0.652850751986246,0.306687075465789,0.704075730530722,0.265723070468298,0.64,0.32
