"","simul_idx","up_dw","low_dw","up_dw_x1_to_xn","low_dw_x1_to_xn","up_dw_x1_to_xn_tails","low_dw_x1_to_xn_tails","up_t_test","low_t_test","up_anderson","low_anderson","up_cheby","low_cheby","up_emp_bern","low_emp_bern","up_hoeffding","low_hoeffding","up_PI_emp_bern","low_PI_emp_bern","up_PI_hedged","low_PI_hedged"
"1",431,0.573800555114539,0.402799784232727,0.573797297815223,0.402804483243212,0.598583421288791,0.402804483243212,0.540161028479079,0.435976214053641,0.565436915248316,0.406702290644002,0.641494198450186,0.297099303985122,0.608338362736872,0.367798879795847,0.565473172470459,0.410664070062261,0.580061455886373,0.401047431721547,0.56,0.42
