"","simul_idx","up_dw","low_dw","up_dw_x1_to_xn","low_dw_x1_to_xn","up_dw_x1_to_xn_tails","low_dw_x1_to_xn_tails","up_t_test","low_t_test","up_anderson","low_anderson","up_cheby","low_cheby","up_emp_bern","low_emp_bern","up_hoeffding","low_hoeffding","up_PI_emp_bern","low_PI_emp_bern","up_PI_hedged","low_PI_hedged"
"1",474,0.741486175514274,0.181520798959585,0.741422458845988,0.181633653277206,0.938562973347161,0.181633653277206,0.647055349266936,0.253717279777037,0.723773441757945,0.127022509929692,0.837152353256602,-0.236637267227287,1.21234355497448,-0.311570925930509,0.724052729777585,0.176719899266388,0.832236196163431,0.0466562060388396,0.71,0.21
