"","simul_idx","up_dw","low_dw","up_dw_x1_to_xn","low_dw_x1_to_xn","up_dw_x1_to_xn_tails","low_dw_x1_to_xn_tails","up_t_test","low_t_test","up_anderson","low_anderson","up_cheby","low_cheby","up_emp_bern","low_emp_bern","up_hoeffding","low_hoeffding","up_PI_emp_bern","low_PI_emp_bern","up_PI_hedged","low_PI_hedged"
"1",33,0.886901947221433,0.346238862655366,0.886866105905145,0.346437040460734,1.08413656774583,0.346437040460734,0.83777295048625,0.460820850601915,0.922528533814535,0.326040291326798,0.922402599102088,-0.0566733983766446,1.39838421567337,-0.0997904145852006,0.922963315799681,0.375630485288484,1.02047379918573,0.246562447825433,0.87,0.39
