"","simul_idx","up_dw","low_dw","up_dw_x1_to_xn","low_dw_x1_to_xn","up_dw_x1_to_xn_tails","low_dw_x1_to_xn_tails","up_t_test","low_t_test","up_anderson","low_anderson","up_cheby","low_cheby","up_emp_bern","low_emp_bern","up_hoeffding","low_hoeffding","up_PI_emp_bern","low_PI_emp_bern","up_PI_hedged","low_PI_hedged"
"1",145,0.59018105234378,0.469018696029514,0.590180147213038,0.469020129840357,0.603459501234741,0.469020129840357,0.566547170583212,0.493213732120498,0.584594227857023,0.473167778775976,0.638698157914412,0.400283119246088,0.607566318296547,0.452194584407163,0.584613734402975,0.475147168300736,0.5921611124584,0.472492756703952,0.58,0.48
