"","simul_idx","up_dw","low_dw","up_dw_x1_to_xn","low_dw_x1_to_xn","up_dw_x1_to_xn_tails","low_dw_x1_to_xn_tails","up_t_test","low_t_test","up_anderson","low_anderson","up_cheby","low_cheby","up_emp_bern","low_emp_bern","up_hoeffding","low_hoeffding","up_PI_emp_bern","low_PI_emp_bern","up_PI_hedged","low_PI_hedged"
"1",154,0.584424490932831,0.4631898968625,0.584423349138442,0.463192320750542,0.597704140122441,0.463192320750542,0.560734555216793,0.487336144355832,0.578745900588963,0.46732016619259,0.633463335476205,0.394056958222447,0.601774762709096,0.446295936863529,0.578768632837432,0.469302066735193,0.58519832500048,0.465782437670446,0.57,0.47
