"","simul_idx","up_dw","low_dw","up_dw_x1_to_xn","low_dw_x1_to_xn","up_dw_x1_to_xn_tails","low_dw_x1_to_xn_tails","up_t_test","low_t_test","up_anderson","low_anderson","up_cheby","low_cheby","up_emp_bern","low_emp_bern","up_hoeffding","low_hoeffding","up_PI_emp_bern","low_PI_emp_bern","up_PI_hedged","low_PI_hedged"
"1",373,0.703772005947332,0.332846809091369,0.703759705825951,0.332876159068756,0.800105382606858,0.332876159068756,0.639442973995631,0.400965511838194,0.693169885301149,0.32722546770888,0.792782819278566,0.0742242522496212,0.889045468363861,0.151363017469963,0.693286081177141,0.347122404656684,0.734401951747346,0.295753692895889,0.68,0.36
