"","simul_idx","up_dw","low_dw","up_dw_x1_to_xn","low_dw_x1_to_xn","up_dw_x1_to_xn_tails","low_dw_x1_to_xn_tails","up_t_test","low_t_test","up_anderson","low_anderson","up_cheby","low_cheby","up_emp_bern","low_emp_bern","up_hoeffding","low_hoeffding","up_PI_emp_bern","low_PI_emp_bern","up_PI_hedged","low_PI_hedged"
"1",294,0.569857529894791,0.39889169399645,0.569856526285313,0.39889462651496,0.594640062495635,0.39889462651496,0.53613940910853,0.431995596098738,0.56143541878587,0.402694777334911,0.638064145014657,0.29283489845387,0.604303516506289,0.363831488700979,0.561472053807733,0.406662951399535,0.571702272208061,0.392531709983344,0.56,0.41
