"","simul_idx","up_dw","low_dw","up_dw_x1_to_xn","low_dw_x1_to_xn","up_dw_x1_to_xn_tails","low_dw_x1_to_xn_tails","up_t_test","low_t_test","up_anderson","low_anderson","up_cheby","low_cheby","up_emp_bern","low_emp_bern","up_hoeffding","low_hoeffding","up_PI_emp_bern","low_PI_emp_bern","up_PI_hedged","low_PI_hedged"
"1",37,0.781346746510934,0.219126852767601,0.781331893659347,0.219174927759163,0.978373749499243,0.219174927759163,0.697984335129384,0.30262304374402,0.773597886935418,0.176893481546548,0.860518022963082,-0.19344643704748,1.26385001587762,-0.263242637004217,0.7739701046923,0.226637274181103,0.908984233833804,0.115889362478495,0.75,0.25
