"","simul_idx","up_dw","low_dw","up_dw_x1_to_xn","low_dw_x1_to_xn","up_dw_x1_to_xn_tails","low_dw_x1_to_xn_tails","up_t_test","low_t_test","up_anderson","low_anderson","up_cheby","low_cheby","up_emp_bern","low_emp_bern","up_hoeffding","low_hoeffding","up_PI_emp_bern","low_PI_emp_bern","up_PI_hedged","low_PI_hedged"
"1",176,0.601104051244077,0.43014088627793,0.60109878245081,0.43014340723396,0.625881757509206,0.43014340723396,0.567997010000925,0.463863159297122,0.593303308505276,0.434564132031071,0.665253582012276,0.326919657697384,0.636157903606554,0.395702265691493,0.593334635853122,0.438525533444924,0.6072091650137,0.428310107771735,0.59,0.44
