"","simul_idx","up_dw","low_dw","up_dw_x1_to_xn","low_dw_x1_to_xn","up_dw_x1_to_xn_tails","low_dw_x1_to_xn_tails","up_t_test","low_t_test","up_anderson","low_anderson","up_cheby","low_cheby","up_emp_bern","low_emp_bern","up_hoeffding","low_hoeffding","up_PI_emp_bern","low_PI_emp_bern","up_PI_hedged","low_PI_hedged"
"1",124,0.917418588780881,0.394234344562422,0.91732459323622,0.394432362338681,1.11459481135319,0.394432362338681,0.880201664776237,0.518005664692277,0.972315555823322,0.375720222011487,0.940118817941941,-0.00798059829626513,1.43660119255988,-0.0383938630913683,0.972770079989856,0.425437249478658,1.08633999416067,0.326520851630782,0.9,0.43
