"","simul_idx","up_dw","low_dw","up_dw_x1_to_xn","low_dw_x1_to_xn","up_dw_x1_to_xn_tails","low_dw_x1_to_xn_tails","up_t_test","low_t_test","up_anderson","low_anderson","up_cheby","low_cheby","up_emp_bern","low_emp_bern","up_hoeffding","low_hoeffding","up_PI_emp_bern","low_PI_emp_bern","up_PI_hedged","low_PI_hedged"
"1",231,0.741398460556416,0.181460728950907,0.74137010145226,0.181573008333996,0.93850974033038,0.181573008333996,0.64705143155026,0.253520629090695,0.72367298493217,0.126964144757043,0.83710418930738,-0.236722815546744,1.21239464777334,-0.311822587132381,0.723952445576076,0.176619615064878,0.858300675029284,0.0690274618505305,0.7,0.2
