"","simul_idx","up_dw","low_dw","up_dw_x1_to_xn","low_dw_x1_to_xn","up_dw_x1_to_xn_tails","low_dw_x1_to_xn_tails","up_t_test","low_t_test","up_anderson","low_anderson","up_cheby","low_cheby","up_emp_bern","low_emp_bern","up_hoeffding","low_hoeffding","up_PI_emp_bern","low_PI_emp_bern","up_PI_hedged","low_PI_hedged"
"1",413,0.6048766124624,0.433958319888297,0.604872800703947,0.433962434390048,0.629658058232738,0.433962434390048,0.571862571524336,0.467733077046031,0.597163748602599,0.43843940646151,0.668534118725956,0.331077081822473,0.640022059832513,0.399573588737854,0.597202375489282,0.442393273081084,0.607094474468891,0.428153452004121,0.59,0.45
