"","simul_idx","up_dw","low_dw","up_dw_x1_to_xn","low_dw_x1_to_xn","up_dw_x1_to_xn_tails","low_dw_x1_to_xn_tails","up_t_test","low_t_test","up_anderson","low_anderson","up_cheby","low_cheby","up_emp_bern","low_emp_bern","up_hoeffding","low_hoeffding","up_PI_emp_bern","low_PI_emp_bern","up_PI_hedged","low_PI_hedged"
"1",59,0.653743842120192,0.113023032860894,0.653689600710588,0.113071720656275,0.850732389848313,0.113071720656275,0.539038244003672,0.162225650393155,0.624008077351939,0.0275989401348001,0.786938795616682,-0.319429532685465,1.09960969082419,-0.398345796427359,0.624298362454012,0.0769655319428147,0.754425745438606,-0.02149879387804,0.61,0.13
