"","simul_idx","up_dw","low_dw","up_dw_x1_to_xn","low_dw_x1_to_xn","up_dw_x1_to_xn_tails","low_dw_x1_to_xn_tails","up_t_test","low_t_test","up_anderson","low_anderson","up_cheby","low_cheby","up_emp_bern","low_emp_bern","up_hoeffding","low_hoeffding","up_PI_emp_bern","low_PI_emp_bern","up_PI_hedged","low_PI_hedged"
"1",431,0.818813470585767,0.258916292095939,0.818783007267037,0.259070846180792,1.01598703035129,0.259070846180792,0.746657476467737,0.353492315238713,0.823364847357542,0.226609455355216,0.882558435388756,-0.14912524091779,1.31189633009719,-0.211746538390739,0.823741311108824,0.276408480597626,0.956013813867519,0.165899682987586,0.79,0.29
