"","simul_idx","up_dw","low_dw","up_dw_x1_to_xn","low_dw_x1_to_xn","up_dw_x1_to_xn_tails","low_dw_x1_to_xn_tails","up_t_test","low_t_test","up_anderson","low_anderson","up_cheby","low_cheby","up_emp_bern","low_emp_bern","up_hoeffding","low_hoeffding","up_PI_emp_bern","low_PI_emp_bern","up_PI_hedged","low_PI_hedged"
"1",13,0.624625511577459,0.454044060230115,0.624623331995832,0.454047147319899,0.649407094087325,0.454047147319899,0.59202967754365,0.488147998994103,0.617452411792184,0.458708936244549,0.685671131137787,0.352961250148515,0.660109221621803,0.42006845491595,0.617493389472976,0.462684287064778,0.631567262126564,0.453037777613401,0.61,0.47
