"","simul_idx","up_dw","low_dw","up_dw_x1_to_xn","low_dw_x1_to_xn","up_dw_x1_to_xn_tails","low_dw_x1_to_xn_tails","up_t_test","low_t_test","up_anderson","low_anderson","up_cheby","low_cheby","up_emp_bern","low_emp_bern","up_hoeffding","low_hoeffding","up_PI_emp_bern","low_PI_emp_bern","up_PI_hedged","low_PI_hedged"
"1",494,0.667543211562305,0.296781541350283,0.66752731584041,0.296831353874152,0.763903491014248,0.296831353874152,0.599466651528762,0.361164622329266,0.653217497417202,0.28737471236202,0.76717523812869,0.0333508234196661,0.849014751708676,0.111616522149352,0.653397475189242,0.307233798668785,0.704131057899154,0.266785008236006,0.64,0.31
