"","simul_idx","up_dw","low_dw","up_dw_x1_to_xn","low_dw_x1_to_xn","up_dw_x1_to_xn_tails","low_dw_x1_to_xn_tails","up_t_test","low_t_test","up_anderson","low_anderson","up_cheby","low_cheby","up_emp_bern","low_emp_bern","up_hoeffding","low_hoeffding","up_PI_emp_bern","low_PI_emp_bern","up_PI_hedged","low_PI_hedged"
"1",186,0.72121549073689,0.351177023711258,0.721201526835085,0.351218279632893,0.817564948825085,0.351218279632893,0.658761002775281,0.421049804392993,0.712835300053329,0.34697531481239,0.805140615751492,0.0947017235554034,0.908125911819894,0.171684895348381,0.712987241844366,0.366823565323909,0.753381667875845,0.315757114591259,0.7,0.38
