"","simul_idx","up_dw","low_dw","up_dw_x1_to_xn","low_dw_x1_to_xn","up_dw_x1_to_xn_tails","low_dw_x1_to_xn_tails","up_t_test","low_t_test","up_anderson","low_anderson","up_cheby","low_cheby","up_emp_bern","low_emp_bern","up_hoeffding","low_hoeffding","up_PI_emp_bern","low_PI_emp_bern","up_PI_hedged","low_PI_hedged"
"1",213,0.611223513084973,0.244124393306938,0.611209123792444,0.244149318389319,0.707548205490637,0.244149318389319,0.538167058708562,0.302652898631187,0.593384663568735,0.227456139264365,0.727328137345797,-0.0266448395626731,0.786850761002181,0.0539691963375672,0.593491816930103,0.247328140409646,0.63141275074274,0.201129037393624,0.58,0.26
