"","simul_idx","up_dw","low_dw","up_dw_x1_to_xn","low_dw_x1_to_xn","up_dw_x1_to_xn_tails","low_dw_x1_to_xn_tails","up_t_test","low_t_test","up_anderson","low_anderson","up_cheby","low_cheby","up_emp_bern","low_emp_bern","up_hoeffding","low_hoeffding","up_PI_emp_bern","low_PI_emp_bern","up_PI_hedged","low_PI_hedged"
"1",303,0.780833471159214,0.218673817260589,0.780720182232332,0.218757464737762,0.977816214829262,0.218757464737762,0.697234641179331,0.302140614459214,0.77314268214418,0.176439803298364,0.860237191063491,-0.193987020637794,1.26302403831588,-0.263648782677331,0.773354043074872,0.226021212563674,0.884095437779543,0.0911080311224453,0.75,0.25
