"","simul_idx","up_dw","low_dw","up_dw_x1_to_xn","low_dw_x1_to_xn","up_dw_x1_to_xn_tails","low_dw_x1_to_xn_tails","up_t_test","low_t_test","up_anderson","low_anderson","up_cheby","low_cheby","up_emp_bern","low_emp_bern","up_hoeffding","low_hoeffding","up_PI_emp_bern","low_PI_emp_bern","up_PI_hedged","low_PI_hedged"
"1",387,0.702972002597878,0.332161820819528,0.70293657538798,0.332180658619543,0.799266584298989,0.332180658619543,0.638566551397186,0.400207871993206,0.692362139108901,0.326508876562146,0.792266097305664,0.0733792555196636,0.888132216360406,0.150642207029987,0.692469049955425,0.346305373434968,0.742352236219812,0.305896900989879,0.68,0.35
