"","simul_idx","up_dw","low_dw","up_dw_x1_to_xn","low_dw_x1_to_xn","up_dw_x1_to_xn_tails","low_dw_x1_to_xn_tails","up_t_test","low_t_test","up_anderson","low_anderson","up_cheby","low_cheby","up_emp_bern","low_emp_bern","up_hoeffding","low_hoeffding","up_PI_emp_bern","low_PI_emp_bern","up_PI_hedged","low_PI_hedged"
"1",268,0.680436598477258,0.414590971902212,0.680434574486318,0.414597155062479,0.735031104865202,0.414597155062479,0.632561673654866,0.467117092783116,0.672166620916539,0.41749378098847,0.756610075816574,0.243097893672501,0.772106527433111,0.327572239004872,0.672226724753032,0.42745204168495,0.709680422716352,0.394450637980123,0.66,0.43
