"","simul_idx","up_dw","low_dw","up_dw_x1_to_xn","low_dw_x1_to_xn","up_dw_x1_to_xn_tails","low_dw_x1_to_xn_tails","up_t_test","low_t_test","up_anderson","low_anderson","up_cheby","low_cheby","up_emp_bern","low_emp_bern","up_hoeffding","low_hoeffding","up_PI_emp_bern","low_PI_emp_bern","up_PI_hedged","low_PI_hedged"
"1",432,0.854085145728831,0.301273538826672,0.853921524035574,0.301345316694853,1.05099947926424,0.301345316694853,0.793386776048835,0.406185891553493,0.873136839001907,0.276466821679611,0.903236439851655,-0.103521328116769,1.35692328503819,-0.157350617435863,0.873452749056763,0.326119918545566,0.976908638969973,0.193486908088413,0.83,0.34
