"","simul_idx","up_dw","low_dw","up_dw_x1_to_xn","low_dw_x1_to_xn","up_dw_x1_to_xn_tails","low_dw_x1_to_xn_tails","up_t_test","low_t_test","up_anderson","low_anderson","up_cheby","low_cheby","up_emp_bern","low_emp_bern","up_hoeffding","low_hoeffding","up_PI_emp_bern","low_PI_emp_bern","up_PI_hedged","low_PI_hedged"
"1",129,0.721200855680527,0.35110597057551,0.721168283988286,0.351130975043431,0.817507484006621,0.351130975043431,0.658756703516588,0.420962963833577,0.712813176209249,0.346914408876953,0.805112260103551,0.0946541293549195,0.908147205055952,0.171572462294213,0.712941671935311,0.366777995414854,0.752533509713401,0.316505856636579,0.7,0.38
