"","simul_idx","up_dw","low_dw","up_dw_x1_to_xn","low_dw_x1_to_xn","up_dw_x1_to_xn_tails","low_dw_x1_to_xn_tails","up_t_test","low_t_test","up_anderson","low_anderson","up_cheby","low_cheby","up_emp_bern","low_emp_bern","up_hoeffding","low_hoeffding","up_PI_emp_bern","low_PI_emp_bern","up_PI_hedged","low_PI_hedged"
"1",408,0.623748688685597,0.356957207693992,0.623731244096748,0.356974940377158,0.678344828261335,0.356974940377158,0.572924649581799,0.406812686822146,0.612167428300087,0.357569937023351,0.711937386711119,0.17873291911065,0.712681691229199,0.267055645174747,0.612256009736014,0.367481326667932,0.64576449205739,0.329112594452174,0.61,0.38
