"","simul_idx","up_dw","low_dw","up_dw_x1_to_xn","low_dw_x1_to_xn","up_dw_x1_to_xn_tails","low_dw_x1_to_xn_tails","up_t_test","low_t_test","up_anderson","low_anderson","up_cheby","low_cheby","up_emp_bern","low_emp_bern","up_hoeffding","low_hoeffding","up_PI_emp_bern","low_PI_emp_bern","up_PI_hedged","low_PI_hedged"
"1",467,0.781254253832302,0.219175631806623,0.781117008766589,0.219209835250883,0.978137738293974,0.219209835250883,0.697778901390875,0.302783377049333,0.773636806275044,0.17699069158896,0.860507746825347,-0.193466227865209,1.26354018363542,-0.262977905195216,0.773947554475703,0.226614723964505,0.908753983022725,0.116127107396485,0.75,0.25
