"","simul_idx","up_dw","low_dw","up_dw_x1_to_xn","low_dw_x1_to_xn","up_dw_x1_to_xn_tails","low_dw_x1_to_xn_tails","up_t_test","low_t_test","up_anderson","low_anderson","up_cheby","low_cheby","up_emp_bern","low_emp_bern","up_hoeffding","low_hoeffding","up_PI_emp_bern","low_PI_emp_bern","up_PI_hedged","low_PI_hedged"
"1",481,0.574488306033109,0.453176676148368,0.574487353144215,0.453178483588108,0.587767249437409,0.453178483588108,0.550687987377776,0.4772465640001,0.568678272681019,0.457252066443619,0.624428902161272,0.383350069777822,0.591742136699522,0.436192414678354,0.568700558740058,0.459233992637818,0.57165308372933,0.452001129042058,0.56,0.46
