"","simul_idx","up_dw","low_dw","up_dw_x1_to_xn","low_dw_x1_to_xn","up_dw_x1_to_xn_tails","low_dw_x1_to_xn_tails","up_t_test","low_t_test","up_anderson","low_anderson","up_cheby","low_cheby","up_emp_bern","low_emp_bern","up_hoeffding","low_hoeffding","up_PI_emp_bern","low_PI_emp_bern","up_PI_hedged","low_PI_hedged"
"1",475,0.624128489090289,0.357273785057442,0.624117198239699,0.357277647083975,0.678710301280707,0.357277647083975,0.57332908932155,0.407138238216219,0.612536542121984,0.35792347654573,0.712213747864813,0.179120186260431,0.713111212785334,0.267356114752435,0.612621005302925,0.367846322234844,0.646066520906273,0.329543467217625,0.61,0.38
