"","simul_idx","up_dw","low_dw","up_dw_x1_to_xn","low_dw_x1_to_xn","up_dw_x1_to_xn_tails","low_dw_x1_to_xn_tails","up_t_test","low_t_test","up_anderson","low_anderson","up_cheby","low_cheby","up_emp_bern","low_emp_bern","up_hoeffding","low_hoeffding","up_PI_emp_bern","low_PI_emp_bern","up_PI_hedged","low_PI_hedged"
"1",35,0.917249086655367,0.394631085471487,0.917198147173025,0.39475590280564,1.11435688130178,0.39475590280564,0.879928936699183,0.51857159755835,0.972025780722928,0.376062382687741,0.940168500614679,-0.00783481110965717,1.43608909095522,-0.0375885566976831,0.972916682384365,0.425583851873168,1.08504860731407,0.32785029372401,0.89,0.43
