"","simul_idx","up_dw","low_dw","up_dw_x1_to_xn","low_dw_x1_to_xn","up_dw_x1_to_xn_tails","low_dw_x1_to_xn_tails","up_t_test","low_t_test","up_anderson","low_anderson","up_cheby","low_cheby","up_emp_bern","low_emp_bern","up_hoeffding","low_hoeffding","up_PI_emp_bern","low_PI_emp_bern","up_PI_hedged","low_PI_hedged"
"1",468,0.703604898423037,0.332720295467848,0.703578841882367,0.332762397750341,0.799943525330515,0.332762397750341,0.639300186197682,0.400791333946159,0.69296835486943,0.327067008695739,0.79268261466403,0.0740603187891706,0.888912413279247,0.151179106864594,0.693127598332149,0.346963921811692,0.733728668860241,0.296125467912937,0.68,0.36
