"","simul_idx","up_dw","low_dw","up_dw_x1_to_xn","low_dw_x1_to_xn","up_dw_x1_to_xn_tails","low_dw_x1_to_xn_tails","up_t_test","low_t_test","up_anderson","low_anderson","up_cheby","low_cheby","up_emp_bern","low_emp_bern","up_hoeffding","low_hoeffding","up_PI_emp_bern","low_PI_emp_bern","up_PI_hedged","low_PI_hedged"
"1",401,0.577657617230605,0.406641791570365,0.577655064584872,0.406644874045842,0.602438819933295,0.406644874045842,0.544087326717855,0.439900888677666,0.569358204084307,0.410629317451302,0.644855080500242,0.301287434303144,0.61226518474598,0.371723030649541,0.56939865890186,0.414589556493662,0.584018401745453,0.405621376861074,0.56,0.42
