"","simul_idx","up_dw","low_dw","up_dw_x1_to_xn","low_dw_x1_to_xn","up_dw_x1_to_xn_tails","low_dw_x1_to_xn_tails","up_t_test","low_t_test","up_anderson","low_anderson","up_cheby","low_cheby","up_emp_bern","low_emp_bern","up_hoeffding","low_hoeffding","up_PI_emp_bern","low_PI_emp_bern","up_PI_hedged","low_PI_hedged"
"1",47,0.531891659518816,0.177471031449594,0.531863911962736,0.177488351563815,0.628191658839654,0.177488351563815,0.453653912793406,0.227638622442036,0.513620421872705,0.147808436174605,0.671879643104488,-0.104135863741619,0.699392425569986,-0.0180998903345438,0.51372810587795,0.167564429357493,0.556024124127674,0.138278035545144,0.51,0.2
