"","simul_idx","up_dw","low_dw","up_dw_x1_to_xn","low_dw_x1_to_xn","up_dw_x1_to_xn_tails","low_dw_x1_to_xn_tails","up_t_test","low_t_test","up_anderson","low_anderson","up_cheby","low_cheby","up_emp_bern","low_emp_bern","up_hoeffding","low_hoeffding","up_PI_emp_bern","low_PI_emp_bern","up_PI_hedged","low_PI_hedged"
"1",56,0.535042846662152,0.413832963759154,0.535041639116592,0.41383430469163,0.548320858337987,0.41383430469163,0.510876778361371,0.437511447566779,0.528907678711024,0.417480288721731,0.588529816495062,0.341262561865869,0.551906263471481,0.396481962456669,0.528927396015195,0.419460829912955,0.536046883290226,0.416593741046876,0.52,0.42
