"","simul_idx","up_dw","low_dw","up_dw_x1_to_xn","low_dw_x1_to_xn","up_dw_x1_to_xn_tails","low_dw_x1_to_xn_tails","up_t_test","low_t_test","up_anderson","low_anderson","up_cheby","low_cheby","up_emp_bern","low_emp_bern","up_hoeffding","low_hoeffding","up_PI_emp_bern","low_PI_emp_bern","up_PI_hedged","low_PI_hedged"
"1",328,0.62982914025186,0.261051940126676,0.629804229875362,0.261065497027567,0.726126367872714,0.261065497027567,0.558255717970655,0.321565707561291,0.612861967462959,0.246969596146887,0.740475517223418,-0.00729099594679639,0.807304000700819,0.0725174248311278,0.612992551026202,0.266828874505745,0.662964418312616,0.227877274355869,0.6,0.28
