"","simul_idx","up_dw","low_dw","up_dw_x1_to_xn","low_dw_x1_to_xn","up_dw_x1_to_xn_tails","low_dw_x1_to_xn_tails","up_t_test","low_t_test","up_anderson","low_anderson","up_cheby","low_cheby","up_emp_bern","low_emp_bern","up_hoeffding","low_hoeffding","up_PI_emp_bern","low_PI_emp_bern","up_PI_hedged","low_PI_hedged"
"1",85,0.573821093749355,0.402815591446343,0.573818634420572,0.402820513820913,0.598605078486956,0.402820513820913,0.540189657922708,0.435985362572674,0.56545172306436,0.406719314098088,0.641510380924308,0.297119446475098,0.60837327663334,0.367801743862042,0.56549206145179,0.410682959043592,0.575103294952203,0.395119197525214,0.56,0.42
