"","simul_idx","up_dw","low_dw","up_dw_x1_to_xn","low_dw_x1_to_xn","up_dw_x1_to_xn_tails","low_dw_x1_to_xn_tails","up_t_test","low_t_test","up_anderson","low_anderson","up_cheby","low_cheby","up_emp_bern","low_emp_bern","up_hoeffding","low_hoeffding","up_PI_emp_bern","low_PI_emp_bern","up_PI_hedged","low_PI_hedged"
"1",129,0.689581156600103,0.424305778901508,0.689578497001421,0.42431488680552,0.744179345996192,0.42431488680552,0.642189596156304,0.477228972767804,0.682023830203674,0.427374991197978,0.763814146951214,0.253839097525248,0.781580580150256,0.337837988773852,0.682096625996095,0.437321942928013,0.718304125225779,0.405488772530625,0.67,0.44
