"","simul_idx","up_dw","low_dw","up_dw_x1_to_xn","low_dw_x1_to_xn","up_dw_x1_to_xn_tails","low_dw_x1_to_xn_tails","up_t_test","low_t_test","up_anderson","low_anderson","up_cheby","low_cheby","up_emp_bern","low_emp_bern","up_hoeffding","low_hoeffding","up_PI_emp_bern","low_PI_emp_bern","up_PI_hedged","low_PI_hedged"
"1",480,0.741419638871717,0.181507710718021,0.741414689290054,0.181540004187156,0.938432509932762,0.181540004187156,0.646959560571811,0.253710974794774,0.723729762118619,0.127066293043586,0.837127837360853,-0.23668081378313,1.21222222552634,-0.311551690159757,0.724001682938891,0.176668852427694,0.834392278619359,0.044352338579191,0.71,0.21
