"","simul_idx","up_dw","low_dw","up_dw_x1_to_xn","low_dw_x1_to_xn","up_dw_x1_to_xn_tails","low_dw_x1_to_xn_tails","up_t_test","low_t_test","up_anderson","low_anderson","up_cheby","low_cheby","up_emp_bern","low_emp_bern","up_hoeffding","low_hoeffding","up_PI_emp_bern","low_PI_emp_bern","up_PI_hedged","low_PI_hedged"
"1",305,0.703508680328677,0.332605514450877,0.703494574980845,0.332610119849119,0.799803371215219,0.332610119849119,0.639095866882795,0.400753984239522,0.692918969399886,0.326993142443011,0.792606205698855,0.0739353369030759,0.888656323895492,0.151193527226825,0.693006763821387,0.34684308730093,0.742625197604527,0.306695385195866,0.69,0.36
