"","simul_idx","up_dw","low_dw","up_dw_x1_to_xn","low_dw_x1_to_xn","up_dw_x1_to_xn_tails","low_dw_x1_to_xn_tails","up_t_test","low_t_test","up_anderson","low_anderson","up_cheby","low_cheby","up_emp_bern","low_emp_bern","up_hoeffding","low_hoeffding","up_PI_emp_bern","low_PI_emp_bern","up_PI_hedged","low_PI_hedged"
"1",253,0.720952971521808,0.351003785441906,0.720920854317563,0.351072371035274,0.817325009804146,0.351072371035274,0.658532138335538,0.420794736745303,0.71257725937499,0.346787587556672,0.804990041322251,0.0944490212451173,0.907905171863967,0.171421703216874,0.712745275800649,0.366581599280192,0.762561033459359,0.325830893093995,0.69,0.37
