"","simul_idx","up_dw","low_dw","up_dw_x1_to_xn","low_dw_x1_to_xn","up_dw_x1_to_xn_tails","low_dw_x1_to_xn_tails","up_t_test","low_t_test","up_anderson","low_anderson","up_cheby","low_cheby","up_emp_bern","low_emp_bern","up_hoeffding","low_hoeffding","up_PI_emp_bern","low_PI_emp_bern","up_PI_hedged","low_PI_hedged"
"1",183,0.661733552783472,0.395266184499103,0.661712122172343,0.395279592703029,0.716319320900676,0.395279592703029,0.612863268603126,0.44696639173586,0.652219467368215,0.397621340528109,0.741936210915136,0.221545298483942,0.752551925689874,0.307277734649112,0.652302171703534,0.407527488635452,0.685587650846078,0.368978862709851,0.64,0.41
