"","simul_idx","up_dw","low_dw","up_dw_x1_to_xn","low_dw_x1_to_xn","up_dw_x1_to_xn_tails","low_dw_x1_to_xn_tails","up_t_test","low_t_test","up_anderson","low_anderson","up_cheby","low_cheby","up_emp_bern","low_emp_bern","up_hoeffding","low_hoeffding","up_PI_emp_bern","low_PI_emp_bern","up_PI_hedged","low_PI_hedged"
"1",123,0.781245425751976,0.21898663666843,0.781198391967521,0.219054840233687,0.978270903546755,0.219054840233687,0.69780710404771,0.30248621956977,0.773546471427994,0.176783556633107,0.860446460101244,-0.193584244356257,1.26366125171568,-0.263367928098204,0.773813077064339,0.226480246553141,0.884609330042175,0.0913034864683585,0.75,0.25
