"","simul_idx","up_dw","low_dw","up_dw_x1_to_xn","low_dw_x1_to_xn","up_dw_x1_to_xn_tails","low_dw_x1_to_xn_tails","up_t_test","low_t_test","up_anderson","low_anderson","up_cheby","low_cheby","up_emp_bern","low_emp_bern","up_hoeffding","low_hoeffding","up_PI_emp_bern","low_PI_emp_bern","up_PI_hedged","low_PI_hedged"
"1",409,0.5737532164455,0.402737465632456,0.573750937018962,0.402738713368967,0.598532032373812,0.402738713368967,0.540111660015665,0.435913686134493,0.565386367304542,0.40664555255015,0.641446266210886,0.297039643548881,0.608293239450761,0.367732106699397,0.565417224279178,0.41060812187098,0.578671027187925,0.399588990907978,0.56,0.41
