"","simul_idx","up_dw","low_dw","up_dw_x1_to_xn","low_dw_x1_to_xn","up_dw_x1_to_xn_tails","low_dw_x1_to_xn_tails","up_t_test","low_t_test","up_anderson","low_anderson","up_cheby","low_cheby","up_emp_bern","low_emp_bern","up_hoeffding","low_hoeffding","up_PI_emp_bern","low_PI_emp_bern","up_PI_hedged","low_PI_hedged"
"1",286,0.738840362209563,0.370134516866436,0.73878309197706,0.370189209762864,0.835166541099921,0.370189209762864,0.678352270306136,0.441675436756537,0.732950765459279,0.367094187188162,0.8175470700976,0.115809352454627,0.927396467460818,0.192631239601855,0.733095691791565,0.386932015271108,0.782331973057152,0.346396409350532,0.71,0.39
