"","simul_idx","up_dw","low_dw","up_dw_x1_to_xn","low_dw_x1_to_xn","up_dw_x1_to_xn_tails","low_dw_x1_to_xn_tails","up_t_test","low_t_test","up_anderson","low_anderson","up_cheby","low_cheby","up_emp_bern","low_emp_bern","up_hoeffding","low_hoeffding","up_PI_emp_bern","low_PI_emp_bern","up_PI_hedged","low_PI_hedged"
"1",133,0.569768552807901,0.398793210299484,0.56976571580453,0.398798083667318,0.594552088255416,0.398798083667318,0.536059571761563,0.431882864244859,0.561341052958315,0.402605483016876,0.637981548085616,0.29273233268979,0.604234290769482,0.36370814523694,0.56137576920731,0.406566666799112,0.571855568823056,0.393298048769016,0.56,0.41
