"","simul_idx","up_dw","low_dw","up_dw_x1_to_xn","low_dw_x1_to_xn","up_dw_x1_to_xn_tails","low_dw_x1_to_xn_tails","up_t_test","low_t_test","up_anderson","low_anderson","up_cheby","low_cheby","up_emp_bern","low_emp_bern","up_hoeffding","low_hoeffding","up_PI_emp_bern","low_PI_emp_bern","up_PI_hedged","low_PI_hedged"
"1",11,0.685477423568625,0.314331118112607,0.685441900985327,0.314345259365696,0.781764909930144,0.314345259365696,0.619201975628326,0.380586497729459,0.672875754628826,0.306960805144958,0.779840326301277,0.0533167348302114,0.868847262721015,0.130941210636771,0.672976074939121,0.326812398418664,0.724226223756934,0.285442587549351,0.66,0.33
