"","simul_idx","up_dw","low_dw","up_dw_x1_to_xn","low_dw_x1_to_xn","up_dw_x1_to_xn_tails","low_dw_x1_to_xn_tails","up_t_test","low_t_test","up_anderson","low_anderson","up_cheby","low_cheby","up_emp_bern","low_emp_bern","up_hoeffding","low_hoeffding","up_PI_emp_bern","low_PI_emp_bern","up_PI_hedged","low_PI_hedged"
"1",352,0.581664574793367,0.410620648169455,0.581663345564135,0.410622039812064,0.606444648742676,0.410622039812064,0.548180088761556,0.443952773315817,0.573431122870754,0.414693047861553,0.6483371100015,0.305636795842128,0.616371133644652,0.375761728432721,0.573470982242786,0.418661879834588,0.587408061782229,0.408972565821927,0.57,0.42
