"","simul_idx","up_dw","low_dw","up_dw_x1_to_xn","low_dw_x1_to_xn","up_dw_x1_to_xn_tails","low_dw_x1_to_xn_tails","up_t_test","low_t_test","up_anderson","low_anderson","up_cheby","low_cheby","up_emp_bern","low_emp_bern","up_hoeffding","low_hoeffding","up_PI_emp_bern","low_PI_emp_bern","up_PI_hedged","low_PI_hedged"
"1",191,0.721049974731022,0.351018045087671,0.721006724706598,0.351065293505983,0.817379100955384,0.351065293505983,0.658602010484372,0.420852513071614,0.712670785772192,0.346816974118003,0.80502976180624,0.0945156744904157,0.907978794405292,0.171475729150695,0.712809100038222,0.366645423517765,0.753379444970644,0.31551242413516,0.7,0.38
