"","simul_idx","up_dw","low_dw","up_dw_x1_to_xn","low_dw_x1_to_xn","up_dw_x1_to_xn_tails","low_dw_x1_to_xn_tails","up_t_test","low_t_test","up_anderson","low_anderson","up_cheby","low_cheby","up_emp_bern","low_emp_bern","up_hoeffding","low_hoeffding","up_PI_emp_bern","low_PI_emp_bern","up_PI_hedged","low_PI_hedged"
"1",292,0.591533340610107,0.226781388340161,0.591517612226298,0.226809867079921,0.687861994025915,0.226809867079921,0.517008765450557,0.283231643316612,0.573110013249021,0.207231737059776,0.713474404603142,-0.0466073972971678,0.765153887250996,0.0350865215161732,0.573202042643813,0.227038366123356,0.621107025971623,0.190981927077454,0.57,0.25
