"","simul_idx","up_dw","low_dw","up_dw_x1_to_xn","low_dw_x1_to_xn","up_dw_x1_to_xn_tails","low_dw_x1_to_xn_tails","up_t_test","low_t_test","up_anderson","low_anderson","up_cheby","low_cheby","up_emp_bern","low_emp_bern","up_hoeffding","low_hoeffding","up_PI_emp_bern","low_PI_emp_bern","up_PI_hedged","low_PI_hedged"
"1",277,0.685389905945896,0.314325827818605,0.685344045577964,0.314331311904865,0.781654151452487,0.314331311904865,0.619112320123252,0.38057660806704,0.672811503379169,0.306942578590497,0.779808361519294,0.0532657453059496,0.868732875270943,0.130956052919349,0.672926302355375,0.326762625834918,0.724184202328922,0.285309321594189,0.66,0.34
