"","simul_idx","up_dw","low_dw","up_dw_x1_to_xn","low_dw_x1_to_xn","up_dw_x1_to_xn_tails","low_dw_x1_to_xn_tails","up_t_test","low_t_test","up_anderson","low_anderson","up_cheby","low_cheby","up_emp_bern","low_emp_bern","up_hoeffding","low_hoeffding","up_PI_emp_bern","low_PI_emp_bern","up_PI_hedged","low_PI_hedged"
"1",118,0.853379237710737,0.300538071969474,0.853236605660473,0.300596519153201,1.05029425830864,0.300596519153201,0.792520923866966,0.405208883897947,0.87231378871399,0.275722752496738,0.902865885219182,-0.104379346709239,1.3560891592388,-0.158359351473883,0.872531319138055,0.325198488626858,1.0002563249704,0.2169274289264,0.82,0.33
