"","simul_idx","up_dw","low_dw","up_dw_x1_to_xn","low_dw_x1_to_xn","up_dw_x1_to_xn_tails","low_dw_x1_to_xn_tails","up_t_test","low_t_test","up_anderson","low_anderson","up_cheby","low_cheby","up_emp_bern","low_emp_bern","up_hoeffding","low_hoeffding","up_PI_emp_bern","low_PI_emp_bern","up_PI_hedged","low_PI_hedged"
"1",244,0.685952914899827,0.314868921107805,0.685946224808683,0.314884068041997,0.782270732670434,0.314884068041997,0.61974331501669,0.381167884751402,0.673359645891336,0.307489644080053,0.780200760241844,0.0538919062315666,0.869376185066719,0.131535014701373,0.673537438144275,0.327373761623818,0.724980541021157,0.285805806810615,0.66,0.34
