"","simul_idx","up_dw","low_dw","up_dw_x1_to_xn","low_dw_x1_to_xn","up_dw_x1_to_xn_tails","low_dw_x1_to_xn_tails","up_t_test","low_t_test","up_anderson","low_anderson","up_cheby","low_cheby","up_emp_bern","low_emp_bern","up_hoeffding","low_hoeffding","up_PI_emp_bern","low_PI_emp_bern","up_PI_hedged","low_PI_hedged"
"1",204,0.573803031437254,0.402829998719066,0.573798632932842,0.402833467726608,0.598582966519803,0.402833467726608,0.540168563697632,0.436005382427364,0.565441833428465,0.406715569141802,0.641509920711055,0.297118873639903,0.608338919203326,0.36783502692167,0.565491524266597,0.410682421858399,0.578356605652771,0.398776210676867,0.56,0.41
