"","simul_idx","up_dw","low_dw","up_dw_x1_to_xn","low_dw_x1_to_xn","up_dw_x1_to_xn_tails","low_dw_x1_to_xn_tails","up_t_test","low_t_test","up_anderson","low_anderson","up_cheby","low_cheby","up_emp_bern","low_emp_bern","up_hoeffding","low_hoeffding","up_PI_emp_bern","low_PI_emp_bern","up_PI_hedged","low_PI_hedged"
"1",464,0.853995036705895,0.301552070254151,0.853791129704076,0.301772745765303,1.05109585546304,0.301772745765303,0.793304958157977,0.406495910357391,0.873003392085031,0.276655907752336,0.903282291253291,-0.103415045576379,1.35672962775307,-0.156928759237702,0.873566849513283,0.326234019002085,0.976377759114838,0.194286758456842,0.83,0.34
