"","simul_idx","up_dw","low_dw","up_dw_x1_to_xn","low_dw_x1_to_xn","up_dw_x1_to_xn_tails","low_dw_x1_to_xn_tails","up_t_test","low_t_test","up_anderson","low_anderson","up_cheby","low_cheby","up_emp_bern","low_emp_bern","up_hoeffding","low_hoeffding","up_PI_emp_bern","low_PI_emp_bern","up_PI_hedged","low_PI_hedged"
"1",418,0.604705465290969,0.338241317918558,0.604697625719047,0.338258695533769,0.659310685597665,0.338258695533769,0.552986148484942,0.387126785651943,0.592369283907593,0.337756796810718,0.696857928232162,0.157790193710461,0.692662878333121,0.247450055803764,0.592443808602483,0.347669125534402,0.63070358785957,0.314665970197043,0.59,0.36
