"","simul_idx","up_dw","low_dw","up_dw_x1_to_xn","low_dw_x1_to_xn","up_dw_x1_to_xn_tails","low_dw_x1_to_xn_tails","up_t_test","low_t_test","up_anderson","low_anderson","up_cheby","low_cheby","up_emp_bern","low_emp_bern","up_hoeffding","low_hoeffding","up_PI_emp_bern","low_PI_emp_bern","up_PI_hedged","low_PI_hedged"
"1",262,0.548809561995773,0.427501501458294,0.548807910451172,0.427503071213811,0.562087461778068,0.427503071213811,0.524762915885027,0.451316484949598,0.542749205128793,0.431333377591721,0.601063796321791,0.355876792731763,0.565818688327702,0.410260712506923,0.542772983468432,0.433306417366193,0.545573979000566,0.426068981355766,0.54,0.44
