"","simul_idx","up_dw","low_dw","up_dw_x1_to_xn","low_dw_x1_to_xn","up_dw_x1_to_xn_tails","low_dw_x1_to_xn_tails","up_t_test","low_t_test","up_anderson","low_anderson","up_cheby","low_cheby","up_emp_bern","low_emp_bern","up_hoeffding","low_hoeffding","up_PI_emp_bern","low_PI_emp_bern","up_PI_hedged","low_PI_hedged"
"1",220,0.636026168107489,0.465788880847335,0.636024872930589,0.465790972984226,0.660807181057718,0.465790972984226,0.60368691612338,0.500050253054912,0.629230946445307,0.470495079877545,0.695561832475511,0.365723907119,0.671687419382498,0.432049749795793,0.629273135793245,0.474464033385047,0.637988834179512,0.460050855673804,0.62,0.48
