"","simul_idx","up_dw","low_dw","up_dw_x1_to_xn","low_dw_x1_to_xn","up_dw_x1_to_xn_tails","low_dw_x1_to_xn_tails","up_t_test","low_t_test","up_anderson","low_anderson","up_cheby","low_cheby","up_emp_bern","low_emp_bern","up_hoeffding","low_hoeffding","up_PI_emp_bern","low_PI_emp_bern","up_PI_hedged","low_PI_hedged"
"1",390,0.721122953700157,0.351000239720711,0.721093852084876,0.351003256595078,0.817400280704576,0.351003256595078,0.658670895596847,0.420854153723799,0.712711586072709,0.346802778680761,0.80505170646613,0.094552501301075,0.908068529122534,0.171456520198111,0.712844362920551,0.366680686400094,0.75290428724885,0.315982441668681,0.69,0.37
