"","simul_idx","up_dw","low_dw","up_dw_x1_to_xn","low_dw_x1_to_xn","up_dw_x1_to_xn_tails","low_dw_x1_to_xn_tails","up_t_test","low_t_test","up_anderson","low_anderson","up_cheby","low_cheby","up_emp_bern","low_emp_bern","up_hoeffding","low_hoeffding","up_PI_emp_bern","low_PI_emp_bern","up_PI_hedged","low_PI_hedged"
"1",435,0.570564955612427,0.449241403079205,0.570562595664772,0.449242666629251,0.583841702576104,0.449242666629251,0.546730279978728,0.473270754599848,0.564711438584489,0.453289348088273,0.620863375697138,0.379137638595583,0.587790296778888,0.432210737799689,0.564733800340408,0.455267234238168,0.57151699209069,0.451899413403251,0.56,0.46
