"","simul_idx","up_dw","low_dw","up_dw_x1_to_xn","low_dw_x1_to_xn","up_dw_x1_to_xn_tails","low_dw_x1_to_xn_tails","up_t_test","low_t_test","up_anderson","low_anderson","up_cheby","low_cheby","up_emp_bern","low_emp_bern","up_hoeffding","low_hoeffding","up_PI_emp_bern","low_PI_emp_bern","up_PI_hedged","low_PI_hedged"
"1",173,0.61426054690164,0.347601473397262,0.614248704465202,0.347612813085997,0.668852848866954,0.347612813085997,0.562985644592348,0.396968474882201,0.602277592861599,0.347696534349484,0.704427821455592,0.168257741703089,0.702712547670586,0.257241571803962,0.602364401271315,0.357589718203233,0.640701380902367,0.324413625792671,0.6,0.37
