"","simul_idx","up_dw","low_dw","up_dw_x1_to_xn","low_dw_x1_to_xn","up_dw_x1_to_xn_tails","low_dw_x1_to_xn_tails","up_t_test","low_t_test","up_anderson","low_anderson","up_cheby","low_cheby","up_emp_bern","low_emp_bern","up_hoeffding","low_hoeffding","up_PI_emp_bern","low_PI_emp_bern","up_PI_hedged","low_PI_hedged"
"1",31,0.521001059164286,0.39998612392213,0.52099969521716,0.399988053399127,0.534279768630822,0.399988053399127,0.496745954398559,0.423504829815526,0.514839408597955,0.403414077919467,0.57575467508641,0.326451976103868,0.537735180022604,0.382515604191481,0.514858675158162,0.405392109055922,0.522364247785879,0.403225668193307,0.51,0.41
