"","simul_idx","up_dw","low_dw","up_dw_x1_to_xn","low_dw_x1_to_xn","up_dw_x1_to_xn_tails","low_dw_x1_to_xn_tails","up_t_test","low_t_test","up_anderson","low_anderson","up_cheby","low_cheby","up_emp_bern","low_emp_bern","up_hoeffding","low_hoeffding","up_PI_emp_bern","low_PI_emp_bern","up_PI_hedged","low_PI_hedged"
"1",304,0.562681075391735,0.441329841584154,0.562680134573898,0.441330169497512,0.575957883535925,0.441330169497512,0.538764690971653,0.465286486708202,0.556737684834917,0.445313857681413,0.613684960926037,0.370678938760096,0.57983076223788,0.424220415441975,0.556758871891047,0.447292305788808,0.563765133299048,0.444179889072762,0.55,0.45
