"","simul_idx","up_dw","low_dw","up_dw_x1_to_xn","low_dw_x1_to_xn","up_dw_x1_to_xn_tails","low_dw_x1_to_xn_tails","up_t_test","low_t_test","up_anderson","low_anderson","up_cheby","low_cheby","up_emp_bern","low_emp_bern","up_hoeffding","low_hoeffding","up_PI_emp_bern","low_PI_emp_bern","up_PI_hedged","low_PI_hedged"
"1",184,0.698093111060461,0.14548824791176,0.698022021056551,0.145502032757362,0.895011653137708,0.145502032757362,0.592907162830941,0.206178866378241,0.673069850214439,0.0768190380635752,0.812126586470656,-0.279402566997868,1.15630878409505,-0.357222754885867,0.67320942986019,0.125876599348992,0.77794196481116,0.00166139943499183,0.66,0.17
