"","simul_idx","up_dw","low_dw","up_dw_x1_to_xn","low_dw_x1_to_xn","up_dw_x1_to_xn_tails","low_dw_x1_to_xn_tails","up_t_test","low_t_test","up_anderson","low_anderson","up_cheby","low_cheby","up_emp_bern","low_emp_bern","up_hoeffding","low_hoeffding","up_PI_emp_bern","low_PI_emp_bern","up_PI_hedged","low_PI_hedged"
"1",361,0.529083677840866,0.407937497089735,0.529083085939704,0.40793882799288,0.542362290604891,0.40793882799288,0.504879837376998,0.431546671814833,0.522927671570017,0.411497724240909,0.583103648858286,0.334961556231744,0.545898896633921,0.39052761255791,0.522946537647035,0.413479971544796,0.530260294545948,0.410928366947962,0.52,0.42
