"","simul_idx","up_dw","low_dw","up_dw_x1_to_xn","low_dw_x1_to_xn","up_dw_x1_to_xn_tails","low_dw_x1_to_xn_tails","up_t_test","low_t_test","up_anderson","low_anderson","up_cheby","low_cheby","up_emp_bern","low_emp_bern","up_hoeffding","low_hoeffding","up_PI_emp_bern","low_PI_emp_bern","up_PI_hedged","low_PI_hedged"
"1",364,0.57056216712239,0.449230487943108,0.570560936592177,0.449230883162127,0.583838821498407,0.449230883162127,0.546726593637565,0.473260428115852,0.564705198881321,0.453280254713998,0.620857074993226,0.379130201235615,0.58778876273538,0.432198259018038,0.564726793927828,0.455260227825589,0.572415116607584,0.452542946079507,0.56,0.46
