"","simul_idx","up_dw","low_dw","up_dw_x1_to_xn","low_dw_x1_to_xn","up_dw_x1_to_xn_tails","low_dw_x1_to_xn_tails","up_t_test","low_t_test","up_anderson","low_anderson","up_cheby","low_cheby","up_emp_bern","low_emp_bern","up_hoeffding","low_hoeffding","up_PI_emp_bern","low_PI_emp_bern","up_PI_hedged","low_PI_hedged"
"1",412,0.642818583905471,0.375986002937586,0.642807143387504,0.375997007881328,0.697410793511751,0.375997007881328,0.592959427237611,0.426789520446954,0.632193101244317,0.377590516058152,0.727006220722196,0.200038277172863,0.732734891651185,0.28701405603338,0.632261815376323,0.387487132308242,0.670514297699015,0.354098535246025,0.62,0.39
