"","simul_idx","up_dw","low_dw","up_dw_x1_to_xn","low_dw_x1_to_xn","up_dw_x1_to_xn_tails","low_dw_x1_to_xn_tails","up_t_test","low_t_test","up_anderson","low_anderson","up_cheby","low_cheby","up_emp_bern","low_emp_bern","up_hoeffding","low_hoeffding","up_PI_emp_bern","low_PI_emp_bern","up_PI_hedged","low_PI_hedged"
"1",199,0.614204888948824,0.347512410468207,0.614195800161509,0.347515609598802,0.668787924384139,0.347515609598802,0.562913020944277,0.396888050716119,0.602228758924554,0.34760910073151,0.704369576077662,0.168176852704516,0.702642404124726,0.25715866753567,0.602287877364239,0.357513194296157,0.635870747869089,0.319167886910783,0.6,0.37
