"","simul_idx","up_dw","low_dw","up_dw_x1_to_xn","low_dw_x1_to_xn","up_dw_x1_to_xn_tails","low_dw_x1_to_xn_tails","up_t_test","low_t_test","up_anderson","low_anderson","up_cheby","low_cheby","up_emp_bern","low_emp_bern","up_hoeffding","low_hoeffding","up_PI_emp_bern","low_PI_emp_bern","up_PI_hedged","low_PI_hedged"
"1",223,0.699096126477574,0.146232854921397,0.699045471521181,0.146266064901527,0.896064688006564,0.146266064901527,0.594097084140299,0.20722659883048,0.674058957859557,0.0775195361576033,0.812690170179711,-0.278474381532525,1.15753928944328,-0.356215606472498,0.674328256740988,0.126995426229791,0.780075248966211,0.00174676174423211,0.67,0.17
