"","simul_idx","up_dw","low_dw","up_dw_x1_to_xn","low_dw_x1_to_xn","up_dw_x1_to_xn_tails","low_dw_x1_to_xn_tails","up_t_test","low_t_test","up_anderson","low_anderson","up_cheby","low_cheby","up_emp_bern","low_emp_bern","up_hoeffding","low_hoeffding","up_PI_emp_bern","low_PI_emp_bern","up_PI_hedged","low_PI_hedged"
"1",351,0.591315319303789,0.226766380019701,0.591253866892111,0.226802348487587,0.687609408199118,0.226802348487587,0.516710671263907,0.283283601736504,0.572964052095368,0.20716173025418,0.713389840690731,-0.0467279465237228,0.764747256859835,0.0352470161405752,0.573078974760434,0.226915298239977,0.620075656756531,0.191676704720877,0.58,0.25
