"","simul_idx","up_dw","low_dw","up_dw_x1_to_xn","low_dw_x1_to_xn","up_dw_x1_to_xn_tails","low_dw_x1_to_xn_tails","up_t_test","low_t_test","up_anderson","low_anderson","up_cheby","low_cheby","up_emp_bern","low_emp_bern","up_hoeffding","low_hoeffding","up_PI_emp_bern","low_PI_emp_bern","up_PI_hedged","low_PI_hedged"
"1",136,0.698926355643445,0.145895868122635,0.698844617910786,0.145923217583075,0.895854908847507,0.145923217583075,0.594068244828288,0.206608893580498,0.673824632440225,0.0770695116769132,0.812527387715824,-0.278742628776634,1.15767852629842,-0.357001387889634,0.674004984459992,0.126672153948794,0.783330408247194,-0.00217520727015957,0.67,0.17
