"","simul_idx","up_dw","low_dw","up_dw_x1_to_xn","low_dw_x1_to_xn","up_dw_x1_to_xn_tails","low_dw_x1_to_xn_tails","up_t_test","low_t_test","up_anderson","low_anderson","up_cheby","low_cheby","up_emp_bern","low_emp_bern","up_hoeffding","low_hoeffding","up_PI_emp_bern","low_PI_emp_bern","up_PI_hedged","low_PI_hedged"
"1",375,0.854196025628493,0.301613952327865,0.854138338478628,0.301897303268148,1.05153851867204,0.301897303268148,0.793400807350192,0.406704977471855,0.873106575854927,0.276630305531725,0.90334354493746,-0.103273021722762,1.35679316189156,-0.156687377069509,0.873719307666623,0.326386477155425,1.00174950945914,0.217761830151078,0.82,0.33
