"","simul_idx","up_dw","low_dw","up_dw_x1_to_xn","low_dw_x1_to_xn","up_dw_x1_to_xn_tails","low_dw_x1_to_xn_tails","up_t_test","low_t_test","up_anderson","low_anderson","up_cheby","low_cheby","up_emp_bern","low_emp_bern","up_hoeffding","low_hoeffding","up_PI_emp_bern","low_PI_emp_bern","up_PI_hedged","low_PI_hedged"
"1",114,0.698975393980125,0.434297170917294,0.698967203507114,0.43430157547718,0.753561107641604,0.43430157547718,0.652157680197389,0.487541586113745,0.69215198413679,0.437529886127624,0.771169628288883,0.264920613812147,0.791439124300637,0.348260142010497,0.692236974689608,0.447462291621526,0.728489321681715,0.415466945752574,0.68,0.45
