"","simul_idx","up_dw","low_dw","up_dw_x1_to_xn","low_dw_x1_to_xn","up_dw_x1_to_xn_tails","low_dw_x1_to_xn_tails","up_t_test","low_t_test","up_anderson","low_anderson","up_cheby","low_cheby","up_emp_bern","low_emp_bern","up_hoeffding","low_hoeffding","up_PI_emp_bern","low_PI_emp_bern","up_PI_hedged","low_PI_hedged"
"1",60,0.56187973894708,0.391031550968899,0.561876304501103,0.391034115879205,0.586659330351834,0.391034115879205,0.528028339688906,0.423965980739427,0.553359614292222,0.394632578347013,0.631132214623473,0.284246939634538,0.596166170397484,0.355828150030848,0.553401711418265,0.398592609010067,0.563833271281707,0.385347630255227,0.55,0.41
