"","simul_idx","up_dw","low_dw","up_dw_x1_to_xn","low_dw_x1_to_xn","up_dw_x1_to_xn_tails","low_dw_x1_to_xn_tails","up_t_test","low_t_test","up_anderson","low_anderson","up_cheby","low_cheby","up_emp_bern","low_emp_bern","up_hoeffding","low_hoeffding","up_PI_emp_bern","low_PI_emp_bern","up_PI_hedged","low_PI_hedged"
"1",451,0.818148603914461,0.258365982207883,0.818036212705924,0.258424172888612,1.01509347470102,0.258424172888612,0.74580561164108,0.352809001216338,0.822755447616295,0.226196715611077,0.882228445587076,-0.149818703682132,1.31099635691288,-0.212381744055461,0.822973721684307,0.27564089117311,0.953513614916989,0.16704654721832,0.78,0.28
