"","simul_idx","up_dw","low_dw","up_dw_x1_to_xn","low_dw_x1_to_xn","up_dw_x1_to_xn_tails","low_dw_x1_to_xn_tails","up_t_test","low_t_test","up_anderson","low_anderson","up_cheby","low_cheby","up_emp_bern","low_emp_bern","up_hoeffding","low_hoeffding","up_PI_emp_bern","low_PI_emp_bern","up_PI_hedged","low_PI_hedged"
"1",155,0.585585736361693,0.41454416196441,0.585582897367153,0.414548569109833,0.610368617710767,0.414548569109833,0.55217633792488,0.44795802645165,0.577426065601256,0.418695166169891,0.651753376230127,0.309914281824229,0.62036447816963,0.3797698862069,0.577471733392364,0.422662630984166,0.588901645295578,0.409934084029108,0.57,0.43
