"","simul_idx","up_dw","low_dw","up_dw_x1_to_xn","low_dw_x1_to_xn","up_dw_x1_to_xn_tails","low_dw_x1_to_xn_tails","up_t_test","low_t_test","up_anderson","low_anderson","up_cheby","low_cheby","up_emp_bern","low_emp_bern","up_hoeffding","low_hoeffding","up_PI_emp_bern","low_PI_emp_bern","up_PI_hedged","low_PI_hedged"
"1",415,0.708048881474717,0.444116498484333,0.708035932461663,0.444125596268833,0.762636762610117,0.444125596268833,0.661706894804261,0.497740386102065,0.702034517199684,0.447400920900536,0.778286143983671,0.275756838658444,0.800781809272196,0.358665471634131,0.702110981987204,0.457336298919123,0.732868419356692,0.420819204044648,0.69,0.46
