"","simul_idx","up_dw","low_dw","up_dw_x1_to_xn","low_dw_x1_to_xn","up_dw_x1_to_xn_tails","low_dw_x1_to_xn_tails","up_t_test","low_t_test","up_anderson","low_anderson","up_cheby","low_cheby","up_emp_bern","low_emp_bern","up_hoeffding","low_hoeffding","up_PI_emp_bern","low_PI_emp_bern","up_PI_hedged","low_PI_hedged"
"1",162,0.54622836889388,0.283034933225953,0.54621676578141,0.283041068045642,0.600813224781601,0.283041068045642,0.492328272119136,0.328829065174294,0.532905347318857,0.278270071281102,0.650701142279644,0.0958055279871103,0.631254612336042,0.189902724957388,0.532966010180756,0.288191327112674,0.563415628518779,0.253688176804755,0.53,0.3
