"","simul_idx","up_dw","low_dw","up_dw_x1_to_xn","low_dw_x1_to_xn","up_dw_x1_to_xn_tails","low_dw_x1_to_xn_tails","up_t_test","low_t_test","up_anderson","low_anderson","up_cheby","low_cheby","up_emp_bern","low_emp_bern","up_hoeffding","low_hoeffding","up_PI_emp_bern","low_PI_emp_bern","up_PI_hedged","low_PI_hedged"
"1",448,0.60508289609163,0.434165115359134,0.605078977524654,0.434167391346982,0.629861562096404,0.434167391346982,0.572062123398429,0.467956935229039,0.597374523945838,0.438637721864455,0.668713554997346,0.331304770605988,0.64021377060793,0.399805288019538,0.597414080517833,0.442604978109635,0.606476179694872,0.428093795620873,0.59,0.45
