"","simul_idx","up_dw","low_dw","up_dw_x1_to_xn","low_dw_x1_to_xn","up_dw_x1_to_xn_tails","low_dw_x1_to_xn_tails","up_t_test","low_t_test","up_anderson","low_anderson","up_cheby","low_cheby","up_emp_bern","low_emp_bern","up_hoeffding","low_hoeffding","up_PI_emp_bern","low_PI_emp_bern","up_PI_hedged","low_PI_hedged"
"1",447,0.717108330285048,0.453994246169126,0.717100123550451,0.454006423832208,0.771705505287725,0.454006423832208,0.671325717468543,0.507897383175329,0.711917731579354,0.4573186626639,0.785366401098508,0.286654599486831,0.810229524384497,0.368993576259376,0.711998891855977,0.467224208787895,0.747017872767429,0.43627736715442,0.7,0.47
