"","simul_idx","up_dw","low_dw","up_dw_x1_to_xn","low_dw_x1_to_xn","up_dw_x1_to_xn_tails","low_dw_x1_to_xn_tails","up_t_test","low_t_test","up_anderson","low_anderson","up_cheby","low_cheby","up_emp_bern","low_emp_bern","up_hoeffding","low_hoeffding","up_PI_emp_bern","low_PI_emp_bern","up_PI_hedged","low_PI_hedged"
"1",350,0.584265388012186,0.463033858108346,0.584263692102762,0.463034169477221,0.597541417052725,0.463034169477221,0.560573134664172,0.487178855765045,0.578590417561183,0.467165424092144,0.63332051333982,0.393887320414314,0.601612002846163,0.446139987583053,0.578609278265728,0.469142712163489,0.579514848093509,0.459342412732984,0.57,0.47
