"","simul_idx","up_dw","low_dw","up_dw_x1_to_xn","low_dw_x1_to_xn","up_dw_x1_to_xn_tails","low_dw_x1_to_xn_tails","up_t_test","low_t_test","up_anderson","low_anderson","up_cheby","low_cheby","up_emp_bern","low_emp_bern","up_hoeffding","low_hoeffding","up_PI_emp_bern","low_PI_emp_bern","up_PI_hedged","low_PI_hedged"
"1",51,0.720823310687293,0.350704043501689,0.720789263600585,0.350736230376926,0.817139168634579,0.350736230376926,0.658377072824809,0.420488144615178,0.712382074314757,0.346492243926174,0.804846369370008,0.094207978496648,0.907797088217804,0.171068129222184,0.712514446980222,0.366350770459765,0.752594714744763,0.315620709280943,0.7,0.38
