"","simul_idx","up_dw","low_dw","up_dw_x1_to_xn","low_dw_x1_to_xn","up_dw_x1_to_xn_tails","low_dw_x1_to_xn_tails","up_t_test","low_t_test","up_anderson","low_anderson","up_cheby","low_cheby","up_emp_bern","low_emp_bern","up_hoeffding","low_hoeffding","up_PI_emp_bern","low_PI_emp_bern","up_PI_hedged","low_PI_hedged"
"1",161,0.557934449650428,0.387132030094771,0.557932364040353,0.387133788383206,0.582714175362202,0.387133788383206,0.524011685071677,0.419986912633136,0.549370601184741,0.390643758583981,0.627691703913,0.279999255418551,0.592137390552102,0.351861207152711,0.549403850056506,0.394594747648308,0.559008445918926,0.380165285541921,0.54,0.4
