"","simul_idx","up_dw","low_dw","up_dw_x1_to_xn","low_dw_x1_to_xn","up_dw_x1_to_xn_tails","low_dw_x1_to_xn_tails","up_t_test","low_t_test","up_anderson","low_anderson","up_cheby","low_cheby","up_emp_bern","low_emp_bern","up_hoeffding","low_hoeffding","up_PI_emp_bern","low_PI_emp_bern","up_PI_hedged","low_PI_hedged"
"1",307,0.853654567336171,0.300879511344744,0.853495976936604,0.300917956646491,1.05052316679642,0.300917956646491,0.792806947216415,0.405711844642256,0.872641923900874,0.276091005771552,0.903024591190872,-0.104012063285091,1.35631326356137,-0.157794471702697,0.872925811184934,0.325592980673737,1.00140540156463,0.216494775801089,0.83,0.33
