"","simul_idx","up_dw","low_dw","up_dw_x1_to_xn","low_dw_x1_to_xn","up_dw_x1_to_xn_tails","low_dw_x1_to_xn_tails","up_t_test","low_t_test","up_anderson","low_anderson","up_cheby","low_cheby","up_emp_bern","low_emp_bern","up_hoeffding","low_hoeffding","up_PI_emp_bern","low_PI_emp_bern","up_PI_hedged","low_PI_hedged"
"1",173,0.580385223292401,0.459116513969675,0.580384152049147,0.459117164492835,0.593662364914731,0.459117164492835,0.556651977252625,0.483230494768059,0.574657324628771,0.463229167987343,0.629792205745049,0.389700413883071,0.597699663048125,0.442182808972559,0.574674519061461,0.465207952959222,0.577679309060418,0.457954442763411,0.57,0.47
