"","simul_idx","up_dw","low_dw","up_dw_x1_to_xn","low_dw_x1_to_xn","up_dw_x1_to_xn_tails","low_dw_x1_to_xn_tails","up_t_test","low_t_test","up_anderson","low_anderson","up_cheby","low_cheby","up_emp_bern","low_emp_bern","up_hoeffding","low_hoeffding","up_PI_emp_bern","low_PI_emp_bern","up_PI_hedged","low_PI_hedged"
"1",249,0.612724494245535,0.441901039689397,0.612722995761553,0.44190243607381,0.637504287157822,0.44190243607381,0.579869449379583,0.475813949538251,0.605223702772875,0.446480707816636,0.675342540533846,0.339737650733301,0.648005067372771,0.407678331545062,0.605246250663016,0.450437148254818,0.614481299989868,0.435855267501318,0.6,0.46
