"","simul_idx","up_dw","low_dw","up_dw_x1_to_xn","low_dw_x1_to_xn","up_dw_x1_to_xn_tails","low_dw_x1_to_xn_tails","up_t_test","low_t_test","up_anderson","low_anderson","up_cheby","low_cheby","up_emp_bern","low_emp_bern","up_hoeffding","low_hoeffding","up_PI_emp_bern","low_PI_emp_bern","up_PI_hedged","low_PI_hedged"
"1",259,0.57252030955466,0.451197860794981,0.57251904790817,0.451198798570063,0.585797682001483,0.451198798570063,0.548707356865498,0.475242835531101,0.566686819788068,0.455262843845234,0.622638650367546,0.381234087276179,0.589768993025906,0.434181199370694,0.56670837924942,0.45724181314718,0.573830668802111,0.454370943050604,0.56,0.46
