"","simul_idx","up_dw","low_dw","up_dw_x1_to_xn","low_dw_x1_to_xn","up_dw_x1_to_xn_tails","low_dw_x1_to_xn_tails","up_t_test","low_t_test","up_anderson","low_anderson","up_cheby","low_cheby","up_emp_bern","low_emp_bern","up_hoeffding","low_hoeffding","up_PI_emp_bern","low_PI_emp_bern","up_PI_hedged","low_PI_hedged"
"1",207,0.585415112684643,0.319654034144525,0.585394167598962,0.319655322509741,0.639983470425106,0.319655322509741,0.53288961040894,0.367529077275274,0.572552070665879,0.317945542567234,0.681600848340703,0.136961595008583,0.672407741989932,0.228010945694282,0.572596685376148,0.327822002308066,0.610562969279209,0.295311414020655,0.57,0.34
