"","simul_idx","up_dw","low_dw","up_dw_x1_to_xn","low_dw_x1_to_xn","up_dw_x1_to_xn_tails","low_dw_x1_to_xn_tails","up_t_test","low_t_test","up_anderson","low_anderson","up_cheby","low_cheby","up_emp_bern","low_emp_bern","up_hoeffding","low_hoeffding","up_PI_emp_bern","low_PI_emp_bern","up_PI_hedged","low_PI_hedged"
"1",475,0.698872393767692,0.146090347477707,0.698757089674429,0.146229124542918,0.895937084419214,0.146229124542918,0.594045826418804,0.206799860278219,0.673781871950784,0.0772291604637993,0.812569828216702,-0.278672703752019,1.15759520276837,-0.356749516071351,0.67408925860411,0.126756428092913,0.782459159019996,-0.00105433960666135,0.67,0.18
