"","simul_idx","up_dw","low_dw","up_dw_x1_to_xn","low_dw_x1_to_xn","up_dw_x1_to_xn_tails","low_dw_x1_to_xn_tails","up_t_test","low_t_test","up_anderson","low_anderson","up_cheby","low_cheby","up_emp_bern","low_emp_bern","up_hoeffding","low_hoeffding","up_PI_emp_bern","low_PI_emp_bern","up_PI_hedged","low_PI_hedged"
"1",346,0.556167900062226,0.292249301613411,0.556155070371087,0.292269523414225,0.61077232991511,0.292269523414225,0.502584446039697,0.338579066299306,0.542895374429743,0.2882959614753,0.658553792768413,0.106140309357953,0.64167171919299,0.199491793146013,0.542969097703542,0.29819441463546,0.574438197497427,0.262605113282601,0.54,0.31
