"","simul_idx","up_dw","low_dw","up_dw_x1_to_xn","low_dw_x1_to_xn","up_dw_x1_to_xn_tails","low_dw_x1_to_xn_tails","up_t_test","low_t_test","up_anderson","low_anderson","up_cheby","low_cheby","up_emp_bern","low_emp_bern","up_hoeffding","low_hoeffding","up_PI_emp_bern","low_PI_emp_bern","up_PI_hedged","low_PI_hedged"
"1",151,0.534347724509599,0.364094512587357,0.534346337113425,0.364098401701905,0.559131291140957,0.364098401701905,0.500077472053079,0.396448383589029,0.525640268836599,0.36688841535089,0.607176348502742,0.254867743460823,0.568075531781143,0.328450323860965,0.525667479025153,0.370858376616955,0.539160388301928,0.360514398216574,0.52,0.38
