"","simul_idx","up_dw","low_dw","up_dw_x1_to_xn","low_dw_x1_to_xn","up_dw_x1_to_xn_tails","low_dw_x1_to_xn_tails","up_t_test","low_t_test","up_anderson","low_anderson","up_cheby","low_cheby","up_emp_bern","low_emp_bern","up_hoeffding","low_hoeffding","up_PI_emp_bern","low_PI_emp_bern","up_PI_hedged","low_PI_hedged"
"1",153,0.630047399885443,0.261166598490702,0.630016662714827,0.261187964372335,0.726350439603912,0.261187964372335,0.558573832008063,0.321592082840085,0.613096196476227,0.247195334598949,0.740590900240982,-0.00711930453419263,0.807712570335404,0.0724533445127431,0.613164795684302,0.267001119163845,0.663911875852457,0.227317251318594,0.61,0.28
