"","simul_idx","up_dw","low_dw","up_dw_x1_to_xn","low_dw_x1_to_xn","up_dw_x1_to_xn_tails","low_dw_x1_to_xn_tails","up_t_test","low_t_test","up_anderson","low_anderson","up_cheby","low_cheby","up_emp_bern","low_emp_bern","up_hoeffding","low_hoeffding","up_PI_emp_bern","low_PI_emp_bern","up_PI_hedged","low_PI_hedged"
"1",357,0.608927713804235,0.438062070897357,0.608924404008216,0.438065794825345,0.633709096736789,0.438065794825345,0.575999199870294,0.471909318727122,0.601312129209045,0.442580831597171,0.672054581909377,0.335549762895829,0.644145909106553,0.403762609490862,0.601358810502806,0.446549708094609,0.61042311438325,0.432056629068963,0.6,0.45
