"","simul_idx","up_dw","low_dw","up_dw_x1_to_xn","low_dw_x1_to_xn","up_dw_x1_to_xn_tails","low_dw_x1_to_xn_tails","up_t_test","low_t_test","up_anderson","low_anderson","up_cheby","low_cheby","up_emp_bern","low_emp_bern","up_hoeffding","low_hoeffding","up_PI_emp_bern","low_PI_emp_bern","up_PI_hedged","low_PI_hedged"
"1",469,0.594268157246257,0.473154911385451,0.594267405597112,0.473155906400026,0.607546122765758,0.473155906400026,0.570684800042709,0.497372742907497,0.588742025477322,0.477315340534147,0.642408750880207,0.40470648730627,0.61169701733569,0.456360525614516,0.588762054526223,0.479295488423983,0.595679876392806,0.47603963830219,0.58,0.48
