"","simul_idx","up_dw","low_dw","up_dw_x1_to_xn","low_dw_x1_to_xn","up_dw_x1_to_xn_tails","low_dw_x1_to_xn_tails","up_t_test","low_t_test","up_anderson","low_anderson","up_cheby","low_cheby","up_emp_bern","low_emp_bern","up_hoeffding","low_hoeffding","up_PI_emp_bern","low_PI_emp_bern","up_PI_hedged","low_PI_hedged"
"1",345,0.738621391523905,0.369751207271139,0.73857430109761,0.369773382093978,0.834909283672742,0.369773382093978,0.678147842314899,0.441222939665205,0.732644514575903,0.366745327666058,0.817346135138143,0.115462849845277,0.927268954990499,0.192101826989605,0.73276722925028,0.386603552729823,0.782231465600553,0.345839608921508,0.71,0.39
