"","simul_idx","up_dw","low_dw","up_dw_x1_to_xn","low_dw_x1_to_xn","up_dw_x1_to_xn_tails","low_dw_x1_to_xn_tails","up_t_test","low_t_test","up_anderson","low_anderson","up_cheby","low_cheby","up_emp_bern","low_emp_bern","up_hoeffding","low_hoeffding","up_PI_emp_bern","low_PI_emp_bern","up_PI_hedged","low_PI_hedged"
"1",417,0.819002105896227,0.259000914174716,0.81896728734266,0.259092930009833,1.01607606491614,0.259092930009833,0.746926466104956,0.353578230288865,0.823589444432322,0.226746820363803,0.88263467763202,-0.14896488003614,1.31221757352074,-0.211712877126914,0.823918763452509,0.276585932941312,0.932423941376215,0.141415735493507,0.8,0.3
