"","simul_idx","up_dw","low_dw","up_dw_x1_to_xn","low_dw_x1_to_xn","up_dw_x1_to_xn_tails","low_dw_x1_to_xn_tails","up_t_test","low_t_test","up_anderson","low_anderson","up_cheby","low_cheby","up_emp_bern","low_emp_bern","up_hoeffding","low_hoeffding","up_PI_emp_bern","low_PI_emp_bern","up_PI_hedged","low_PI_hedged"
"1",317,0.781161487506326,0.219069237643436,0.781025665355937,0.21918252825713,0.97816684433433,0.21918252825713,0.69774944811438,0.302550504694104,0.773512363848489,0.17686136501098,0.860447970804728,-0.193581335599072,1.26356879094093,-0.263268838132446,0.773816391659841,0.226483561148643,0.883412488715612,0.0927302092650933,0.76,0.26
