"","simul_idx","up_dw","low_dw","up_dw_x1_to_xn","low_dw_x1_to_xn","up_dw_x1_to_xn_tails","low_dw_x1_to_xn_tails","up_t_test","low_t_test","up_anderson","low_anderson","up_cheby","low_cheby","up_emp_bern","low_emp_bern","up_hoeffding","low_hoeffding","up_PI_emp_bern","low_PI_emp_bern","up_PI_hedged","low_PI_hedged"
"1",78,0.606097053238785,0.0827100598527676,0.606076093054472,0.0828388815038133,0.803240925742259,0.0828388815038133,0.482464740248992,0.119890539772072,0.574588125719481,0.00130375597262327,0.76040639965337,-0.358836212972661,1.03897221530614,-0.436616935285079,0.57484405526613,0.0275112247549331,0.673659586862367,-0.0859350537863701,0.57,0.1
