"","simul_idx","up_dw","low_dw","up_dw_x1_to_xn","low_dw_x1_to_xn","up_dw_x1_to_xn_tails","low_dw_x1_to_xn_tails","up_t_test","low_t_test","up_anderson","low_anderson","up_cheby","low_cheby","up_emp_bern","low_emp_bern","up_hoeffding","low_hoeffding","up_PI_emp_bern","low_PI_emp_bern","up_PI_hedged","low_PI_hedged"
"1",206,0.741587195375023,0.181767054997045,0.741497223907922,0.181892476276564,0.938656877843118,0.181892476276564,0.647143619360305,0.254074498863423,0.723976296896806,0.127381153598293,0.837259314593001,-0.236447235777183,1.21235506070946,-0.311136942485733,0.724275474367463,0.176942643856265,0.833443372420615,0.0461539428086494,0.72,0.22
