"","simul_idx","up_dw","low_dw","up_dw_x1_to_xn","low_dw_x1_to_xn","up_dw_x1_to_xn_tails","low_dw_x1_to_xn_tails","up_t_test","low_t_test","up_anderson","low_anderson","up_cheby","low_cheby","up_emp_bern","low_emp_bern","up_hoeffding","low_hoeffding","up_PI_emp_bern","low_PI_emp_bern","up_PI_hedged","low_PI_hedged"
"1",227,0.550765442131621,0.429433806344383,0.550764043080338,0.429434282847099,0.564042007699594,0.429434282847099,0.526734760135209,0.45327062307079,0.54471731150143,0.433291327679402,0.602837680099659,0.357951911278771,0.567796271740559,0.41220911146544,0.544735974654119,0.43526940855188,0.547752045706178,0.428288513829748,0.54,0.44
