"","simul_idx","up_dw","low_dw","up_dw_x1_to_xn","low_dw_x1_to_xn","up_dw_x1_to_xn_tails","low_dw_x1_to_xn_tails","up_t_test","low_t_test","up_anderson","low_anderson","up_cheby","low_cheby","up_emp_bern","low_emp_bern","up_hoeffding","low_hoeffding","up_PI_emp_bern","low_PI_emp_bern","up_PI_hedged","low_PI_hedged"
"1",86,0.717211504668814,0.454040023935988,0.717183511761783,0.454044632650063,0.771777717346111,0.454044632650063,0.671463380431699,0.507915735770939,0.712019720530199,0.45739942836929,0.785422071789309,0.286740761122181,0.81040512097024,0.368973995232398,0.71207689963536,0.467302216567278,0.742224495879136,0.431298373699264,0.7,0.47
