"","simul_idx","up_dw","low_dw","up_dw_x1_to_xn","low_dw_x1_to_xn","up_dw_x1_to_xn_tails","low_dw_x1_to_xn_tails","up_t_test","low_t_test","up_anderson","low_anderson","up_cheby","low_cheby","up_emp_bern","low_emp_bern","up_hoeffding","low_hoeffding","up_PI_emp_bern","low_PI_emp_bern","up_PI_hedged","low_PI_hedged"
"1",212,0.599924476196804,0.478907024080561,0.599924160166993,0.478907529361797,0.613202166554354,0.478907529361797,0.576406053779741,0.503160105652677,0.59449547026417,0.483070982167265,0.647549465043199,0.410848730478779,0.617396842879568,0.46216931655285,0.594516362767329,0.485049796665089,0.602191609833643,0.482519835464284,0.59,0.49
