"","simul_idx","up_dw","low_dw","up_dw_x1_to_xn","low_dw_x1_to_xn","up_dw_x1_to_xn_tails","low_dw_x1_to_xn_tails","up_t_test","low_t_test","up_anderson","low_anderson","up_cheby","low_cheby","up_emp_bern","low_emp_bern","up_hoeffding","low_hoeffding","up_PI_emp_bern","low_PI_emp_bern","up_PI_hedged","low_PI_hedged"
"1",410,0.593269623042575,0.42223840780843,0.593266883247861,0.422243204146041,0.618053143131407,0.422243204146041,0.560015981827447,0.455801255913872,0.585273500760465,0.426537315026128,0.658435968581941,0.318311375400096,0.62820296538785,0.387614272353469,0.585313170074758,0.43050406766656,0.595406074128131,0.416818233728082,0.58,0.44
