"","simul_idx","up_dw","low_dw","up_dw_x1_to_xn","low_dw_x1_to_xn","up_dw_x1_to_xn_tails","low_dw_x1_to_xn_tails","up_t_test","low_t_test","up_anderson","low_anderson","up_cheby","low_cheby","up_emp_bern","low_emp_bern","up_hoeffding","low_hoeffding","up_PI_emp_bern","low_PI_emp_bern","up_PI_hedged","low_PI_hedged"
"1",489,0.698855645808585,0.434210144619919,0.698849688774539,0.434218136130739,0.753448889326303,0.434218136130739,0.652025946203292,0.487455121599897,0.692043832009097,0.43742575567538,0.771090742824031,0.264801136997051,0.791292997295993,0.348188070507197,0.692127875435636,0.447353192367554,0.728195869919508,0.415535176522013,0.68,0.45
