"","simul_idx","up_dw","low_dw","up_dw_x1_to_xn","low_dw_x1_to_xn","up_dw_x1_to_xn_tails","low_dw_x1_to_xn_tails","up_t_test","low_t_test","up_anderson","low_anderson","up_cheby","low_cheby","up_emp_bern","low_emp_bern","up_hoeffding","low_hoeffding","up_PI_emp_bern","low_PI_emp_bern","up_PI_hedged","low_PI_hedged"
"1",142,0.738512108193807,0.369807152617248,0.738478296498261,0.369828056283455,0.834811384478579,0.369828056283455,0.677951719675768,0.441354889640787,0.73259994461517,0.366761240017882,0.817326503421602,0.115429004342194,0.926971111193635,0.19233549812292,0.732735142918506,0.386571466398049,0.771412751513611,0.336872755779716,0.72,0.4
