"","simul_idx","up_dw","low_dw","up_dw_x1_to_xn","low_dw_x1_to_xn","up_dw_x1_to_xn_tails","low_dw_x1_to_xn_tails","up_t_test","low_t_test","up_anderson","low_anderson","up_cheby","low_cheby","up_emp_bern","low_emp_bern","up_hoeffding","low_hoeffding","up_PI_emp_bern","low_PI_emp_bern","up_PI_hedged","low_PI_hedged"
"1",378,0.536828114627878,0.415600887830116,0.536826194480488,0.415602022273241,0.550105114010696,0.415602022273241,0.512683209284757,0.439290410625434,0.530699686657126,0.419275390966013,0.590154864657066,0.343152605843122,0.553721597670344,0.398252022239848,0.530720093006216,0.421253526903976,0.538035806915367,0.418737926074218,0.53,0.43
