"","simul_idx","up_dw","low_dw","up_dw_x1_to_xn","low_dw_x1_to_xn","up_dw_x1_to_xn_tails","low_dw_x1_to_xn_tails","up_t_test","low_t_test","up_anderson","low_anderson","up_cheby","low_cheby","up_emp_bern","low_emp_bern","up_hoeffding","low_hoeffding","up_PI_emp_bern","low_PI_emp_bern","up_PI_hedged","low_PI_hedged"
"1",319,0.558652723141181,0.43731454026909,0.558650988669466,0.437316726064956,0.571931468985073,0.437316726064956,0.53469692987384,0.461229734172377,0.552674227675575,0.441258084751209,0.610023280066704,0.366375410174686,0.575759432888186,0.420167231158031,0.552696615074228,0.443230048971989,0.554763723169756,0.435174823072535,0.55,0.45
