"","simul_idx","up_dw","low_dw","up_dw_x1_to_xn","low_dw_x1_to_xn","up_dw_x1_to_xn_tails","low_dw_x1_to_xn_tails","up_t_test","low_t_test","up_anderson","low_anderson","up_cheby","low_cheby","up_emp_bern","low_emp_bern","up_hoeffding","low_hoeffding","up_PI_emp_bern","low_PI_emp_bern","up_PI_hedged","low_PI_hedged"
"1",49,0.917548878725532,0.394287191114403,0.917480695017465,0.394324759512865,1.11450654935699,0.394324759512865,0.880467669296851,0.517987003123908,0.972566461006752,0.375859928075149,0.940160730450026,-0.00785761550285274,1.43694844746716,-0.0384937750464034,0.972893751465979,0.425560920954781,1.08384734733178,0.32920828411269,0.89,0.43
