"","simul_idx","up_dw","low_dw","up_dw_x1_to_xn","low_dw_x1_to_xn","up_dw_x1_to_xn_tails","low_dw_x1_to_xn_tails","up_t_test","low_t_test","up_anderson","low_anderson","up_cheby","low_cheby","up_emp_bern","low_emp_bern","up_hoeffding","low_hoeffding","up_PI_emp_bern","low_PI_emp_bern","up_PI_hedged","low_PI_hedged"
"1",35,0.608861508209428,0.438001685983014,0.608859084959428,0.438003574070557,0.63364110941924,0.438003574070557,0.575917735074018,0.471857509316781,0.601262874263898,0.442532627594939,0.671998181456872,0.335478015072742,0.644054877625011,0.403720366765788,0.601292173399499,0.446483070991301,0.614413325615299,0.436223498888417,0.59,0.45
