"","simul_idx","up_dw","low_dw","up_dw_x1_to_xn","low_dw_x1_to_xn","up_dw_x1_to_xn_tails","low_dw_x1_to_xn_tails","up_t_test","low_t_test","up_anderson","low_anderson","up_cheby","low_cheby","up_emp_bern","low_emp_bern","up_hoeffding","low_hoeffding","up_PI_emp_bern","low_PI_emp_bern","up_PI_hedged","low_PI_hedged"
"1",252,0.818517078507099,0.258763394327785,0.818349753865072,0.258913642608481,1.01554721922636,0.258913642608481,0.746396841585079,0.353196172575365,0.823102491593648,0.226513225694157,0.882438791657652,-0.149376782217356,1.31164582996898,-0.212052815808533,0.823462922335821,0.276130091824623,0.931850683051363,0.140961766472636,0.79,0.3
