"","simul_idx","up_dw","low_dw","up_dw_x1_to_xn","low_dw_x1_to_xn","up_dw_x1_to_xn_tails","low_dw_x1_to_xn_tails","up_t_test","low_t_test","up_anderson","low_anderson","up_cheby","low_cheby","up_emp_bern","low_emp_bern","up_hoeffding","low_hoeffding","up_PI_emp_bern","low_PI_emp_bern","up_PI_hedged","low_PI_hedged"
"1",291,0.671094327967822,0.404965850726397,0.671088185393979,0.404972665556364,0.725685648483226,0.404972665556364,0.622721132357721,0.457093165360145,0.662186186935187,0.407591672885324,0.749316855097071,0.232332506464625,0.762324292050431,0.317490005667435,0.662294490392974,0.417519807324892,0.695185303275319,0.379282243132659,0.65,0.43
