"","simul_idx","up_dw","low_dw","up_dw_x1_to_xn","low_dw_x1_to_xn","up_dw_x1_to_xn_tails","low_dw_x1_to_xn_tails","up_t_test","low_t_test","up_anderson","low_anderson","up_cheby","low_cheby","up_emp_bern","low_emp_bern","up_hoeffding","low_hoeffding","up_PI_emp_bern","low_PI_emp_bern","up_PI_hedged","low_PI_hedged"
"1",156,0.944729641740659,0.445848276702671,0.944650633723442,0.446063538450759,1.14194711434235,0.446063538450759,0.920250322180985,0.577955765063099,0.998739581517207,0.425708438794701,0.956164702696493,0.0426393554662302,1.47096951079255,0.0272365764515384,1.02276945887764,0.475436628366443,1.12494403091981,0.385477721446105,0.93,0.49
