"","simul_idx","up_dw","low_dw","up_dw_x1_to_xn","low_dw_x1_to_xn","up_dw_x1_to_xn_tails","low_dw_x1_to_xn_tails","up_t_test","low_t_test","up_anderson","low_anderson","up_cheby","low_cheby","up_emp_bern","low_emp_bern","up_hoeffding","low_hoeffding","up_PI_emp_bern","low_PI_emp_bern","up_PI_hedged","low_PI_hedged"
"1",440,0.558672215675706,0.437325939068833,0.558671484980886,0.437326189677645,0.571949121745888,0.437326189677645,0.534716128965701,0.461242797789492,0.552690421171095,0.441265285324253,0.610037827542622,0.366392492805606,0.575780620697494,0.4201783060577,0.552712746428716,0.443246180326477,0.561173006939643,0.441190472582261,0.55,0.45
