"","simul_idx","up_dw","low_dw","up_dw_x1_to_xn","low_dw_x1_to_xn","up_dw_x1_to_xn_tails","low_dw_x1_to_xn_tails","up_t_test","low_t_test","up_anderson","low_anderson","up_cheby","low_cheby","up_emp_bern","low_emp_bern","up_hoeffding","low_hoeffding","up_PI_emp_bern","low_PI_emp_bern","up_PI_hedged","low_PI_hedged"
"1",132,0.578451496548886,0.457164248288218,0.57844990860682,0.457166431126451,0.591730349739831,0.457166431126451,0.554695449247856,0.481265438949545,0.572691784864279,0.461264245913815,0.628032698065656,0.387615231539638,0.595745899199788,0.440214988997612,0.57271372714982,0.46324716104758,0.575474776400389,0.45592210096101,0.57,0.47
