"","simul_idx","up_dw","low_dw","up_dw_x1_to_xn","low_dw_x1_to_xn","up_dw_x1_to_xn_tails","low_dw_x1_to_xn_tails","up_t_test","low_t_test","up_anderson","low_anderson","up_cheby","low_cheby","up_emp_bern","low_emp_bern","up_hoeffding","low_hoeffding","up_PI_emp_bern","low_PI_emp_bern","up_PI_hedged","low_PI_hedged"
"1",65,0.577619479995752,0.406586644654607,0.577618057061068,0.406589788657043,0.60240190232129,0.406589788657043,0.544049439980706,0.439843409433344,0.569314122445111,0.410576744827357,0.644814281652434,0.301236535091844,0.612233618457673,0.371659230956377,0.569350975911124,0.414541873502926,0.580806767965619,0.400571198191238,0.56,0.42
