"","simul_idx","up_dw","low_dw","up_dw_x1_to_xn","low_dw_x1_to_xn","up_dw_x1_to_xn_tails","low_dw_x1_to_xn_tails","up_t_test","low_t_test","up_anderson","low_anderson","up_cheby","low_cheby","up_emp_bern","low_emp_bern","up_hoeffding","low_hoeffding","up_PI_emp_bern","low_PI_emp_bern","up_PI_hedged","low_PI_hedged"
"1",310,0.643454198587776,0.473455566781268,0.643450696659489,0.473458182950194,0.668233792037496,0.473458182950194,0.611283084467684,0.507809775891398,0.636920673040112,0.478179243811967,0.701984812977089,0.374066014291259,0.679230890351117,0.439861970007965,0.63695098138364,0.482141878975442,0.650033475419192,0.471949452603221,0.63,0.49
