"","simul_idx","up_dw","low_dw","up_dw_x1_to_xn","low_dw_x1_to_xn","up_dw_x1_to_xn_tails","low_dw_x1_to_xn_tails","up_t_test","low_t_test","up_anderson","low_anderson","up_cheby","low_cheby","up_emp_bern","low_emp_bern","up_hoeffding","low_hoeffding","up_PI_emp_bern","low_PI_emp_bern","up_PI_hedged","low_PI_hedged"
"1",293,0.647330474151925,0.47752558529933,0.647326045593016,0.477529283890615,0.672110701296053,0.477529283890615,0.615250151689859,0.511927038720602,0.640952973128575,0.482228108768141,0.705358704588221,0.378465516960299,0.683149505190844,0.444027685219617,0.640993146409329,0.486184044001132,0.656561619339494,0.477964821750619,0.64,0.49
