"","simul_idx","up_dw","low_dw","up_dw_x1_to_xn","low_dw_x1_to_xn","up_dw_x1_to_xn_tails","low_dw_x1_to_xn_tails","up_t_test","low_t_test","up_anderson","low_anderson","up_cheby","low_cheby","up_emp_bern","low_emp_bern","up_hoeffding","low_hoeffding","up_PI_emp_bern","low_PI_emp_bern","up_PI_hedged","low_PI_hedged"
"1",259,0.585592253262621,0.319775919648815,0.585578479926014,0.319782745221273,0.6401759588774,0.319782745221273,0.533090470908914,0.367647155051612,0.572705839674166,0.318055324941971,0.68172402707841,0.137128360158432,0.672634922487572,0.228102703472955,0.572756154514304,0.327981471446222,0.610108276333886,0.296083641603735,0.57,0.34
