"","simul_idx","up_dw","low_dw","up_dw_x1_to_xn","low_dw_x1_to_xn","up_dw_x1_to_xn_tails","low_dw_x1_to_xn_tails","up_t_test","low_t_test","up_anderson","low_anderson","up_cheby","low_cheby","up_emp_bern","low_emp_bern","up_hoeffding","low_hoeffding","up_PI_emp_bern","low_PI_emp_bern","up_PI_hedged","low_PI_hedged"
"1",416,0.623980544263497,0.357175943318241,0.623975842656504,0.35719001197359,0.678584016593695,0.35719001197359,0.573150787620723,0.407056811774545,0.612400003583019,0.357797579406625,0.712115425645087,0.178982391986975,0.712902110496139,0.267305488899129,0.612491141231675,0.367716458163593,0.645604881153287,0.329729738393523,0.61,0.37
