"","simul_idx","up_dw","low_dw","up_dw_x1_to_xn","low_dw_x1_to_xn","up_dw_x1_to_xn_tails","low_dw_x1_to_xn_tails","up_t_test","low_t_test","up_anderson","low_anderson","up_cheby","low_cheby","up_emp_bern","low_emp_bern","up_hoeffding","low_hoeffding","up_PI_emp_bern","low_PI_emp_bern","up_PI_hedged","low_PI_hedged"
"1",120,0.624009489181947,0.357159608938481,0.624002592314684,0.357162782848473,0.678594679297095,0.357162782848473,0.573195103264658,0.407028938605712,0.612415783190797,0.357794045790451,0.712121650277317,0.178991115059383,0.712969377902229,0.267254663968141,0.612499362469226,0.367724679401144,0.650809637588278,0.334472499380124,0.6,0.37
