"","simul_idx","up_dw","low_dw","up_dw_x1_to_xn","low_dw_x1_to_xn","up_dw_x1_to_xn_tails","low_dw_x1_to_xn_tails","up_t_test","low_t_test","up_anderson","low_anderson","up_cheby","low_cheby","up_emp_bern","low_emp_bern","up_hoeffding","low_hoeffding","up_PI_emp_bern","low_PI_emp_bern","up_PI_hedged","low_PI_hedged"
"1",150,0.550883424368414,0.429549347265062,0.550881963284454,0.429549356441586,0.564159286309928,0.429549356441586,0.526851170747145,0.453389654264729,0.54483561137626,0.433406759308096,0.602944035081979,0.358076381596329,0.567911832932138,0.412328992079736,0.544853695557057,0.435387129454817,0.552122316162885,0.432685751368108,0.54,0.44
