"","simul_idx","up_dw","low_dw","up_dw_x1_to_xn","low_dw_x1_to_xn","up_dw_x1_to_xn_tails","low_dw_x1_to_xn_tails","up_t_test","low_t_test","up_anderson","low_anderson","up_cheby","low_cheby","up_emp_bern","low_emp_bern","up_hoeffding","low_hoeffding","up_PI_emp_bern","low_PI_emp_bern","up_PI_hedged","low_PI_hedged"
"1",283,0.720825120739985,0.350679036975687,0.720798055932108,0.350721706368,0.817163584628825,0.350721706368,0.658334197542853,0.42049939545535,0.712396335044906,0.346466578355071,0.804836526556912,0.0941914676082572,0.907737430761537,0.171096162236666,0.71249863475933,0.366334958238873,0.762962553963805,0.324887501959259,0.7,0.37
