"","simul_idx","up_dw","low_dw","up_dw_x1_to_xn","low_dw_x1_to_xn","up_dw_x1_to_xn_tails","low_dw_x1_to_xn_tails","up_t_test","low_t_test","up_anderson","low_anderson","up_cheby","low_cheby","up_emp_bern","low_emp_bern","up_hoeffding","low_hoeffding","up_PI_emp_bern","low_PI_emp_bern","up_PI_hedged","low_PI_hedged"
"1",235,0.773063184123982,0.408378425267261,0.773056672201542,0.408422550437125,0.869424370661236,0.408422550437125,0.716604643924957,0.482887758028396,0.772631174157727,0.406772570630867,0.841415428261817,0.158161573365978,0.964731089068067,0.234761312885287,0.772828039236905,0.426664362716448,0.819019225450893,0.388348187068903,0.75,0.42
