"","simul_idx","up_dw","low_dw","up_dw_x1_to_xn","low_dw_x1_to_xn","up_dw_x1_to_xn_tails","low_dw_x1_to_xn_tails","up_t_test","low_t_test","up_anderson","low_anderson","up_cheby","low_cheby","up_emp_bern","low_emp_bern","up_hoeffding","low_hoeffding","up_PI_emp_bern","low_PI_emp_bern","up_PI_hedged","low_PI_hedged"
"1",265,0.604756324855241,0.338210032099775,0.60474689271036,0.338218337507975,0.659346556756476,0.338218337507975,0.553067793823074,0.387067858581708,0.592394381259632,0.337750316790922,0.696866617512403,0.157802157401035,0.692789217362126,0.247346435042656,0.592455167736432,0.34768048466835,0.630151618959135,0.31523222387406,0.6,0.36
