"","simul_idx","up_dw","low_dw","up_dw_x1_to_xn","low_dw_x1_to_xn","up_dw_x1_to_xn_tails","low_dw_x1_to_xn_tails","up_t_test","low_t_test","up_anderson","low_anderson","up_cheby","low_cheby","up_emp_bern","low_emp_bern","up_hoeffding","low_hoeffding","up_PI_emp_bern","low_PI_emp_bern","up_PI_hedged","low_PI_hedged"
"1",11,0.671157505050924,0.405022057405991,0.67114800571213,0.405033814125858,0.725752765893393,0.405033814125858,0.622778733120307,0.457153830499889,0.662278349626456,0.407667127892361,0.749360404147744,0.232396471870616,0.762380918522777,0.317551645097418,0.662353623344138,0.417578940276057,0.695244198989514,0.379334861601997,0.65,0.42
