"","simul_idx","up_dw","low_dw","up_dw_x1_to_xn","low_dw_x1_to_xn","up_dw_x1_to_xn_tails","low_dw_x1_to_xn_tails","up_t_test","low_t_test","up_anderson","low_anderson","up_cheby","low_cheby","up_emp_bern","low_emp_bern","up_hoeffding","low_hoeffding","up_PI_emp_bern","low_PI_emp_bern","up_PI_hedged","low_PI_hedged"
"1",412,0.569842056866325,0.398877862385239,0.569836635188747,0.398879977011863,0.594618980479853,0.398879977011863,0.536134961629952,0.431970332602162,0.561420282616933,0.402686132375393,0.638051401527711,0.292819073695475,0.604305784175278,0.363799510056836,0.561457198320156,0.406648095911958,0.574606491912351,0.395214844880536,0.55,0.41
