"","simul_idx","up_dw","low_dw","up_dw_x1_to_xn","low_dw_x1_to_xn","up_dw_x1_to_xn_tails","low_dw_x1_to_xn_tails","up_t_test","low_t_test","up_anderson","low_anderson","up_cheby","low_cheby","up_emp_bern","low_emp_bern","up_hoeffding","low_hoeffding","up_PI_emp_bern","low_PI_emp_bern","up_PI_hedged","low_PI_hedged"
"1",482,0.652166224365086,0.385450791868568,0.652156160861288,0.385461327496707,0.706759118003858,0.385461327496707,0.602761309028499,0.436735028914319,0.642076769428144,0.387447937982274,0.734383087200808,0.210613583656299,0.742491108675035,0.297005229267782,0.64213551050545,0.397360827437368,0.675550102100208,0.358797434322125,0.64,0.41
