"","simul_idx","up_dw","low_dw","up_dw_x1_to_xn","low_dw_x1_to_xn","up_dw_x1_to_xn_tails","low_dw_x1_to_xn_tails","up_t_test","low_t_test","up_anderson","low_anderson","up_cheby","low_cheby","up_emp_bern","low_emp_bern","up_hoeffding","low_hoeffding","up_PI_emp_bern","low_PI_emp_bern","up_PI_hedged","low_PI_hedged"
"1",132,0.854035518343767,0.301323198786602,0.853923565904064,0.301453904538845,1.05109126807064,0.301453904538845,0.793162967081285,0.406392283448555,0.872973244024469,0.276385931419168,0.903232940005636,-0.103529439652409,1.35657668664196,-0.157021436112118,0.873444040520519,0.326111210009321,1.00064361528305,0.218376664928453,0.82,0.33
