"","simul_idx","up_dw","low_dw","up_dw_x1_to_xn","low_dw_x1_to_xn","up_dw_x1_to_xn_tails","low_dw_x1_to_xn_tails","up_t_test","low_t_test","up_anderson","low_anderson","up_cheby","low_cheby","up_emp_bern","low_emp_bern","up_hoeffding","low_hoeffding","up_PI_emp_bern","low_PI_emp_bern","up_PI_hedged","low_PI_hedged"
"1",482,0.630633931121756,0.261732808813398,0.630616177302163,0.261765601472348,0.726966985226211,0.261765601472348,0.559146905002686,0.322297478603248,0.613692745350528,0.247764468261435,0.741018994776455,-0.0064820084381777,0.808244615750745,0.0731997678551878,0.613804030063195,0.267640353542738,0.653784686101392,0.218961529887485,0.61,0.29
