"","simul_idx","up_dw","low_dw","up_dw_x1_to_xn","low_dw_x1_to_xn","up_dw_x1_to_xn_tails","low_dw_x1_to_xn_tails","up_t_test","low_t_test","up_anderson","low_anderson","up_cheby","low_cheby","up_emp_bern","low_emp_bern","up_hoeffding","low_hoeffding","up_PI_emp_bern","low_PI_emp_bern","up_PI_hedged","low_PI_hedged"
"1",173,0.653352052004189,0.113080505550177,0.653042647565956,0.113247844585995,0.850266142080728,0.113247844585995,0.538481119746739,0.162380628932447,0.623784439973945,0.027797283472495,0.786833060118302,-0.319591894332178,1.09884931570676,-0.397987567027573,0.624097289595192,0.076764459083994,0.72484730390629,-0.0410277851891944,0.62,0.14
