"","simul_idx","up_dw","low_dw","up_dw_x1_to_xn","low_dw_x1_to_xn","up_dw_x1_to_xn_tails","low_dw_x1_to_xn_tails","up_t_test","low_t_test","up_anderson","low_anderson","up_cheby","low_cheby","up_emp_bern","low_emp_bern","up_hoeffding","low_hoeffding","up_PI_emp_bern","low_PI_emp_bern","up_PI_hedged","low_PI_hedged"
"1",424,0.642937764009382,0.376067221775117,0.642925180176606,0.376076220359132,0.697525867751738,0.376076220359132,0.593071819576486,0.426890624276259,0.632303655110952,0.377670305951004,0.727086190118831,0.200152395201847,0.732850873066771,0.287111570785974,0.632368563460414,0.387593880392332,0.670663200559301,0.354167375627898,0.63,0.4
