"","simul_idx","up_dw","low_dw","up_dw_x1_to_xn","low_dw_x1_to_xn","up_dw_x1_to_xn_tails","low_dw_x1_to_xn_tails","up_t_test","low_t_test","up_anderson","low_anderson","up_cheby","low_cheby","up_emp_bern","low_emp_bern","up_hoeffding","low_hoeffding","up_PI_emp_bern","low_PI_emp_bern","up_PI_hedged","low_PI_hedged"
"1",189,0.614221787589447,0.347497021109342,0.614210096512908,0.347502212555016,0.668805162546615,0.347502212555016,0.562925801046069,0.396874919397393,0.602235326368794,0.34761232705458,0.704369442412473,0.168176667081583,0.702663422521872,0.25713729792159,0.602287701755772,0.35751301868769,0.635628490868775,0.319430870749415,0.59,0.36
