"","simul_idx","up_dw","low_dw","up_dw_x1_to_xn","low_dw_x1_to_xn","up_dw_x1_to_xn_tails","low_dw_x1_to_xn_tails","up_t_test","low_t_test","up_anderson","low_anderson","up_cheby","low_cheby","up_emp_bern","low_emp_bern","up_hoeffding","low_hoeffding","up_PI_emp_bern","low_PI_emp_bern","up_PI_hedged","low_PI_hedged"
"1",114,0.698800222253941,0.145811878364283,0.698742206981757,0.145841432186203,0.895755855152426,0.145841432186203,0.59396919448984,0.206435492624186,0.673667860045973,0.0769445434569346,0.812458777563663,-0.278855652820979,1.1576006973723,-0.357196010258274,0.673868758812612,0.126535928301414,0.783251300663812,-0.00225114649080083,0.67,0.17
