"","simul_idx","up_dw","low_dw","up_dw_x1_to_xn","low_dw_x1_to_xn","up_dw_x1_to_xn_tails","low_dw_x1_to_xn_tails","up_t_test","low_t_test","up_anderson","low_anderson","up_cheby","low_cheby","up_emp_bern","low_emp_bern","up_hoeffding","low_hoeffding","up_PI_emp_bern","low_PI_emp_bern","up_PI_hedged","low_PI_hedged"
"1",496,0.648988405239676,0.278962718550414,0.648924118536926,0.278977923720049,0.745248713195665,0.278977923720049,0.579147227867919,0.341418413750095,0.633255898599031,0.26739785598117,0.75403038975894,0.0131076449227376,0.8285175987918,0.0920480428262134,0.633364659069235,0.287200982548778,0.68357534787027,0.247656079466726,0.63,0.3
