"","simul_idx","up_dw","low_dw","up_dw_x1_to_xn","low_dw_x1_to_xn","up_dw_x1_to_xn_tails","low_dw_x1_to_xn_tails","up_t_test","low_t_test","up_anderson","low_anderson","up_cheby","low_cheby","up_emp_bern","low_emp_bern","up_hoeffding","low_hoeffding","up_PI_emp_bern","low_PI_emp_bern","up_PI_hedged","low_PI_hedged"
"1",330,0.703675093119179,0.33282238654588,0.703642927366741,0.33287668949608,0.800025795294427,0.33287668949608,0.639346287733511,0.400930862903983,0.693075469290141,0.327182749722847,0.792741300871179,0.0741563246600664,0.888929547003979,0.151347603633515,0.693220413578975,0.347056737058518,0.733561764052729,0.296429275865761,0.68,0.36
