"","simul_idx","up_dw","low_dw","up_dw_x1_to_xn","low_dw_x1_to_xn","up_dw_x1_to_xn_tails","low_dw_x1_to_xn_tails","up_t_test","low_t_test","up_anderson","low_anderson","up_cheby","low_cheby","up_emp_bern","low_emp_bern","up_hoeffding","low_hoeffding","up_PI_emp_bern","low_PI_emp_bern","up_PI_hedged","low_PI_hedged"
"1",192,0.741262270823567,0.181647200019091,0.741020488283399,0.181683941218519,0.93804508280202,0.181683941218519,0.646800273185621,0.253885336149031,0.723639457442577,0.127170103449951,0.8371314571721,-0.236674384282331,1.21196770695449,-0.311282097619836,0.724009219922925,0.176676389411727,0.857609023535487,0.0696334300978461,0.7,0.2
