"","simul_idx","up_dw","low_dw","up_dw_x1_to_xn","low_dw_x1_to_xn","up_dw_x1_to_xn_tails","low_dw_x1_to_xn_tails","up_t_test","low_t_test","up_anderson","low_anderson","up_cheby","low_cheby","up_emp_bern","low_emp_bern","up_hoeffding","low_hoeffding","up_PI_emp_bern","low_PI_emp_bern","up_PI_hedged","low_PI_hedged"
"1",492,0.633522427132712,0.366607742245464,0.633510486976191,0.366617867697086,0.688112838460634,0.366617867697086,0.583177080939211,0.41696090559871,0.622385555825112,0.367751535873341,0.719640686097022,0.189575665301088,0.722967256008225,0.277170730529696,0.622456334803002,0.37768165173492,0.661206644423364,0.343872209582348,0.61,0.38
