"","simul_idx","up_dw","low_dw","up_dw_x1_to_xn","low_dw_x1_to_xn","up_dw_x1_to_xn_tails","low_dw_x1_to_xn_tails","up_t_test","low_t_test","up_anderson","low_anderson","up_cheby","low_cheby","up_emp_bern","low_emp_bern","up_hoeffding","low_hoeffding","up_PI_emp_bern","low_PI_emp_bern","up_PI_hedged","low_PI_hedged"
"1",3,0.575529196365539,0.310246195425648,0.575520758057426,0.310264209588697,0.630134757849363,0.310264209588697,0.522626676083562,0.357598468558751,0.562447106306963,0.307813396254921,0.673782631487127,0.12642204546043,0.662039147825583,0.21818599681673,0.562499913855197,0.317725230787116,0.595211428496091,0.280654609505945,0.56,0.33
