"","simul_idx","up_dw","low_dw","up_dw_x1_to_xn","low_dw_x1_to_xn","up_dw_x1_to_xn_tails","low_dw_x1_to_xn_tails","up_t_test","low_t_test","up_anderson","low_anderson","up_cheby","low_cheby","up_emp_bern","low_emp_bern","up_hoeffding","low_hoeffding","up_PI_emp_bern","low_PI_emp_bern","up_PI_hedged","low_PI_hedged"
"1",116,0.720828050121311,0.350772940426748,0.72080476004768,0.350796969428759,0.8171425061833,0.350796969428759,0.658291156239341,0.420645968222837,0.712446810882316,0.346571283884554,0.804868749281047,0.0942455211041014,0.907635598318627,0.171301526143551,0.712550400491317,0.36638672397086,0.762677028990891,0.325307209090293,0.7,0.37
