"","simul_idx","up_dw","low_dw","up_dw_x1_to_xn","low_dw_x1_to_xn","up_dw_x1_to_xn_tails","low_dw_x1_to_xn_tails","up_t_test","low_t_test","up_anderson","low_anderson","up_cheby","low_cheby","up_emp_bern","low_emp_bern","up_hoeffding","low_hoeffding","up_PI_emp_bern","low_PI_emp_bern","up_PI_hedged","low_PI_hedged"
"1",404,0.806198739669591,0.447951197120887,0.806169884692936,0.448016488235716,0.902569129925506,0.448016488235716,0.753855434484639,0.525075443372864,0.812329769097476,0.446553404114416,0.864358484636087,0.201417246911833,1.00045116163853,0.278479716218977,0.81254727718898,0.466383600668523,0.853777397784619,0.432210739260973,0.78,0.46
