"","simul_idx","up_dw","low_dw","up_dw_x1_to_xn","low_dw_x1_to_xn","up_dw_x1_to_xn_tails","low_dw_x1_to_xn_tails","up_t_test","low_t_test","up_anderson","low_anderson","up_cheby","low_cheby","up_emp_bern","low_emp_bern","up_hoeffding","low_hoeffding","up_PI_emp_bern","low_PI_emp_bern","up_PI_hedged","low_PI_hedged"
"1",354,0.593425116441761,0.422412537249904,0.593424204210946,0.422413552158322,0.618204938141122,0.422413552158322,0.56016226723982,0.455988464296965,0.585443898886658,0.426715166238532,0.658577880703871,0.318490130389191,0.628336049246145,0.387814682290639,0.585479916972491,0.430670814564293,0.596554695068736,0.417543435394458,0.58,0.44
