"","simul_idx","up_dw","low_dw","up_dw_x1_to_xn","low_dw_x1_to_xn","up_dw_x1_to_xn_tails","low_dw_x1_to_xn_tails","up_t_test","low_t_test","up_anderson","low_anderson","up_cheby","low_cheby","up_emp_bern","low_emp_bern","up_hoeffding","low_hoeffding","up_PI_emp_bern","low_PI_emp_bern","up_PI_hedged","low_PI_hedged"
"1",180,0.685271607064602,0.314212985246244,0.685223277918645,0.314234222570142,0.781556863198914,0.314234222570142,0.618949146017184,0.38048610455081,0.672708364968182,0.306789121938217,0.779726898114822,0.0531358106918392,0.868547169151534,0.13088808141646,0.672799463544225,0.326635787023768,0.712399279432812,0.277155623997885,0.65,0.33
