"","simul_idx","up_dw","low_dw","up_dw_x1_to_xn","low_dw_x1_to_xn","up_dw_x1_to_xn_tails","low_dw_x1_to_xn_tails","up_t_test","low_t_test","up_anderson","low_anderson","up_cheby","low_cheby","up_emp_bern","low_emp_bern","up_hoeffding","low_hoeffding","up_PI_emp_bern","low_PI_emp_bern","up_PI_hedged","low_PI_hedged"
"1",491,0.557986881358756,0.387194930145804,0.557982002891683,0.387202210233535,0.582771902994909,0.387202210233535,0.524068981714662,0.420047311285666,0.549426128642972,0.390702784678509,0.627742378931507,0.280061748953424,0.592193686501686,0.351922606498642,0.549462697704263,0.394653595296065,0.558922056373468,0.379692259204545,0.54,0.4
