"","simul_idx","up_dw","low_dw","up_dw_x1_to_xn","low_dw_x1_to_xn","up_dw_x1_to_xn_tails","low_dw_x1_to_xn_tails","up_t_test","low_t_test","up_anderson","low_anderson","up_cheby","low_cheby","up_emp_bern","low_emp_bern","up_hoeffding","low_hoeffding","up_PI_emp_bern","low_PI_emp_bern","up_PI_hedged","low_PI_hedged"
"1",117,0.611195805129477,0.244088550815291,0.611191899372822,0.244124749915925,0.707547784426301,0.244124749915925,0.538146126968471,0.302602007801989,0.593344239419641,0.227412100209993,0.727303773184822,-0.0266803275427724,0.786839118282544,0.0539090164879152,0.593455905645458,0.247292229125001,0.633297818986319,0.199227245189654,0.59,0.27
