"","simul_idx","up_dw","low_dw","up_dw_x1_to_xn","low_dw_x1_to_xn","up_dw_x1_to_xn_tails","low_dw_x1_to_xn_tails","up_t_test","low_t_test","up_anderson","low_anderson","up_cheby","low_cheby","up_emp_bern","low_emp_bern","up_hoeffding","low_hoeffding","up_PI_emp_bern","low_PI_emp_bern","up_PI_hedged","low_PI_hedged"
"1",59,0.558136754164354,0.387337697156326,0.558134133604112,0.387338864123334,0.582915090371732,0.387338864123334,0.524222185091579,0.420192639073605,0.549580661495712,0.390847960741958,0.627870910639313,0.280220266442594,0.592349430505834,0.35206539365935,0.549611963286691,0.394802860878493,0.564278951613427,0.386085481502311,0.54,0.4
