"","simul_idx","up_dw","low_dw","up_dw_x1_to_xn","low_dw_x1_to_xn","up_dw_x1_to_xn_tails","low_dw_x1_to_xn_tails","up_t_test","low_t_test","up_anderson","low_anderson","up_cheby","low_cheby","up_emp_bern","low_emp_bern","up_hoeffding","low_hoeffding","up_PI_emp_bern","low_PI_emp_bern","up_PI_hedged","low_PI_hedged"
"1",423,0.573862972481959,0.402854969953629,0.573860594146595,0.402856265424006,0.598641761486015,0.402856265424006,0.540224009267656,0.436032742775216,0.565500941852221,0.406766779281239,0.641545390906558,0.297163024519279,0.608403424931318,0.367853327111553,0.565532927225535,0.410723824817337,0.579195652371686,0.400072271737151,0.56,0.42
