"","simul_idx","up_dw","low_dw","up_dw_x1_to_xn","low_dw_x1_to_xn","up_dw_x1_to_xn_tails","low_dw_x1_to_xn_tails","up_t_test","low_t_test","up_anderson","low_anderson","up_cheby","low_cheby","up_emp_bern","low_emp_bern","up_hoeffding","low_hoeffding","up_PI_emp_bern","low_PI_emp_bern","up_PI_hedged","low_PI_hedged"
"1",78,0.574485602155842,0.453169633261052,0.574485169670058,0.453170240385356,0.587763358479543,0.453170240385356,0.550691541400609,0.477233471063061,0.568674584203778,0.457249401927373,0.624424617155874,0.383345002906547,0.591751086572052,0.436173925891619,0.568695789282955,0.459229223180715,0.575536320225815,0.45548384742745,0.56,0.46
