"","simul_idx","up_dw","low_dw","up_dw_x1_to_xn","low_dw_x1_to_xn","up_dw_x1_to_xn_tails","low_dw_x1_to_xn_tails","up_t_test","low_t_test","up_anderson","low_anderson","up_cheby","low_cheby","up_emp_bern","low_emp_bern","up_hoeffding","low_hoeffding","up_PI_emp_bern","low_PI_emp_bern","up_PI_hedged","low_PI_hedged"
"1",208,0.54081098714557,0.419552143732298,0.540810560865528,0.419553479453629,0.554089772523656,0.419553479453629,0.516700144869992,0.443280444354627,0.534699817789148,0.423281377515822,0.593781628043149,0.347375812373144,0.557747253068258,0.402233336156361,0.534723577663429,0.42525701156119,0.537643508769486,0.41827025857095,0.53,0.43
