"","simul_idx","up_dw","low_dw","up_dw_x1_to_xn","low_dw_x1_to_xn","up_dw_x1_to_xn_tails","low_dw_x1_to_xn_tails","up_t_test","low_t_test","up_anderson","low_anderson","up_cheby","low_cheby","up_emp_bern","low_emp_bern","up_hoeffding","low_hoeffding","up_PI_emp_bern","low_PI_emp_bern","up_PI_hedged","low_PI_hedged"
"1",485,0.887269041095211,0.346249350573295,0.887243597735615,0.346394742944602,1.08443366756582,0.346394742944602,0.838078932064163,0.46100375655119,0.922839188246473,0.326007745425418,0.922493494505432,-0.0564383687618636,1.3987253259259,-0.099642637310549,0.923207759563275,0.375874929052078,1.02195265677091,0.24559770944108,0.87,0.39
