"","simul_idx","up_dw","low_dw","up_dw_x1_to_xn","low_dw_x1_to_xn","up_dw_x1_to_xn_tails","low_dw_x1_to_xn_tails","up_t_test","low_t_test","up_anderson","low_anderson","up_cheby","low_cheby","up_emp_bern","low_emp_bern","up_hoeffding","low_hoeffding","up_PI_emp_bern","low_PI_emp_bern","up_PI_hedged","low_PI_hedged"
"1",16,0.721201889110896,0.351101479233685,0.721171770072941,0.35112295556141,0.817505711576354,0.35112295556141,0.658767340152325,0.420955829729286,0.7127908914303,0.346894006941942,0.805113349839701,0.0946559583949748,0.908163351631161,0.17155981825045,0.712943423201034,0.366779746680577,0.753358950880837,0.315697201807096,0.7,0.37
