"","simul_idx","up_dw","low_dw","up_dw_x1_to_xn","low_dw_x1_to_xn","up_dw_x1_to_xn_tails","low_dw_x1_to_xn_tails","up_t_test","low_t_test","up_anderson","low_anderson","up_cheby","low_cheby","up_emp_bern","low_emp_bern","up_hoeffding","low_hoeffding","up_PI_emp_bern","low_PI_emp_bern","up_PI_hedged","low_PI_hedged"
"1",335,0.703563146755167,0.332639398427714,0.703545391220171,0.332652648066182,0.799867071258389,0.332652648066182,0.639246635058713,0.400708253671648,0.692938758339424,0.32701788012356,0.79263941653903,0.0739896574029371,0.888868017850689,0.151086870879672,0.693059282625409,0.346895606104952,0.734371737424578,0.295322444758774,0.68,0.36
