"","simul_idx","up_dw","low_dw","up_dw_x1_to_xn","low_dw_x1_to_xn","up_dw_x1_to_xn_tails","low_dw_x1_to_xn_tails","up_t_test","low_t_test","up_anderson","low_anderson","up_cheby","low_cheby","up_emp_bern","low_emp_bern","up_hoeffding","low_hoeffding","up_PI_emp_bern","low_PI_emp_bern","up_PI_hedged","low_PI_hedged"
"1",279,0.652386288618632,0.385697177109264,0.652384283849323,0.385698363003671,0.706973435369198,0.385698363003671,0.603004144048341,0.436987753620418,0.642296343561888,0.387680750277025,0.734567687871669,0.210879491827202,0.742730799361039,0.29726109830772,0.64238329036842,0.397608607300338,0.680808317637956,0.363952927459265,0.63,0.4
