"","simul_idx","up_dw","low_dw","up_dw_x1_to_xn","low_dw_x1_to_xn","up_dw_x1_to_xn_tails","low_dw_x1_to_xn_tails","up_t_test","low_t_test","up_anderson","low_anderson","up_cheby","low_cheby","up_emp_bern","low_emp_bern","up_hoeffding","low_hoeffding","up_PI_emp_bern","low_PI_emp_bern","up_PI_hedged","low_PI_hedged"
"1",429,0.530941577789075,0.409776593767257,0.53094108600177,0.40977694867665,0.544218874144869,0.40977694867665,0.506751743376624,0.43340437454815,0.524794457556791,0.41336610754065,0.584796264099597,0.336925420140377,0.547775406398486,0.392380711526288,0.524811342013507,0.415344775911267,0.527316591133121,0.407795214097104,0.52,0.42
