"","simul_idx","up_dw","low_dw","up_dw_x1_to_xn","low_dw_x1_to_xn","up_dw_x1_to_xn_tails","low_dw_x1_to_xn_tails","up_t_test","low_t_test","up_anderson","low_anderson","up_cheby","low_cheby","up_emp_bern","low_emp_bern","up_hoeffding","low_hoeffding","up_PI_emp_bern","low_PI_emp_bern","up_PI_hedged","low_PI_hedged"
"1",81,0.756006454380724,0.389062753983448,0.755963937213448,0.389073724719743,0.852282220662977,0.389073724719743,0.69747849639152,0.462169994247115,0.752729949979947,0.38688235712202,0.829557707322828,0.136816034876035,0.94609843303662,0.213550057602015,0.752906083579546,0.406742407059089,0.800523940512595,0.367430308734213,0.73,0.41
