"","simul_idx","up_dw","low_dw","up_dw_x1_to_xn","low_dw_x1_to_xn","up_dw_x1_to_xn_tails","low_dw_x1_to_xn_tails","up_t_test","low_t_test","up_anderson","low_anderson","up_cheby","low_cheby","up_emp_bern","low_emp_bern","up_hoeffding","low_hoeffding","up_PI_emp_bern","low_PI_emp_bern","up_PI_hedged","low_PI_hedged"
"1",77,0.575393236027515,0.310148288931993,0.57538483079051,0.310156132832657,0.629983813384181,0.310156132832657,0.522481330689743,0.357500421189247,0.562316562948173,0.30770554593356,0.673688169516722,0.126295241282359,0.661878764464482,0.218102987414508,0.562378217473536,0.317603534405454,0.594996086014081,0.28063037281892,0.56,0.33
