"","simul_idx","up_dw","low_dw","up_dw_x1_to_xn","low_dw_x1_to_xn","up_dw_x1_to_xn_tails","low_dw_x1_to_xn_tails","up_t_test","low_t_test","up_anderson","low_anderson","up_cheby","low_cheby","up_emp_bern","low_emp_bern","up_hoeffding","low_hoeffding","up_PI_emp_bern","low_PI_emp_bern","up_PI_hedged","low_PI_hedged"
"1",278,0.652380345516126,0.385619321191079,0.652376360345159,0.385628734910557,0.706977660900696,0.385628734910557,0.602989364987578,0.436909723545819,0.64227618247142,0.387629639191735,0.734533117548607,0.210829690209026,0.742736130372321,0.297162958161076,0.642336885800739,0.397562202732658,0.680837430930598,0.363820724029888,0.63,0.4
