"","simul_idx","up_dw","low_dw","up_dw_x1_to_xn","low_dw_x1_to_xn","up_dw_x1_to_xn_tails","low_dw_x1_to_xn_tails","up_t_test","low_t_test","up_anderson","low_anderson","up_cheby","low_cheby","up_emp_bern","low_emp_bern","up_hoeffding","low_hoeffding","up_PI_emp_bern","low_PI_emp_bern","up_PI_hedged","low_PI_hedged"
"1",247,0.585283983338623,0.319548906965122,0.585272418917979,0.319554902389173,0.639868667674353,0.319554902389173,0.532771542823054,0.367400555422211,0.572411265578076,0.317819081308328,0.681505605321929,0.13683266581013,0.672292998241142,0.227879100004123,0.572473390656673,0.327698707588592,0.604593173492602,0.291106680616784,0.57,0.33
