"","simul_idx","up_dw","low_dw","up_dw_x1_to_xn","low_dw_x1_to_xn","up_dw_x1_to_xn_tails","low_dw_x1_to_xn_tails","up_t_test","low_t_test","up_anderson","low_anderson","up_cheby","low_cheby","up_emp_bern","low_emp_bern","up_hoeffding","low_hoeffding","up_PI_emp_bern","low_PI_emp_bern","up_PI_hedged","low_PI_hedged"
"1",276,0.572498888703664,0.451190832994647,0.572498414189845,0.451192087001307,0.585777463195881,0.451192087001307,0.548684116588066,0.475237433300382,0.56666886103478,0.455249623025368,0.622625777634751,0.381218879118629,0.589739970826748,0.434181579061701,0.566694057995344,0.457227491893104,0.57416945645009,0.454534718551833,0.56,0.46
