"","simul_idx","up_dw","low_dw","up_dw_x1_to_xn","low_dw_x1_to_xn","up_dw_x1_to_xn_tails","low_dw_x1_to_xn_tails","up_t_test","low_t_test","up_anderson","low_anderson","up_cheby","low_cheby","up_emp_bern","low_emp_bern","up_hoeffding","low_hoeffding","up_PI_emp_bern","low_PI_emp_bern","up_PI_hedged","low_PI_hedged"
"1",36,0.620458879031055,0.44979833802029,0.62045629313576,0.449798586224092,0.64523592542924,0.449798586224092,0.587777740609248,0.483829705685668,0.61317470421817,0.454445189625264,0.682062500107606,0.348329275175967,0.6558786909354,0.415728755359516,0.613208274351557,0.458399171943359,0.62672422346996,0.448062688966909,0.61,0.46
