"","simul_idx","up_dw","low_dw","up_dw_x1_to_xn","low_dw_x1_to_xn","up_dw_x1_to_xn_tails","low_dw_x1_to_xn_tails","up_t_test","low_t_test","up_anderson","low_anderson","up_cheby","low_cheby","up_emp_bern","low_emp_bern","up_hoeffding","low_hoeffding","up_PI_emp_bern","low_PI_emp_bern","up_PI_hedged","low_PI_hedged"
"1",458,0.558743655509012,0.437404710113769,0.558741524375212,0.437405148812494,0.572019434127121,0.437405148812494,0.534789717315905,0.461320825192969,0.552764782584488,0.441346108809853,0.610106191395334,0.366472771848661,0.575852770198536,0.420257772310338,0.552788554305557,0.443321988203317,0.555096518361764,0.435273084918736,0.55,0.45
