"","simul_idx","up_dw","low_dw","up_dw_x1_to_xn","low_dw_x1_to_xn","up_dw_x1_to_xn_tails","low_dw_x1_to_xn_tails","up_t_test","low_t_test","up_anderson","low_anderson","up_cheby","low_cheby","up_emp_bern","low_emp_bern","up_hoeffding","low_hoeffding","up_PI_emp_bern","low_PI_emp_bern","up_PI_hedged","low_PI_hedged"
"1",271,0.887234270387768,0.346559257487061,0.887176033630417,0.346645315146119,1.08427573692497,0.346645315146119,0.838122190013364,0.461324147762105,0.922908822698845,0.326393598672453,0.92256108074546,-0.0562635222284809,1.39868948353423,-0.0992431457587641,0.923389584143333,0.376056753632136,1.04367523246761,0.272805410291485,0.86,0.38
