"","simul_idx","up_dw","low_dw","up_dw_x1_to_xn","low_dw_x1_to_xn","up_dw_x1_to_xn_tails","low_dw_x1_to_xn_tails","up_t_test","low_t_test","up_anderson","low_anderson","up_cheby","low_cheby","up_emp_bern","low_emp_bern","up_hoeffding","low_hoeffding","up_PI_emp_bern","low_PI_emp_bern","up_PI_hedged","low_PI_hedged"
"1",282,0.597213343546448,0.426189347971631,0.597210261165444,0.426192482650439,0.621994110866071,0.426192482650439,0.564024276868829,0.459840069338075,0.589313648729723,0.430561965332105,0.661858016844731,0.322626931431138,0.632201415345307,0.391662930861596,0.589336724307551,0.434527621899353,0.60501882626873,0.42545569811333,0.58,0.44
