"","simul_idx","up_dw","low_dw","up_dw_x1_to_xn","low_dw_x1_to_xn","up_dw_x1_to_xn_tails","low_dw_x1_to_xn_tails","up_t_test","low_t_test","up_anderson","low_anderson","up_cheby","low_cheby","up_emp_bern","low_emp_bern","up_hoeffding","low_hoeffding","up_PI_emp_bern","low_PI_emp_bern","up_PI_hedged","low_PI_hedged"
"1",472,0.439721327554324,0.0147785119397456,0.439583768668028,0.0148029750274469,0.636589663670311,0.0148029750274469,0.292910087069819,0.0104228271903025,0.425142766643014,0.00101178585400394,0.67401726311405,-0.471795320273969,0.826558868582824,-0.523225954322702,0.42533287238566,-0.121999958125538,0.494638623372157,-0.198698014441193,0.41,0.01
