"","simul_idx","up_dw","low_dw","up_dw_x1_to_xn","low_dw_x1_to_xn","up_dw_x1_to_xn_tails","low_dw_x1_to_xn_tails","up_t_test","low_t_test","up_anderson","low_anderson","up_cheby","low_cheby","up_emp_bern","low_emp_bern","up_hoeffding","low_hoeffding","up_PI_emp_bern","low_PI_emp_bern","up_PI_hedged","low_PI_hedged"
"1",72,0.555975654485751,0.292046321496199,0.555964942905246,0.292062680643444,0.610576498935212,0.292062680643444,0.502383889736773,0.338367026650533,0.542692902208233,0.288079431909925,0.65839220282668,0.105926812070872,0.641474813913162,0.199276102474144,0.542762799727694,0.297988116659612,0.579156681643971,0.267341143125107,0.54,0.31
