"","simul_idx","up_dw","low_dw","up_dw_x1_to_xn","low_dw_x1_to_xn","up_dw_x1_to_xn_tails","low_dw_x1_to_xn_tails","up_t_test","low_t_test","up_anderson","low_anderson","up_cheby","low_cheby","up_emp_bern","low_emp_bern","up_hoeffding","low_hoeffding","up_PI_emp_bern","low_PI_emp_bern","up_PI_hedged","low_PI_hedged"
"1",381,0.558132689842353,0.387284618244724,0.55812958471032,0.387286380399487,0.58291140200363,0.387286380399487,0.524223714553767,0.420134247390812,0.549553486935701,0.390805918244144,0.627846429243991,0.280190072625797,0.592370290241995,0.351987671702584,0.549583532176388,0.39477442976819,0.55843092706609,0.379203054199928,0.54,0.4
