"","simul_idx","up_dw","low_dw","up_dw_x1_to_xn","low_dw_x1_to_xn","up_dw_x1_to_xn_tails","low_dw_x1_to_xn_tails","up_t_test","low_t_test","up_anderson","low_anderson","up_cheby","low_cheby","up_emp_bern","low_emp_bern","up_hoeffding","low_hoeffding","up_PI_emp_bern","low_PI_emp_bern","up_PI_hedged","low_PI_hedged"
"1",17,0.575290213596535,0.31003243648713,0.575269438330544,0.310038703160864,0.62986609202368,0.310038703160864,0.522403299824079,0.357349235464376,0.562210899081888,0.307593960512154,0.673599204428939,0.126175827651475,0.661823992506461,0.217928542781994,0.562263609178268,0.317488926110187,0.594495298674043,0.280882628235411,0.56,0.33
