"","simul_idx","up_dw","low_dw","up_dw_x1_to_xn","low_dw_x1_to_xn","up_dw_x1_to_xn_tails","low_dw_x1_to_xn_tails","up_t_test","low_t_test","up_anderson","low_anderson","up_cheby","low_cheby","up_emp_bern","low_emp_bern","up_hoeffding","low_hoeffding","up_PI_emp_bern","low_PI_emp_bern","up_PI_hedged","low_PI_hedged"
"1",155,0.756061268495307,0.389036128055063,0.7560260540727,0.389047161506462,0.852344430995927,0.389047161506462,0.697534953666718,0.462136481586453,0.752786227048638,0.386884144841168,0.829564600233246,0.136828262477731,0.946182786105696,0.213488649147476,0.752917555886814,0.406753879366357,0.790788373920788,0.35740814683514,0.74,0.42
