"","simul_idx","up_dw","low_dw","up_dw_x1_to_xn","low_dw_x1_to_xn","up_dw_x1_to_xn_tails","low_dw_x1_to_xn_tails","up_t_test","low_t_test","up_anderson","low_anderson","up_cheby","low_cheby","up_emp_bern","low_emp_bern","up_hoeffding","low_hoeffding","up_PI_emp_bern","low_PI_emp_bern","up_PI_hedged","low_PI_hedged"
"1",255,0.585704629402553,0.319910520182139,0.585690077631779,0.319912394535883,0.640280245716417,0.319912394535883,0.533171527118372,0.36782537816381,0.572835583720992,0.318189688822675,0.681824157661048,0.137263938050026,0.672685085383293,0.228311819898888,0.572885794175132,0.32811111110705,0.605750252380586,0.290774970382152,0.57,0.34
