"","simul_idx","up_dw","low_dw","up_dw_x1_to_xn","low_dw_x1_to_xn","up_dw_x1_to_xn_tails","low_dw_x1_to_xn_tails","up_t_test","low_t_test","up_anderson","low_anderson","up_cheby","low_cheby","up_emp_bern","low_emp_bern","up_hoeffding","low_hoeffding","up_PI_emp_bern","low_PI_emp_bern","up_PI_hedged","low_PI_hedged"
"1",198,0.570539195414785,0.449212772074794,0.570538388053778,0.449214501503561,0.583818171124663,0.449214501503561,0.546703308148511,0.473242344596321,0.564684407345966,0.453260218986424,0.620838473838352,0.379108244538934,0.587763791109884,0.432181861634948,0.564706109423536,0.455239543321296,0.570663583910843,0.451087980569806,0.56,0.46
