"","simul_idx","up_dw","low_dw","up_dw_x1_to_xn","low_dw_x1_to_xn","up_dw_x1_to_xn_tails","low_dw_x1_to_xn_tails","up_t_test","low_t_test","up_anderson","low_anderson","up_cheby","low_cheby","up_emp_bern","low_emp_bern","up_hoeffding","low_hoeffding","up_PI_emp_bern","low_PI_emp_bern","up_PI_hedged","low_PI_hedged"
"1",437,0.680523422702081,0.41478084020404,0.680516711521158,0.414784543709875,0.735109580493794,0.414784543709875,0.632656566764852,0.467312349200043,0.672286881567965,0.417666138282081,0.756716281635248,0.24325546015102,0.77216951096235,0.327799405002545,0.672371799516488,0.427597116448406,0.709817807247715,0.394604180432108,0.66,0.43
