"","simul_idx","up_dw","low_dw","up_dw_x1_to_xn","low_dw_x1_to_xn","up_dw_x1_to_xn_tails","low_dw_x1_to_xn_tails","up_t_test","low_t_test","up_anderson","low_anderson","up_cheby","low_cheby","up_emp_bern","low_emp_bern","up_hoeffding","low_hoeffding","up_PI_emp_bern","low_PI_emp_bern","up_PI_hedged","low_PI_hedged"
"1",395,0.818401943624933,0.25856354863274,0.818343077658507,0.258678602413972,1.01548694193419,0.258678602413972,0.746200940831623,0.352979375142862,0.822931717605971,0.226306460491728,0.882350081591904,-0.14956320427558,1.31145589361844,-0.212275577643957,0.823256573242841,0.275923742731644,0.931592967174987,0.140841763501032,0.79,0.29
