"","simul_idx","up_dw","low_dw","up_dw_x1_to_xn","low_dw_x1_to_xn","up_dw_x1_to_xn_tails","low_dw_x1_to_xn_tails","up_t_test","low_t_test","up_anderson","low_anderson","up_cheby","low_cheby","up_emp_bern","low_emp_bern","up_hoeffding","low_hoeffding","up_PI_emp_bern","low_PI_emp_bern","up_PI_hedged","low_PI_hedged"
"1",430,0.544845186819907,0.423557192707266,0.544843891046811,0.423558622495033,0.558123208455597,0.423558622495033,0.520764457302236,0.447330403651287,0.538758842342625,0.427340642756892,0.597453698244785,0.351658910533179,0.561816217843206,0.406278643110318,0.538780713527881,0.429314147425642,0.541964415577675,0.42252594199612,0.53,0.44
