"","simul_idx","up_dw","low_dw","up_dw_x1_to_xn","low_dw_x1_to_xn","up_dw_x1_to_xn_tails","low_dw_x1_to_xn_tails","up_t_test","low_t_test","up_anderson","low_anderson","up_cheby","low_cheby","up_emp_bern","low_emp_bern","up_hoeffding","low_hoeffding","up_PI_emp_bern","low_PI_emp_bern","up_PI_hedged","low_PI_hedged"
"1",256,0.554271385882914,0.383532075107475,0.554266600019673,0.383534121823898,0.579048841772059,0.383534121823898,0.520297073751868,0.416304205516191,0.545670823043832,0.386937118553615,0.624504828908235,0.27607332423413,0.588412487089471,0.348188792178588,0.545705190838129,0.390896088429931,0.556540380840488,0.377950616060208,0.54,0.4
