"","simul_idx","up_dw","low_dw","up_dw_x1_to_xn","low_dw_x1_to_xn","up_dw_x1_to_xn_tails","low_dw_x1_to_xn_tails","up_t_test","low_t_test","up_anderson","low_anderson","up_cheby","low_cheby","up_emp_bern","low_emp_bern","up_hoeffding","low_hoeffding","up_PI_emp_bern","low_PI_emp_bern","up_PI_hedged","low_PI_hedged"
"1",305,0.633593903357325,0.366665230008824,0.633584273263561,0.366675152433641,0.68818632496284,0.366675152433641,0.583231205353245,0.417043372350677,0.62245099477626,0.367807349865132,0.719692122333507,0.189648402851877,0.723012369239303,0.277262208464619,0.622524630386002,0.37774994731792,0.6560210379092,0.339289303579966,0.62,0.39
