"","simul_idx","up_dw","low_dw","up_dw_x1_to_xn","low_dw_x1_to_xn","up_dw_x1_to_xn_tails","low_dw_x1_to_xn_tails","up_t_test","low_t_test","up_anderson","low_anderson","up_cheby","low_cheby","up_emp_bern","low_emp_bern","up_hoeffding","low_hoeffding","up_PI_emp_bern","low_PI_emp_bern","up_PI_hedged","low_PI_hedged"
"1",426,0.689680585254353,0.424448145741797,0.689671865097908,0.424462237237007,0.744280072759964,0.424462237237007,0.642322902790599,0.477347051699029,0.682143221278108,0.427523349011734,0.763905607767874,0.253976169040878,0.781718728291228,0.337951226198399,0.682222318778855,0.437447635710773,0.719190123890828,0.404806346721731,0.67,0.44
