"","simul_idx","up_dw","low_dw","up_dw_x1_to_xn","low_dw_x1_to_xn","up_dw_x1_to_xn_tails","low_dw_x1_to_xn_tails","up_t_test","low_t_test","up_anderson","low_anderson","up_cheby","low_cheby","up_emp_bern","low_emp_bern","up_hoeffding","low_hoeffding","up_PI_emp_bern","low_PI_emp_bern","up_PI_hedged","low_PI_hedged"
"1",282,0.703436305026676,0.33265155501199,0.703416982100114,0.332687981521226,0.799773206094639,0.332687981521226,0.639091913923939,0.400730998439166,0.692852433012541,0.327003767759487,0.79259768796761,0.0739214056683103,0.8886582721993,0.151164640163805,0.692993294441781,0.346829617921324,0.743111086368515,0.306189256463642,0.68,0.35
