"","simul_idx","up_dw","low_dw","up_dw_x1_to_xn","low_dw_x1_to_xn","up_dw_x1_to_xn_tails","low_dw_x1_to_xn_tails","up_t_test","low_t_test","up_anderson","low_anderson","up_cheby","low_cheby","up_emp_bern","low_emp_bern","up_hoeffding","low_hoeffding","up_PI_emp_bern","low_PI_emp_bern","up_PI_hedged","low_PI_hedged"
"1",393,0.623832238506056,0.356966412875827,0.623811419398981,0.356969896556212,0.678403963781923,0.356969896556212,0.573022738840983,0.406810339186051,0.61223697113166,0.357614885584944,0.71197363573066,0.17878370793028,0.712811713465858,0.267021364561176,0.612303880547558,0.367529197479476,0.645959518241139,0.329033806267454,0.61,0.38
