"","simul_idx","up_dw","low_dw","up_dw_x1_to_xn","low_dw_x1_to_xn","up_dw_x1_to_xn_tails","low_dw_x1_to_xn_tails","up_t_test","low_t_test","up_anderson","low_anderson","up_cheby","low_cheby","up_emp_bern","low_emp_bern","up_hoeffding","low_hoeffding","up_PI_emp_bern","low_PI_emp_bern","up_PI_hedged","low_PI_hedged"
"1",399,0.703491362309565,0.332740320204763,0.703460958898201,0.332746271633587,0.799771761323232,0.332746271633587,0.639109198472521,0.400875855143167,0.692932853506603,0.327086777443845,0.792648953832265,0.0740052575141421,0.888636002128685,0.151349051487003,0.693074365068073,0.346910688547616,0.744022367318976,0.305407703734219,0.68,0.35
