"","simul_idx","up_dw","low_dw","up_dw_x1_to_xn","low_dw_x1_to_xn","up_dw_x1_to_xn_tails","low_dw_x1_to_xn_tails","up_t_test","low_t_test","up_anderson","low_anderson","up_cheby","low_cheby","up_emp_bern","low_emp_bern","up_hoeffding","low_hoeffding","up_PI_emp_bern","low_PI_emp_bern","up_PI_hedged","low_PI_hedged"
"1",219,0.51706025542209,0.396106174853676,0.517059000137862,0.396107231229431,0.53033775817972,0.396107231229431,0.492780569581918,0.419582454167077,0.510897173470888,0.399470460406758,0.572166470395439,0.322307082299654,0.53375585446189,0.378607169287104,0.510914794925617,0.401448228823378,0.518452622474832,0.399384086384206,0.51,0.41
