"","simul_idx","up_dw","low_dw","up_dw_x1_to_xn","low_dw_x1_to_xn","up_dw_x1_to_xn_tails","low_dw_x1_to_xn_tails","up_t_test","low_t_test","up_anderson","low_anderson","up_cheby","low_cheby","up_emp_bern","low_emp_bern","up_hoeffding","low_hoeffding","up_PI_emp_bern","low_PI_emp_bern","up_PI_hedged","low_PI_hedged"
"1",245,0.585306374958034,0.319534018052731,0.585290848383683,0.319544331396295,0.639893477305466,0.319544331396295,0.532788012935935,0.367397371754006,0.572418417915409,0.317788144059439,0.681510737239368,0.136839612478761,0.672315717091074,0.227869667598868,0.572480033879012,0.32770535081093,0.605019013454906,0.290697473120666,0.57,0.34
