"","simul_idx","up_dw","low_dw","up_dw_x1_to_xn","low_dw_x1_to_xn","up_dw_x1_to_xn_tails","low_dw_x1_to_xn_tails","up_t_test","low_t_test","up_anderson","low_anderson","up_cheby","low_cheby","up_emp_bern","low_emp_bern","up_hoeffding","low_hoeffding","up_PI_emp_bern","low_PI_emp_bern","up_PI_hedged","low_PI_hedged"
"1",26,0.738759207541697,0.369914049119422,0.738740981184271,0.369936202633305,0.835075931999478,0.369936202633305,0.67830396802561,0.441402145662883,0.732775870157775,0.366882262375364,0.817448710925142,0.115639717148601,0.9274179245004,0.192288189188093,0.732934895104475,0.386771218584018,0.782073569678901,0.346344577287231,0.71,0.39
