"","simul_idx","up_dw","low_dw","up_dw_x1_to_xn","low_dw_x1_to_xn","up_dw_x1_to_xn_tails","low_dw_x1_to_xn_tails","up_t_test","low_t_test","up_anderson","low_anderson","up_cheby","low_cheby","up_emp_bern","low_emp_bern","up_hoeffding","low_hoeffding","up_PI_emp_bern","low_PI_emp_bern","up_PI_hedged","low_PI_hedged"
"1",332,0.573720998933118,0.402708022963344,0.573717839807089,0.402709134782152,0.598498715356286,0.402709134782152,0.540076127595542,0.435884738866831,0.565361884814288,0.406618174124151,0.641418645120169,0.297005264939805,0.608255582692038,0.367705283770335,0.565384984435285,0.410575882027087,0.57541693460336,0.395426515399443,0.56,0.42
