"","simul_idx","up_dw","low_dw","up_dw_x1_to_xn","low_dw_x1_to_xn","up_dw_x1_to_xn_tails","low_dw_x1_to_xn_tails","up_t_test","low_t_test","up_anderson","low_anderson","up_cheby","low_cheby","up_emp_bern","low_emp_bern","up_hoeffding","low_hoeffding","up_PI_emp_bern","low_PI_emp_bern","up_PI_hedged","low_PI_hedged"
"1",152,0.756167479542018,0.389139457571137,0.756130531890426,0.389168916990056,0.852476371788413,0.389168916990056,0.697667712870995,0.462237474681348,0.752866058044943,0.386996957914911,0.829634818792888,0.136952837500731,0.94632539460942,0.213579792942922,0.7530344320364,0.406870755515943,0.790463465710937,0.357987792572254,0.73,0.41
