"","simul_idx","up_dw","low_dw","up_dw_x1_to_xn","low_dw_x1_to_xn","up_dw_x1_to_xn_tails","low_dw_x1_to_xn_tails","up_t_test","low_t_test","up_anderson","low_anderson","up_cheby","low_cheby","up_emp_bern","low_emp_bern","up_hoeffding","low_hoeffding","up_PI_emp_bern","low_PI_emp_bern","up_PI_hedged","low_PI_hedged"
"1",413,0.594927157473468,0.328826808010164,0.594916919461086,0.328848011004657,0.649535627815324,0.328848011004657,0.542795682990064,0.377197524907463,0.582306321881277,0.327726598152333,0.689143204206368,0.147214257518658,0.682389365215278,0.23760384268225,0.582383945482805,0.337609262414723,0.615575636154116,0.299899282029261,0.58,0.35
