"","simul_idx","up_dw","low_dw","up_dw_x1_to_xn","low_dw_x1_to_xn","up_dw_x1_to_xn_tails","low_dw_x1_to_xn_tails","up_t_test","low_t_test","up_anderson","low_anderson","up_cheby","low_cheby","up_emp_bern","low_emp_bern","up_hoeffding","low_hoeffding","up_PI_emp_bern","low_PI_emp_bern","up_PI_hedged","low_PI_hedged"
"1",420,0.575720191805043,0.310429962352663,0.575712441758886,0.310436783957598,0.63030991485191,0.310436783957598,0.52284936854969,0.357775598751939,0.562631475212198,0.30799134221666,0.673937792913837,0.126630359178554,0.662276326392974,0.218348640908655,0.562699825184855,0.317925142116774,0.595367869100158,0.280899915861701,0.56,0.33
