"","simul_idx","up_dw","low_dw","up_dw_x1_to_xn","low_dw_x1_to_xn","up_dw_x1_to_xn_tails","low_dw_x1_to_xn_tails","up_t_test","low_t_test","up_anderson","low_anderson","up_cheby","low_cheby","up_emp_bern","low_emp_bern","up_hoeffding","low_hoeffding","up_PI_emp_bern","low_PI_emp_bern","up_PI_hedged","low_PI_hedged"
"1",449,0.560570166961531,0.43921012898704,0.560569461952783,0.439211136083339,0.573848196656406,0.439211136083339,0.536627707529273,0.463150755834592,0.554600660016241,0.443172570834525,0.611759698821224,0.368415265260997,0.577693372795072,0.422085090568793,0.554622514733052,0.445155948630813,0.561464417097569,0.441810163736622,0.55,0.45
