"","simul_idx","up_dw","low_dw","up_dw_x1_to_xn","low_dw_x1_to_xn","up_dw_x1_to_xn_tails","low_dw_x1_to_xn_tails","up_t_test","low_t_test","up_anderson","low_anderson","up_cheby","low_cheby","up_emp_bern","low_emp_bern","up_hoeffding","low_hoeffding","up_PI_emp_bern","low_PI_emp_bern","up_PI_hedged","low_PI_hedged"
"1",233,0.582261208962316,0.461005511425991,0.582260178319566,0.461006339654103,0.595538653420362,0.461006339654103,0.558552981049335,0.485129126138325,0.576555328681951,0.465131773055098,0.631496199404476,0.391721552740289,0.599601435829478,0.444080671358182,0.57657433664495,0.46710777054271,0.579551522741864,0.460098496674217,0.57,0.47
