"","simul_idx","up_dw","low_dw","up_dw_x1_to_xn","low_dw_x1_to_xn","up_dw_x1_to_xn_tails","low_dw_x1_to_xn_tails","up_t_test","low_t_test","up_anderson","low_anderson","up_cheby","low_cheby","up_emp_bern","low_emp_bern","up_hoeffding","low_hoeffding","up_PI_emp_bern","low_PI_emp_bern","up_PI_hedged","low_PI_hedged"
"1",429,0.610769176703112,0.243725061020756,0.610738579635469,0.243749035939627,0.707076245162899,0.243749035939627,0.537735147834706,0.302143162065804,0.592923038120777,0.227032303115639,0.727008660801715,-0.0271100692179558,0.786442980516199,0.0534353293843122,0.593020993210484,0.246857316690027,0.631874003217143,0.199741708357186,0.59,0.27
