"","simul_idx","up_dw","low_dw","up_dw_x1_to_xn","low_dw_x1_to_xn","up_dw_x1_to_xn_tails","low_dw_x1_to_xn_tails","up_t_test","low_t_test","up_anderson","low_anderson","up_cheby","low_cheby","up_emp_bern","low_emp_bern","up_hoeffding","low_hoeffding","up_PI_emp_bern","low_PI_emp_bern","up_PI_hedged","low_PI_hedged"
"1",299,0.561971666074407,0.391119442274425,0.561966986730083,0.391125119345045,0.586754531868896,0.391125119345045,0.528125860692003,0.424050682640143,0.553448958334891,0.394725706263247,0.631210573360887,0.284343795227715,0.596267826781526,0.355908716550621,0.553492822870172,0.398683720461974,0.563442190697066,0.385292948416751,0.55,0.41
