"","simul_idx","up_dw","low_dw","up_dw_x1_to_xn","low_dw_x1_to_xn","up_dw_x1_to_xn_tails","low_dw_x1_to_xn_tails","up_t_test","low_t_test","up_anderson","low_anderson","up_cheby","low_cheby","up_emp_bern","low_emp_bern","up_hoeffding","low_hoeffding","up_PI_emp_bern","low_PI_emp_bern","up_PI_hedged","low_PI_hedged"
"1",484,0.818819969867564,0.25901487005808,0.818706877880064,0.259173449775417,1.01591703198691,0.259173449775417,0.746760175125504,0.353532019451498,0.823456968516101,0.226760332219524,0.882589029064287,-0.149060899346285,1.31201700884887,-0.211724814271864,0.8238125125441,0.276479682032902,0.93110761294944,0.142513666584938,0.8,0.3
