"","simul_idx","up_dw","low_dw","up_dw_x1_to_xn","low_dw_x1_to_xn","up_dw_x1_to_xn_tails","low_dw_x1_to_xn_tails","up_t_test","low_t_test","up_anderson","low_anderson","up_cheby","low_cheby","up_emp_bern","low_emp_bern","up_hoeffding","low_hoeffding","up_PI_emp_bern","low_PI_emp_bern","up_PI_hedged","low_PI_hedged"
"1",105,0.616604097634491,0.445854344234112,0.616600957612564,0.445856784177012,0.641383798623253,0.445856784177012,0.583832647146415,0.479831739562197,0.609203168384764,0.450467854476517,0.678712928702663,0.344041289286386,0.651950653939298,0.411713732769314,0.609236744558404,0.454427642150207,0.618850917236835,0.439564722569916,0.6,0.46
