"","simul_idx","up_dw","low_dw","up_dw_x1_to_xn","low_dw_x1_to_xn","up_dw_x1_to_xn_tails","low_dw_x1_to_xn_tails","up_t_test","low_t_test","up_anderson","low_anderson","up_cheby","low_cheby","up_emp_bern","low_emp_bern","up_hoeffding","low_hoeffding","up_PI_emp_bern","low_PI_emp_bern","up_PI_hedged","low_PI_hedged"
"1",320,0.56659829514033,0.445255817491547,0.566597913019205,0.445256689236906,0.579876451279362,0.445256689236906,0.542720931061716,0.46925015767706,0.5606967459423,0.449273111765084,0.617251090782289,0.374877427589059,0.583784593725686,0.428186495013089,0.560718827420507,0.451252261318268,0.563377654703727,0.443743710867436,0.56,0.46
