"","simul_idx","up_dw","low_dw","up_dw_x1_to_xn","low_dw_x1_to_xn","up_dw_x1_to_xn_tails","low_dw_x1_to_xn_tails","up_t_test","low_t_test","up_anderson","low_anderson","up_cheby","low_cheby","up_emp_bern","low_emp_bern","up_hoeffding","low_hoeffding","up_PI_emp_bern","low_PI_emp_bern","up_PI_hedged","low_PI_hedged"
"1",343,0.624191961599604,0.453610245529535,0.624186792647224,0.453612464775103,0.648969286523334,0.453612464775103,0.591577332759713,0.487712721499194,0.617023118221992,0.458281802177608,0.685297646206933,0.352481252118939,0.659651371012284,0.419638683246623,0.617049578333552,0.462240475925354,0.630659095102438,0.452501761018676,0.61,0.47
