"","simul_idx","up_dw","low_dw","up_dw_x1_to_xn","low_dw_x1_to_xn","up_dw_x1_to_xn_tails","low_dw_x1_to_xn_tails","up_t_test","low_t_test","up_anderson","low_anderson","up_cheby","low_cheby","up_emp_bern","low_emp_bern","up_hoeffding","low_hoeffding","up_PI_emp_bern","low_PI_emp_bern","up_PI_hedged","low_PI_hedged"
"1",213,0.917585584355544,0.394292640732432,0.917556153592463,0.394414079027923,1.1147097414585,0.394414079027923,0.880418779375161,0.518075625456869,0.972524336242126,0.375789209740985,0.940167462154869,-0.00783785893351568,1.43686030831877,-0.0383659034867377,0.972913617671613,0.425580787160416,1.08548030324814,0.327673971304361,0.89,0.43
