"","simul_idx","up_dw","low_dw","up_dw_x1_to_xn","low_dw_x1_to_xn","up_dw_x1_to_xn_tails","low_dw_x1_to_xn_tails","up_t_test","low_t_test","up_anderson","low_anderson","up_cheby","low_cheby","up_emp_bern","low_emp_bern","up_hoeffding","low_hoeffding","up_PI_emp_bern","low_PI_emp_bern","up_PI_hedged","low_PI_hedged"
"1",34,0.593324940101049,0.42228836617254,0.593321759828934,0.42228862179983,0.6181013828254,0.42228862179983,0.56006268191005,0.455861584676647,0.585332550994421,0.426593029039015,0.658481513605608,0.318368742727754,0.628245268923595,0.387678997663102,0.585366684497447,0.430557582089249,0.594353591126483,0.415663657578378,0.58,0.44
