"","simul_idx","up_dw","low_dw","up_dw_x1_to_xn","low_dw_x1_to_xn","up_dw_x1_to_xn_tails","low_dw_x1_to_xn_tails","up_t_test","low_t_test","up_anderson","low_anderson","up_cheby","low_cheby","up_emp_bern","low_emp_bern","up_hoeffding","low_hoeffding","up_PI_emp_bern","low_PI_emp_bern","up_PI_hedged","low_PI_hedged"
"1",186,0.560685933595943,0.439333216687103,0.560684714978816,0.439334493935958,0.573963842275435,0.439334493935958,0.536747066486208,0.463272969934696,0.554721390826256,0.443295446740614,0.611868575852199,0.368543224560452,0.577811806302344,0.42220823011856,0.554743301261572,0.445276735159332,0.56155425740099,0.441942816775705,0.55,0.45
