"","simul_idx","up_dw","low_dw","up_dw_x1_to_xn","low_dw_x1_to_xn","up_dw_x1_to_xn_tails","low_dw_x1_to_xn_tails","up_t_test","low_t_test","up_anderson","low_anderson","up_cheby","low_cheby","up_emp_bern","low_emp_bern","up_hoeffding","low_hoeffding","up_PI_emp_bern","low_PI_emp_bern","up_PI_hedged","low_PI_hedged"
"1",145,0.623718547019426,0.356879137196937,0.623707528024088,0.356890061646571,0.678311059292405,0.356890061646571,0.572877069580488,0.406744311312799,0.612128553891407,0.357505976899397,0.711893483235133,0.178671408486037,0.712640722966412,0.266980657926875,0.612198031980684,0.367423348912603,0.645904850667745,0.328858551440932,0.61,0.38
