"","simul_idx","up_dw","low_dw","up_dw_x1_to_xn","low_dw_x1_to_xn","up_dw_x1_to_xn_tails","low_dw_x1_to_xn_tails","up_t_test","low_t_test","up_anderson","low_anderson","up_cheby","low_cheby","up_emp_bern","low_emp_bern","up_hoeffding","low_hoeffding","up_PI_emp_bern","low_PI_emp_bern","up_PI_hedged","low_PI_hedged"
"1",299,0.780944371732455,0.218939290439304,0.780804483690366,0.219085078460827,0.977995156094307,0.219085078460827,0.697448326681383,0.302403894151997,0.773267878033998,0.176747867383161,0.860345926216606,-0.193777778994352,1.26322356847126,-0.263371347637883,0.773592525672289,0.226259695161091,0.884170979599577,0.091339028361139,0.75,0.25
