"","simul_idx","up_dw","low_dw","up_dw_x1_to_xn","low_dw_x1_to_xn","up_dw_x1_to_xn_tails","low_dw_x1_to_xn_tails","up_t_test","low_t_test","up_anderson","low_anderson","up_cheby","low_cheby","up_emp_bern","low_emp_bern","up_hoeffding","low_hoeffding","up_PI_emp_bern","low_PI_emp_bern","up_PI_hedged","low_PI_hedged"
"1",233,0.6488805257847,0.278846369900808,0.64884410146782,0.278874721457745,0.745188290153428,0.278874721457745,0.57906118457958,0.341251575090743,0.63311835267772,0.26727635044429,0.753946837758485,0.0129804619667839,0.828456606660767,0.0918561530095552,0.63323821809539,0.287074541574933,0.67275502068915,0.238519584547142,0.62,0.3
