"","simul_idx","up_dw","low_dw","up_dw_x1_to_xn","low_dw_x1_to_xn","up_dw_x1_to_xn_tails","low_dw_x1_to_xn_tails","up_t_test","low_t_test","up_anderson","low_anderson","up_cheby","low_cheby","up_emp_bern","low_emp_bern","up_hoeffding","low_hoeffding","up_PI_emp_bern","low_PI_emp_bern","up_PI_hedged","low_PI_hedged"
"1",37,0.594204898210291,0.473084912343051,0.594203897008434,0.473086612808191,0.607483638042556,0.473086612808191,0.570617707234997,0.497305863149739,0.588676455113739,0.477245151065807,0.642348863529449,0.404635029004606,0.611629855471194,0.456293714913542,0.588695068243487,0.479228502141248,0.591703194009383,0.472259071903772,0.58,0.48
