"","simul_idx","up_dw","low_dw","up_dw_x1_to_xn","low_dw_x1_to_xn","up_dw_x1_to_xn_tails","low_dw_x1_to_xn_tails","up_t_test","low_t_test","up_anderson","low_anderson","up_cheby","low_cheby","up_emp_bern","low_emp_bern","up_hoeffding","low_hoeffding","up_PI_emp_bern","low_PI_emp_bern","up_PI_hedged","low_PI_hedged"
"1",200,0.591859867179262,0.22718843023917,0.591790023930263,0.227225482807366,0.688147181034075,0.227225482807366,0.517373935371659,0.283674677172623,0.573498699749651,0.207678957178189,0.71375203112115,-0.0462115206675818,0.765494914926603,0.0355536976176787,0.573606144532369,0.227442468011912,0.611739870436762,0.181416609030283,0.57,0.25
