"","simul_idx","up_dw","low_dw","up_dw_x1_to_xn","low_dw_x1_to_xn","up_dw_x1_to_xn_tails","low_dw_x1_to_xn_tails","up_t_test","low_t_test","up_anderson","low_anderson","up_cheby","low_cheby","up_emp_bern","low_emp_bern","up_hoeffding","low_hoeffding","up_PI_emp_bern","low_PI_emp_bern","up_PI_hedged","low_PI_hedged"
"1",425,0.569974813150614,0.399012047795388,0.569973574740562,0.399014497932485,0.594756427016648,0.399014497932485,0.536275436584105,0.432101855057355,0.561549472902559,0.402817689188228,0.638168063055166,0.292963948138545,0.604449147162657,0.363928144478803,0.561593197024829,0.406784094616631,0.576980557318559,0.397468065361982,0.56,0.41
