"","simul_idx","up_dw","low_dw","up_dw_x1_to_xn","low_dw_x1_to_xn","up_dw_x1_to_xn_tails","low_dw_x1_to_xn_tails","up_t_test","low_t_test","up_anderson","low_anderson","up_cheby","low_cheby","up_emp_bern","low_emp_bern","up_hoeffding","low_hoeffding","up_PI_emp_bern","low_PI_emp_bern","up_PI_hedged","low_PI_hedged"
"1",198,0.670905867505808,0.404785890007107,0.670899792698478,0.404793948776126,0.725499092562301,0.404793948776126,0.622532091826184,0.45688982714291,0.662005443433349,0.407427349592039,0.749172358585175,0.232120295023092,0.76213979733519,0.317282121633904,0.662098301018588,0.417323617950506,0.699770034896812,0.384210333806578,0.65,0.42
