"","simul_idx","up_dw","low_dw","up_dw_x1_to_xn","low_dw_x1_to_xn","up_dw_x1_to_xn_tails","low_dw_x1_to_xn_tails","up_t_test","low_t_test","up_anderson","low_anderson","up_cheby","low_cheby","up_emp_bern","low_emp_bern","up_hoeffding","low_hoeffding","up_PI_emp_bern","low_PI_emp_bern","up_PI_hedged","low_PI_hedged"
"1",416,0.630088492118204,0.26133864698216,0.630061256708033,0.26135601266012,0.726389071495406,0.26135601266012,0.558543437721184,0.321862774384232,0.613169741432564,0.247330204071553,0.740671377459794,-0.00699953403861436,0.807588822327625,0.0728173897777903,0.613284944312936,0.267121267792479,0.663763817797923,0.227695475798792,0.61,0.28
