"","simul_idx","up_dw","low_dw","up_dw_x1_to_xn","low_dw_x1_to_xn","up_dw_x1_to_xn_tails","low_dw_x1_to_xn_tails","up_t_test","low_t_test","up_anderson","low_anderson","up_cheby","low_cheby","up_emp_bern","low_emp_bern","up_hoeffding","low_hoeffding","up_PI_emp_bern","low_PI_emp_bern","up_PI_hedged","low_PI_hedged"
"1",378,0.818383332128801,0.258446272693584,0.818255599719537,0.258490260794493,1.01529123124089,0.258490260794493,0.746219124378515,0.352806836091674,0.82300339637932,0.226281360708329,0.882316896754564,-0.149632923107771,1.3115285138736,-0.212502553403414,0.823179395490693,0.275846564979496,0.931611633941789,0.140619709219639,0.79,0.29
