"","simul_idx","up_dw","low_dw","up_dw_x1_to_xn","low_dw_x1_to_xn","up_dw_x1_to_xn_tails","low_dw_x1_to_xn_tails","up_t_test","low_t_test","up_anderson","low_anderson","up_cheby","low_cheby","up_emp_bern","low_emp_bern","up_hoeffding","low_hoeffding","up_PI_emp_bern","low_PI_emp_bern","up_PI_hedged","low_PI_hedged"
"1",461,0.781380823618781,0.219306270259334,0.781285600062918,0.219413495734149,0.978417541858422,0.219413495734149,0.698067533575113,0.302809177321028,0.773720623275404,0.177084975640745,0.860579384930283,-0.193328244332856,1.26390383421964,-0.263027123323495,0.774104770703669,0.226771940192472,0.884309699522899,0.0923588815781358,0.75,0.25
