"","simul_idx","up_dw","low_dw","up_dw_x1_to_xn","low_dw_x1_to_xn","up_dw_x1_to_xn_tails","low_dw_x1_to_xn_tails","up_t_test","low_t_test","up_anderson","low_anderson","up_cheby","low_cheby","up_emp_bern","low_emp_bern","up_hoeffding","low_hoeffding","up_PI_emp_bern","low_PI_emp_bern","up_PI_hedged","low_PI_hedged"
"1",416,0.573604637800229,0.402602311749371,0.573603042301187,0.402604715688594,0.598385828504126,0.402604715688594,0.539955802494711,0.435778920034882,0.565244501016147,0.406510261280033,0.6413217698121,0.296884694158661,0.608130577938442,0.36760414459115,0.565271912468895,0.410462810060697,0.574546251842837,0.395935024009306,0.56,0.42
