"","simul_idx","up_dw","low_dw","up_dw_x1_to_xn","low_dw_x1_to_xn","up_dw_x1_to_xn_tails","low_dw_x1_to_xn_tails","up_t_test","low_t_test","up_anderson","low_anderson","up_cheby","low_cheby","up_emp_bern","low_emp_bern","up_hoeffding","low_hoeffding","up_PI_emp_bern","low_PI_emp_bern","up_PI_hedged","low_PI_hedged"
"1",130,0.57558426943988,0.310342376007165,0.575572858537612,0.310343838157202,0.630162417970816,0.310343838157202,0.522693274025656,0.357693143982305,0.562518013476232,0.307906763521976,0.673845219511407,0.12650606958674,0.662096818793376,0.218289599214585,0.562580550538021,0.31780586746994,0.595050547852832,0.280997144210773,0.56,0.33
