"","simul_idx","up_dw","low_dw","up_dw_x1_to_xn","low_dw_x1_to_xn","up_dw_x1_to_xn_tails","low_dw_x1_to_xn_tails","up_t_test","low_t_test","up_anderson","low_anderson","up_cheby","low_cheby","up_emp_bern","low_emp_bern","up_hoeffding","low_hoeffding","up_PI_emp_bern","low_PI_emp_bern","up_PI_hedged","low_PI_hedged"
"1",57,0.741630346671825,0.181607879276492,0.741577252416986,0.181621935299504,0.938567297500282,0.181621935299504,0.647130498832677,0.253954151747645,0.723968895985895,0.127218172572629,0.837227271688145,-0.236504171301264,1.21237254516811,-0.311287894587793,0.724208740545759,0.176875910034562,0.834879128550314,0.0442786221487821,0.71,0.21
