"","simul_idx","up_dw","low_dw","up_dw_x1_to_xn","low_dw_x1_to_xn","up_dw_x1_to_xn_tails","low_dw_x1_to_xn_tails","up_t_test","low_t_test","up_anderson","low_anderson","up_cheby","low_cheby","up_emp_bern","low_emp_bern","up_hoeffding","low_hoeffding","up_PI_emp_bern","low_PI_emp_bern","up_PI_hedged","low_PI_hedged"
"1",434,0.818193659592527,0.258318666249093,0.818154203008077,0.258391870400928,1.01523433046119,0.258391870400928,0.745910190108634,0.352690003368858,0.822706476503659,0.226083851647006,0.882225344605961,-0.149825215620966,1.31116474931103,-0.212564555833539,0.822966511994345,0.275633681483148,0.954816641379774,0.165649188160701,0.78,0.28
