"","simul_idx","up_dw","low_dw","up_dw_x1_to_xn","low_dw_x1_to_xn","up_dw_x1_to_xn_tails","low_dw_x1_to_xn_tails","up_t_test","low_t_test","up_anderson","low_anderson","up_cheby","low_cheby","up_emp_bern","low_emp_bern","up_hoeffding","low_hoeffding","up_PI_emp_bern","low_PI_emp_bern","up_PI_hedged","low_PI_hedged"
"1",210,0.818883488134539,0.259188022684058,0.818752092398879,0.259393302118669,1.01603336999324,0.259393302118669,0.746872208012827,0.353720648905959,0.823568579225944,0.226991373574132,0.882653614042586,-0.148925042763395,1.3121071792772,-0.21151432235841,0.823962843714992,0.276630013203794,0.956777533464631,0.16565198259091,0.79,0.29
