"","simul_idx","up_dw","low_dw","up_dw_x1_to_xn","low_dw_x1_to_xn","up_dw_x1_to_xn_tails","low_dw_x1_to_xn_tails","up_t_test","low_t_test","up_anderson","low_anderson","up_cheby","low_cheby","up_emp_bern","low_emp_bern","up_hoeffding","low_hoeffding","up_PI_emp_bern","low_PI_emp_bern","up_PI_hedged","low_PI_hedged"
"1",400,0.604641185709091,0.338169903875663,0.604635480409882,0.338179952269586,0.659237718112526,0.338179952269586,0.552950176121814,0.387017089104859,0.59230479148396,0.33770716310299,0.696802211629352,0.15771348403126,0.692650345889148,0.247316919337525,0.592370974147377,0.347596291079296,0.625971712192859,0.309342872971207,0.59,0.36
