"","simul_idx","up_dw","low_dw","up_dw_x1_to_xn","low_dw_x1_to_xn","up_dw_x1_to_xn_tails","low_dw_x1_to_xn_tails","up_t_test","low_t_test","up_anderson","low_anderson","up_cheby","low_cheby","up_emp_bern","low_emp_bern","up_hoeffding","low_hoeffding","up_PI_emp_bern","low_PI_emp_bern","up_PI_hedged","low_PI_hedged"
"1",406,0.887105906370285,0.34615452473645,0.887079166751304,0.346254803072581,1.08420052808165,0.346254803072581,0.83786257788806,0.460899824604554,0.922620332472727,0.325914702167478,0.922433950232715,-0.0565923485709723,1.39847688380548,-0.0997144813128616,0.923047616501906,0.375714785990708,1.04177869458869,0.273741755267172,0.86,0.38
