"","simul_idx","up_dw","low_dw","up_dw_x1_to_xn","low_dw_x1_to_xn","up_dw_x1_to_xn_tails","low_dw_x1_to_xn_tails","up_t_test","low_t_test","up_anderson","low_anderson","up_cheby","low_cheby","up_emp_bern","low_emp_bern","up_hoeffding","low_hoeffding","up_PI_emp_bern","low_PI_emp_bern","up_PI_hedged","low_PI_hedged"
"1",203,0.72103584700324,0.351050031602689,0.7209788387231,0.351117873741225,0.817381886127774,0.351117873741225,0.658587588768443,0.420885845908424,0.712645654463551,0.34683044774207,0.80503564621686,0.094525549347196,0.907949566063714,0.171523868613153,0.712818555598662,0.366654879078205,0.753258012350486,0.315543085066046,0.7,0.38
