"","simul_idx","up_dw","low_dw","up_dw_x1_to_xn","low_dw_x1_to_xn","up_dw_x1_to_xn_tails","low_dw_x1_to_xn_tails","up_t_test","low_t_test","up_anderson","low_anderson","up_cheby","low_cheby","up_emp_bern","low_emp_bern","up_hoeffding","low_hoeffding","up_PI_emp_bern","low_PI_emp_bern","up_PI_hedged","low_PI_hedged"
"1",23,0.642744593231722,0.375906421482263,0.642733000622575,0.375915289314041,0.697333495131668,0.375915289314041,0.592867622875569,0.426724790756898,0.632104053999546,0.377494385056141,0.726947584688037,0.199954609523296,0.732634479148794,0.286957934483673,0.632183548350274,0.387408865282193,0.665805393298151,0.348730621149988,0.63,0.4
