"","simul_idx","up_dw","low_dw","up_dw_x1_to_xn","low_dw_x1_to_xn","up_dw_x1_to_xn_tails","low_dw_x1_to_xn_tails","up_t_test","low_t_test","up_anderson","low_anderson","up_cheby","low_cheby","up_emp_bern","low_emp_bern","up_hoeffding","low_hoeffding","up_PI_emp_bern","low_PI_emp_bern","up_PI_hedged","low_PI_hedged"
"1",22,0.605886709281579,0.484975313928102,0.605885148109455,0.484977097991691,0.619165010475348,0.484977097991691,0.582434111340218,0.509265770334687,0.600562583444945,0.489134940599203,0.652961248208604,0.41733275343346,0.623399745314639,0.468300136360266,0.600583223888572,0.491116657786333,0.607278550815786,0.488156950073414,0.59,0.5
