"","simul_idx","up_dw","low_dw","up_dw_x1_to_xn","low_dw_x1_to_xn","up_dw_x1_to_xn_tails","low_dw_x1_to_xn_tails","up_t_test","low_t_test","up_anderson","low_anderson","up_cheby","low_cheby","up_emp_bern","low_emp_bern","up_hoeffding","low_hoeffding","up_PI_emp_bern","low_PI_emp_bern","up_PI_hedged","low_PI_hedged"
"1",321,0.667357637346817,0.296537389835138,0.667344180525159,0.296576260242607,0.763704047026674,0.296576260242607,0.599246548718348,0.360906714428488,0.653043160823514,0.287133589461685,0.767019508610345,0.0331082106786849,0.848806370625061,0.111346892521774,0.653158469833646,0.306994793313189,0.694739277437853,0.255922648343157,0.65,0.32
