"","simul_idx","up_dw","low_dw","up_dw_x1_to_xn","low_dw_x1_to_xn","up_dw_x1_to_xn_tails","low_dw_x1_to_xn_tails","up_t_test","low_t_test","up_anderson","low_anderson","up_cheby","low_cheby","up_emp_bern","low_emp_bern","up_hoeffding","low_hoeffding","up_PI_emp_bern","low_PI_emp_bern","up_PI_hedged","low_PI_hedged"
"1",382,0.818797627901291,0.258845123724998,0.818735209864945,0.258888598480961,1.01577005956394,0.258888598480961,0.746556190717787,0.353497786921074,0.823402785826518,0.226598654261845,0.882537849260542,-0.149168530834635,1.31176457326905,-0.211710595630192,0.823693404075029,0.276360573563832,0.954761216467981,0.167215898074712,0.78,0.28
