"","simul_idx","up_dw","low_dw","up_dw_x1_to_xn","low_dw_x1_to_xn","up_dw_x1_to_xn_tails","low_dw_x1_to_xn_tails","up_t_test","low_t_test","up_anderson","low_anderson","up_cheby","low_cheby","up_emp_bern","low_emp_bern","up_hoeffding","low_hoeffding","up_PI_emp_bern","low_PI_emp_bern","up_PI_hedged","low_PI_hedged"
"1",92,0.582236875714579,0.460977481845955,0.582236518218413,0.460977592240314,0.595513951481221,0.460977592240314,0.558521850876696,0.485107414859208,0.576530851000291,0.465102434898834,0.631472507404386,0.391693439395519,0.59956725267094,0.444062013064964,0.576547915919072,0.467081349816832,0.579131534605599,0.459802678666327,0.57,0.47
