"","simul_idx","up_dw","low_dw","up_dw_x1_to_xn","low_dw_x1_to_xn","up_dw_x1_to_xn_tails","low_dw_x1_to_xn_tails","up_t_test","low_t_test","up_anderson","low_anderson","up_cheby","low_cheby","up_emp_bern","low_emp_bern","up_hoeffding","low_hoeffding","up_PI_emp_bern","low_PI_emp_bern","up_PI_hedged","low_PI_hedged"
"1",283,0.557844246401964,0.38702473967572,0.557842050567612,0.387025881380619,0.582622990428934,0.387025881380619,0.523919366779679,0.419878719538605,0.549277799474212,0.390534551815856,0.627605369346317,0.27989279057511,0.592050193395262,0.351747892923022,0.549303594363241,0.394494491955043,0.559069630858397,0.380843126057382,0.54,0.4
