"","simul_idx","up_dw","low_dw","up_dw_x1_to_xn","low_dw_x1_to_xn","up_dw_x1_to_xn_tails","low_dw_x1_to_xn_tails","up_t_test","low_t_test","up_anderson","low_anderson","up_cheby","low_cheby","up_emp_bern","low_emp_bern","up_hoeffding","low_hoeffding","up_PI_emp_bern","low_PI_emp_bern","up_PI_hedged","low_PI_hedged"
"1",1,0.575546060129666,0.310344914291834,0.575533431474673,0.310347873976144,0.630125202135889,0.310347873976144,0.522675016099839,0.357673541751277,0.562485764096677,0.307905238123028,0.673830526707788,0.126486344065955,0.662078988276908,0.218269569574209,0.562561620459599,0.317786937391517,0.600054370756941,0.285853547403745,0.56,0.33
