"","simul_idx","up_dw","low_dw","up_dw_x1_to_xn","low_dw_x1_to_xn","up_dw_x1_to_xn_tails","low_dw_x1_to_xn_tails","up_t_test","low_t_test","up_anderson","low_anderson","up_cheby","low_cheby","up_emp_bern","low_emp_bern","up_hoeffding","low_hoeffding","up_PI_emp_bern","low_PI_emp_bern","up_PI_hedged","low_PI_hedged"
"1",76,0.818940848640702,0.259287228736051,0.818886022288025,0.259436698112576,1.0160823013813,0.259436698112576,0.746861678107426,0.35392741943198,0.823627538368796,0.227102487853814,0.882695761715176,-0.148836363355572,1.31203462672576,-0.21124552918635,0.824060964025302,0.276728133514104,0.95626160149115,0.166328913652669,0.79,0.29
