"","simul_idx","up_dw","low_dw","up_dw_x1_to_xn","low_dw_x1_to_xn","up_dw_x1_to_xn_tails","low_dw_x1_to_xn_tails","up_t_test","low_t_test","up_anderson","low_anderson","up_cheby","low_cheby","up_emp_bern","low_emp_bern","up_hoeffding","low_hoeffding","up_PI_emp_bern","low_PI_emp_bern","up_PI_hedged","low_PI_hedged"
"1",234,0.624049506002357,0.357247328407614,0.624047261291328,0.357260646504516,0.678654326969501,0.357260646504516,0.573249263447638,0.407110897705053,0.612458063228571,0.357857292184846,0.712173179961032,0.179063330177778,0.713014699678093,0.267345461474598,0.612567422110386,0.367792739042305,0.651216529686423,0.334179570169115,0.6,0.37
