"","simul_idx","up_dw","low_dw","up_dw_x1_to_xn","low_dw_x1_to_xn","up_dw_x1_to_xn_tails","low_dw_x1_to_xn_tails","up_t_test","low_t_test","up_anderson","low_anderson","up_cheby","low_cheby","up_emp_bern","low_emp_bern","up_hoeffding","low_hoeffding","up_PI_emp_bern","low_PI_emp_bern","up_PI_hedged","low_PI_hedged"
"1",203,0.741394216327835,0.181641384362488,0.741277634725226,0.181730002163069,0.938381237105346,0.181730002163069,0.646758297759525,0.254065129362241,0.723812028420708,0.127212632956337,0.837164551004517,-0.236615599590007,1.2118624335509,-0.311039006429132,0.724078128816482,0.176745298305284,0.858818158948476,0.0687753593148124,0.7,0.21
