"","simul_idx","up_dw","low_dw","up_dw_x1_to_xn","low_dw_x1_to_xn","up_dw_x1_to_xn_tails","low_dw_x1_to_xn_tails","up_t_test","low_t_test","up_anderson","low_anderson","up_cheby","low_cheby","up_emp_bern","low_emp_bern","up_hoeffding","low_hoeffding","up_PI_emp_bern","low_PI_emp_bern","up_PI_hedged","low_PI_hedged"
"1",473,0.534938069055829,0.413718759108906,0.534935207455019,0.413719442461333,0.548213472288476,0.413719442461333,0.510775719300307,0.437391113477475,0.528800369684572,0.41737118117671,0.588429450970788,0.34114587528194,0.551811452107059,0.396355380670723,0.528816699440011,0.419350133337771,0.531288756605734,0.411601632332953,0.52,0.42
