"","simul_idx","up_dw","low_dw","up_dw_x1_to_xn","low_dw_x1_to_xn","up_dw_x1_to_xn_tails","low_dw_x1_to_xn_tails","up_t_test","low_t_test","up_anderson","low_anderson","up_cheby","low_cheby","up_emp_bern","low_emp_bern","up_hoeffding","low_hoeffding","up_PI_emp_bern","low_PI_emp_bern","up_PI_hedged","low_PI_hedged"
"1",493,0.703783277005681,0.332992340645165,0.703749385851413,0.33301585873652,0.800086370500483,0.33301585873652,0.639435636570912,0.40115264646666,0.693195156069168,0.3273355361608,0.792839654272996,0.0743172482583139,0.888977833549145,0.151610449488426,0.693375979779014,0.347212303258557,0.744341105268293,0.305720390786746,0.68,0.35
