"","simul_idx","up_dw","low_dw","up_dw_x1_to_xn","low_dw_x1_to_xn","up_dw_x1_to_xn_tails","low_dw_x1_to_xn_tails","up_t_test","low_t_test","up_anderson","low_anderson","up_cheby","low_cheby","up_emp_bern","low_emp_bern","up_hoeffding","low_hoeffding","up_PI_emp_bern","low_PI_emp_bern","up_PI_hedged","low_PI_hedged"
"1",381,0.689850155077763,0.42459860484516,0.689842801546519,0.424612108691858,0.744450141498984,0.424612108691858,0.642514858764843,0.477490108595835,0.682311334762495,0.427683992736239,0.764027483311454,0.254158850652799,0.781926231272716,0.338078736087962,0.68238982521438,0.437615142146298,0.714149675394342,0.400299366637082,0.67,0.44
