"","simul_idx","up_dw","low_dw","up_dw_x1_to_xn","low_dw_x1_to_xn","up_dw_x1_to_xn_tails","low_dw_x1_to_xn_tails","up_t_test","low_t_test","up_anderson","low_anderson","up_cheby","low_cheby","up_emp_bern","low_emp_bern","up_hoeffding","low_hoeffding","up_PI_emp_bern","low_PI_emp_bern","up_PI_hedged","low_PI_hedged"
"1",167,0.589329738763331,0.418317657542879,0.58932409214653,0.418318879158947,0.614105141565106,0.418318879158947,0.555994034211697,0.451805981810878,0.581267381230972,0.422537631726576,0.655021973827412,0.314016503117373,0.624172413024818,0.383627602997758,0.581304559215387,0.426495456807189,0.595638180338769,0.417121998265969,0.58,0.43
