"","simul_idx","up_dw","low_dw","up_dw_x1_to_xn","low_dw_x1_to_xn","up_dw_x1_to_xn_tails","low_dw_x1_to_xn_tails","up_t_test","low_t_test","up_anderson","low_anderson","up_cheby","low_cheby","up_emp_bern","low_emp_bern","up_hoeffding","low_hoeffding","up_PI_emp_bern","low_PI_emp_bern","up_PI_hedged","low_PI_hedged"
"1",446,0.721138630713995,0.350930856306888,0.7211183823724,0.35094817405332,0.817446125720249,0.35094817405332,0.658666918567604,0.420790852433061,0.712712054039586,0.34674998458604,0.805030772288916,0.0945173702116383,0.90808294598626,0.171374825014405,0.712810723760561,0.366647047240104,0.762917828945396,0.325643052612608,0.7,0.37
