"","simul_idx","up_dw","low_dw","up_dw_x1_to_xn","low_dw_x1_to_xn","up_dw_x1_to_xn_tails","low_dw_x1_to_xn_tails","up_t_test","low_t_test","up_anderson","low_anderson","up_cheby","low_cheby","up_emp_bern","low_emp_bern","up_hoeffding","low_hoeffding","up_PI_emp_bern","low_PI_emp_bern","up_PI_hedged","low_PI_hedged"
"1",481,0.708265063654817,0.444293660283277,0.708257788237198,0.44429747281228,0.762850818191182,0.44429747281228,0.661957362715746,0.497902181669869,0.702236272286816,0.447601940142847,0.77843422129196,0.275983546331326,0.801060469731305,0.35879907465431,0.702317113726848,0.457542430658767,0.737764769443562,0.42626052232463,0.69,0.46
