"","simul_idx","up_dw","low_dw","up_dw_x1_to_xn","low_dw_x1_to_xn","up_dw_x1_to_xn_tails","low_dw_x1_to_xn_tails","up_t_test","low_t_test","up_anderson","low_anderson","up_cheby","low_cheby","up_emp_bern","low_emp_bern","up_hoeffding","low_hoeffding","up_PI_emp_bern","low_PI_emp_bern","up_PI_hedged","low_PI_hedged"
"1",226,0.854051639535359,0.301025630560272,0.853991431996058,0.301067724629294,1.05102417891422,0.301067724629294,0.793275079228913,0.40592922163923,0.873013325169068,0.276211926320679,0.903162409598593,-0.103692875686498,1.35685296694383,-0.157648666075683,0.87326856568967,0.325935735178473,1.0013259395017,0.217386068808154,0.82,0.33
