"","simul_idx","up_dw","low_dw","up_dw_x1_to_xn","low_dw_x1_to_xn","up_dw_x1_to_xn_tails","low_dw_x1_to_xn_tails","up_t_test","low_t_test","up_anderson","low_anderson","up_cheby","low_cheby","up_emp_bern","low_emp_bern","up_hoeffding","low_hoeffding","up_PI_emp_bern","low_PI_emp_bern","up_PI_hedged","low_PI_hedged"
"1",334,0.548742198232008,0.427411730443818,0.548741494831619,0.427413348012819,0.562021115553278,0.427413348012819,0.524686333488897,0.451234022695193,0.54267676698425,0.431245764480394,0.600991918253312,0.355792744672267,0.56574401179497,0.41017634438912,0.542693461143165,0.433226895040925,0.545867526968773,0.426459143905644,0.54,0.44
