"","simul_idx","up_dw","low_dw","up_dw_x1_to_xn","low_dw_x1_to_xn","up_dw_x1_to_xn_tails","low_dw_x1_to_xn_tails","up_t_test","low_t_test","up_anderson","low_anderson","up_cheby","low_cheby","up_emp_bern","low_emp_bern","up_hoeffding","low_hoeffding","up_PI_emp_bern","low_PI_emp_bern","up_PI_hedged","low_PI_hedged"
"1",427,0.608805261750018,0.437911392273432,0.608802206698203,0.437914352047235,0.633585790250636,0.437914352047235,0.575868159476919,0.47175853094323,0.601187852371858,0.442448552052939,0.671935313182241,0.33539804299098,0.644021239126647,0.403605451293502,0.601217896414173,0.446408794005975,0.609817897131066,0.431513429000385,0.59,0.45
