"","simul_idx","up_dw","low_dw","up_dw_x1_to_xn","low_dw_x1_to_xn","up_dw_x1_to_xn_tails","low_dw_x1_to_xn_tails","up_t_test","low_t_test","up_anderson","low_anderson","up_cheby","low_cheby","up_emp_bern","low_emp_bern","up_hoeffding","low_hoeffding","up_PI_emp_bern","low_PI_emp_bern","up_PI_hedged","low_PI_hedged"
"1",424,0.69940740081991,0.146684068395209,0.699361994363845,0.146835696108577,0.89656156059572,0.146835696108577,0.594728725889987,0.207551347417455,0.674329037488658,0.077782935344185,0.812930876032644,-0.278077493827683,1.15825852570844,-0.355978452400995,0.67480645190932,0.127473621398122,0.807450227379103,0.0240048939715212,0.66,0.17
