"","simul_idx","up_dw","low_dw","up_dw_x1_to_xn","low_dw_x1_to_xn","up_dw_x1_to_xn_tails","low_dw_x1_to_xn_tails","up_t_test","low_t_test","up_anderson","low_anderson","up_cheby","low_cheby","up_emp_bern","low_emp_bern","up_hoeffding","low_hoeffding","up_PI_emp_bern","low_PI_emp_bern","up_PI_hedged","low_PI_hedged"
"1",383,0.593404168624373,0.422410662222813,0.593401976984386,0.422415293031045,0.618188001245155,0.422415293031045,0.560142325797067,0.45598710722272,0.585421816817028,0.426701708651868,0.658568817753965,0.31847871399583,0.628310112575248,0.387819320444539,0.585469267713993,0.430660165305795,0.60029360196726,0.420875220761145,0.58,0.44
