"","simul_idx","up_dw","low_dw","up_dw_x1_to_xn","low_dw_x1_to_xn","up_dw_x1_to_xn_tails","low_dw_x1_to_xn_tails","up_t_test","low_t_test","up_anderson","low_anderson","up_cheby","low_cheby","up_emp_bern","low_emp_bern","up_hoeffding","low_hoeffding","up_PI_emp_bern","low_PI_emp_bern","up_PI_hedged","low_PI_hedged"
"1",45,0.624437344319591,0.453857298472969,0.624435904661888,0.453862257096645,0.649222401700538,0.453862257096645,0.591837716612769,0.487956028565325,0.617262325270146,0.458521540052986,0.685509591759546,0.352753624757853,0.659917263754898,0.419876481423196,0.617301423793146,0.462492321384948,0.627145022407355,0.448747084292046,0.61,0.47
