"","simul_idx","up_dw","low_dw","up_dw_x1_to_xn","low_dw_x1_to_xn","up_dw_x1_to_xn_tails","low_dw_x1_to_xn_tails","up_t_test","low_t_test","up_anderson","low_anderson","up_cheby","low_cheby","up_emp_bern","low_emp_bern","up_hoeffding","low_hoeffding","up_PI_emp_bern","low_PI_emp_bern","up_PI_hedged","low_PI_hedged"
"1",444,0.703214309014855,0.332361902441397,0.703179638460294,0.332396517635127,0.799533162780461,0.332396517635127,0.638839653876188,0.400423825514735,0.692583804067983,0.326694420961746,0.792420781129872,0.0736321183625636,0.888423038264488,0.150840441126435,0.69271357795569,0.346549901435233,0.733602902751661,0.295397496432456,0.68,0.36
