"","simul_idx","up_dw","low_dw","up_dw_x1_to_xn","low_dw_x1_to_xn","up_dw_x1_to_xn_tails","low_dw_x1_to_xn_tails","up_t_test","low_t_test","up_anderson","low_anderson","up_cheby","low_cheby","up_emp_bern","low_emp_bern","up_hoeffding","low_hoeffding","up_PI_emp_bern","low_PI_emp_bern","up_PI_hedged","low_PI_hedged"
"1",447,0.818578316841719,0.258816819245066,0.818488112570314,0.258966602524879,1.01568486973707,0.258966602524879,0.746378853973802,0.353349451344772,0.823082759757022,0.226501078132537,0.882467867686834,-0.149315664141118,1.31157895891077,-0.211850653592196,0.823530567914886,0.276197737403688,0.953943446369994,0.167687170904644,0.79,0.29
