"","simul_idx","up_dw","low_dw","up_dw_x1_to_xn","low_dw_x1_to_xn","up_dw_x1_to_xn_tails","low_dw_x1_to_xn_tails","up_t_test","low_t_test","up_anderson","low_anderson","up_cheby","low_cheby","up_emp_bern","low_emp_bern","up_hoeffding","low_hoeffding","up_PI_emp_bern","low_PI_emp_bern","up_PI_hedged","low_PI_hedged"
"1",273,0.565954088929834,0.395022234157283,0.565953001368488,0.395023147974415,0.590733587569933,0.395023147974415,0.532167980630807,0.42804410695923,0.557476256247946,0.39873717128311,0.634663728965963,0.288617124485996,0.600325655693693,0.359886431896344,0.557510594999118,0.40270149259092,0.571753455623196,0.393359822648127,0.55,0.41
