"","simul_idx","up_dw","low_dw","up_dw_x1_to_xn","low_dw_x1_to_xn","up_dw_x1_to_xn_tails","low_dw_x1_to_xn_tails","up_t_test","low_t_test","up_anderson","low_anderson","up_cheby","low_cheby","up_emp_bern","low_emp_bern","up_hoeffding","low_hoeffding","up_PI_emp_bern","low_PI_emp_bern","up_PI_hedged","low_PI_hedged"
"1",116,0.586246821504444,0.465037080058286,0.586245438472844,0.465037154533274,0.599522771979573,0.465037154533274,0.562577042321322,0.489197321572761,0.580597178451736,0.469172703517069,0.635122637323019,0.396028699828043,0.603611191708235,0.448163172185848,0.580620464998161,0.471153898895922,0.583355788793428,0.463972973480719,0.58,0.48
