"","simul_idx","up_dw","low_dw","up_dw_x1_to_xn","low_dw_x1_to_xn","up_dw_x1_to_xn_tails","low_dw_x1_to_xn_tails","up_t_test","low_t_test","up_anderson","low_anderson","up_cheby","low_cheby","up_emp_bern","low_emp_bern","up_hoeffding","low_hoeffding","up_PI_emp_bern","low_PI_emp_bern","up_PI_hedged","low_PI_hedged"
"1",216,0.577627060153107,0.406568095665102,0.577623903250774,0.406570254322665,0.602406340205828,0.406570254322665,0.544047685677294,0.439832305561094,0.569321227286059,0.410568371612377,0.644808780703374,0.301229672410461,0.612234880280326,0.371645110958063,0.569344546823293,0.414535444415095,0.579129096997126,0.400481800701334,0.56,0.42
