"","simul_idx","up_dw","low_dw","up_dw_x1_to_xn","low_dw_x1_to_xn","up_dw_x1_to_xn_tails","low_dw_x1_to_xn_tails","up_t_test","low_t_test","up_anderson","low_anderson","up_cheby","low_cheby","up_emp_bern","low_emp_bern","up_hoeffding","low_hoeffding","up_PI_emp_bern","low_PI_emp_bern","up_PI_hedged","low_PI_hedged"
"1",213,0.588240494286219,0.46703871293338,0.588238956736293,0.467039176318715,0.601516902317457,0.467039176318715,0.5645909479398,0.491214498917352,0.582618473605253,0.47118728242462,0.636927768095307,0.398175611176411,0.605624036848254,0.450181410008898,0.582636006479696,0.473169440377456,0.584637456589066,0.464852227414256,0.58,0.48
