"","simul_idx","up_dw","low_dw","up_dw_x1_to_xn","low_dw_x1_to_xn","up_dw_x1_to_xn_tails","low_dw_x1_to_xn_tails","up_t_test","low_t_test","up_anderson","low_anderson","up_cheby","low_cheby","up_emp_bern","low_emp_bern","up_hoeffding","low_hoeffding","up_PI_emp_bern","low_PI_emp_bern","up_PI_hedged","low_PI_hedged"
"1",131,0.575611160856794,0.310323190522328,0.575605171705497,0.310329478139043,0.630201856322604,0.310329478139043,0.522712817608887,0.357682808776662,0.562532394062975,0.307889780432991,0.673848793086979,0.12651086726352,0.66212586205986,0.218269764325689,0.562585154726815,0.317810471658734,0.599843284934741,0.286113377191684,0.56,0.33
