"","simul_idx","up_dw","low_dw","up_dw_x1_to_xn","low_dw_x1_to_xn","up_dw_x1_to_xn_tails","low_dw_x1_to_xn_tails","up_t_test","low_t_test","up_anderson","low_anderson","up_cheby","low_cheby","up_emp_bern","low_emp_bern","up_hoeffding","low_hoeffding","up_PI_emp_bern","low_PI_emp_bern","up_PI_hedged","low_PI_hedged"
"1",422,0.781045391062394,0.218779281515096,0.780993857335778,0.218857768254775,0.978082030149605,0.218857768254775,0.697550767078393,0.302220980434457,0.773333103993788,0.176578708236741,0.860327582495487,-0.193813084153587,1.26340745563359,-0.263635708120743,0.773552289012024,0.226219458500826,0.9070720508485,0.117014913284274,0.74,0.24
