"","simul_idx","up_dw","low_dw","up_dw_x1_to_xn","low_dw_x1_to_xn","up_dw_x1_to_xn_tails","low_dw_x1_to_xn_tails","up_t_test","low_t_test","up_anderson","low_anderson","up_cheby","low_cheby","up_emp_bern","low_emp_bern","up_hoeffding","low_hoeffding","up_PI_emp_bern","low_PI_emp_bern","up_PI_hedged","low_PI_hedged"
"1",100,0.741220978716989,0.181668347953266,0.74105676082969,0.181873845856704,0.938338371151221,0.181873845856704,0.646793617668998,0.253827821315134,0.723565814388232,0.127169107304993,0.837116047334648,-0.23670175467856,1.21197556788135,-0.311354128897222,0.723977134747665,0.176644304236467,0.858458456446237,0.0689160812555072,0.71,0.21
