"","simul_idx","up_dw","low_dw","up_dw_x1_to_xn","low_dw_x1_to_xn","up_dw_x1_to_xn_tails","low_dw_x1_to_xn_tails","up_t_test","low_t_test","up_anderson","low_anderson","up_cheby","low_cheby","up_emp_bern","low_emp_bern","up_hoeffding","low_hoeffding","up_PI_emp_bern","low_PI_emp_bern","up_PI_hedged","low_PI_hedged"
"1",12,0.558740379165605,0.437387614875195,0.558739779054165,0.437388150794267,0.572017829908175,0.437388150794267,0.534785942812756,0.461303676026297,0.552756970919386,0.441332123778742,0.610096756941187,0.366461692901022,0.575853330881792,0.420236287957261,0.552778092470647,0.443311526368407,0.564744260036505,0.443892185380983,0.55,0.45
