"","simul_idx","up_dw","low_dw","up_dw_x1_to_xn","low_dw_x1_to_xn","up_dw_x1_to_xn_tails","low_dw_x1_to_xn_tails","up_t_test","low_t_test","up_anderson","low_anderson","up_cheby","low_cheby","up_emp_bern","low_emp_bern","up_hoeffding","low_hoeffding","up_PI_emp_bern","low_PI_emp_bern","up_PI_hedged","low_PI_hedged"
"1",121,0.604669816555665,0.338175548704925,0.604668238925769,0.338184022761315,0.659268151994301,0.338184022761315,0.552953197545772,0.387052723153691,0.592323753792602,0.337700338967985,0.696816997080272,0.157733839919239,0.692642998432103,0.24736292226736,0.592390301883772,0.347615618815691,0.625849499557399,0.309489181126829,0.59,0.36
