"","simul_idx","up_dw","low_dw","up_dw_x1_to_xn","low_dw_x1_to_xn","up_dw_x1_to_xn_tails","low_dw_x1_to_xn_tails","up_t_test","low_t_test","up_anderson","low_anderson","up_cheby","low_cheby","up_emp_bern","low_emp_bern","up_hoeffding","low_hoeffding","up_PI_emp_bern","low_PI_emp_bern","up_PI_hedged","low_PI_hedged"
"1",135,0.573707979758465,0.402702416391926,0.573703718151163,0.402703696729798,0.598484854757699,0.402703696729798,0.540054555574412,0.435889818711726,0.565349911430395,0.406600773995445,0.641411580338848,0.296996471859362,0.608225412906758,0.367718961379379,0.565376738347168,0.41056763593897,0.574825886099364,0.395691985278797,0.56,0.42
