"","simul_idx","up_dw","low_dw","up_dw_x1_to_xn","low_dw_x1_to_xn","up_dw_x1_to_xn_tails","low_dw_x1_to_xn_tails","up_t_test","low_t_test","up_anderson","low_anderson","up_cheby","low_cheby","up_emp_bern","low_emp_bern","up_hoeffding","low_hoeffding","up_PI_emp_bern","low_PI_emp_bern","up_PI_hedged","low_PI_hedged"
"1",148,0.703469850217897,0.332695411069218,0.703443145065947,0.332744304897344,0.799817950970141,0.332744304897344,0.639158848342721,0.400759602063631,0.692835577437878,0.327014298423676,0.792627895608548,0.0739708130634129,0.888737091342987,0.151181359063365,0.693041063463405,0.346877386942948,0.732384461757451,0.297261466804127,0.67,0.34
