"","simul_idx","up_dw","low_dw","up_dw_x1_to_xn","low_dw_x1_to_xn","up_dw_x1_to_xn_tails","low_dw_x1_to_xn_tails","up_t_test","low_t_test","up_anderson","low_anderson","up_cheby","low_cheby","up_emp_bern","low_emp_bern","up_hoeffding","low_hoeffding","up_PI_emp_bern","low_PI_emp_bern","up_PI_hedged","low_PI_hedged"
"1",477,0.607850267950812,0.486974345633278,0.607849290405652,0.486975324298248,0.621127983845071,0.486975324298248,0.584423101800251,0.511272492958357,0.602562400120795,0.491134375990278,0.654741532101368,0.419469835309031,0.625382988173277,0.47031260658533,0.602581080430423,0.493114514328184,0.605226959935613,0.485814031559933,0.6,0.5
