"","simul_idx","up_dw","low_dw","up_dw_x1_to_xn","low_dw_x1_to_xn","up_dw_x1_to_xn_tails","low_dw_x1_to_xn_tails","up_t_test","low_t_test","up_anderson","low_anderson","up_cheby","low_cheby","up_emp_bern","low_emp_bern","up_hoeffding","low_hoeffding","up_PI_emp_bern","low_PI_emp_bern","up_PI_hedged","low_PI_hedged"
"1",358,0.629972451575745,0.261133203766741,0.629959739072807,0.261169618118983,0.726315944947945,0.261169618118983,0.558484673375103,0.321571464916642,0.61297711358056,0.247103107497101,0.740554133182406,-0.00717401793928579,0.807602160186739,0.0724539781050053,0.613109907406101,0.266946230885644,0.663805105995051,0.227309273265046,0.6,0.28
