"","simul_idx","up_dw","low_dw","up_dw_x1_to_xn","low_dw_x1_to_xn","up_dw_x1_to_xn_tails","low_dw_x1_to_xn_tails","up_t_test","low_t_test","up_anderson","low_anderson","up_cheby","low_cheby","up_emp_bern","low_emp_bern","up_hoeffding","low_hoeffding","up_PI_emp_bern","low_PI_emp_bern","up_PI_hedged","low_PI_hedged"
"1",332,0.550815492140678,0.429495410191728,0.550813765553509,0.429498594315616,0.564095659916365,0.429498594315616,0.526791533375735,0.453326463249052,0.544766006070075,0.433348538842161,0.602888550766898,0.35801144592407,0.567853347418513,0.412264649206274,0.544792281363513,0.435325715261274,0.546984291280441,0.427181151632159,0.54,0.44
