"","simul_idx","up_dw","low_dw","up_dw_x1_to_xn","low_dw_x1_to_xn","up_dw_x1_to_xn_tails","low_dw_x1_to_xn_tails","up_t_test","low_t_test","up_anderson","low_anderson","up_cheby","low_cheby","up_emp_bern","low_emp_bern","up_hoeffding","low_hoeffding","up_PI_emp_bern","low_PI_emp_bern","up_PI_hedged","low_PI_hedged"
"1",150,0.667483867005407,0.296687369483572,0.66746765606548,0.296727186501038,0.763828933441428,0.296727186501038,0.599405374099717,0.361050292103853,0.653168171406399,0.287318676439134,0.767118030605803,0.0332616912305047,0.848969923661949,0.111485742541621,0.653309671362013,0.307145994841556,0.693998290349801,0.256958742859999,0.65,0.32
