"","simul_idx","up_dw","low_dw","up_dw_x1_to_xn","low_dw_x1_to_xn","up_dw_x1_to_xn_tails","low_dw_x1_to_xn_tails","up_t_test","low_t_test","up_anderson","low_anderson","up_cheby","low_cheby","up_emp_bern","low_emp_bern","up_hoeffding","low_hoeffding","up_PI_emp_bern","low_PI_emp_bern","up_PI_hedged","low_PI_hedged"
"1",450,0.886735499740847,0.345833027792398,0.886668573105778,0.345915365370427,1.08376261073141,0.345915365370427,0.837457030337735,0.460424826582531,0.922358416465096,0.32570765626583,0.922270164882887,-0.0570155936027104,1.39809115905069,-0.100209302130427,0.922607343715731,0.375274513204534,1.02122211869392,0.245032097891428,0.87,0.39
