"","simul_idx","up_dw","low_dw","up_dw_x1_to_xn","low_dw_x1_to_xn","up_dw_x1_to_xn_tails","low_dw_x1_to_xn_tails","up_t_test","low_t_test","up_anderson","low_anderson","up_cheby","low_cheby","up_emp_bern","low_emp_bern","up_hoeffding","low_hoeffding","up_PI_emp_bern","low_PI_emp_bern","up_PI_hedged","low_PI_hedged"
"1",98,0.557943313493117,0.387114703666228,0.55794062211462,0.387117581532952,0.582724098928603,0.387117581532952,0.524024829404645,0.41996724240121,0.549368654855013,0.390622319450887,0.627688894087188,0.279995790341519,0.592161120706318,0.351830951099537,0.549400587107027,0.394591484698829,0.559397213509536,0.38084494525805,0.54,0.4
