"","simul_idx","up_dw","low_dw","up_dw_x1_to_xn","low_dw_x1_to_xn","up_dw_x1_to_xn_tails","low_dw_x1_to_xn_tails","up_t_test","low_t_test","up_anderson","low_anderson","up_cheby","low_cheby","up_emp_bern","low_emp_bern","up_hoeffding","low_hoeffding","up_PI_emp_bern","low_PI_emp_bern","up_PI_hedged","low_PI_hedged"
"1",417,0.612780564337516,0.441949603216801,0.612776184058092,0.441950838650386,0.637557240250495,0.441950838650386,0.579929752938569,0.4758640407405,0.605271028216585,0.44652589800847,0.675389193264933,0.339797146811095,0.648068665389059,0.40772512829001,0.605301448043633,0.450492345635435,0.618015963554888,0.43931398549177,0.6,0.45
