"","simul_idx","up_dw","low_dw","up_dw_x1_to_xn","low_dw_x1_to_xn","up_dw_x1_to_xn_tails","low_dw_x1_to_xn_tails","up_t_test","low_t_test","up_anderson","low_anderson","up_cheby","low_cheby","up_emp_bern","low_emp_bern","up_hoeffding","low_hoeffding","up_PI_emp_bern","low_PI_emp_bern","up_PI_hedged","low_PI_hedged"
"1",18,0.538914754069722,0.417657173939847,0.538914628795763,0.417657823538186,0.552192810577185,0.417657823538186,0.514776691663966,0.44137848688268,0.532793075971477,0.421362074382262,0.592049306682254,0.345357731108575,0.555816832358789,0.400338346187856,0.532810872324442,0.423344306222203,0.540996660845219,0.421386175625477,0.53,0.43
