"","simul_idx","up_dw","low_dw","up_dw_x1_to_xn","low_dw_x1_to_xn","up_dw_x1_to_xn_tails","low_dw_x1_to_xn_tails","up_t_test","low_t_test","up_anderson","low_anderson","up_cheby","low_cheby","up_emp_bern","low_emp_bern","up_hoeffding","low_hoeffding","up_PI_emp_bern","low_PI_emp_bern","up_PI_hedged","low_PI_hedged"
"1",400,0.853972230506047,0.301136004691862,0.853827694392098,0.301265782066762,1.05099398264359,0.301265782066762,0.793259468600602,0.405983148582101,0.872947983671784,0.276267925483648,0.903170110903593,-0.10367503278179,1.35681750865974,-0.157574891477032,0.873287723846951,0.325954893335753,0.999984270545014,0.218753219258687,0.82,0.33
