"","simul_idx","up_dw","low_dw","up_dw_x1_to_xn","low_dw_x1_to_xn","up_dw_x1_to_xn_tails","low_dw_x1_to_xn_tails","up_t_test","low_t_test","up_anderson","low_anderson","up_cheby","low_cheby","up_emp_bern","low_emp_bern","up_hoeffding","low_hoeffding","up_PI_emp_bern","low_PI_emp_bern","up_PI_hedged","low_PI_hedged"
"1",103,0.652279281357266,0.385534744990949,0.652269177836704,0.385541311182259,0.706866273791272,0.385541311182259,0.602926083550573,0.436778599794812,0.642173399505829,0.387549508976634,0.734460700957473,0.210725374811058,0.742694418768582,0.297010264576802,0.642239683206733,0.397465000138651,0.675732361468042,0.358816036751689,0.64,0.41
