"","simul_idx","up_dw","low_dw","up_dw_x1_to_xn","low_dw_x1_to_xn","up_dw_x1_to_xn_tails","low_dw_x1_to_xn_tails","up_t_test","low_t_test","up_anderson","low_anderson","up_cheby","low_cheby","up_emp_bern","low_emp_bern","up_hoeffding","low_hoeffding","up_PI_emp_bern","low_PI_emp_bern","up_PI_hedged","low_PI_hedged"
"1",204,0.564563532759469,0.443239350588508,0.564561940353467,0.443239561174624,0.577839563691385,0.443239561174624,0.540664587551027,0.467215447818644,0.55864928512392,0.447232777655806,0.6154094089439,0.372708272791072,0.581721238007546,0.426158797362124,0.558673300735955,0.449206734633716,0.561476725128282,0.442054143524787,0.55,0.45
