"","simul_idx","up_dw","low_dw","up_dw_x1_to_xn","low_dw_x1_to_xn","up_dw_x1_to_xn_tails","low_dw_x1_to_xn_tails","up_t_test","low_t_test","up_anderson","low_anderson","up_cheby","low_cheby","up_emp_bern","low_emp_bern","up_hoeffding","low_hoeffding","up_PI_emp_bern","low_PI_emp_bern","up_PI_hedged","low_PI_hedged"
"1",373,0.5765011951339,0.455191386981092,0.576499965253827,0.455192167945292,0.589778371757487,0.455192167945292,0.552721655280584,0.479278593895432,0.570716605429064,0.459283359996357,0.626254820603293,0.385510129569273,0.593776335536639,0.438223913639378,0.570733407639128,0.461266841536889,0.577852231333201,0.457877223687918,0.56,0.47
