"","simul_idx","up_dw","low_dw","up_dw_x1_to_xn","low_dw_x1_to_xn","up_dw_x1_to_xn_tails","low_dw_x1_to_xn_tails","up_t_test","low_t_test","up_anderson","low_anderson","up_cheby","low_cheby","up_emp_bern","low_emp_bern","up_hoeffding","low_hoeffding","up_PI_emp_bern","low_PI_emp_bern","up_PI_hedged","low_PI_hedged"
"1",359,0.550073665567926,0.379414059653261,0.550068563539134,0.379417237933981,0.574852478355587,0.379417237933981,0.516036826547766,0.412094159135861,0.541438852059052,0.382704980445392,0.620851182185995,0.271582457894416,0.584136045340397,0.34399494034323,0.541470044045912,0.386660941637714,0.555668744766879,0.37685330830723,0.54,0.39
