"","simul_idx","up_dw","low_dw","up_dw_x1_to_xn","low_dw_x1_to_xn","up_dw_x1_to_xn_tails","low_dw_x1_to_xn_tails","up_t_test","low_t_test","up_anderson","low_anderson","up_cheby","low_cheby","up_emp_bern","low_emp_bern","up_hoeffding","low_hoeffding","up_PI_emp_bern","low_PI_emp_bern","up_PI_hedged","low_PI_hedged"
"1",378,0.614534796325296,0.347818816539178,0.614531098143931,0.34783398131632,0.669140890591802,0.34783398131632,0.563276291145315,0.397196059405388,0.602532528839862,0.347921094614381,0.704625027600673,0.168531654718148,0.703023244209875,0.257449106340828,0.602623516809392,0.357848833741311,0.635743888724933,0.319982336822179,0.59,0.36
