"","simul_idx","up_dw","low_dw","up_dw_x1_to_xn","low_dw_x1_to_xn","up_dw_x1_to_xn_tails","low_dw_x1_to_xn_tails","up_t_test","low_t_test","up_anderson","low_anderson","up_cheby","low_cheby","up_emp_bern","low_emp_bern","up_hoeffding","low_hoeffding","up_PI_emp_bern","low_PI_emp_bern","up_PI_hedged","low_PI_hedged"
"1",131,0.703246733882465,0.332392133949175,0.703223171150207,0.332402699882648,0.799540851261557,0.332402699882648,0.638839875160047,0.400493293549591,0.692642994462829,0.326736115652104,0.792442820780651,0.0736681531440478,0.888401789119653,0.150931379589985,0.692748422615048,0.346584746094591,0.743546920663925,0.305279620734743,0.67,0.35
