"","simul_idx","up_dw","low_dw","up_dw_x1_to_xn","low_dw_x1_to_xn","up_dw_x1_to_xn_tails","low_dw_x1_to_xn_tails","up_t_test","low_t_test","up_anderson","low_anderson","up_cheby","low_cheby","up_emp_bern","low_emp_bern","up_hoeffding","low_hoeffding","up_PI_emp_bern","low_PI_emp_bern","up_PI_hedged","low_PI_hedged"
"1",397,0.542304635867653,0.371826841749639,0.542301150639372,0.371829757699365,0.567084662637069,0.371829757699365,0.508154565238822,0.404341692766907,0.533614016938349,0.374881925364727,0.614094612290384,0.263305635792049,0.576211912806344,0.336284345199385,0.533652680206964,0.378843577798766,0.544323424306791,0.365597114815238,0.53,0.39
