"","simul_idx","up_dw","low_dw","up_dw_x1_to_xn","low_dw_x1_to_xn","up_dw_x1_to_xn_tails","low_dw_x1_to_xn_tails","up_t_test","low_t_test","up_anderson","low_anderson","up_cheby","low_cheby","up_emp_bern","low_emp_bern","up_hoeffding","low_hoeffding","up_PI_emp_bern","low_PI_emp_bern","up_PI_hedged","low_PI_hedged"
"1",120,0.698601885581737,0.146055146486635,0.698322558422643,0.146140170690588,0.895420687769095,0.146140170690588,0.593661595689264,0.206823459878877,0.673624316300412,0.0772938252480588,0.812479017260412,-0.278822313548318,1.15709456768543,-0.356609512117294,0.673908943039669,0.126576112528472,0.78078249459626,0.000337744186967637,0.67,0.18
