"","simul_idx","up_dw","low_dw","up_dw_x1_to_xn","low_dw_x1_to_xn","up_dw_x1_to_xn_tails","low_dw_x1_to_xn_tails","up_t_test","low_t_test","up_anderson","low_anderson","up_cheby","low_cheby","up_emp_bern","low_emp_bern","up_hoeffding","low_hoeffding","up_PI_emp_bern","low_PI_emp_bern","up_PI_hedged","low_PI_hedged"
"1",423,0.642883010393668,0.376055207852969,0.642862791499376,0.376072719921631,0.697476049909168,0.376072719921631,0.593035309150533,0.426856455026315,0.63225398386945,0.377652291806314,0.727059716105611,0.20011461496425,0.732813618285662,0.287078145891186,0.632333223622465,0.387558540554383,0.665985132781027,0.348857439865737,0.63,0.39
