"","simul_idx","up_dw","low_dw","up_dw_x1_to_xn","low_dw_x1_to_xn","up_dw_x1_to_xn_tails","low_dw_x1_to_xn_tails","up_t_test","low_t_test","up_anderson","low_anderson","up_cheby","low_cheby","up_emp_bern","low_emp_bern","up_hoeffding","low_hoeffding","up_PI_emp_bern","low_PI_emp_bern","up_PI_hedged","low_PI_hedged"
"1",384,0.643108063299704,0.376188250615315,0.643099929019135,0.376200566017186,0.697705514138645,0.376200566017186,0.593256358519505,0.427013969499491,0.632452485214217,0.377800082688966,0.727201506245,0.200316973772268,0.733054867984311,0.287215460034685,0.632522505543539,0.387747822475457,0.666143277513623,0.349060669518241,0.62,0.39
