"","simul_idx","up_dw","low_dw","up_dw_x1_to_xn","low_dw_x1_to_xn","up_dw_x1_to_xn_tails","low_dw_x1_to_xn_tails","up_t_test","low_t_test","up_anderson","low_anderson","up_cheby","low_cheby","up_emp_bern","low_emp_bern","up_hoeffding","low_hoeffding","up_PI_emp_bern","low_PI_emp_bern","up_PI_hedged","low_PI_hedged"
"1",196,0.649035808563682,0.278942984335085,0.648991253225242,0.278954833793301,0.74531084636545,0.278954833793301,0.579230165674853,0.341370911740266,0.633255250846095,0.267357422489396,0.754042097137552,0.0131254673750471,0.828640980355941,0.0919600970591772,0.633382376967788,0.287218700447331,0.683703257562724,0.247503235518248,0.63,0.3
