"","simul_idx","up_dw","low_dw","up_dw_x1_to_xn","low_dw_x1_to_xn","up_dw_x1_to_xn_tails","low_dw_x1_to_xn_tails","up_t_test","low_t_test","up_anderson","low_anderson","up_cheby","low_cheby","up_emp_bern","low_emp_bern","up_hoeffding","low_hoeffding","up_PI_emp_bern","low_PI_emp_bern","up_PI_hedged","low_PI_hedged"
"1",449,0.648875540052039,0.278872212059218,0.648855614846653,0.278877325587001,0.745165168422466,0.278877325587001,0.578989962653975,0.341351012827741,0.633128820390232,0.267290877942746,0.753956160601532,0.0129946522998973,0.828332470539707,0.0920085049420079,0.633252326001086,0.287088649480629,0.674319037477244,0.23691070258211,0.63,0.3
