"","simul_idx","up_dw","low_dw","up_dw_x1_to_xn","low_dw_x1_to_xn","up_dw_x1_to_xn_tails","low_dw_x1_to_xn_tails","up_t_test","low_t_test","up_anderson","low_anderson","up_cheby","low_cheby","up_emp_bern","low_emp_bern","up_hoeffding","low_hoeffding","up_PI_emp_bern","low_PI_emp_bern","up_PI_hedged","low_PI_hedged"
"1",369,0.653576674799593,0.11306635034603,0.653320024769606,0.113080651752098,0.850310443570341,0.113080651752098,0.538869466544479,0.162273693304674,0.623971075610172,0.0276954895000775,0.786907052943042,-0.319478279710273,1.09937902773956,-0.398235867890403,0.624237995180176,0.0769051646689781,0.729669892216147,-0.0454529838254735,0.62,0.14
