"","simul_idx","up_dw","low_dw","up_dw_x1_to_xn","low_dw_x1_to_xn","up_dw_x1_to_xn_tails","low_dw_x1_to_xn_tails","up_t_test","low_t_test","up_anderson","low_anderson","up_cheby","low_cheby","up_emp_bern","low_emp_bern","up_hoeffding","low_hoeffding","up_PI_emp_bern","low_PI_emp_bern","up_PI_hedged","low_PI_hedged"
"1",13,0.738603652364248,0.369743649479657,0.738554217003158,0.369765695381028,0.834889007427349,0.369765695381028,0.678147176658915,0.441192101039213,0.732659929885425,0.366744074096586,0.817336497409584,0.115446234005524,0.927277644670205,0.192061633027923,0.732751477109293,0.386587800588836,0.780788073622421,0.347204355955381,0.72,0.39
