"","simul_idx","up_dw","low_dw","up_dw_x1_to_xn","low_dw_x1_to_xn","up_dw_x1_to_xn_tails","low_dw_x1_to_xn_tails","up_t_test","low_t_test","up_anderson","low_anderson","up_cheby","low_cheby","up_emp_bern","low_emp_bern","up_hoeffding","low_hoeffding","up_PI_emp_bern","low_PI_emp_bern","up_PI_hedged","low_PI_hedged"
"1",470,0.721030946531096,0.350905651450246,0.721001558726031,0.35091565222794,0.81731839650121,0.35091565222794,0.658546355906249,0.420762144866224,0.712631853343489,0.346725357945391,0.804984323600034,0.0944394270436932,0.907933903024693,0.171374597747779,0.712736088646465,0.366572412126008,0.762885278309139,0.325478102620335,0.7,0.37
