"","simul_idx","up_dw","low_dw","up_dw_x1_to_xn","low_dw_x1_to_xn","up_dw_x1_to_xn_tails","low_dw_x1_to_xn_tails","up_t_test","low_t_test","up_anderson","low_anderson","up_cheby","low_cheby","up_emp_bern","low_emp_bern","up_hoeffding","low_hoeffding","up_PI_emp_bern","low_PI_emp_bern","up_PI_hedged","low_PI_hedged"
"1",47,0.741482651198774,0.181607900865388,0.741425898460761,0.181729037665176,0.938579027150015,0.181729037665176,0.647047217441104,0.253828758064631,0.723792315753326,0.127154531083361,0.837177168714942,-0.236593185044452,1.21230128361345,-0.311425308107715,0.724104403008466,0.176771572497269,0.834821216973342,0.0441238336196887,0.71,0.21
