"","simul_idx","up_dw","low_dw","up_dw_x1_to_xn","low_dw_x1_to_xn","up_dw_x1_to_xn_tails","low_dw_x1_to_xn_tails","up_t_test","low_t_test","up_anderson","low_anderson","up_cheby","low_cheby","up_emp_bern","low_emp_bern","up_hoeffding","low_hoeffding","up_PI_emp_bern","low_PI_emp_bern","up_PI_hedged","low_PI_hedged"
"1",295,0.59507100850588,0.328886047315226,0.595055550369598,0.328892135326319,0.649651940253187,0.328892135326319,0.542966566032715,0.377243219595839,0.582429984380128,0.327800057784055,0.689226453514293,0.14732789705712,0.682600050731772,0.237609734896782,0.582492234348318,0.337717551280236,0.615630902394796,0.30001705064464,0.58,0.35
