"","simul_idx","up_dw","low_dw","up_dw_x1_to_xn","low_dw_x1_to_xn","up_dw_x1_to_xn_tails","low_dw_x1_to_xn_tails","up_t_test","low_t_test","up_anderson","low_anderson","up_cheby","low_cheby","up_emp_bern","low_emp_bern","up_hoeffding","low_hoeffding","up_PI_emp_bern","low_PI_emp_bern","up_PI_hedged","low_PI_hedged"
"1",294,0.6989184079127,0.145967861067425,0.69881407925786,0.146000868550623,0.895832987341205,0.146000868550623,0.594067292786471,0.206696462965375,0.673805026342114,0.0771495798401005,0.812549198388858,-0.278706694554294,1.15765230816266,-0.356888552410813,0.674048293131522,0.126715462620324,0.807523535049652,0.0224399632262599,0.66,0.17
