"","simul_idx","up_dw","low_dw","up_dw_x1_to_xn","low_dw_x1_to_xn","up_dw_x1_to_xn_tails","low_dw_x1_to_xn_tails","up_t_test","low_t_test","up_anderson","low_anderson","up_cheby","low_cheby","up_emp_bern","low_emp_bern","up_hoeffding","low_hoeffding","up_PI_emp_bern","low_PI_emp_bern","up_PI_hedged","low_PI_hedged"
"1",493,0.53833643041031,0.367974447667968,0.538332659792769,0.3679780008667,0.563117123342338,0.3679780008667,0.504135167148567,0.40040063028233,0.529636618589187,0.370899501135893,0.610648285332096,0.259097673736074,0.572167244025417,0.33236855340548,0.529672449919548,0.37486334751135,0.543566089153427,0.365532643728059,0.52,0.38
