"","simul_idx","up_dw","low_dw","up_dw_x1_to_xn","low_dw_x1_to_xn","up_dw_x1_to_xn_tails","low_dw_x1_to_xn_tails","up_t_test","low_t_test","up_anderson","low_anderson","up_cheby","low_cheby","up_emp_bern","low_emp_bern","up_hoeffding","low_hoeffding","up_PI_emp_bern","low_PI_emp_bern","up_PI_hedged","low_PI_hedged"
"1",414,0.741523286676722,0.181421418167352,0.741487069129655,0.181549779830729,0.938651201258013,0.181549779830729,0.647219188527542,0.253462915263192,0.723763125160706,0.126866477075289,0.837130615365173,-0.236675879504684,1.21262675941308,-0.311944655622346,0.724007467150965,0.176674636639768,0.835003593481704,0.0437512795537465,0.71,0.21
