"","simul_idx","up_dw","low_dw","up_dw_x1_to_xn","low_dw_x1_to_xn","up_dw_x1_to_xn_tails","low_dw_x1_to_xn_tails","up_t_test","low_t_test","up_anderson","low_anderson","up_cheby","low_cheby","up_emp_bern","low_emp_bern","up_hoeffding","low_hoeffding","up_PI_emp_bern","low_PI_emp_bern","up_PI_hedged","low_PI_hedged"
"1",380,0.967796877944403,0.50114821847986,0.96770321142554,0.501232653665025,1.16480044369867,0.501232653665025,0.957016480843238,0.640806102840787,0.998809599788748,0.475529890628391,0.970212308431057,0.0950027473582932,1.50029063219526,0.0975319514887683,1.07257770709761,0.525244876586414,1.14120879302564,0.417694772421433,0.98,0.54
