"","simul_idx","up_dw","low_dw","up_dw_x1_to_xn","low_dw_x1_to_xn","up_dw_x1_to_xn_tails","low_dw_x1_to_xn_tails","up_t_test","low_t_test","up_anderson","low_anderson","up_cheby","low_cheby","up_emp_bern","low_emp_bern","up_hoeffding","low_hoeffding","up_PI_emp_bern","low_PI_emp_bern","up_PI_hedged","low_PI_hedged"
"1",372,0.818626355796641,0.258984580117177,0.818472842411388,0.259138052499397,1.01567521806674,0.259138052499397,0.746541302640288,0.353471975487961,0.823242110412042,0.226717519617322,0.882529104393809,-0.149186918974976,1.31175280297376,-0.211739524845512,0.823673054319723,0.276340223808526,0.931180285886449,0.142120055770693,0.8,0.3
