"","simul_idx","up_dw","low_dw","up_dw_x1_to_xn","low_dw_x1_to_xn","up_dw_x1_to_xn_tails","low_dw_x1_to_xn_tails","up_t_test","low_t_test","up_anderson","low_anderson","up_cheby","low_cheby","up_emp_bern","low_emp_bern","up_hoeffding","low_hoeffding","up_PI_emp_bern","low_PI_emp_bern","up_PI_hedged","low_PI_hedged"
"1",48,0.517084595866725,0.396134659865129,0.51708377541878,0.396135753241283,0.53036263534587,0.396135753241283,0.49280806226452,0.419608319710762,0.51092258898941,0.399496947918409,0.572190753599072,0.322335111082577,0.53378387455593,0.378632507419351,0.51094147403876,0.401474907936521,0.51411979689256,0.394442594181822,0.51,0.41
