"","simul_idx","up_dw","low_dw","up_dw_x1_to_xn","low_dw_x1_to_xn","up_dw_x1_to_xn_tails","low_dw_x1_to_xn_tails","up_t_test","low_t_test","up_anderson","low_anderson","up_cheby","low_cheby","up_emp_bern","low_emp_bern","up_hoeffding","low_hoeffding","up_PI_emp_bern","low_PI_emp_bern","up_PI_hedged","low_PI_hedged"
"1",456,0.550259079985397,0.379609132295461,0.550255574732929,0.379610286574526,0.575036532161767,0.379610286574526,0.516219480099163,0.412300692687648,0.541624665912472,0.382898425351919,0.621019162639094,0.271788695809762,0.584310995318203,0.344209177468608,0.541664637597504,0.386855535189306,0.551611296100664,0.372537874725886,0.54,0.39
