"","simul_idx","up_dw","low_dw","up_dw_x1_to_xn","low_dw_x1_to_xn","up_dw_x1_to_xn_tails","low_dw_x1_to_xn_tails","up_t_test","low_t_test","up_anderson","low_anderson","up_cheby","low_cheby","up_emp_bern","low_emp_bern","up_hoeffding","low_hoeffding","up_PI_emp_bern","low_PI_emp_bern","up_PI_hedged","low_PI_hedged"
"1",263,0.703622270969382,0.332864041375411,0.703553497229664,0.332879830476933,0.799878962209414,0.332879830476933,0.639319286063937,0.400943653320086,0.693082340003346,0.327253135057661,0.792736808202227,0.0741489746177919,0.888890207526119,0.151372731857903,0.69321330795224,0.347049631431783,0.743568039458826,0.306168162291851,0.68,0.36
