"","simul_idx","up_dw","low_dw","up_dw_x1_to_xn","low_dw_x1_to_xn","up_dw_x1_to_xn_tails","low_dw_x1_to_xn_tails","up_t_test","low_t_test","up_anderson","low_anderson","up_cheby","low_cheby","up_emp_bern","low_emp_bern","up_hoeffding","low_hoeffding","up_PI_emp_bern","low_PI_emp_bern","up_PI_hedged","low_PI_hedged"
"1",110,0.685380103757381,0.314352669089213,0.685340401708625,0.314391047639567,0.781699535121932,0.314391047639567,0.619125329687839,0.380584104455852,0.672792907722659,0.306931466311703,0.779814946249469,0.0532762488702735,0.868747594233381,0.13096183991031,0.672936555332074,0.326772878811617,0.723864334165958,0.285697253241956,0.66,0.33
