"","simul_idx","up_dw","low_dw","up_dw_x1_to_xn","low_dw_x1_to_xn","up_dw_x1_to_xn_tails","low_dw_x1_to_xn_tails","up_t_test","low_t_test","up_anderson","low_anderson","up_cheby","low_cheby","up_emp_bern","low_emp_bern","up_hoeffding","low_hoeffding","up_PI_emp_bern","low_PI_emp_bern","up_PI_hedged","low_PI_hedged"
"1",306,0.604937782707863,0.433994280937464,0.604936716297393,0.433997606698281,0.629720827168391,0.433997606698281,0.57190957087811,0.467784801852854,0.59722105906511,0.438471889285529,0.668575958066856,0.331130169559071,0.640067534777798,0.399626837953166,0.597251737569581,0.442442635161383,0.613351829630541,0.433244638521203,0.59,0.45
