"","simul_idx","up_dw","low_dw","up_dw_x1_to_xn","low_dw_x1_to_xn","up_dw_x1_to_xn_tails","low_dw_x1_to_xn_tails","up_t_test","low_t_test","up_anderson","low_anderson","up_cheby","low_cheby","up_emp_bern","low_emp_bern","up_hoeffding","low_hoeffding","up_PI_emp_bern","low_PI_emp_bern","up_PI_hedged","low_PI_hedged"
"1",456,0.565919280630141,0.301216734482938,0.565906819893648,0.301227967643168,0.620510806997621,0.301227967643168,0.512671999753349,0.348059519750957,0.552694450771258,0.298057382452966,0.666199945655775,0.116283253893594,0.651952294793049,0.208779224711256,0.552753101286194,0.307978418218112,0.5893142837499,0.277080026849437,0.55,0.32
