"","simul_idx","up_dw","low_dw","up_dw_x1_to_xn","low_dw_x1_to_xn","up_dw_x1_to_xn_tails","low_dw_x1_to_xn_tails","up_t_test","low_t_test","up_anderson","low_anderson","up_cheby","low_cheby","up_emp_bern","low_emp_bern","up_hoeffding","low_hoeffding","up_PI_emp_bern","low_PI_emp_bern","up_PI_hedged","low_PI_hedged"
"1",54,0.581597664630893,0.410538854868367,0.581594667345695,0.410540846271738,0.606376828266911,0.410540846271738,0.548098991014999,0.443880932373825,0.573362486548918,0.414617328513348,0.648271768170789,0.305555081241542,0.61628704969734,0.375692873691484,0.573394512898511,0.418585410490313,0.583432459984619,0.405000075327306,0.57,0.43
