"","simul_idx","up_dw","low_dw","up_dw_x1_to_xn","low_dw_x1_to_xn","up_dw_x1_to_xn_tails","low_dw_x1_to_xn_tails","up_t_test","low_t_test","up_anderson","low_anderson","up_cheby","low_cheby","up_emp_bern","low_emp_bern","up_hoeffding","low_hoeffding","up_PI_emp_bern","low_PI_emp_bern","up_PI_hedged","low_PI_hedged"
"1",426,0.509003685079011,0.388218978954593,0.509002638445886,0.388219389379646,0.522280507162408,0.388219389379646,0.48467921289855,0.411605475481783,0.502859848027484,0.391432227816445,0.564843018127596,0.313867460676652,0.525614182610566,0.370670505769767,0.502875627241286,0.393409061139047,0.506052768015139,0.387192504511151,0.5,0.4
