"","simul_idx","up_dw","low_dw","up_dw_x1_to_xn","low_dw_x1_to_xn","up_dw_x1_to_xn_tails","low_dw_x1_to_xn_tails","up_t_test","low_t_test","up_anderson","low_anderson","up_cheby","low_cheby","up_emp_bern","low_emp_bern","up_hoeffding","low_hoeffding","up_PI_emp_bern","low_PI_emp_bern","up_PI_hedged","low_PI_hedged"
"1",354,0.595078080095581,0.328910659839059,0.595066399534241,0.328915361747574,0.649660742727545,0.328915361747574,0.542978428956815,0.377262656876079,0.582432696897413,0.327842146255095,0.689238484488139,0.147344320814492,0.682609505459727,0.237631580373168,0.582507884450488,0.337733201382407,0.615272738819044,0.300441182207299,0.58,0.35
