"","simul_idx","up_dw","low_dw","up_dw_x1_to_xn","low_dw_x1_to_xn","up_dw_x1_to_xn_tails","low_dw_x1_to_xn_tails","up_t_test","low_t_test","up_anderson","low_anderson","up_cheby","low_cheby","up_emp_bern","low_emp_bern","up_hoeffding","low_hoeffding","up_PI_emp_bern","low_PI_emp_bern","up_PI_hedged","low_PI_hedged"
"1",4,0.853442435827796,0.300750604966772,0.853280598112162,0.30083832882385,1.05038283901981,0.30083832882385,0.792592944528574,0.405484748414393,0.872436607941186,0.275953129520083,0.902935874252368,-0.10421741229039,1.35610299807733,-0.15802530513436,0.872705261727082,0.325372431215884,0.975741070202946,0.19316298618021,0.83,0.34
