"","simul_idx","up_dw","low_dw","up_dw_x1_to_xn","low_dw_x1_to_xn","up_dw_x1_to_xn_tails","low_dw_x1_to_xn_tails","up_t_test","low_t_test","up_anderson","low_anderson","up_cheby","low_cheby","up_emp_bern","low_emp_bern","up_hoeffding","low_hoeffding","up_PI_emp_bern","low_PI_emp_bern","up_PI_hedged","low_PI_hedged"
"1",454,0.597245934009395,0.426238593498337,0.597243537682668,0.426242680519417,0.62202878570756,0.426242680519417,0.564066510055596,0.459881865647899,0.589348484206619,0.430606427658553,0.661893725718496,0.322672020150249,0.632243789466482,0.391704586237013,0.589378739055847,0.434569636647649,0.602995043358536,0.424541514636382,0.58,0.44
