"","simul_idx","up_dw","low_dw","up_dw_x1_to_xn","low_dw_x1_to_xn","up_dw_x1_to_xn_tails","low_dw_x1_to_xn_tails","up_t_test","low_t_test","up_anderson","low_anderson","up_cheby","low_cheby","up_emp_bern","low_emp_bern","up_hoeffding","low_hoeffding","up_PI_emp_bern","low_PI_emp_bern","up_PI_hedged","low_PI_hedged"
"1",385,0.614545879440354,0.347825516504225,0.614537702939136,0.347847325343946,0.669157322031575,0.347847325343946,0.563312682202581,0.397177001041079,0.602545369564112,0.347931218444648,0.70463162288059,0.168540816431828,0.70307726489543,0.257412418348231,0.602632183155871,0.357857500087789,0.636401885915751,0.319348187465478,0.6,0.37
