"","simul_idx","up_dw","low_dw","up_dw_x1_to_xn","low_dw_x1_to_xn","up_dw_x1_to_xn_tails","low_dw_x1_to_xn_tails","up_t_test","low_t_test","up_anderson","low_anderson","up_cheby","low_cheby","up_emp_bern","low_emp_bern","up_hoeffding","low_hoeffding","up_PI_emp_bern","low_PI_emp_bern","up_PI_hedged","low_PI_hedged"
"1",28,0.613612981367386,0.492870957228558,0.613612827833829,0.492873144493159,0.6268932553609,0.492873144493159,0.590248771289601,0.517203314592432,0.608435983234469,0.497009859020248,0.659974242814805,0.425763096285228,0.631174574252046,0.476277511629987,0.608459325992136,0.498992759889897,0.610520276226044,0.491759505580619,0.6,0.5
