"","simul_idx","up_dw","low_dw","up_dw_x1_to_xn","low_dw_x1_to_xn","up_dw_x1_to_xn_tails","low_dw_x1_to_xn_tails","up_t_test","low_t_test","up_anderson","low_anderson","up_cheby","low_cheby","up_emp_bern","low_emp_bern","up_hoeffding","low_hoeffding","up_PI_emp_bern","low_PI_emp_bern","up_PI_hedged","low_PI_hedged"
"1",301,0.642900972243426,0.376060899469024,0.642883889761716,0.376063920716022,0.697475751325121,0.376063920716022,0.593041271764874,0.426874249779443,0.632278523905483,0.377671355875973,0.727068614801004,0.200127313875647,0.732815818981434,0.287099702562883,0.632345102306199,0.387570419238118,0.670990936973541,0.353775712101187,0.62,0.39
