"","simul_idx","up_dw","low_dw","up_dw_x1_to_xn","low_dw_x1_to_xn","up_dw_x1_to_xn_tails","low_dw_x1_to_xn_tails","up_t_test","low_t_test","up_anderson","low_anderson","up_cheby","low_cheby","up_emp_bern","low_emp_bern","up_hoeffding","low_hoeffding","up_PI_emp_bern","low_PI_emp_bern","up_PI_hedged","low_PI_hedged"
"1",130,0.53891888175986,0.417652482444296,0.538917914718305,0.417652958453041,0.552195878620631,0.417652958453041,0.514784126585966,0.441369572017565,0.532795633440334,0.421363476808053,0.592048636353791,0.345356950512415,0.55582956680662,0.400324131796911,0.532810132352885,0.423343566250646,0.539911523257816,0.420546098934662,0.53,0.43
