"","simul_idx","up_dw","low_dw","up_dw_x1_to_xn","low_dw_x1_to_xn","up_dw_x1_to_xn_tails","low_dw_x1_to_xn_tails","up_t_test","low_t_test","up_anderson","low_anderson","up_cheby","low_cheby","up_emp_bern","low_emp_bern","up_hoeffding","low_hoeffding","up_PI_emp_bern","low_PI_emp_bern","up_PI_hedged","low_PI_hedged"
"1",113,0.661758166935981,0.395262445113404,0.661751864461893,0.395278388823153,0.716362807065479,0.395278388823153,0.612898200106641,0.446955037878269,0.652230138183913,0.397608740811518,0.741944943769889,0.221557999852756,0.752601573193815,0.307251664791095,0.652313960526496,0.407539277458414,0.69048848043182,0.374019650198689,0.64,0.41
