"","simul_idx","up_dw","low_dw","up_dw_x1_to_xn","low_dw_x1_to_xn","up_dw_x1_to_xn_tails","low_dw_x1_to_xn_tails","up_t_test","low_t_test","up_anderson","low_anderson","up_cheby","low_cheby","up_emp_bern","low_emp_bern","up_hoeffding","low_hoeffding","up_PI_emp_bern","low_PI_emp_bern","up_PI_hedged","low_PI_hedged"
"1",39,0.721274524219772,0.351257426282729,0.721242367785399,0.351276488213489,0.817572710751972,0.351276488213489,0.658831646968227,0.421135561343772,0.712904769819514,0.347057674078988,0.80518927316675,0.0947834004265816,0.908191870198924,0.171775338113074,0.713065442416228,0.366901765895771,0.75310448144244,0.316208642048125,0.7,0.38
