"","simul_idx","up_dw","low_dw","up_dw_x1_to_xn","low_dw_x1_to_xn","up_dw_x1_to_xn_tails","low_dw_x1_to_xn_tails","up_t_test","low_t_test","up_anderson","low_anderson","up_cheby","low_cheby","up_emp_bern","low_emp_bern","up_hoeffding","low_hoeffding","up_PI_emp_bern","low_PI_emp_bern","up_PI_hedged","low_PI_hedged"
"1",150,0.671014064142283,0.404806777916146,0.671008067721236,0.404814960260352,0.725607550053613,0.404814960260352,0.622649608980548,0.45691107339328,0.662090047521179,0.407449986362857,0.749223461196366,0.232195340961659,0.762287922928816,0.317272759445012,0.662167682720955,0.417392999652873,0.695003574780724,0.379218804803178,0.65,0.42
