"","simul_idx","up_dw","low_dw","up_dw_x1_to_xn","low_dw_x1_to_xn","up_dw_x1_to_xn_tails","low_dw_x1_to_xn_tails","up_t_test","low_t_test","up_anderson","low_anderson","up_cheby","low_cheby","up_emp_bern","low_emp_bern","up_hoeffding","low_hoeffding","up_PI_emp_bern","low_PI_emp_bern","up_PI_hedged","low_PI_hedged"
"1",39,0.585457016362856,0.414415655810345,0.585454630068597,0.414420427633289,0.610240884768303,0.414420427633289,0.552044897799786,0.447826232008533,0.577298011895094,0.418566164471522,0.651641059759829,0.309773488132786,0.620233152345831,0.379637977462488,0.577340116108258,0.42253101370006,0.586650127812608,0.407956420236486,0.57,0.43
