"","simul_idx","up_dw","low_dw","up_dw_x1_to_xn","low_dw_x1_to_xn","up_dw_x1_to_xn_tails","low_dw_x1_to_xn_tails","up_t_test","low_t_test","up_anderson","low_anderson","up_cheby","low_cheby","up_emp_bern","low_emp_bern","up_hoeffding","low_hoeffding","up_PI_emp_bern","low_PI_emp_bern","up_PI_hedged","low_PI_hedged"
"1",20,0.552283397672545,0.193818836029975,0.552272692795426,0.19384178688525,0.648608832007743,0.19384178688525,0.475182583943414,0.246155522442753,0.533648357979755,0.16778588141904,0.686043859488332,-0.0849287708331932,0.721854916960977,-0.000516810574810733,0.533750891453312,0.187587214932855,0.568338331348371,0.145864895061891,0.54,0.22
