"","simul_idx","up_dw","low_dw","up_dw_x1_to_xn","low_dw_x1_to_xn","up_dw_x1_to_xn_tails","low_dw_x1_to_xn_tails","up_t_test","low_t_test","up_anderson","low_anderson","up_cheby","low_cheby","up_emp_bern","low_emp_bern","up_hoeffding","low_hoeffding","up_PI_emp_bern","low_PI_emp_bern","up_PI_hedged","low_PI_hedged"
"1",65,0.74181247654258,0.181668938490035,0.741785494774254,0.181745458407612,0.93887067212568,0.181745458407612,0.647446643526291,0.25393221990914,0.72417083314199,0.127237217644506,0.837297903464868,-0.23637866117458,1.21278518484311,-0.311406321407683,0.724355846973314,0.177023016462117,0.859438957220634,0.068705423689382,0.71,0.21
