"","simul_idx","up_dw","low_dw","up_dw_x1_to_xn","low_dw_x1_to_xn","up_dw_x1_to_xn_tails","low_dw_x1_to_xn_tails","up_t_test","low_t_test","up_anderson","low_anderson","up_cheby","low_cheby","up_emp_bern","low_emp_bern","up_hoeffding","low_hoeffding","up_PI_emp_bern","low_PI_emp_bern","up_PI_hedged","low_PI_hedged"
"1",476,0.542185966182586,0.371693351221203,0.542185708478911,0.371694702420446,0.566966953419766,0.371694702420446,0.508029281397785,0.404208460387539,0.533498312433669,0.374747895706645,0.613982758171333,0.263168916622248,0.57608919312565,0.336148548659674,0.533523422096761,0.378714319688563,0.547865891352519,0.370116502154729,0.53,0.39
