"","simul_idx","up_dw","low_dw","up_dw_x1_to_xn","low_dw_x1_to_xn","up_dw_x1_to_xn_tails","low_dw_x1_to_xn_tails","up_t_test","low_t_test","up_anderson","low_anderson","up_cheby","low_cheby","up_emp_bern","low_emp_bern","up_hoeffding","low_hoeffding","up_PI_emp_bern","low_PI_emp_bern","up_PI_hedged","low_PI_hedged"
"1",338,0.685651790182999,0.314618547589397,0.685638347020354,0.314625622299888,0.781950823640027,0.314625622299888,0.619378299009581,0.380930277515406,0.67305835796484,0.307197809969909,0.780007316302217,0.0535831641352718,0.868971665098836,0.131336911426151,0.673236126522722,0.327072450002265,0.714622964952244,0.275803578044938,0.67,0.34
