"","simul_idx","up_dw","low_dw","up_dw_x1_to_xn","low_dw_x1_to_xn","up_dw_x1_to_xn_tails","low_dw_x1_to_xn_tails","up_t_test","low_t_test","up_anderson","low_anderson","up_cheby","low_cheby","up_emp_bern","low_emp_bern","up_hoeffding","low_hoeffding","up_PI_emp_bern","low_PI_emp_bern","up_PI_hedged","low_PI_hedged"
"1",97,0.581669135385653,0.410629061753948,0.581668964681044,0.410631359676554,0.606451572441912,0.410631359676554,0.54817594279022,0.44396792236346,0.573439495601352,0.414704947364417,0.648341810914047,0.305642674810646,0.616360763192736,0.375783101960943,0.573476483780939,0.418667381372741,0.582529414538935,0.40382524740921,0.57,0.42
