"","simul_idx","up_dw","low_dw","up_dw_x1_to_xn","low_dw_x1_to_xn","up_dw_x1_to_xn_tails","low_dw_x1_to_xn_tails","up_t_test","low_t_test","up_anderson","low_anderson","up_cheby","low_cheby","up_emp_bern","low_emp_bern","up_hoeffding","low_hoeffding","up_PI_emp_bern","low_PI_emp_bern","up_PI_hedged","low_PI_hedged"
"1",202,0.554436502918467,0.055456818479403,0.554387256880717,0.0555197228167846,0.751451697756537,0.0555197228167846,0.42224902413774,0.0801280946396904,0.524658757664652,0.00134062064039638,0.732536085987671,-0.397618006802717,0.972918655349268,-0.470541536571837,0.524854974644314,-0.0224778558668834,0.641884860612059,-0.103012687845292,0.51,0.06
