"","simul_idx","up_dw","low_dw","up_dw_x1_to_xn","low_dw_x1_to_xn","up_dw_x1_to_xn_tails","low_dw_x1_to_xn_tails","up_t_test","low_t_test","up_anderson","low_anderson","up_cheby","low_cheby","up_emp_bern","low_emp_bern","up_hoeffding","low_hoeffding","up_PI_emp_bern","low_PI_emp_bern","up_PI_hedged","low_PI_hedged"
"1",371,0.565763729653587,0.301100468139358,0.565746193147447,0.301101339139319,0.620334879700723,0.301101339139319,0.512511030635634,0.347934787141691,0.552563852848371,0.297933800231199,0.666088556114611,0.116134914592049,0.651779804614226,0.208666013163099,0.552610250422703,0.307835567354622,0.589773263905828,0.276332696690405,0.55,0.32
