"","simul_idx","up_dw","low_dw","up_dw_x1_to_xn","low_dw_x1_to_xn","up_dw_x1_to_xn_tails","low_dw_x1_to_xn_tails","up_t_test","low_t_test","up_anderson","low_anderson","up_cheby","low_cheby","up_emp_bern","low_emp_bern","up_hoeffding","low_hoeffding","up_PI_emp_bern","low_PI_emp_bern","up_PI_hedged","low_PI_hedged"
"1",429,0.741261468435531,0.181407478144015,0.741160619061639,0.181521474642378,0.938302873099634,0.181521474642378,0.646809571836779,0.253532390489072,0.723557333110913,0.126914000762899,0.837048928197513,-0.236820953313613,1.21208039863869,-0.311738436312845,0.723837396418524,0.176504565907326,0.834853169093243,0.0436502364153694,0.71,0.21
